dataset,image,scale,method,degradation,lr_source_file,metric_border_pixels,dimension_policy,ssim_protocol,colour_policy,timing_device,timing_scope,device_name,device_total_memory_mb,peak_gpu_memory_mb,parameter_count,checkpoint_original_filename,checkpoint_sha256,checkpoint_source_url,checkpoint_training_dataset,checkpoint_degradation,native_width,native_height,target_width,target_height,dimension_adjusted,psnr_y,ssim_y,psnr_rgb,ssim_rgb,latency_mean_ms,latency_median_ms,latency_std_ms,latency_min_ms,latency_max_ms,warmup_runs,timed_runs,hr_width,hr_height,lr_width,lr_height,torch_version,cuda_runtime_version,generated_at_utc,python_version,numpy_version,pillow_version,skimage_version,operating_system,processor
Set5,baby.png,x2,fsrcnn,prepared_bicubic_lr,baby.png,2,native_model_grid_then_full_target_size_adjustment,gaussian_11x11_sigma_1.5_population_covariance,limited_bt601_y_model_with_bicubic_cbcr,gpu,model_forward_only_cuda_events,Tesla T4,14912.6875,43.3076171875,12809,fsrcnn_x2.pth,1af70e2cbf0d11b942008d6c425e469e9fe275a68f3ac8b6c21e8672d6e67b69,https://dl.dropboxusercontent.com/s/1k3dker6g7hz76s/fsrcnn_x2.pth,91-image,bicubic,512,512,512,512,False,38.42954313994207,0.9659312203241818,36.86531683849816,0.9572385637826364,2.8810367822647094,2.8771679401397705,0.010717311285040963,2.8617920875549316,2.9020159244537354,3,10,512,512,256,256,2.11.0+cu128,12.8,2026-08-31T12:06:52.421687+00:00,3.13.15,2.1.3,11.3.0,0.25.2,Linux-6.6.122+-x86_64-with-glibc2.35,x86_64
Set5,bird.png,x2,fsrcnn,prepared_bicubic_lr,bird.png,2,native_model_grid_then_full_target_size_adjustment,gaussian_11x11_sigma_1.5_population_covariance,limited_bt601_y_model_with_bicubic_cbcr,gpu,model_forward_only_cuda_events,Tesla T4,14912.6875,13.7421875,12809,fsrcnn_x2.pth,1af70e2cbf0d11b942008d6c425e469e9fe275a68f3ac8b6c21e8672d6e67b69,https://dl.dropboxusercontent.com/s/1k3dker6g7hz76s/fsrcnn_x2.pth,91-image,bicubic,288,288,288,288,False,41.80183292982902,0.9881436303739117,38.5272712702862,0.9763255642394245,1.2916255950927735,1.2808319926261902,0.06631973779556137,1.210271954536438,1.3782720565795898,3,10,288,288,144,144,2.11.0+cu128,12.8,2026-08-31T12:06:53.408018+00:00,3.13.15,2.1.3,11.3.0,0.25.2,Linux-6.6.122+-x86_64-with-glibc2.35,x86_64
Set5,butterfly.png,x2,fsrcnn,prepared_bicubic_lr,butterfly.png,2,native_model_grid_then_full_target_size_adjustment,gaussian_11x11_sigma_1.5_population_covariance,limited_bt601_y_model_with_bicubic_cbcr,gpu,model_forward_only_cuda_events,Tesla T4,14912.6875,10.8701171875,12809,fsrcnn_x2.pth,1af70e2cbf0d11b942008d6c425e469e9fe275a68f3ac8b6c21e8672d6e67b69,https://dl.dropboxusercontent.com/s/1k3dker6g7hz76s/fsrcnn_x2.pth,91-image,bicubic,256,256,256,256,False,33.502443257876386,0.9704324539357979,31.956221241874957,0.9612171977948162,1.00867840051651,0.9713440239429474,0.06859534826047682,0.9625599980354309,1.1509439945220947,3,10,256,256,128,128,2.11.0+cu128,12.8,2026-08-31T12:06:53.512592+00:00,3.13.15,2.1.3,11.3.0,0.25.2,Linux-6.6.122+-x86_64-with-glibc2.35,x86_64
Set5,head.png,x2,fsrcnn,prepared_bicubic_lr,head.png,2,native_model_grid_then_full_target_size_adjustment,gaussian_11x11_sigma_1.5_population_covariance,limited_bt601_y_model_with_bicubic_cbcr,gpu,model_forward_only_cuda_events,Tesla T4,14912.6875,12.9931640625,12809,fsrcnn_x2.pth,1af70e2cbf0d11b942008d6c425e469e9fe275a68f3ac8b6c21e8672d6e67b69,https://dl.dropboxusercontent.com/s/1k3dker6g7hz76s/fsrcnn_x2.pth,91-image,bicubic,280,280,280,280,False,35.76549932296843,0.8869932942337938,32.041903520887224,0.8241305500049148,1.0899360060691834,1.0874399542808533,0.01424085656211206,1.0730880498886108,1.124351978302002,3,10,280,280,140,140,2.11.0+cu128,12.8,2026-08-31T12:06:53.639834+00:00,3.13.15,2.1.3,11.3.0,0.25.2,Linux-6.6.122+-x86_64-with-glibc2.35,x86_64
Set5,woman.png,x2,fsrcnn,prepared_bicubic_lr,woman.png,2,native_model_grid_then_full_target_size_adjustment,gaussian_11x11_sigma_1.5_population_covariance,limited_bt601_y_model_with_bicubic_cbcr,gpu,model_forward_only_cuda_events,Tesla T4,14912.6875,12.9990234375,12809,fsrcnn_x2.pth,1af70e2cbf0d11b942008d6c425e469e9fe275a68f3ac8b6c21e8672d6e67b69,https://dl.dropboxusercontent.com/s/1k3dker6g7hz76s/fsrcnn_x2.pth,91-image,bicubic,228,344,228,344,False,35.63108683998095,0.9708559336582496,34.270540027971805,0.9668720031999913,1.0826655864715575,1.0802879929542542,0.011210879046182261,1.0652799606323242,1.1038719415664673,3,10,228,344,114,172,2.11.0+cu128,12.8,2026-08-31T12:06:53.768277+00:00,3.13.15,2.1.3,11.3.0,0.25.2,Linux-6.6.122+-x86_64-with-glibc2.35,x86_64
Set14,baboon.png,x2,fsrcnn,prepared_bicubic_lr,baboon.png,2,native_model_grid_then_full_target_size_adjustment,gaussian_11x11_sigma_1.5_population_covariance,limited_bt601_y_model_with_bicubic_cbcr,gpu,model_forward_only_cuda_events,Tesla T4,14912.6875,39.654296875,12809,fsrcnn_x2.pth,1af70e2cbf0d11b942008d6c425e469e9fe275a68f3ac8b6c21e8672d6e67b69,https://dl.dropboxusercontent.com/s/1k3dker6g7hz76s/fsrcnn_x2.pth,91-image,bicubic,500,480,500,480,False,25.782706323954375,0.7722506713190628,23.377717429317805,0.6999380379607741,2.640771198272705,2.64136004447937,0.01147308380376834,2.6227200031280518,2.65993595123291,3,10,500,480,250,240,2.11.0+cu128,12.8,2026-08-31T12:06:54.101836+00:00,3.13.15,2.1.3,11.3.0,0.25.2,Linux-6.6.122+-x86_64-with-glibc2.35,x86_64
Set14,barbara.png,x2,fsrcnn,prepared_bicubic_lr,barbara.png,2,native_model_grid_then_full_target_size_adjustment,gaussian_11x11_sigma_1.5_population_covariance,limited_bt601_y_model_with_bicubic_cbcr,gpu,model_forward_only_cuda_events,Tesla T4,14912.6875,68.75,12809,fsrcnn_x2.pth,1af70e2cbf0d11b942008d6c425e469e9fe275a68f3ac8b6c21e8672d6e67b69,https://dl.dropboxusercontent.com/s/1k3dker6g7hz76s/fsrcnn_x2.pth,91-image,bicubic,720,576,720,576,False,28.232524080981165,0.875843997462099,26.717056166102616,0.8560240427451609,4.396399974822998,4.395024061203003,0.014863546253016321,4.374527931213379,4.421247959136963,3,10,720,576,360,288,2.11.0+cu128,12.8,2026-08-31T12:06:54.699235+00:00,3.13.15,2.1.3,11.3.0,0.25.2,Linux-6.6.122+-x86_64-with-glibc2.35,x86_64
Set14,bridge.png,x2,fsrcnn,prepared_bicubic_lr,bridge.png,2,native_model_grid_then_full_target_size_adjustment,gaussian_11x11_sigma_1.5_population_covariance,limited_bt601_y_model_with_bicubic_cbcr,gpu,model_forward_only_cuda_events,Tesla T4,14912.6875,43.3076171875,12809,fsrcnn_x2.pth,1af70e2cbf0d11b942008d6c425e469e9fe275a68f3ac8b6c21e8672d6e67b69,https://dl.dropboxusercontent.com/s/1k3dker6g7hz76s/fsrcnn_x2.pth,91-image,bicubic,512,512,512,512,False,29.18332195167015,0.860123385204258,27.861396281337484,0.852442271477655,2.8735039949417116,2.872671961784363,0.007903712338388956,2.861599922180176,2.885632038116455,3,10,512,512,256,256,2.11.0+cu128,12.8,2026-08-31T12:06:55.047215+00:00,3.13.15,2.1.3,11.3.0,0.25.2,Linux-6.6.122+-x86_64-with-glibc2.35,x86_64
Set14,coastguard.png,x2,fsrcnn,prepared_bicubic_lr,coastguard.png,2,native_model_grid_then_full_target_size_adjustment,gaussian_11x11_sigma_1.5_population_covariance,limited_bt601_y_model_with_bicubic_cbcr,gpu,model_forward_only_cuda_events,Tesla T4,14912.6875,16.783203125,12809,fsrcnn_x2.pth,1af70e2cbf0d11b942008d6c425e469e9fe275a68f3ac8b6c21e8672d6e67b69,https://dl.dropboxusercontent.com/s/1k3dker6g7hz76s/fsrcnn_x2.pth,91-image,bicubic,352,288,352,288,False,30.75791859053537,0.8488411576559355,29.42106190977706,0.8364127085161802,1.3745024085044861,1.3664159774780273,0.03303686231317366,1.3333439826965332,1.4282560348510742,3,10,352,288,176,144,2.11.0+cu128,12.8,2026-08-31T12:06:55.217244+00:00,3.13.15,2.1.3,11.3.0,0.25.2,Linux-6.6.122+-x86_64-with-glibc2.35,x86_64
Set14,comic.png,x2,fsrcnn,prepared_bicubic_lr,comic.png,2,native_model_grid_then_full_target_size_adjustment,gaussian_11x11_sigma_1.5_population_covariance,limited_bt601_y_model_with_bicubic_cbcr,gpu,model_forward_only_cuda_events,Tesla T4,14912.6875,14.9072265625,12809,fsrcnn_x2.pth,1af70e2cbf0d11b942008d6c425e469e9fe275a68f3ac8b6c21e8672d6e67b69,https://dl.dropboxusercontent.com/s/1k3dker6g7hz76s/fsrcnn_x2.pth,91-image,bicubic,250,360,250,361,True,28.847497911603874,0.9222827092171335,27.115024675432903,0.9083687288030712,1.3075551986694336,1.306704044342041,0.011196203505264221,1.2923840284347534,1.3295040130615234,3,10,250,361,125,180,2.11.0+cu128,12.8,2026-08-31T12:06:55.357321+00:00,3.13.15,2.1.3,11.3.0,0.25.2,Linux-6.6.122+-x86_64-with-glibc2.35,x86_64
Set14,face.png,x2,fsrcnn,prepared_bicubic_lr,face.png,2,native_model_grid_then_full_target_size_adjustment,gaussian_11x11_sigma_1.5_population_covariance,limited_bt601_y_model_with_bicubic_cbcr,gpu,model_forward_only_cuda_events,Tesla T4,14912.6875,12.62646484375,12809,fsrcnn_x2.pth,1af70e2cbf0d11b942008d6c425e469e9fe275a68f3ac8b6c21e8672d6e67b69,https://dl.dropboxusercontent.com/s/1k3dker6g7hz76s/fsrcnn_x2.pth,91-image,bicubic,276,276,276,276,False,35.74549718941321,0.8870140568595788,32.017491352241386,0.8242483763733782,1.075056004524231,1.0704799890518188,0.013013989753231687,1.0588480234146118,1.1002240180969238,3,10,276,276,138,138,2.11.0+cu128,12.8,2026-08-31T12:06:55.487294+00:00,3.13.15,2.1.3,11.3.0,0.25.2,Linux-6.6.122+-x86_64-with-glibc2.35,x86_64
Set14,flowers.png,x2,fsrcnn,prepared_bicubic_lr,flowers.png,2,native_model_grid_then_full_target_size_adjustment,gaussian_11x11_sigma_1.5_population_covariance,limited_bt601_y_model_with_bicubic_cbcr,gpu,model_forward_only_cuda_events,Tesla T4,14912.6875,29.9208984375,12809,fsrcnn_x2.pth,1af70e2cbf0d11b942008d6c425e469e9fe275a68f3ac8b6c21e8672d6e67b69,https://dl.dropboxusercontent.com/s/1k3dker6g7hz76s/fsrcnn_x2.pth,91-image,bicubic,500,362,500,362,False,33.707829830366535,0.941320793314451,30.83662128405677,0.9084445133712157,2.1098207950592043,2.1071200370788574,0.007280686613881695,2.10150408744812,2.12774395942688,3,10,500,362,250,181,2.11.0+cu128,12.8,2026-08-31T12:06:55.743670+00:00,3.13.15,2.1.3,11.3.0,0.25.2,Linux-6.6.122+-x86_64-with-glibc2.35,x86_64
Set14,foreman.png,x2,fsrcnn,prepared_bicubic_lr,foreman.png,2,native_model_grid_then_full_target_size_adjustment,gaussian_11x11_sigma_1.5_population_covariance,limited_bt601_y_model_with_bicubic_cbcr,gpu,model_forward_only_cuda_events,Tesla T4,14912.6875,16.783203125,12809,fsrcnn_x2.pth,1af70e2cbf0d11b942008d6c425e469e9fe275a68f3ac8b6c21e8672d6e67b69,https://dl.dropboxusercontent.com/s/1k3dker6g7hz76s/fsrcnn_x2.pth,91-image,bicubic,352,288,352,288,False,36.790957115584995,0.9705885739717356,35.13030146724318,0.9635868409844733,1.314403200149536,1.3112320303916931,0.009252159283424695,1.3066240549087524,1.335744023323059,3,10,352,288,176,144,2.11.0+cu128,12.8,2026-08-31T12:06:55.884955+00:00,3.13.15,2.1.3,11.3.0,0.25.2,Linux-6.6.122+-x86_64-with-glibc2.35,x86_64
Set14,lenna.png,x2,fsrcnn,prepared_bicubic_lr,lenna.png,2,native_model_grid_then_full_target_size_adjustment,gaussian_11x11_sigma_1.5_population_covariance,limited_bt601_y_model_with_bicubic_cbcr,gpu,model_forward_only_cuda_events,Tesla T4,14912.6875,43.3076171875,12809,fsrcnn_x2.pth,1af70e2cbf0d11b942008d6c425e469e9fe275a68f3ac8b6c21e8672d6e67b69,https://dl.dropboxusercontent.com/s/1k3dker6g7hz76s/fsrcnn_x2.pth,91-image,bicubic,512,512,512,512,False,36.66669795070579,0.9304537348497538,33.5807786882896,0.86869625115681,2.878588819503784,2.873840093612671,0.015213540176886595,2.8617279529571533,2.9168639183044434,3,10,512,512,256,256,2.11.0+cu128,12.8,2026-08-31T12:06:56.282954+00:00,3.13.15,2.1.3,11.3.0,0.25.2,Linux-6.6.122+-x86_64-with-glibc2.35,x86_64
Set14,man.png,x2,fsrcnn,prepared_bicubic_lr,man.png,2,native_model_grid_then_full_target_size_adjustment,gaussian_11x11_sigma_1.5_population_covariance,limited_bt601_y_model_with_bicubic_cbcr,gpu,model_forward_only_cuda_events,Tesla T4,14912.6875,43.3076171875,12809,fsrcnn_x2.pth,1af70e2cbf0d11b942008d6c425e469e9fe275a68f3ac8b6c21e8672d6e67b69,https://dl.dropboxusercontent.com/s/1k3dker6g7hz76s/fsrcnn_x2.pth,91-image,bicubic,512,512,512,512,False,31.097174653462577,0.8901922902766634,29.77525990060672,0.879244485304385,2.893353581428528,2.8773279190063477,0.046898073856039946,2.868288040161133,3.0327041149139404,3,10,512,512,256,256,2.11.0+cu128,12.8,2026-08-31T12:06:56.696364+00:00,3.13.15,2.1.3,11.3.0,0.25.2,Linux-6.6.122+-x86_64-with-glibc2.35,x86_64
Set14,monarch.png,x2,fsrcnn,prepared_bicubic_lr,monarch.png,2,native_model_grid_then_full_target_size_adjustment,gaussian_11x11_sigma_1.5_population_covariance,limited_bt601_y_model_with_bicubic_cbcr,gpu,model_forward_only_cuda_events,Tesla T4,14912.6875,64.9326171875,12809,fsrcnn_x2.pth,1af70e2cbf0d11b942008d6c425e469e9fe275a68f3ac8b6c21e8672d6e67b69,https://dl.dropboxusercontent.com/s/1k3dker6g7hz76s/fsrcnn_x2.pth,91-image,bicubic,768,512,768,512,False,38.37700647679788,0.979276056886882,36.72077460998202,0.971316730741172,4.231871938705444,4.232159852981567,0.009957561715092827,4.212736129760742,4.251967906951904,3,10,768,512,384,256,2.11.0+cu128,12.8,2026-08-31T12:06:57.446139+00:00,3.13.15,2.1.3,11.3.0,0.25.2,Linux-6.6.122+-x86_64-with-glibc2.35,x86_64
Set14,pepper.png,x2,fsrcnn,prepared_bicubic_lr,pepper.png,2,native_model_grid_then_full_target_size_adjustment,gaussian_11x11_sigma_1.5_population_covariance,limited_bt601_y_model_with_bicubic_cbcr,gpu,model_forward_only_cuda_events,Tesla T4,14912.6875,43.3076171875,12809,fsrcnn_x2.pth,1af70e2cbf0d11b942008d6c425e469e9fe275a68f3ac8b6c21e8672d6e67b69,https://dl.dropboxusercontent.com/s/1k3dker6g7hz76s/fsrcnn_x2.pth,91-image,bicubic,512,512,512,512,False,37.09347310942756,0.9228560917878986,33.16264703657896,0.8482935884049955,2.9000288009643556,2.8942240476608276,0.015519964493419363,2.883647918701172,2.920448064804077,3,10,512,512,256,256,2.11.0+cu128,12.8,2026-08-31T12:06:57.970111+00:00,3.13.15,2.1.3,11.3.0,0.25.2,Linux-6.6.122+-x86_64-with-glibc2.35,x86_64
Set14,ppt3.png,x2,fsrcnn,prepared_bicubic_lr,ppt3.png,2,native_model_grid_then_full_target_size_adjustment,gaussian_11x11_sigma_1.5_population_covariance,limited_bt601_y_model_with_bicubic_cbcr,gpu,model_forward_only_cuda_events,Tesla T4,14912.6875,57.42041015625,12809,fsrcnn_x2.pth,1af70e2cbf0d11b942008d6c425e469e9fe275a68f3ac8b6c21e8672d6e67b69,https://dl.dropboxusercontent.com/s/1k3dker6g7hz76s/fsrcnn_x2.pth,91-image,bicubic,528,656,529,656,True,31.000283221018886,0.9810681587993443,29.13665244561594,0.9683733546051602,3.739395189285278,3.7393280267715454,0.010267252744117727,3.717024087905884,3.7560958862304688,3,10,529,656,264,328,2.11.0+cu128,12.8,2026-08-31T12:06:58.570108+00:00,3.13.15,2.1.3,11.3.0,0.25.2,Linux-6.6.122+-x86_64-with-glibc2.35,x86_64
Set14,zebra.png,x2,fsrcnn,prepared_bicubic_lr,zebra.png,2,native_model_grid_then_full_target_size_adjustment,gaussian_11x11_sigma_1.5_population_covariance,limited_bt601_y_model_with_bicubic_cbcr,gpu,model_forward_only_cuda_events,Tesla T4,14912.6875,37.7646484375,12809,fsrcnn_x2.pth,1af70e2cbf0d11b942008d6c425e469e9fe275a68f3ac8b6c21e8672d6e67b69,https://dl.dropboxusercontent.com/s/1k3dker6g7hz76s/fsrcnn_x2.pth,91-image,bicubic,586,390,586,391,True,33.95908738949396,0.9440515956453397,32.56442305755802,0.9399534253417463,2.6262815952301026,2.6261279582977295,0.009500665158794677,2.611840009689331,2.6419200897216797,3,10,586,391,293,195,2.11.0+cu128,12.8,2026-08-31T12:06:58.994928+00:00,3.13.15,2.1.3,11.3.0,0.25.2,Linux-6.6.122+-x86_64-with-glibc2.35,x86_64
BSD100,101085.png,x2,fsrcnn,prepared_bicubic_lr,101085.png,2,native_model_grid_then_full_target_size_adjustment,gaussian_11x11_sigma_1.5_population_covariance,limited_bt601_y_model_with_bicubic_cbcr,gpu,model_forward_only_cuda_events,Tesla T4,14912.6875,25.3994140625,12809,fsrcnn_x2.pth,1af70e2cbf0d11b942008d6c425e469e9fe275a68f3ac8b6c21e8672d6e67b69,https://dl.dropboxusercontent.com/s/1k3dker6g7hz76s/fsrcnn_x2.pth,91-image,bicubic,320,480,321,481,True,26.87361851116073,0.7868253895365344,25.540623283099727,0.77099064312902,1.8249280095100402,1.809008002281189,0.04165987451849225,1.7981120347976685,1.9448319673538208,3,10,321,481,160,240,2.11.0+cu128,12.8,2026-08-31T12:06:59.304112+00:00,3.13.15,2.1.3,11.3.0,0.25.2,Linux-6.6.122+-x86_64-with-glibc2.35,x86_64
BSD100,101087.png,x2,fsrcnn,prepared_bicubic_lr,101087.png,2,native_model_grid_then_full_target_size_adjustment,gaussian_11x11_sigma_1.5_population_covariance,limited_bt601_y_model_with_bicubic_cbcr,gpu,model_forward_only_cuda_events,Tesla T4,14912.6875,25.3994140625,12809,fsrcnn_x2.pth,1af70e2cbf0d11b942008d6c425e469e9fe275a68f3ac8b6c21e8672d6e67b69,https://dl.dropboxusercontent.com/s/1k3dker6g7hz76s/fsrcnn_x2.pth,91-image,bicubic,320,480,321,481,True,32.19571291032213,0.9158178772386518,30.873001617833324,0.9087636170273764,1.8025407910346984,1.798143982887268,0.009545929115753728,1.7940160036087036,1.8267840147018433,3,10,321,481,160,240,2.11.0+cu128,12.8,2026-08-31T12:06:59.662021+00:00,3.13.15,2.1.3,11.3.0,0.25.2,Linux-6.6.122+-x86_64-with-glibc2.35,x86_64
BSD100,102061.png,x2,fsrcnn,prepared_bicubic_lr,102061.png,2,native_model_grid_then_full_target_size_adjustment,gaussian_11x11_sigma_1.5_population_covariance,limited_bt601_y_model_with_bicubic_cbcr,gpu,model_forward_only_cuda_events,Tesla T4,14912.6875,25.3994140625,12809,fsrcnn_x2.pth,1af70e2cbf0d11b942008d6c425e469e9fe275a68f3ac8b6c21e8672d6e67b69,https://dl.dropboxusercontent.com/s/1k3dker6g7hz76s/fsrcnn_x2.pth,91-image,bicubic,320,480,321,481,True,29.447942005161515,0.9027732848870074,28.11050330626875,0.8930009772273308,1.803664004802704,1.8023679852485657,0.00706817940109256,1.7965120077133179,1.8227200508117676,3,10,321,481,160,240,2.11.0+cu128,12.8,2026-08-31T12:06:59.945867+00:00,3.13.15,2.1.3,11.3.0,0.25.2,Linux-6.6.122+-x86_64-with-glibc2.35,x86_64
BSD100,103070.png,x2,fsrcnn,prepared_bicubic_lr,103070.png,2,native_model_grid_then_full_target_size_adjustment,gaussian_11x11_sigma_1.5_population_covariance,limited_bt601_y_model_with_bicubic_cbcr,gpu,model_forward_only_cuda_events,Tesla T4,14912.6875,25.3994140625,12809,fsrcnn_x2.pth,1af70e2cbf0d11b942008d6c425e469e9fe275a68f3ac8b6c21e8672d6e67b69,https://dl.dropboxusercontent.com/s/1k3dker6g7hz76s/fsrcnn_x2.pth,91-image,bicubic,480,320,481,321,True,34.9884272602105,0.9530407096453911,33.617119274191516,0.9477612707109215,1.923587191104889,1.819808006286621,0.3087488207368444,1.7921279668807983,2.848736047744751,3,10,481,321,240,160,2.11.0+cu128,12.8,2026-08-31T12:07:00.281066+00:00,3.13.15,2.1.3,11.3.0,0.25.2,Linux-6.6.122+-x86_64-with-glibc2.35,x86_64
BSD100,105025.png,x2,fsrcnn,prepared_bicubic_lr,105025.png,2,native_model_grid_then_full_target_size_adjustment,gaussian_11x11_sigma_1.5_population_covariance,limited_bt601_y_model_with_bicubic_cbcr,gpu,model_forward_only_cuda_events,Tesla T4,14912.6875,25.3994140625,12809,fsrcnn_x2.pth,1af70e2cbf0d11b942008d6c425e469e9fe275a68f3ac8b6c21e8672d6e67b69,https://dl.dropboxusercontent.com/s/1k3dker6g7hz76s/fsrcnn_x2.pth,91-image,bicubic,480,320,481,321,True,29.89150928347575,0.8883073835593449,28.54679129339538,0.8807240422553164,1.8419839859008789,1.8134240508079529,0.08067114526375503,1.8104000091552734,2.082943916320801,3,10,481,321,240,160,2.11.0+cu128,12.8,2026-08-31T12:07:00.503547+00:00,3.13.15,2.1.3,11.3.0,0.25.2,Linux-6.6.122+-x86_64-with-glibc2.35,x86_64
BSD100,106024.png,x2,fsrcnn,prepared_bicubic_lr,106024.png,2,native_model_grid_then_full_target_size_adjustment,gaussian_11x11_sigma_1.5_population_covariance,limited_bt601_y_model_with_bicubic_cbcr,gpu,model_forward_only_cuda_events,Tesla T4,14912.6875,25.3994140625,12809,fsrcnn_x2.pth,1af70e2cbf0d11b942008d6c425e469e9fe275a68f3ac8b6c21e8672d6e67b69,https://dl.dropboxusercontent.com/s/1k3dker6g7hz76s/fsrcnn_x2.pth,91-image,bicubic,480,320,481,321,True,37.30240201359099,0.9550366473797682,35.901609892657355,0.9484171930092038,1.7875359892845153,1.783183991909027,0.013331316686063724,1.7772159576416016,1.8243199586868286,3,10,481,321,240,160,2.11.0+cu128,12.8,2026-08-31T12:07:00.742862+00:00,3.13.15,2.1.3,11.3.0,0.25.2,Linux-6.6.122+-x86_64-with-glibc2.35,x86_64
BSD100,108005.png,x2,fsrcnn,prepared_bicubic_lr,108005.png,2,native_model_grid_then_full_target_size_adjustment,gaussian_11x11_sigma_1.5_population_covariance,limited_bt601_y_model_with_bicubic_cbcr,gpu,model_forward_only_cuda_events,Tesla T4,14912.6875,25.3994140625,12809,fsrcnn_x2.pth,1af70e2cbf0d11b942008d6c425e469e9fe275a68f3ac8b6c21e8672d6e67b69,https://dl.dropboxusercontent.com/s/1k3dker6g7hz76s/fsrcnn_x2.pth,91-image,bicubic,480,320,481,321,True,31.78730550061292,0.9296950503842183,30.421604452952316,0.9208946426314677,1.788307213783264,1.7914880514144897,0.008006889039710736,1.776352047920227,1.7989120483398438,3,10,481,321,240,160,2.11.0+cu128,12.8,2026-08-31T12:07:00.950046+00:00,3.13.15,2.1.3,11.3.0,0.25.2,Linux-6.6.122+-x86_64-with-glibc2.35,x86_64
BSD100,108070.png,x2,fsrcnn,prepared_bicubic_lr,108070.png,2,native_model_grid_then_full_target_size_adjustment,gaussian_11x11_sigma_1.5_population_covariance,limited_bt601_y_model_with_bicubic_cbcr,gpu,model_forward_only_cuda_events,Tesla T4,14912.6875,25.3994140625,12809,fsrcnn_x2.pth,1af70e2cbf0d11b942008d6c425e469e9fe275a68f3ac8b6c21e8672d6e67b69,https://dl.dropboxusercontent.com/s/1k3dker6g7hz76s/fsrcnn_x2.pth,91-image,bicubic,480,320,481,321,True,26.842250739399333,0.8511401753906531,25.50671842733003,0.8378928739714547,1.7897472143173219,1.7808480262756348,0.020841608632524274,1.7748160362243652,1.8473600149154663,3,10,481,321,240,160,2.11.0+cu128,12.8,2026-08-31T12:07:01.153876+00:00,3.13.15,2.1.3,11.3.0,0.25.2,Linux-6.6.122+-x86_64-with-glibc2.35,x86_64
BSD100,108082.png,x2,fsrcnn,prepared_bicubic_lr,108082.png,2,native_model_grid_then_full_target_size_adjustment,gaussian_11x11_sigma_1.5_population_covariance,limited_bt601_y_model_with_bicubic_cbcr,gpu,model_forward_only_cuda_events,Tesla T4,14912.6875,25.3994140625,12809,fsrcnn_x2.pth,1af70e2cbf0d11b942008d6c425e469e9fe275a68f3ac8b6c21e8672d6e67b69,https://dl.dropboxusercontent.com/s/1k3dker6g7hz76s/fsrcnn_x2.pth,91-image,bicubic,480,320,481,321,True,31.81088548147497,0.9206021030340378,30.461540408050716,0.9124930779118859,1.7934368014335633,1.788432002067566,0.016649531795520905,1.7760319709777832,1.8330880403518677,3,10,481,321,240,160,2.11.0+cu128,12.8,2026-08-31T12:07:01.363284+00:00,3.13.15,2.1.3,11.3.0,0.25.2,Linux-6.6.122+-x86_64-with-glibc2.35,x86_64
BSD100,109053.png,x2,fsrcnn,prepared_bicubic_lr,109053.png,2,native_model_grid_then_full_target_size_adjustment,gaussian_11x11_sigma_1.5_population_covariance,limited_bt601_y_model_with_bicubic_cbcr,gpu,model_forward_only_cuda_events,Tesla T4,14912.6875,25.3994140625,12809,fsrcnn_x2.pth,1af70e2cbf0d11b942008d6c425e469e9fe275a68f3ac8b6c21e8672d6e67b69,https://dl.dropboxusercontent.com/s/1k3dker6g7hz76s/fsrcnn_x2.pth,91-image,bicubic,480,320,481,321,True,33.66475786083011,0.9287053019467333,32.30223306825791,0.9212674694673512,1.782751977443695,1.7797279953956604,0.006444742689732032,1.773535966873169,1.7940160036087036,3,10,481,321,240,160,2.11.0+cu128,12.8,2026-08-31T12:07:01.582903+00:00,3.13.15,2.1.3,11.3.0,0.25.2,Linux-6.6.122+-x86_64-with-glibc2.35,x86_64
BSD100,119082.png,x2,fsrcnn,prepared_bicubic_lr,119082.png,2,native_model_grid_then_full_target_size_adjustment,gaussian_11x11_sigma_1.5_population_covariance,limited_bt601_y_model_with_bicubic_cbcr,gpu,model_forward_only_cuda_events,Tesla T4,14912.6875,25.3994140625,12809,fsrcnn_x2.pth,1af70e2cbf0d11b942008d6c425e469e9fe275a68f3ac8b6c21e8672d6e67b69,https://dl.dropboxusercontent.com/s/1k3dker6g7hz76s/fsrcnn_x2.pth,91-image,bicubic,480,320,481,321,True,28.715275934316477,0.894577512333632,27.386414089228207,0.8852416551592784,1.803379201889038,1.793183982372284,0.03361939777084986,1.7815680503845215,1.9010239839553833,3,10,481,321,240,160,2.11.0+cu128,12.8,2026-08-31T12:07:01.847287+00:00,3.13.15,2.1.3,11.3.0,0.25.2,Linux-6.6.122+-x86_64-with-glibc2.35,x86_64
BSD100,12084.png,x2,fsrcnn,prepared_bicubic_lr,12084.png,2,native_model_grid_then_full_target_size_adjustment,gaussian_11x11_sigma_1.5_population_covariance,limited_bt601_y_model_with_bicubic_cbcr,gpu,model_forward_only_cuda_events,Tesla T4,14912.6875,25.3994140625,12809,fsrcnn_x2.pth,1af70e2cbf0d11b942008d6c425e469e9fe275a68f3ac8b6c21e8672d6e67b69,https://dl.dropboxusercontent.com/s/1k3dker6g7hz76s/fsrcnn_x2.pth,91-image,bicubic,480,320,481,321,True,33.47689496143551,0.9235761219560554,32.00933794220179,0.9167569105738876,1.7841632127761842,1.7817440032958984,0.011318355956794524,1.7721920013427734,1.8093760013580322,3,10,481,321,240,160,2.11.0+cu128,12.8,2026-08-31T12:07:02.045447+00:00,3.13.15,2.1.3,11.3.0,0.25.2,Linux-6.6.122+-x86_64-with-glibc2.35,x86_64
BSD100,123074.png,x2,fsrcnn,prepared_bicubic_lr,123074.png,2,native_model_grid_then_full_target_size_adjustment,gaussian_11x11_sigma_1.5_population_covariance,limited_bt601_y_model_with_bicubic_cbcr,gpu,model_forward_only_cuda_events,Tesla T4,14912.6875,25.3994140625,12809,fsrcnn_x2.pth,1af70e2cbf0d11b942008d6c425e469e9fe275a68f3ac8b6c21e8672d6e67b69,https://dl.dropboxusercontent.com/s/1k3dker6g7hz76s/fsrcnn_x2.pth,91-image,bicubic,480,320,481,321,True,35.081095973535575,0.9469484010606509,33.712381473848424,0.9416868017668487,1.7868767976760864,1.7832480072975159,0.00758737033369292,1.7776639461517334,1.8023040294647217,3,10,481,321,240,160,2.11.0+cu128,12.8,2026-08-31T12:07:02.267706+00:00,3.13.15,2.1.3,11.3.0,0.25.2,Linux-6.6.122+-x86_64-with-glibc2.35,x86_64
BSD100,126007.png,x2,fsrcnn,prepared_bicubic_lr,126007.png,2,native_model_grid_then_full_target_size_adjustment,gaussian_11x11_sigma_1.5_population_covariance,limited_bt601_y_model_with_bicubic_cbcr,gpu,model_forward_only_cuda_events,Tesla T4,14912.6875,25.3994140625,12809,fsrcnn_x2.pth,1af70e2cbf0d11b942008d6c425e469e9fe275a68f3ac8b6c21e8672d6e67b69,https://dl.dropboxusercontent.com/s/1k3dker6g7hz76s/fsrcnn_x2.pth,91-image,bicubic,480,320,481,321,True,33.28244724325316,0.9268736514025117,31.877010434852057,0.9157799340185971,1.7920671939849853,1.7856319546699524,0.015952427692775387,1.7776319980621338,1.826464056968689,3,10,481,321,240,160,2.11.0+cu128,12.8,2026-08-31T12:07:02.486269+00:00,3.13.15,2.1.3,11.3.0,0.25.2,Linux-6.6.122+-x86_64-with-glibc2.35,x86_64
BSD100,130026.png,x2,fsrcnn,prepared_bicubic_lr,130026.png,2,native_model_grid_then_full_target_size_adjustment,gaussian_11x11_sigma_1.5_population_covariance,limited_bt601_y_model_with_bicubic_cbcr,gpu,model_forward_only_cuda_events,Tesla T4,14912.6875,25.3994140625,12809,fsrcnn_x2.pth,1af70e2cbf0d11b942008d6c425e469e9fe275a68f3ac8b6c21e8672d6e67b69,https://dl.dropboxusercontent.com/s/1k3dker6g7hz76s/fsrcnn_x2.pth,91-image,bicubic,480,320,481,321,True,28.934040006124725,0.8769178705070869,27.603733795741675,0.8654599568229856,1.7881087899208068,1.784063994884491,0.012709193437683753,1.7734400033950806,1.810912013053894,3,10,481,321,240,160,2.11.0+cu128,12.8,2026-08-31T12:07:02.698448+00:00,3.13.15,2.1.3,11.3.0,0.25.2,Linux-6.6.122+-x86_64-with-glibc2.35,x86_64
BSD100,134035.png,x2,fsrcnn,prepared_bicubic_lr,134035.png,2,native_model_grid_then_full_target_size_adjustment,gaussian_11x11_sigma_1.5_population_covariance,limited_bt601_y_model_with_bicubic_cbcr,gpu,model_forward_only_cuda_events,Tesla T4,14912.6875,25.3994140625,12809,fsrcnn_x2.pth,1af70e2cbf0d11b942008d6c425e469e9fe275a68f3ac8b6c21e8672d6e67b69,https://dl.dropboxusercontent.com/s/1k3dker6g7hz76s/fsrcnn_x2.pth,91-image,bicubic,480,320,481,321,True,31.169242295903288,0.9347192038537216,29.804919645424746,0.9295263722576115,1.780793595314026,1.7782079577445984,0.007325203310880019,1.773568034172058,1.798143982887268,3,10,481,321,240,160,2.11.0+cu128,12.8,2026-08-31T12:07:02.904641+00:00,3.13.15,2.1.3,11.3.0,0.25.2,Linux-6.6.122+-x86_64-with-glibc2.35,x86_64
BSD100,14037.png,x2,fsrcnn,prepared_bicubic_lr,14037.png,2,native_model_grid_then_full_target_size_adjustment,gaussian_11x11_sigma_1.5_population_covariance,limited_bt601_y_model_with_bicubic_cbcr,gpu,model_forward_only_cuda_events,Tesla T4,14912.6875,25.3994140625,12809,fsrcnn_x2.pth,1af70e2cbf0d11b942008d6c425e469e9fe275a68f3ac8b6c21e8672d6e67b69,https://dl.dropboxusercontent.com/s/1k3dker6g7hz76s/fsrcnn_x2.pth,91-image,bicubic,480,320,481,321,True,38.15495955570531,0.9535076531383444,36.73867346085724,0.9441619460738737,1.7822719931602478,1.7785599827766418,0.007015970602843147,1.7744319438934326,1.792191982269287,3,10,481,321,240,160,2.11.0+cu128,12.8,2026-08-31T12:07:03.113551+00:00,3.13.15,2.1.3,11.3.0,0.25.2,Linux-6.6.122+-x86_64-with-glibc2.35,x86_64
BSD100,143090.png,x2,fsrcnn,prepared_bicubic_lr,143090.png,2,native_model_grid_then_full_target_size_adjustment,gaussian_11x11_sigma_1.5_population_covariance,limited_bt601_y_model_with_bicubic_cbcr,gpu,model_forward_only_cuda_events,Tesla T4,14912.6875,25.3994140625,12809,fsrcnn_x2.pth,1af70e2cbf0d11b942008d6c425e469e9fe275a68f3ac8b6c21e8672d6e67b69,https://dl.dropboxusercontent.com/s/1k3dker6g7hz76s/fsrcnn_x2.pth,91-image,bicubic,480,320,481,321,True,36.47607896153965,0.9539345021674301,35.03354503294426,0.9476037936473404,1.7819103837013244,1.7800639867782593,0.00594966234082177,1.7743040323257446,1.791551947593689,3,10,481,321,240,160,2.11.0+cu128,12.8,2026-08-31T12:07:03.342728+00:00,3.13.15,2.1.3,11.3.0,0.25.2,Linux-6.6.122+-x86_64-with-glibc2.35,x86_64
BSD100,145086.png,x2,fsrcnn,prepared_bicubic_lr,145086.png,2,native_model_grid_then_full_target_size_adjustment,gaussian_11x11_sigma_1.5_population_covariance,limited_bt601_y_model_with_bicubic_cbcr,gpu,model_forward_only_cuda_events,Tesla T4,14912.6875,25.3994140625,12809,fsrcnn_x2.pth,1af70e2cbf0d11b942008d6c425e469e9fe275a68f3ac8b6c21e8672d6e67b69,https://dl.dropboxusercontent.com/s/1k3dker6g7hz76s/fsrcnn_x2.pth,91-image,bicubic,480,320,481,321,True,28.645590051326696,0.8617947048301753,27.30228342864914,0.8486517507932358,1.790124785900116,1.7829440236091614,0.020781197835528235,1.7755839824676514,1.8489279747009277,3,10,481,321,240,160,2.11.0+cu128,12.8,2026-08-31T12:07:03.561876+00:00,3.13.15,2.1.3,11.3.0,0.25.2,Linux-6.6.122+-x86_64-with-glibc2.35,x86_64
BSD100,147091.png,x2,fsrcnn,prepared_bicubic_lr,147091.png,2,native_model_grid_then_full_target_size_adjustment,gaussian_11x11_sigma_1.5_population_covariance,limited_bt601_y_model_with_bicubic_cbcr,gpu,model_forward_only_cuda_events,Tesla T4,14912.6875,25.3994140625,12809,fsrcnn_x2.pth,1af70e2cbf0d11b942008d6c425e469e9fe275a68f3ac8b6c21e8672d6e67b69,https://dl.dropboxusercontent.com/s/1k3dker6g7hz76s/fsrcnn_x2.pth,91-image,bicubic,480,320,481,321,True,29.327130220121923,0.9019121768650696,27.975133686954944,0.8888535664421041,1.7869951844215393,1.7842879891395569,0.007519134570514458,1.7772480249404907,1.803871989250183,3,10,481,321,240,160,2.11.0+cu128,12.8,2026-08-31T12:07:03.783901+00:00,3.13.15,2.1.3,11.3.0,0.25.2,Linux-6.6.122+-x86_64-with-glibc2.35,x86_64
BSD100,148026.png,x2,fsrcnn,prepared_bicubic_lr,148026.png,2,native_model_grid_then_full_target_size_adjustment,gaussian_11x11_sigma_1.5_population_covariance,limited_bt601_y_model_with_bicubic_cbcr,gpu,model_forward_only_cuda_events,Tesla T4,14912.6875,25.3994140625,12809,fsrcnn_x2.pth,1af70e2cbf0d11b942008d6c425e469e9fe275a68f3ac8b6c21e8672d6e67b69,https://dl.dropboxusercontent.com/s/1k3dker6g7hz76s/fsrcnn_x2.pth,91-image,bicubic,320,480,321,481,True,26.483783035591074,0.8900823856073523,25.163939298094032,0.8805109225333898,1.7836416125297547,1.7807360291481018,0.006126850907385187,1.7780159711837769,1.794975996017456,3,10,321,481,160,240,2.11.0+cu128,12.8,2026-08-31T12:07:03.987464+00:00,3.13.15,2.1.3,11.3.0,0.25.2,Linux-6.6.122+-x86_64-with-glibc2.35,x86_64
BSD100,148089.png,x2,fsrcnn,prepared_bicubic_lr,148089.png,2,native_model_grid_then_full_target_size_adjustment,gaussian_11x11_sigma_1.5_population_covariance,limited_bt601_y_model_with_bicubic_cbcr,gpu,model_forward_only_cuda_events,Tesla T4,14912.6875,25.3994140625,12809,fsrcnn_x2.pth,1af70e2cbf0d11b942008d6c425e469e9fe275a68f3ac8b6c21e8672d6e67b69,https://dl.dropboxusercontent.com/s/1k3dker6g7hz76s/fsrcnn_x2.pth,91-image,bicubic,480,320,481,321,True,28.012235674707885,0.8591343256923585,26.701389064273325,0.8474811423040639,1.7950431942939757,1.7896479964256287,0.015264580700000117,1.7749439477920532,1.8227200508117676,3,10,481,321,240,160,2.11.0+cu128,12.8,2026-08-31T12:07:04.200883+00:00,3.13.15,2.1.3,11.3.0,0.25.2,Linux-6.6.122+-x86_64-with-glibc2.35,x86_64
BSD100,156065.png,x2,fsrcnn,prepared_bicubic_lr,156065.png,2,native_model_grid_then_full_target_size_adjustment,gaussian_11x11_sigma_1.5_population_covariance,limited_bt601_y_model_with_bicubic_cbcr,gpu,model_forward_only_cuda_events,Tesla T4,14912.6875,25.3994140625,12809,fsrcnn_x2.pth,1af70e2cbf0d11b942008d6c425e469e9fe275a68f3ac8b6c21e8672d6e67b69,https://dl.dropboxusercontent.com/s/1k3dker6g7hz76s/fsrcnn_x2.pth,91-image,bicubic,480,320,481,321,True,27.388107279814427,0.7740530962810175,26.063973604851572,0.7572845920154951,1.7906912088394165,1.7840319871902466,0.016988907208946264,1.7739839553833008,1.8305280208587646,3,10,481,321,240,160,2.11.0+cu128,12.8,2026-08-31T12:07:04.442351+00:00,3.13.15,2.1.3,11.3.0,0.25.2,Linux-6.6.122+-x86_64-with-glibc2.35,x86_64
BSD100,157055.png,x2,fsrcnn,prepared_bicubic_lr,157055.png,2,native_model_grid_then_full_target_size_adjustment,gaussian_11x11_sigma_1.5_population_covariance,limited_bt601_y_model_with_bicubic_cbcr,gpu,model_forward_only_cuda_events,Tesla T4,14912.6875,25.3994140625,12809,fsrcnn_x2.pth,1af70e2cbf0d11b942008d6c425e469e9fe275a68f3ac8b6c21e8672d6e67b69,https://dl.dropboxusercontent.com/s/1k3dker6g7hz76s/fsrcnn_x2.pth,91-image,bicubic,480,320,481,321,True,30.429162673499942,0.9271779362161705,29.04973211394409,0.9203894369354592,1.7946431994438172,1.7873759865760803,0.02034984442179445,1.7720320224761963,1.8350080251693726,3,10,481,321,240,160,2.11.0+cu128,12.8,2026-08-31T12:07:04.672356+00:00,3.13.15,2.1.3,11.3.0,0.25.2,Linux-6.6.122+-x86_64-with-glibc2.35,x86_64
BSD100,159008.png,x2,fsrcnn,prepared_bicubic_lr,159008.png,2,native_model_grid_then_full_target_size_adjustment,gaussian_11x11_sigma_1.5_population_covariance,limited_bt601_y_model_with_bicubic_cbcr,gpu,model_forward_only_cuda_events,Tesla T4,14912.6875,25.3994140625,12809,fsrcnn_x2.pth,1af70e2cbf0d11b942008d6c425e469e9fe275a68f3ac8b6c21e8672d6e67b69,https://dl.dropboxusercontent.com/s/1k3dker6g7hz76s/fsrcnn_x2.pth,91-image,bicubic,480,320,481,321,True,32.70611294301495,0.9453642522959973,31.365727751957646,0.9377872183560685,1.7839775800704956,1.7797119617462158,0.008793422611367216,1.773695945739746,1.801632046699524,3,10,481,321,240,160,2.11.0+cu128,12.8,2026-08-31T12:07:04.895960+00:00,3.13.15,2.1.3,11.3.0,0.25.2,Linux-6.6.122+-x86_64-with-glibc2.35,x86_64
BSD100,160068.png,x2,fsrcnn,prepared_bicubic_lr,160068.png,2,native_model_grid_then_full_target_size_adjustment,gaussian_11x11_sigma_1.5_population_covariance,limited_bt601_y_model_with_bicubic_cbcr,gpu,model_forward_only_cuda_events,Tesla T4,14912.6875,25.3994140625,12809,fsrcnn_x2.pth,1af70e2cbf0d11b942008d6c425e469e9fe275a68f3ac8b6c21e8672d6e67b69,https://dl.dropboxusercontent.com/s/1k3dker6g7hz76s/fsrcnn_x2.pth,91-image,bicubic,480,320,481,321,True,31.586964756207564,0.9385107582957731,30.241706795168277,0.9319849635730072,1.7867808103561402,1.7800800204277039,0.012491065619693174,1.7776000499725342,1.8124480247497559,3,10,481,321,240,160,2.11.0+cu128,12.8,2026-08-31T12:07:05.107799+00:00,3.13.15,2.1.3,11.3.0,0.25.2,Linux-6.6.122+-x86_64-with-glibc2.35,x86_64
BSD100,16077.png,x2,fsrcnn,prepared_bicubic_lr,16077.png,2,native_model_grid_then_full_target_size_adjustment,gaussian_11x11_sigma_1.5_population_covariance,limited_bt601_y_model_with_bicubic_cbcr,gpu,model_forward_only_cuda_events,Tesla T4,14912.6875,25.3994140625,12809,fsrcnn_x2.pth,1af70e2cbf0d11b942008d6c425e469e9fe275a68f3ac8b6c21e8672d6e67b69,https://dl.dropboxusercontent.com/s/1k3dker6g7hz76s/fsrcnn_x2.pth,91-image,bicubic,480,320,481,321,True,31.887609067736182,0.8948455499270767,30.510150091239872,0.882319273771455,1.783129596710205,1.7800000309944153,0.006146200576275197,1.777567982673645,1.7960959672927856,3,10,481,321,240,160,2.11.0+cu128,12.8,2026-08-31T12:07:05.336932+00:00,3.13.15,2.1.3,11.3.0,0.25.2,Linux-6.6.122+-x86_64-with-glibc2.35,x86_64
BSD100,163085.png,x2,fsrcnn,prepared_bicubic_lr,163085.png,2,native_model_grid_then_full_target_size_adjustment,gaussian_11x11_sigma_1.5_population_covariance,limited_bt601_y_model_with_bicubic_cbcr,gpu,model_forward_only_cuda_events,Tesla T4,14912.6875,25.3994140625,12809,fsrcnn_x2.pth,1af70e2cbf0d11b942008d6c425e469e9fe275a68f3ac8b6c21e8672d6e67b69,https://dl.dropboxusercontent.com/s/1k3dker6g7hz76s/fsrcnn_x2.pth,91-image,bicubic,480,320,481,321,True,34.33284306215108,0.9295345501228113,32.97339304202487,0.9227041476086768,1.7939711928367614,1.787551999092102,0.016188641801964138,1.776352047920227,1.8258559703826904,3,10,481,321,240,160,2.11.0+cu128,12.8,2026-08-31T12:07:05.553937+00:00,3.13.15,2.1.3,11.3.0,0.25.2,Linux-6.6.122+-x86_64-with-glibc2.35,x86_64
BSD100,167062.png,x2,fsrcnn,prepared_bicubic_lr,167062.png,2,native_model_grid_then_full_target_size_adjustment,gaussian_11x11_sigma_1.5_population_covariance,limited_bt601_y_model_with_bicubic_cbcr,gpu,model_forward_only_cuda_events,Tesla T4,14912.6875,25.3994140625,12809,fsrcnn_x2.pth,1af70e2cbf0d11b942008d6c425e469e9fe275a68f3ac8b6c21e8672d6e67b69,https://dl.dropboxusercontent.com/s/1k3dker6g7hz76s/fsrcnn_x2.pth,91-image,bicubic,480,320,481,321,True,35.62035498866513,0.9534141294025871,34.26386009426124,0.9446752946045471,1.7967967987060547,1.7940320372581482,0.009386968503549578,1.785856008529663,1.8101439476013184,3,10,481,321,240,160,2.11.0+cu128,12.8,2026-08-31T12:07:05.774613+00:00,3.13.15,2.1.3,11.3.0,0.25.2,Linux-6.6.122+-x86_64-with-glibc2.35,x86_64
BSD100,167083.png,x2,fsrcnn,prepared_bicubic_lr,167083.png,2,native_model_grid_then_full_target_size_adjustment,gaussian_11x11_sigma_1.5_population_covariance,limited_bt601_y_model_with_bicubic_cbcr,gpu,model_forward_only_cuda_events,Tesla T4,14912.6875,25.3994140625,12809,fsrcnn_x2.pth,1af70e2cbf0d11b942008d6c425e469e9fe275a68f3ac8b6c21e8672d6e67b69,https://dl.dropboxusercontent.com/s/1k3dker6g7hz76s/fsrcnn_x2.pth,91-image,bicubic,320,480,321,481,True,22.853489600234127,0.7591578243568344,21.541285102442135,0.7525549059278346,1.8078400135040282,1.8009120225906372,0.016430699486450685,1.791551947593689,1.8432320356369019,3,10,321,481,160,240,2.11.0+cu128,12.8,2026-08-31T12:07:05.982112+00:00,3.13.15,2.1.3,11.3.0,0.25.2,Linux-6.6.122+-x86_64-with-glibc2.35,x86_64
BSD100,170057.png,x2,fsrcnn,prepared_bicubic_lr,170057.png,2,native_model_grid_then_full_target_size_adjustment,gaussian_11x11_sigma_1.5_population_covariance,limited_bt601_y_model_with_bicubic_cbcr,gpu,model_forward_only_cuda_events,Tesla T4,14912.6875,25.3994140625,12809,fsrcnn_x2.pth,1af70e2cbf0d11b942008d6c425e469e9fe275a68f3ac8b6c21e8672d6e67b69,https://dl.dropboxusercontent.com/s/1k3dker6g7hz76s/fsrcnn_x2.pth,91-image,bicubic,480,320,481,321,True,34.63909595363446,0.9436582473811871,33.267169055110735,0.9345465621358894,1.7969119906425477,1.7946879863739014,0.010459942542708073,1.783776044845581,1.8170239925384521,3,10,481,321,240,160,2.11.0+cu128,12.8,2026-08-31T12:07:06.228231+00:00,3.13.15,2.1.3,11.3.0,0.25.2,Linux-6.6.122+-x86_64-with-glibc2.35,x86_64
BSD100,175032.png,x2,fsrcnn,prepared_bicubic_lr,175032.png,2,native_model_grid_then_full_target_size_adjustment,gaussian_11x11_sigma_1.5_population_covariance,limited_bt601_y_model_with_bicubic_cbcr,gpu,model_forward_only_cuda_events,Tesla T4,14912.6875,25.3994140625,12809,fsrcnn_x2.pth,1af70e2cbf0d11b942008d6c425e469e9fe275a68f3ac8b6c21e8672d6e67b69,https://dl.dropboxusercontent.com/s/1k3dker6g7hz76s/fsrcnn_x2.pth,91-image,bicubic,320,480,321,481,True,24.36146858700011,0.7635932117271319,23.050482238797283,0.7533514819100852,1.792848002910614,1.788432002067566,0.01500160173545804,1.7765439748764038,1.827232003211975,3,10,321,481,160,240,2.11.0+cu128,12.8,2026-08-31T12:07:06.421454+00:00,3.13.15,2.1.3,11.3.0,0.25.2,Linux-6.6.122+-x86_64-with-glibc2.35,x86_64
BSD100,175043.png,x2,fsrcnn,prepared_bicubic_lr,175043.png,2,native_model_grid_then_full_target_size_adjustment,gaussian_11x11_sigma_1.5_population_covariance,limited_bt601_y_model_with_bicubic_cbcr,gpu,model_forward_only_cuda_events,Tesla T4,14912.6875,25.3994140625,12809,fsrcnn_x2.pth,1af70e2cbf0d11b942008d6c425e469e9fe275a68f3ac8b6c21e8672d6e67b69,https://dl.dropboxusercontent.com/s/1k3dker6g7hz76s/fsrcnn_x2.pth,91-image,bicubic,480,320,481,321,True,30.024320915916526,0.8977107225073878,28.6734885090373,0.8905904780232904,1.7837056040763855,1.7824000120162964,0.0052580067889119765,1.7756160497665405,1.7940479516983032,3,10,481,321,240,160,2.11.0+cu128,12.8,2026-08-31T12:07:06.634745+00:00,3.13.15,2.1.3,11.3.0,0.25.2,Linux-6.6.122+-x86_64-with-glibc2.35,x86_64
BSD100,182053.png,x2,fsrcnn,prepared_bicubic_lr,182053.png,2,native_model_grid_then_full_target_size_adjustment,gaussian_11x11_sigma_1.5_population_covariance,limited_bt601_y_model_with_bicubic_cbcr,gpu,model_forward_only_cuda_events,Tesla T4,14912.6875,25.3994140625,12809,fsrcnn_x2.pth,1af70e2cbf0d11b942008d6c425e469e9fe275a68f3ac8b6c21e8672d6e67b69,https://dl.dropboxusercontent.com/s/1k3dker6g7hz76s/fsrcnn_x2.pth,91-image,bicubic,480,320,481,321,True,27.493557767143653,0.8882146492098922,26.164516246942284,0.880263782246267,1.8005056023597716,1.7927200198173523,0.01988759520843476,1.7768000364303589,1.8391040563583374,3,10,481,321,240,160,2.11.0+cu128,12.8,2026-08-31T12:07:06.848253+00:00,3.13.15,2.1.3,11.3.0,0.25.2,Linux-6.6.122+-x86_64-with-glibc2.35,x86_64
BSD100,189080.png,x2,fsrcnn,prepared_bicubic_lr,189080.png,2,native_model_grid_then_full_target_size_adjustment,gaussian_11x11_sigma_1.5_population_covariance,limited_bt601_y_model_with_bicubic_cbcr,gpu,model_forward_only_cuda_events,Tesla T4,14912.6875,25.3994140625,12809,fsrcnn_x2.pth,1af70e2cbf0d11b942008d6c425e469e9fe275a68f3ac8b6c21e8672d6e67b69,https://dl.dropboxusercontent.com/s/1k3dker6g7hz76s/fsrcnn_x2.pth,91-image,bicubic,320,480,321,481,True,39.08009615244477,0.949752306001474,37.65471186637353,0.9373222591048541,1.7890399932861327,1.7851200103759766,0.0094388053977583,1.7819839715957642,1.8121919631958008,3,10,321,481,160,240,2.11.0+cu128,12.8,2026-08-31T12:07:07.071788+00:00,3.13.15,2.1.3,11.3.0,0.25.2,Linux-6.6.122+-x86_64-with-glibc2.35,x86_64
BSD100,19021.png,x2,fsrcnn,prepared_bicubic_lr,19021.png,2,native_model_grid_then_full_target_size_adjustment,gaussian_11x11_sigma_1.5_population_covariance,limited_bt601_y_model_with_bicubic_cbcr,gpu,model_forward_only_cuda_events,Tesla T4,14912.6875,25.3994140625,12809,fsrcnn_x2.pth,1af70e2cbf0d11b942008d6c425e469e9fe275a68f3ac8b6c21e8672d6e67b69,https://dl.dropboxusercontent.com/s/1k3dker6g7hz76s/fsrcnn_x2.pth,91-image,bicubic,480,320,481,321,True,31.11150434132131,0.8965346964703971,29.75286531984718,0.8865240890381679,1.8117984056472778,1.79094398021698,0.03887391091318671,1.7792960405349731,1.8776639699935913,3,10,481,321,240,160,2.11.0+cu128,12.8,2026-08-31T12:07:07.303081+00:00,3.13.15,2.1.3,11.3.0,0.25.2,Linux-6.6.122+-x86_64-with-glibc2.35,x86_64
BSD100,196073.png,x2,fsrcnn,prepared_bicubic_lr,196073.png,2,native_model_grid_then_full_target_size_adjustment,gaussian_11x11_sigma_1.5_population_covariance,limited_bt601_y_model_with_bicubic_cbcr,gpu,model_forward_only_cuda_events,Tesla T4,14912.6875,25.3994140625,12809,fsrcnn_x2.pth,1af70e2cbf0d11b942008d6c425e469e9fe275a68f3ac8b6c21e8672d6e67b69,https://dl.dropboxusercontent.com/s/1k3dker6g7hz76s/fsrcnn_x2.pth,91-image,bicubic,480,320,481,321,True,29.868008363165043,0.7150692974228009,28.537730554888704,0.6880760127260251,1.8222911834716797,1.8261439800262451,0.020268567772313766,1.7821760177612305,1.8457599878311157,3,10,481,321,240,160,2.11.0+cu128,12.8,2026-08-31T12:07:07.559509+00:00,3.13.15,2.1.3,11.3.0,0.25.2,Linux-6.6.122+-x86_64-with-glibc2.35,x86_64
BSD100,197017.png,x2,fsrcnn,prepared_bicubic_lr,197017.png,2,native_model_grid_then_full_target_size_adjustment,gaussian_11x11_sigma_1.5_population_covariance,limited_bt601_y_model_with_bicubic_cbcr,gpu,model_forward_only_cuda_events,Tesla T4,14912.6875,25.3994140625,12809,fsrcnn_x2.pth,1af70e2cbf0d11b942008d6c425e469e9fe275a68f3ac8b6c21e8672d6e67b69,https://dl.dropboxusercontent.com/s/1k3dker6g7hz76s/fsrcnn_x2.pth,91-image,bicubic,480,320,481,321,True,30.761842767963294,0.8513732512108513,29.423108095030734,0.838164495645266,1.8078431844711305,1.7918399572372437,0.04248393784324305,1.7785279750823975,1.9230719804763794,3,10,481,321,240,160,2.11.0+cu128,12.8,2026-08-31T12:07:07.787232+00:00,3.13.15,2.1.3,11.3.0,0.25.2,Linux-6.6.122+-x86_64-with-glibc2.35,x86_64
BSD100,208001.png,x2,fsrcnn,prepared_bicubic_lr,208001.png,2,native_model_grid_then_full_target_size_adjustment,gaussian_11x11_sigma_1.5_population_covariance,limited_bt601_y_model_with_bicubic_cbcr,gpu,model_forward_only_cuda_events,Tesla T4,14912.6875,25.3994140625,12809,fsrcnn_x2.pth,1af70e2cbf0d11b942008d6c425e469e9fe275a68f3ac8b6c21e8672d6e67b69,https://dl.dropboxusercontent.com/s/1k3dker6g7hz76s/fsrcnn_x2.pth,91-image,bicubic,320,480,321,481,True,33.2151539964708,0.9243634628270779,31.83092631599201,0.9111730295628643,1.7906463980674743,1.7855200171470642,0.014433264179222834,1.7803839445114136,1.8318719863891602,3,10,321,481,160,240,2.11.0+cu128,12.8,2026-08-31T12:07:08.026103+00:00,3.13.15,2.1.3,11.3.0,0.25.2,Linux-6.6.122+-x86_64-with-glibc2.35,x86_64
BSD100,210088.png,x2,fsrcnn,prepared_bicubic_lr,210088.png,2,native_model_grid_then_full_target_size_adjustment,gaussian_11x11_sigma_1.5_population_covariance,limited_bt601_y_model_with_bicubic_cbcr,gpu,model_forward_only_cuda_events,Tesla T4,14912.6875,25.3994140625,12809,fsrcnn_x2.pth,1af70e2cbf0d11b942008d6c425e469e9fe275a68f3ac8b6c21e8672d6e67b69,https://dl.dropboxusercontent.com/s/1k3dker6g7hz76s/fsrcnn_x2.pth,91-image,bicubic,320,480,321,481,True,41.06473788365322,0.9850485662546787,39.313158699712986,0.9798175876166489,1.7932191967964173,1.7925919890403748,0.01039182331147976,1.7810560464859009,1.8203840255737305,3,10,321,481,160,240,2.11.0+cu128,12.8,2026-08-31T12:07:08.257939+00:00,3.13.15,2.1.3,11.3.0,0.25.2,Linux-6.6.122+-x86_64-with-glibc2.35,x86_64
BSD100,21077.png,x2,fsrcnn,prepared_bicubic_lr,21077.png,2,native_model_grid_then_full_target_size_adjustment,gaussian_11x11_sigma_1.5_population_covariance,limited_bt601_y_model_with_bicubic_cbcr,gpu,model_forward_only_cuda_events,Tesla T4,14912.6875,25.3994140625,12809,fsrcnn_x2.pth,1af70e2cbf0d11b942008d6c425e469e9fe275a68f3ac8b6c21e8672d6e67b69,https://dl.dropboxusercontent.com/s/1k3dker6g7hz76s/fsrcnn_x2.pth,91-image,bicubic,480,320,481,321,True,30.692343358737055,0.8764177031942488,29.34106693178499,0.8598384119778321,1.79165118932724,1.7867519855499268,0.014567051474609204,1.777184009552002,1.8255360126495361,3,10,481,321,240,160,2.11.0+cu128,12.8,2026-08-31T12:07:08.495868+00:00,3.13.15,2.1.3,11.3.0,0.25.2,Linux-6.6.122+-x86_64-with-glibc2.35,x86_64
BSD100,216081.png,x2,fsrcnn,prepared_bicubic_lr,216081.png,2,native_model_grid_then_full_target_size_adjustment,gaussian_11x11_sigma_1.5_population_covariance,limited_bt601_y_model_with_bicubic_cbcr,gpu,model_forward_only_cuda_events,Tesla T4,14912.6875,25.3994140625,12809,fsrcnn_x2.pth,1af70e2cbf0d11b942008d6c425e469e9fe275a68f3ac8b6c21e8672d6e67b69,https://dl.dropboxusercontent.com/s/1k3dker6g7hz76s/fsrcnn_x2.pth,91-image,bicubic,480,320,481,321,True,28.762253940969806,0.8619381740014069,27.489394221652766,0.8473557011327117,1.781824004650116,1.779968023300171,0.006501972712959898,1.774399995803833,1.7944960594177246,3,10,481,321,240,160,2.11.0+cu128,12.8,2026-08-31T12:07:08.701888+00:00,3.13.15,2.1.3,11.3.0,0.25.2,Linux-6.6.122+-x86_64-with-glibc2.35,x86_64
BSD100,219090.png,x2,fsrcnn,prepared_bicubic_lr,219090.png,2,native_model_grid_then_full_target_size_adjustment,gaussian_11x11_sigma_1.5_population_covariance,limited_bt601_y_model_with_bicubic_cbcr,gpu,model_forward_only_cuda_events,Tesla T4,14912.6875,25.3994140625,12809,fsrcnn_x2.pth,1af70e2cbf0d11b942008d6c425e469e9fe275a68f3ac8b6c21e8672d6e67b69,https://dl.dropboxusercontent.com/s/1k3dker6g7hz76s/fsrcnn_x2.pth,91-image,bicubic,480,320,481,321,True,30.160161976629883,0.8763355128082627,28.83254771900573,0.8613198858071467,1.7812863945961,1.780463993549347,0.009101322120495933,1.7708799839019775,1.802847981452942,3,10,481,321,240,160,2.11.0+cu128,12.8,2026-08-31T12:07:08.934304+00:00,3.13.15,2.1.3,11.3.0,0.25.2,Linux-6.6.122+-x86_64-with-glibc2.35,x86_64
BSD100,220075.png,x2,fsrcnn,prepared_bicubic_lr,220075.png,2,native_model_grid_then_full_target_size_adjustment,gaussian_11x11_sigma_1.5_population_covariance,limited_bt601_y_model_with_bicubic_cbcr,gpu,model_forward_only_cuda_events,Tesla T4,14912.6875,25.3994140625,12809,fsrcnn_x2.pth,1af70e2cbf0d11b942008d6c425e469e9fe275a68f3ac8b6c21e8672d6e67b69,https://dl.dropboxusercontent.com/s/1k3dker6g7hz76s/fsrcnn_x2.pth,91-image,bicubic,480,320,481,321,True,32.45913953482022,0.9594663436302783,31.09745144433611,0.9530868747152185,1.7902399897575378,1.790336012840271,0.008978639540933513,1.7776639461517334,1.8030400276184082,3,10,481,321,240,160,2.11.0+cu128,12.8,2026-08-31T12:07:09.171392+00:00,3.13.15,2.1.3,11.3.0,0.25.2,Linux-6.6.122+-x86_64-with-glibc2.35,x86_64
BSD100,223061.png,x2,fsrcnn,prepared_bicubic_lr,223061.png,2,native_model_grid_then_full_target_size_adjustment,gaussian_11x11_sigma_1.5_population_covariance,limited_bt601_y_model_with_bicubic_cbcr,gpu,model_forward_only_cuda_events,Tesla T4,14912.6875,25.3994140625,12809,fsrcnn_x2.pth,1af70e2cbf0d11b942008d6c425e469e9fe275a68f3ac8b6c21e8672d6e67b69,https://dl.dropboxusercontent.com/s/1k3dker6g7hz76s/fsrcnn_x2.pth,91-image,bicubic,480,320,481,321,True,28.0443699316737,0.8598354514700395,26.710753669846184,0.8520307202992131,1.7833087921142579,1.7793439626693726,0.011367551606356668,1.7755839824676514,1.8144960403442383,3,10,481,321,240,160,2.11.0+cu128,12.8,2026-08-31T12:07:09.376827+00:00,3.13.15,2.1.3,11.3.0,0.25.2,Linux-6.6.122+-x86_64-with-glibc2.35,x86_64
BSD100,227092.png,x2,fsrcnn,prepared_bicubic_lr,227092.png,2,native_model_grid_then_full_target_size_adjustment,gaussian_11x11_sigma_1.5_population_covariance,limited_bt601_y_model_with_bicubic_cbcr,gpu,model_forward_only_cuda_events,Tesla T4,14912.6875,25.3994140625,12809,fsrcnn_x2.pth,1af70e2cbf0d11b942008d6c425e469e9fe275a68f3ac8b6c21e8672d6e67b69,https://dl.dropboxusercontent.com/s/1k3dker6g7hz76s/fsrcnn_x2.pth,91-image,bicubic,320,480,321,481,True,37.77664726816142,0.9369503402980296,36.388162427204136,0.9275283500954283,1.7812640190124511,1.7786719799041748,0.007888936370845884,1.7715200185775757,1.7940160036087036,3,10,321,481,160,240,2.11.0+cu128,12.8,2026-08-31T12:07:09.594548+00:00,3.13.15,2.1.3,11.3.0,0.25.2,Linux-6.6.122+-x86_64-with-glibc2.35,x86_64
BSD100,229036.png,x2,fsrcnn,prepared_bicubic_lr,229036.png,2,native_model_grid_then_full_target_size_adjustment,gaussian_11x11_sigma_1.5_population_covariance,limited_bt601_y_model_with_bicubic_cbcr,gpu,model_forward_only_cuda_events,Tesla T4,14912.6875,25.3994140625,12809,fsrcnn_x2.pth,1af70e2cbf0d11b942008d6c425e469e9fe275a68f3ac8b6c21e8672d6e67b69,https://dl.dropboxusercontent.com/s/1k3dker6g7hz76s/fsrcnn_x2.pth,91-image,bicubic,480,320,481,321,True,27.053037596856008,0.8526157711952878,25.720882904819003,0.8425227716297581,1.786198377609253,1.779151976108551,0.017245686337904027,1.7728320360183716,1.8329600095748901,3,10,481,321,240,160,2.11.0+cu128,12.8,2026-08-31T12:07:09.805835+00:00,3.13.15,2.1.3,11.3.0,0.25.2,Linux-6.6.122+-x86_64-with-glibc2.35,x86_64
BSD100,236037.png,x2,fsrcnn,prepared_bicubic_lr,236037.png,2,native_model_grid_then_full_target_size_adjustment,gaussian_11x11_sigma_1.5_population_covariance,limited_bt601_y_model_with_bicubic_cbcr,gpu,model_forward_only_cuda_events,Tesla T4,14912.6875,25.3994140625,12809,fsrcnn_x2.pth,1af70e2cbf0d11b942008d6c425e469e9fe275a68f3ac8b6c21e8672d6e67b69,https://dl.dropboxusercontent.com/s/1k3dker6g7hz76s/fsrcnn_x2.pth,91-image,bicubic,480,320,481,321,True,28.84807725449262,0.8605108011585649,27.504867514382703,0.8538335477531648,1.785475218296051,1.7844640016555786,0.009806869273768545,1.7736320495605469,1.8104000091552734,3,10,481,321,240,160,2.11.0+cu128,12.8,2026-08-31T12:07:10.027694+00:00,3.13.15,2.1.3,11.3.0,0.25.2,Linux-6.6.122+-x86_64-with-glibc2.35,x86_64
BSD100,24077.png,x2,fsrcnn,prepared_bicubic_lr,24077.png,2,native_model_grid_then_full_target_size_adjustment,gaussian_11x11_sigma_1.5_population_covariance,limited_bt601_y_model_with_bicubic_cbcr,gpu,model_forward_only_cuda_events,Tesla T4,14912.6875,25.3994140625,12809,fsrcnn_x2.pth,1af70e2cbf0d11b942008d6c425e469e9fe275a68f3ac8b6c21e8672d6e67b69,https://dl.dropboxusercontent.com/s/1k3dker6g7hz76s/fsrcnn_x2.pth,91-image,bicubic,480,320,481,321,True,32.56214769039089,0.9615219441051693,31.055714991126067,0.956564472576471,1.791481614112854,1.791648030281067,0.011360420053321661,1.774399995803833,1.818176031112671,3,10,481,321,240,160,2.11.0+cu128,12.8,2026-08-31T12:07:10.240206+00:00,3.13.15,2.1.3,11.3.0,0.25.2,Linux-6.6.122+-x86_64-with-glibc2.35,x86_64
BSD100,241004.png,x2,fsrcnn,prepared_bicubic_lr,241004.png,2,native_model_grid_then_full_target_size_adjustment,gaussian_11x11_sigma_1.5_population_covariance,limited_bt601_y_model_with_bicubic_cbcr,gpu,model_forward_only_cuda_events,Tesla T4,14912.6875,25.3994140625,12809,fsrcnn_x2.pth,1af70e2cbf0d11b942008d6c425e469e9fe275a68f3ac8b6c21e8672d6e67b69,https://dl.dropboxusercontent.com/s/1k3dker6g7hz76s/fsrcnn_x2.pth,91-image,bicubic,480,320,481,321,True,35.386612701803294,0.9235774500989976,34.0190809419608,0.9110295695594188,1.791699194908142,1.7832480072975159,0.02293122593170924,1.7731839418411255,1.8498879671096802,3,10,481,321,240,160,2.11.0+cu128,12.8,2026-08-31T12:07:10.535046+00:00,3.13.15,2.1.3,11.3.0,0.25.2,Linux-6.6.122+-x86_64-with-glibc2.35,x86_64
BSD100,241048.png,x2,fsrcnn,prepared_bicubic_lr,241048.png,2,native_model_grid_then_full_target_size_adjustment,gaussian_11x11_sigma_1.5_population_covariance,limited_bt601_y_model_with_bicubic_cbcr,gpu,model_forward_only_cuda_events,Tesla T4,14912.6875,25.3994140625,12809,fsrcnn_x2.pth,1af70e2cbf0d11b942008d6c425e469e9fe275a68f3ac8b6c21e8672d6e67b69,https://dl.dropboxusercontent.com/s/1k3dker6g7hz76s/fsrcnn_x2.pth,91-image,bicubic,480,320,481,321,True,27.938768972167956,0.8194748411061836,26.600162187965143,0.8074876158708664,1.851251208782196,1.803328037261963,0.13126998593169367,1.792639970779419,2.2427520751953125,3,10,481,321,240,160,2.11.0+cu128,12.8,2026-08-31T12:07:10.845921+00:00,3.13.15,2.1.3,11.3.0,0.25.2,Linux-6.6.122+-x86_64-with-glibc2.35,x86_64
BSD100,253027.png,x2,fsrcnn,prepared_bicubic_lr,253027.png,2,native_model_grid_then_full_target_size_adjustment,gaussian_11x11_sigma_1.5_population_covariance,limited_bt601_y_model_with_bicubic_cbcr,gpu,model_forward_only_cuda_events,Tesla T4,14912.6875,25.3994140625,12809,fsrcnn_x2.pth,1af70e2cbf0d11b942008d6c425e469e9fe275a68f3ac8b6c21e8672d6e67b69,https://dl.dropboxusercontent.com/s/1k3dker6g7hz76s/fsrcnn_x2.pth,91-image,bicubic,480,320,481,321,True,27.558468445568746,0.8823916953983865,26.22422682111074,0.8726134876534819,1.8074496030807494,1.804800033569336,0.0064376395030453296,1.80131196975708,1.8204799890518188,3,10,481,321,240,160,2.11.0+cu128,12.8,2026-08-31T12:07:11.164226+00:00,3.13.15,2.1.3,11.3.0,0.25.2,Linux-6.6.122+-x86_64-with-glibc2.35,x86_64
BSD100,253055.png,x2,fsrcnn,prepared_bicubic_lr,253055.png,2,native_model_grid_then_full_target_size_adjustment,gaussian_11x11_sigma_1.5_population_covariance,limited_bt601_y_model_with_bicubic_cbcr,gpu,model_forward_only_cuda_events,Tesla T4,14912.6875,25.3994140625,12809,fsrcnn_x2.pth,1af70e2cbf0d11b942008d6c425e469e9fe275a68f3ac8b6c21e8672d6e67b69,https://dl.dropboxusercontent.com/s/1k3dker6g7hz76s/fsrcnn_x2.pth,91-image,bicubic,480,320,481,321,True,35.302972861035585,0.922209766183969,33.94331610613301,0.9085531175918443,1.8021023988723754,1.800112009048462,0.006579860571276864,1.7964160442352295,1.8199360370635986,3,10,481,321,240,160,2.11.0+cu128,12.8,2026-08-31T12:07:11.456175+00:00,3.13.15,2.1.3,11.3.0,0.25.2,Linux-6.6.122+-x86_64-with-glibc2.35,x86_64
BSD100,260058.png,x2,fsrcnn,prepared_bicubic_lr,260058.png,2,native_model_grid_then_full_target_size_adjustment,gaussian_11x11_sigma_1.5_population_covariance,limited_bt601_y_model_with_bicubic_cbcr,gpu,model_forward_only_cuda_events,Tesla T4,14912.6875,25.3994140625,12809,fsrcnn_x2.pth,1af70e2cbf0d11b942008d6c425e469e9fe275a68f3ac8b6c21e8672d6e67b69,https://dl.dropboxusercontent.com/s/1k3dker6g7hz76s/fsrcnn_x2.pth,91-image,bicubic,480,320,481,321,True,35.59079762071708,0.9028512284666925,34.22332458463504,0.8863939930221298,1.8177535891532899,1.8093760013580322,0.022781695181190578,1.804319977760315,1.8839999437332153,3,10,481,321,240,160,2.11.0+cu128,12.8,2026-08-31T12:07:11.747032+00:00,3.13.15,2.1.3,11.3.0,0.25.2,Linux-6.6.122+-x86_64-with-glibc2.35,x86_64
BSD100,271035.png,x2,fsrcnn,prepared_bicubic_lr,271035.png,2,native_model_grid_then_full_target_size_adjustment,gaussian_11x11_sigma_1.5_population_covariance,limited_bt601_y_model_with_bicubic_cbcr,gpu,model_forward_only_cuda_events,Tesla T4,14912.6875,25.3994140625,12809,fsrcnn_x2.pth,1af70e2cbf0d11b942008d6c425e469e9fe275a68f3ac8b6c21e8672d6e67b69,https://dl.dropboxusercontent.com/s/1k3dker6g7hz76s/fsrcnn_x2.pth,91-image,bicubic,320,480,321,481,True,32.72574404058658,0.9247952202412455,31.356347087519897,0.914953218896119,1.9458815932273865,1.8165600299835205,0.27014149825639927,1.8124799728393555,2.6261439323425293,3,10,321,481,160,240,2.11.0+cu128,12.8,2026-08-31T12:07:12.048650+00:00,3.13.15,2.1.3,11.3.0,0.25.2,Linux-6.6.122+-x86_64-with-glibc2.35,x86_64
BSD100,285079.png,x2,fsrcnn,prepared_bicubic_lr,285079.png,2,native_model_grid_then_full_target_size_adjustment,gaussian_11x11_sigma_1.5_population_covariance,limited_bt601_y_model_with_bicubic_cbcr,gpu,model_forward_only_cuda_events,Tesla T4,14912.6875,25.3994140625,12809,fsrcnn_x2.pth,1af70e2cbf0d11b942008d6c425e469e9fe275a68f3ac8b6c21e8672d6e67b69,https://dl.dropboxusercontent.com/s/1k3dker6g7hz76s/fsrcnn_x2.pth,91-image,bicubic,320,480,321,481,True,29.93649120524332,0.8868528715818288,28.582109739742975,0.8768818513279778,1.9096063733100892,1.8547359704971313,0.10061190220290349,1.8192319869995117,2.0742080211639404,3,10,321,481,160,240,2.11.0+cu128,12.8,2026-08-31T12:07:12.349308+00:00,3.13.15,2.1.3,11.3.0,0.25.2,Linux-6.6.122+-x86_64-with-glibc2.35,x86_64
BSD100,291000.png,x2,fsrcnn,prepared_bicubic_lr,291000.png,2,native_model_grid_then_full_target_size_adjustment,gaussian_11x11_sigma_1.5_population_covariance,limited_bt601_y_model_with_bicubic_cbcr,gpu,model_forward_only_cuda_events,Tesla T4,14912.6875,25.3994140625,12809,fsrcnn_x2.pth,1af70e2cbf0d11b942008d6c425e469e9fe275a68f3ac8b6c21e8672d6e67b69,https://dl.dropboxusercontent.com/s/1k3dker6g7hz76s/fsrcnn_x2.pth,91-image,bicubic,480,320,481,321,True,23.893174788606608,0.7113029575380487,22.535556434295284,0.7009252573134891,1.8070688128471375,1.803824007511139,0.0070911992318727695,1.801408052444458,1.8268159627914429,3,10,481,321,240,160,2.11.0+cu128,12.8,2026-08-31T12:07:12.624119+00:00,3.13.15,2.1.3,11.3.0,0.25.2,Linux-6.6.122+-x86_64-with-glibc2.35,x86_64
BSD100,295087.png,x2,fsrcnn,prepared_bicubic_lr,295087.png,2,native_model_grid_then_full_target_size_adjustment,gaussian_11x11_sigma_1.5_population_covariance,limited_bt601_y_model_with_bicubic_cbcr,gpu,model_forward_only_cuda_events,Tesla T4,14912.6875,25.3994140625,12809,fsrcnn_x2.pth,1af70e2cbf0d11b942008d6c425e469e9fe275a68f3ac8b6c21e8672d6e67b69,https://dl.dropboxusercontent.com/s/1k3dker6g7hz76s/fsrcnn_x2.pth,91-image,bicubic,480,320,481,321,True,30.569931895262226,0.8708910049332227,29.20910045653129,0.8599789805224024,1.810153591632843,1.8050079941749573,0.013375360741046281,1.802240014076233,1.848031997680664,3,10,481,321,240,160,2.11.0+cu128,12.8,2026-08-31T12:07:12.886373+00:00,3.13.15,2.1.3,11.3.0,0.25.2,Linux-6.6.122+-x86_64-with-glibc2.35,x86_64
BSD100,296007.png,x2,fsrcnn,prepared_bicubic_lr,296007.png,2,native_model_grid_then_full_target_size_adjustment,gaussian_11x11_sigma_1.5_population_covariance,limited_bt601_y_model_with_bicubic_cbcr,gpu,model_forward_only_cuda_events,Tesla T4,14912.6875,25.3994140625,12809,fsrcnn_x2.pth,1af70e2cbf0d11b942008d6c425e469e9fe275a68f3ac8b6c21e8672d6e67b69,https://dl.dropboxusercontent.com/s/1k3dker6g7hz76s/fsrcnn_x2.pth,91-image,bicubic,480,320,481,321,True,34.89670602119191,0.9000963111691388,33.533665243093466,0.8845363363562009,1.8070719957351684,1.80377596616745,0.01609789731834542,1.792191982269287,1.8493119478225708,3,10,481,321,240,160,2.11.0+cu128,12.8,2026-08-31T12:07:13.175660+00:00,3.13.15,2.1.3,11.3.0,0.25.2,Linux-6.6.122+-x86_64-with-glibc2.35,x86_64
BSD100,296059.png,x2,fsrcnn,prepared_bicubic_lr,296059.png,2,native_model_grid_then_full_target_size_adjustment,gaussian_11x11_sigma_1.5_population_covariance,limited_bt601_y_model_with_bicubic_cbcr,gpu,model_forward_only_cuda_events,Tesla T4,14912.6875,25.3994140625,12809,fsrcnn_x2.pth,1af70e2cbf0d11b942008d6c425e469e9fe275a68f3ac8b6c21e8672d6e67b69,https://dl.dropboxusercontent.com/s/1k3dker6g7hz76s/fsrcnn_x2.pth,91-image,bicubic,480,320,481,321,True,33.60021037770308,0.885533348535211,32.24451845264086,0.8702793753900856,1.799449586868286,1.7963839769363403,0.007194916124806906,1.7923200130462646,1.8151999711990356,3,10,481,321,240,160,2.11.0+cu128,12.8,2026-08-31T12:07:13.481517+00:00,3.13.15,2.1.3,11.3.0,0.25.2,Linux-6.6.122+-x86_64-with-glibc2.35,x86_64
BSD100,299086.png,x2,fsrcnn,prepared_bicubic_lr,299086.png,2,native_model_grid_then_full_target_size_adjustment,gaussian_11x11_sigma_1.5_population_covariance,limited_bt601_y_model_with_bicubic_cbcr,gpu,model_forward_only_cuda_events,Tesla T4,14912.6875,25.3994140625,12809,fsrcnn_x2.pth,1af70e2cbf0d11b942008d6c425e469e9fe275a68f3ac8b6c21e8672d6e67b69,https://dl.dropboxusercontent.com/s/1k3dker6g7hz76s/fsrcnn_x2.pth,91-image,bicubic,480,320,481,321,True,34.71891147871008,0.90342475978585,33.34451073801354,0.8884925179549352,1.942527961730957,1.826640009880066,0.1879381946239697,1.8168959617614746,2.342207908630371,3,10,481,321,240,160,2.11.0+cu128,12.8,2026-08-31T12:07:13.788511+00:00,3.13.15,2.1.3,11.3.0,0.25.2,Linux-6.6.122+-x86_64-with-glibc2.35,x86_64
BSD100,300091.png,x2,fsrcnn,prepared_bicubic_lr,300091.png,2,native_model_grid_then_full_target_size_adjustment,gaussian_11x11_sigma_1.5_population_covariance,limited_bt601_y_model_with_bicubic_cbcr,gpu,model_forward_only_cuda_events,Tesla T4,14912.6875,25.3994140625,12809,fsrcnn_x2.pth,1af70e2cbf0d11b942008d6c425e469e9fe275a68f3ac8b6c21e8672d6e67b69,https://dl.dropboxusercontent.com/s/1k3dker6g7hz76s/fsrcnn_x2.pth,91-image,bicubic,480,320,481,321,True,32.49875570587281,0.9037237696192578,31.14973854189335,0.8911759947910785,1.8032256007194518,1.8010560274124146,0.007598227384914151,1.7980159521102905,1.8249919414520264,3,10,481,321,240,160,2.11.0+cu128,12.8,2026-08-31T12:07:14.086995+00:00,3.13.15,2.1.3,11.3.0,0.25.2,Linux-6.6.122+-x86_64-with-glibc2.35,x86_64
BSD100,302008.png,x2,fsrcnn,prepared_bicubic_lr,302008.png,2,native_model_grid_then_full_target_size_adjustment,gaussian_11x11_sigma_1.5_population_covariance,limited_bt601_y_model_with_bicubic_cbcr,gpu,model_forward_only_cuda_events,Tesla T4,14912.6875,25.3994140625,12809,fsrcnn_x2.pth,1af70e2cbf0d11b942008d6c425e469e9fe275a68f3ac8b6c21e8672d6e67b69,https://dl.dropboxusercontent.com/s/1k3dker6g7hz76s/fsrcnn_x2.pth,91-image,bicubic,320,480,321,481,True,40.01766839725305,0.9795077255288585,38.56456996989439,0.97492219583512,1.9671040415763854,1.8222560286521912,0.3291068313195971,1.8158400058746338,2.9060161113739014,3,10,321,481,160,240,2.11.0+cu128,12.8,2026-08-31T12:07:14.442526+00:00,3.13.15,2.1.3,11.3.0,0.25.2,Linux-6.6.122+-x86_64-with-glibc2.35,x86_64
BSD100,304034.png,x2,fsrcnn,prepared_bicubic_lr,304034.png,2,native_model_grid_then_full_target_size_adjustment,gaussian_11x11_sigma_1.5_population_covariance,limited_bt601_y_model_with_bicubic_cbcr,gpu,model_forward_only_cuda_events,Tesla T4,14912.6875,25.3994140625,12809,fsrcnn_x2.pth,1af70e2cbf0d11b942008d6c425e469e9fe275a68f3ac8b6c21e8672d6e67b69,https://dl.dropboxusercontent.com/s/1k3dker6g7hz76s/fsrcnn_x2.pth,91-image,bicubic,480,320,481,321,True,28.18808561831135,0.8875225862073052,26.85947170614412,0.8797992777133095,1.7914431810379028,1.7822559475898743,0.01837261205877207,1.7776319980621338,1.8390400409698486,3,10,481,321,240,160,2.11.0+cu128,12.8,2026-08-31T12:07:14.644942+00:00,3.13.15,2.1.3,11.3.0,0.25.2,Linux-6.6.122+-x86_64-with-glibc2.35,x86_64
BSD100,304074.png,x2,fsrcnn,prepared_bicubic_lr,304074.png,2,native_model_grid_then_full_target_size_adjustment,gaussian_11x11_sigma_1.5_population_covariance,limited_bt601_y_model_with_bicubic_cbcr,gpu,model_forward_only_cuda_events,Tesla T4,14912.6875,25.3994140625,12809,fsrcnn_x2.pth,1af70e2cbf0d11b942008d6c425e469e9fe275a68f3ac8b6c21e8672d6e67b69,https://dl.dropboxusercontent.com/s/1k3dker6g7hz76s/fsrcnn_x2.pth,91-image,bicubic,320,480,321,481,True,29.443619309323665,0.8313799924967066,28.10540161921162,0.8175102415277667,1.792406404018402,1.7903519868850708,0.011215515419818153,1.7793920040130615,1.8214399814605713,3,10,321,481,160,240,2.11.0+cu128,12.8,2026-08-31T12:07:14.855921+00:00,3.13.15,2.1.3,11.3.0,0.25.2,Linux-6.6.122+-x86_64-with-glibc2.35,x86_64
BSD100,306005.png,x2,fsrcnn,prepared_bicubic_lr,306005.png,2,native_model_grid_then_full_target_size_adjustment,gaussian_11x11_sigma_1.5_population_covariance,limited_bt601_y_model_with_bicubic_cbcr,gpu,model_forward_only_cuda_events,Tesla T4,14912.6875,25.3994140625,12809,fsrcnn_x2.pth,1af70e2cbf0d11b942008d6c425e469e9fe275a68f3ac8b6c21e8672d6e67b69,https://dl.dropboxusercontent.com/s/1k3dker6g7hz76s/fsrcnn_x2.pth,91-image,bicubic,480,320,481,321,True,32.62953470877942,0.9217727107324483,31.237585469293514,0.9138970737006294,1.784828817844391,1.7837759852409363,0.007410710731717469,1.7739520072937012,1.7961920499801636,3,10,481,321,240,160,2.11.0+cu128,12.8,2026-08-31T12:07:15.062005+00:00,3.13.15,2.1.3,11.3.0,0.25.2,Linux-6.6.122+-x86_64-with-glibc2.35,x86_64
BSD100,3096.png,x2,fsrcnn,prepared_bicubic_lr,3096.png,2,native_model_grid_then_full_target_size_adjustment,gaussian_11x11_sigma_1.5_population_covariance,limited_bt601_y_model_with_bicubic_cbcr,gpu,model_forward_only_cuda_events,Tesla T4,14912.6875,25.3994140625,12809,fsrcnn_x2.pth,1af70e2cbf0d11b942008d6c425e469e9fe275a68f3ac8b6c21e8672d6e67b69,https://dl.dropboxusercontent.com/s/1k3dker6g7hz76s/fsrcnn_x2.pth,91-image,bicubic,480,320,481,321,True,43.66482176128059,0.9893644123147152,42.161875832491646,0.9848271492646643,1.7998623967170715,1.7954879999160767,0.012545426047456518,1.785823941230774,1.8237760066986084,3,10,481,321,240,160,2.11.0+cu128,12.8,2026-08-31T12:07:15.275986+00:00,3.13.15,2.1.3,11.3.0,0.25.2,Linux-6.6.122+-x86_64-with-glibc2.35,x86_64
BSD100,33039.png,x2,fsrcnn,prepared_bicubic_lr,33039.png,2,native_model_grid_then_full_target_size_adjustment,gaussian_11x11_sigma_1.5_population_covariance,limited_bt601_y_model_with_bicubic_cbcr,gpu,model_forward_only_cuda_events,Tesla T4,14912.6875,25.3994140625,12809,fsrcnn_x2.pth,1af70e2cbf0d11b942008d6c425e469e9fe275a68f3ac8b6c21e8672d6e67b69,https://dl.dropboxusercontent.com/s/1k3dker6g7hz76s/fsrcnn_x2.pth,91-image,bicubic,320,480,321,481,True,25.22217858830597,0.8434041230558845,23.89579302106867,0.8371826692796559,1.8009632110595704,1.7929279804229736,0.019369838622889216,1.7817280292510986,1.846783995628357,3,10,321,481,160,240,2.11.0+cu128,12.8,2026-08-31T12:07:15.484800+00:00,3.13.15,2.1.3,11.3.0,0.25.2,Linux-6.6.122+-x86_64-with-glibc2.35,x86_64
BSD100,351093.png,x2,fsrcnn,prepared_bicubic_lr,351093.png,2,native_model_grid_then_full_target_size_adjustment,gaussian_11x11_sigma_1.5_population_covariance,limited_bt601_y_model_with_bicubic_cbcr,gpu,model_forward_only_cuda_events,Tesla T4,14912.6875,25.3994140625,12809,fsrcnn_x2.pth,1af70e2cbf0d11b942008d6c425e469e9fe275a68f3ac8b6c21e8672d6e67b69,https://dl.dropboxusercontent.com/s/1k3dker6g7hz76s/fsrcnn_x2.pth,91-image,bicubic,480,320,481,321,True,25.835630734036535,0.840402255976151,24.50341836071479,0.8306538826919122,1.7967040061950683,1.7936960458755493,0.015535185337809248,1.7807999849319458,1.825119972229004,3,10,481,321,240,160,2.11.0+cu128,12.8,2026-08-31T12:07:15.701705+00:00,3.13.15,2.1.3,11.3.0,0.25.2,Linux-6.6.122+-x86_64-with-glibc2.35,x86_64
BSD100,361010.png,x2,fsrcnn,prepared_bicubic_lr,361010.png,2,native_model_grid_then_full_target_size_adjustment,gaussian_11x11_sigma_1.5_population_covariance,limited_bt601_y_model_with_bicubic_cbcr,gpu,model_forward_only_cuda_events,Tesla T4,14912.6875,25.3994140625,12809,fsrcnn_x2.pth,1af70e2cbf0d11b942008d6c425e469e9fe275a68f3ac8b6c21e8672d6e67b69,https://dl.dropboxusercontent.com/s/1k3dker6g7hz76s/fsrcnn_x2.pth,91-image,bicubic,480,320,481,321,True,34.01484146052196,0.9339443221857731,32.629958142666624,0.9218198430429614,1.7865919947624207,1.7856159806251526,0.005846408652314363,1.779360055923462,1.80022394657135,3,10,481,321,240,160,2.11.0+cu128,12.8,2026-08-31T12:07:15.947911+00:00,3.13.15,2.1.3,11.3.0,0.25.2,Linux-6.6.122+-x86_64-with-glibc2.35,x86_64
BSD100,37073.png,x2,fsrcnn,prepared_bicubic_lr,37073.png,2,native_model_grid_then_full_target_size_adjustment,gaussian_11x11_sigma_1.5_population_covariance,limited_bt601_y_model_with_bicubic_cbcr,gpu,model_forward_only_cuda_events,Tesla T4,14912.6875,25.3994140625,12809,fsrcnn_x2.pth,1af70e2cbf0d11b942008d6c425e469e9fe275a68f3ac8b6c21e8672d6e67b69,https://dl.dropboxusercontent.com/s/1k3dker6g7hz76s/fsrcnn_x2.pth,91-image,bicubic,480,320,481,321,True,33.98975399167094,0.9018579724077791,32.63684311632783,0.882674971830178,1.7933119893074037,1.7896959781646729,0.012225304665532732,1.7801599502563477,1.8206720352172852,3,10,481,321,240,160,2.11.0+cu128,12.8,2026-08-31T12:07:16.171600+00:00,3.13.15,2.1.3,11.3.0,0.25.2,Linux-6.6.122+-x86_64-with-glibc2.35,x86_64
BSD100,376043.png,x2,fsrcnn,prepared_bicubic_lr,376043.png,2,native_model_grid_then_full_target_size_adjustment,gaussian_11x11_sigma_1.5_population_covariance,limited_bt601_y_model_with_bicubic_cbcr,gpu,model_forward_only_cuda_events,Tesla T4,14912.6875,25.3994140625,12809,fsrcnn_x2.pth,1af70e2cbf0d11b942008d6c425e469e9fe275a68f3ac8b6c21e8672d6e67b69,https://dl.dropboxusercontent.com/s/1k3dker6g7hz76s/fsrcnn_x2.pth,91-image,bicubic,320,480,321,481,True,29.571292064224078,0.8527048675593388,28.218240896043973,0.8463147145870863,1.7920383930206298,1.7862080335617065,0.01440581668585651,1.779039978981018,1.820032000541687,3,10,321,481,160,240,2.11.0+cu128,12.8,2026-08-31T12:07:16.387958+00:00,3.13.15,2.1.3,11.3.0,0.25.2,Linux-6.6.122+-x86_64-with-glibc2.35,x86_64
BSD100,38082.png,x2,fsrcnn,prepared_bicubic_lr,38082.png,2,native_model_grid_then_full_target_size_adjustment,gaussian_11x11_sigma_1.5_population_covariance,limited_bt601_y_model_with_bicubic_cbcr,gpu,model_forward_only_cuda_events,Tesla T4,14912.6875,25.3994140625,12809,fsrcnn_x2.pth,1af70e2cbf0d11b942008d6c425e469e9fe275a68f3ac8b6c21e8672d6e67b69,https://dl.dropboxusercontent.com/s/1k3dker6g7hz76s/fsrcnn_x2.pth,91-image,bicubic,480,320,481,321,True,30.655721612362974,0.8310327163233792,29.314128802894608,0.818128327898207,1.7880799889564514,1.7850720286369324,0.007936081306391809,1.7805119752883911,1.8065279722213745,3,10,481,321,240,160,2.11.0+cu128,12.8,2026-08-31T12:07:16.613272+00:00,3.13.15,2.1.3,11.3.0,0.25.2,Linux-6.6.122+-x86_64-with-glibc2.35,x86_64
BSD100,38092.png,x2,fsrcnn,prepared_bicubic_lr,38092.png,2,native_model_grid_then_full_target_size_adjustment,gaussian_11x11_sigma_1.5_population_covariance,limited_bt601_y_model_with_bicubic_cbcr,gpu,model_forward_only_cuda_events,Tesla T4,14912.6875,25.3994140625,12809,fsrcnn_x2.pth,1af70e2cbf0d11b942008d6c425e469e9fe275a68f3ac8b6c21e8672d6e67b69,https://dl.dropboxusercontent.com/s/1k3dker6g7hz76s/fsrcnn_x2.pth,91-image,bicubic,480,320,481,321,True,29.479527393952264,0.8606340158216927,28.150056961565486,0.8492520806099382,1.791932797431946,1.7907999753952026,0.006302522294150426,1.7846399545669556,1.8042559623718262,3,10,481,321,240,160,2.11.0+cu128,12.8,2026-08-31T12:07:16.862726+00:00,3.13.15,2.1.3,11.3.0,0.25.2,Linux-6.6.122+-x86_64-with-glibc2.35,x86_64
BSD100,385039.png,x2,fsrcnn,prepared_bicubic_lr,385039.png,2,native_model_grid_then_full_target_size_adjustment,gaussian_11x11_sigma_1.5_population_covariance,limited_bt601_y_model_with_bicubic_cbcr,gpu,model_forward_only_cuda_events,Tesla T4,14912.6875,25.3994140625,12809,fsrcnn_x2.pth,1af70e2cbf0d11b942008d6c425e469e9fe275a68f3ac8b6c21e8672d6e67b69,https://dl.dropboxusercontent.com/s/1k3dker6g7hz76s/fsrcnn_x2.pth,91-image,bicubic,480,320,481,321,True,27.83871329468402,0.8589947434093997,26.5037790516076,0.8466297540107924,1.7903808116912843,1.7889440059661865,0.007174584830225677,1.783776044845581,1.8106240034103394,3,10,481,321,240,160,2.11.0+cu128,12.8,2026-08-31T12:07:17.092967+00:00,3.13.15,2.1.3,11.3.0,0.25.2,Linux-6.6.122+-x86_64-with-glibc2.35,x86_64
BSD100,41033.png,x2,fsrcnn,prepared_bicubic_lr,41033.png,2,native_model_grid_then_full_target_size_adjustment,gaussian_11x11_sigma_1.5_population_covariance,limited_bt601_y_model_with_bicubic_cbcr,gpu,model_forward_only_cuda_events,Tesla T4,14912.6875,25.3994140625,12809,fsrcnn_x2.pth,1af70e2cbf0d11b942008d6c425e469e9fe275a68f3ac8b6c21e8672d6e67b69,https://dl.dropboxusercontent.com/s/1k3dker6g7hz76s/fsrcnn_x2.pth,91-image,bicubic,480,320,481,321,True,34.15377070132082,0.911601964050934,32.804311578667736,0.8990433870341518,1.7850783944129944,1.781440019607544,0.00979507813688546,1.7759679555892944,1.8061439990997314,3,10,481,321,240,160,2.11.0+cu128,12.8,2026-08-31T12:07:17.352528+00:00,3.13.15,2.1.3,11.3.0,0.25.2,Linux-6.6.122+-x86_64-with-glibc2.35,x86_64
BSD100,41069.png,x2,fsrcnn,prepared_bicubic_lr,41069.png,2,native_model_grid_then_full_target_size_adjustment,gaussian_11x11_sigma_1.5_population_covariance,limited_bt601_y_model_with_bicubic_cbcr,gpu,model_forward_only_cuda_events,Tesla T4,14912.6875,25.3994140625,12809,fsrcnn_x2.pth,1af70e2cbf0d11b942008d6c425e469e9fe275a68f3ac8b6c21e8672d6e67b69,https://dl.dropboxusercontent.com/s/1k3dker6g7hz76s/fsrcnn_x2.pth,91-image,bicubic,480,320,481,321,True,26.801316746518445,0.7828151703036159,25.473293285605703,0.7716295363029507,1.7836575746536254,1.7798239588737488,0.005732757850530094,1.7796800136566162,1.795583963394165,3,10,481,321,240,160,2.11.0+cu128,12.8,2026-08-31T12:07:17.575773+00:00,3.13.15,2.1.3,11.3.0,0.25.2,Linux-6.6.122+-x86_64-with-glibc2.35,x86_64
BSD100,42012.png,x2,fsrcnn,prepared_bicubic_lr,42012.png,2,native_model_grid_then_full_target_size_adjustment,gaussian_11x11_sigma_1.5_population_covariance,limited_bt601_y_model_with_bicubic_cbcr,gpu,model_forward_only_cuda_events,Tesla T4,14912.6875,25.3994140625,12809,fsrcnn_x2.pth,1af70e2cbf0d11b942008d6c425e469e9fe275a68f3ac8b6c21e8672d6e67b69,https://dl.dropboxusercontent.com/s/1k3dker6g7hz76s/fsrcnn_x2.pth,91-image,bicubic,320,480,321,481,True,33.97672525828985,0.9315735109604659,32.6295575460358,0.9239788284731641,1.792736005783081,1.7884000539779663,0.013719320233040597,1.7797119617462158,1.821344017982483,3,10,321,481,160,240,2.11.0+cu128,12.8,2026-08-31T12:07:17.813038+00:00,3.13.15,2.1.3,11.3.0,0.25.2,Linux-6.6.122+-x86_64-with-glibc2.35,x86_64
BSD100,42049.png,x2,fsrcnn,prepared_bicubic_lr,42049.png,2,native_model_grid_then_full_target_size_adjustment,gaussian_11x11_sigma_1.5_population_covariance,limited_bt601_y_model_with_bicubic_cbcr,gpu,model_forward_only_cuda_events,Tesla T4,14912.6875,25.3994140625,12809,fsrcnn_x2.pth,1af70e2cbf0d11b942008d6c425e469e9fe275a68f3ac8b6c21e8672d6e67b69,https://dl.dropboxusercontent.com/s/1k3dker6g7hz76s/fsrcnn_x2.pth,91-image,bicubic,480,320,481,321,True,36.322303485833885,0.9760350120740593,34.95048399721419,0.9708105096541901,1.8004032135009767,1.7949440479278564,0.01164170044630748,1.7892800569534302,1.8204799890518188,3,10,481,321,240,160,2.11.0+cu128,12.8,2026-08-31T12:07:18.058777+00:00,3.13.15,2.1.3,11.3.0,0.25.2,Linux-6.6.122+-x86_64-with-glibc2.35,x86_64
BSD100,43074.png,x2,fsrcnn,prepared_bicubic_lr,43074.png,2,native_model_grid_then_full_target_size_adjustment,gaussian_11x11_sigma_1.5_population_covariance,limited_bt601_y_model_with_bicubic_cbcr,gpu,model_forward_only_cuda_events,Tesla T4,14912.6875,25.3994140625,12809,fsrcnn_x2.pth,1af70e2cbf0d11b942008d6c425e469e9fe275a68f3ac8b6c21e8672d6e67b69,https://dl.dropboxusercontent.com/s/1k3dker6g7hz76s/fsrcnn_x2.pth,91-image,bicubic,480,320,481,321,True,33.16913009840105,0.9280871026734825,31.875817230748808,0.9194922140236055,1.7835551977157593,1.7841600179672241,0.006448413383238341,1.773568034172058,1.7949440479278564,3,10,481,321,240,160,2.11.0+cu128,12.8,2026-08-31T12:07:18.285816+00:00,3.13.15,2.1.3,11.3.0,0.25.2,Linux-6.6.122+-x86_64-with-glibc2.35,x86_64
BSD100,45096.png,x2,fsrcnn,prepared_bicubic_lr,45096.png,2,native_model_grid_then_full_target_size_adjustment,gaussian_11x11_sigma_1.5_population_covariance,limited_bt601_y_model_with_bicubic_cbcr,gpu,model_forward_only_cuda_events,Tesla T4,14912.6875,25.3994140625,12809,fsrcnn_x2.pth,1af70e2cbf0d11b942008d6c425e469e9fe275a68f3ac8b6c21e8672d6e67b69,https://dl.dropboxusercontent.com/s/1k3dker6g7hz76s/fsrcnn_x2.pth,91-image,bicubic,480,320,481,321,True,39.93021206650947,0.9706579633595994,38.4759653737805,0.9621077846585774,1.8138784170150757,1.8086880445480347,0.027318107950880917,1.7864960432052612,1.881983995437622,3,10,481,321,240,160,2.11.0+cu128,12.8,2026-08-31T12:07:18.516257+00:00,3.13.15,2.1.3,11.3.0,0.25.2,Linux-6.6.122+-x86_64-with-glibc2.35,x86_64
BSD100,54082.png,x2,fsrcnn,prepared_bicubic_lr,54082.png,2,native_model_grid_then_full_target_size_adjustment,gaussian_11x11_sigma_1.5_population_covariance,limited_bt601_y_model_with_bicubic_cbcr,gpu,model_forward_only_cuda_events,Tesla T4,14912.6875,25.3994140625,12809,fsrcnn_x2.pth,1af70e2cbf0d11b942008d6c425e469e9fe275a68f3ac8b6c21e8672d6e67b69,https://dl.dropboxusercontent.com/s/1k3dker6g7hz76s/fsrcnn_x2.pth,91-image,bicubic,320,480,321,481,True,30.925030837095168,0.8422888020894618,29.589951154173125,0.8276862050235442,1.7880384087562562,1.7829440236091614,0.015516245497540906,1.7780159711837769,1.8326719999313354,3,10,321,481,160,240,2.11.0+cu128,12.8,2026-08-31T12:07:18.746018+00:00,3.13.15,2.1.3,11.3.0,0.25.2,Linux-6.6.122+-x86_64-with-glibc2.35,x86_64
BSD100,55073.png,x2,fsrcnn,prepared_bicubic_lr,55073.png,2,native_model_grid_then_full_target_size_adjustment,gaussian_11x11_sigma_1.5_population_covariance,limited_bt601_y_model_with_bicubic_cbcr,gpu,model_forward_only_cuda_events,Tesla T4,14912.6875,25.3994140625,12809,fsrcnn_x2.pth,1af70e2cbf0d11b942008d6c425e469e9fe275a68f3ac8b6c21e8672d6e67b69,https://dl.dropboxusercontent.com/s/1k3dker6g7hz76s/fsrcnn_x2.pth,91-image,bicubic,320,480,321,481,True,25.54995634711151,0.7954426392135767,24.272059060395534,0.7787507228203543,1.8069504022598266,1.7970399856567383,0.030511188065466207,1.7819520235061646,1.8884479999542236,3,10,321,481,160,240,2.11.0+cu128,12.8,2026-08-31T12:07:18.990327+00:00,3.13.15,2.1.3,11.3.0,0.25.2,Linux-6.6.122+-x86_64-with-glibc2.35,x86_64
BSD100,58060.png,x2,fsrcnn,prepared_bicubic_lr,58060.png,2,native_model_grid_then_full_target_size_adjustment,gaussian_11x11_sigma_1.5_population_covariance,limited_bt601_y_model_with_bicubic_cbcr,gpu,model_forward_only_cuda_events,Tesla T4,14912.6875,25.3994140625,12809,fsrcnn_x2.pth,1af70e2cbf0d11b942008d6c425e469e9fe275a68f3ac8b6c21e8672d6e67b69,https://dl.dropboxusercontent.com/s/1k3dker6g7hz76s/fsrcnn_x2.pth,91-image,bicubic,480,320,481,321,True,24.425466555107818,0.8230327540325064,23.15615238220447,0.812313273384078,1.784937608242035,1.7820640206336975,0.007093253539712996,1.7797119617462158,1.8028160333633423,3,10,481,321,240,160,2.11.0+cu128,12.8,2026-08-31T12:07:19.224331+00:00,3.13.15,2.1.3,11.3.0,0.25.2,Linux-6.6.122+-x86_64-with-glibc2.35,x86_64
BSD100,62096.png,x2,fsrcnn,prepared_bicubic_lr,62096.png,2,native_model_grid_then_full_target_size_adjustment,gaussian_11x11_sigma_1.5_population_covariance,limited_bt601_y_model_with_bicubic_cbcr,gpu,model_forward_only_cuda_events,Tesla T4,14912.6875,25.3994140625,12809,fsrcnn_x2.pth,1af70e2cbf0d11b942008d6c425e469e9fe275a68f3ac8b6c21e8672d6e67b69,https://dl.dropboxusercontent.com/s/1k3dker6g7hz76s/fsrcnn_x2.pth,91-image,bicubic,480,320,481,321,True,28.83086852455684,0.9056104435302026,27.433869421760985,0.8970804061362099,1.7987199783325196,1.7916159629821777,0.01965917014363044,1.7856320142745972,1.8538240194320679,3,10,481,321,240,160,2.11.0+cu128,12.8,2026-08-31T12:07:19.467826+00:00,3.13.15,2.1.3,11.3.0,0.25.2,Linux-6.6.122+-x86_64-with-glibc2.35,x86_64
BSD100,65033.png,x2,fsrcnn,prepared_bicubic_lr,65033.png,2,native_model_grid_then_full_target_size_adjustment,gaussian_11x11_sigma_1.5_population_covariance,limited_bt601_y_model_with_bicubic_cbcr,gpu,model_forward_only_cuda_events,Tesla T4,14912.6875,25.3994140625,12809,fsrcnn_x2.pth,1af70e2cbf0d11b942008d6c425e469e9fe275a68f3ac8b6c21e8672d6e67b69,https://dl.dropboxusercontent.com/s/1k3dker6g7hz76s/fsrcnn_x2.pth,91-image,bicubic,480,320,481,321,True,28.568481399635374,0.840199196294323,27.227618181842356,0.8202458775458729,1.7954655766487122,1.7903199791908264,0.0170854012271871,1.7777279615402222,1.836575984954834,3,10,481,321,240,160,2.11.0+cu128,12.8,2026-08-31T12:07:19.678177+00:00,3.13.15,2.1.3,11.3.0,0.25.2,Linux-6.6.122+-x86_64-with-glibc2.35,x86_64
BSD100,66053.png,x2,fsrcnn,prepared_bicubic_lr,66053.png,2,native_model_grid_then_full_target_size_adjustment,gaussian_11x11_sigma_1.5_population_covariance,limited_bt601_y_model_with_bicubic_cbcr,gpu,model_forward_only_cuda_events,Tesla T4,14912.6875,25.3994140625,12809,fsrcnn_x2.pth,1af70e2cbf0d11b942008d6c425e469e9fe275a68f3ac8b6c21e8672d6e67b69,https://dl.dropboxusercontent.com/s/1k3dker6g7hz76s/fsrcnn_x2.pth,91-image,bicubic,480,320,481,321,True,30.52962877409626,0.8736459196034864,29.237885102465263,0.8628359589271192,1.7835135817527772,1.781055986881256,0.006577236061998319,1.7742719650268555,1.7940479516983032,3,10,481,321,240,160,2.11.0+cu128,12.8,2026-08-31T12:07:19.903876+00:00,3.13.15,2.1.3,11.3.0,0.25.2,Linux-6.6.122+-x86_64-with-glibc2.35,x86_64
BSD100,69015.png,x2,fsrcnn,prepared_bicubic_lr,69015.png,2,native_model_grid_then_full_target_size_adjustment,gaussian_11x11_sigma_1.5_population_covariance,limited_bt601_y_model_with_bicubic_cbcr,gpu,model_forward_only_cuda_events,Tesla T4,14912.6875,25.3994140625,12809,fsrcnn_x2.pth,1af70e2cbf0d11b942008d6c425e469e9fe275a68f3ac8b6c21e8672d6e67b69,https://dl.dropboxusercontent.com/s/1k3dker6g7hz76s/fsrcnn_x2.pth,91-image,bicubic,320,480,321,481,True,35.465577862966356,0.9388350863778895,34.09707705085622,0.9321055588305787,1.7880735874176026,1.7839840054512024,0.014340217084631816,1.7755839824676514,1.8247359991073608,3,10,321,481,160,240,2.11.0+cu128,12.8,2026-08-31T12:07:20.134578+00:00,3.13.15,2.1.3,11.3.0,0.25.2,Linux-6.6.122+-x86_64-with-glibc2.35,x86_64
BSD100,69020.png,x2,fsrcnn,prepared_bicubic_lr,69020.png,2,native_model_grid_then_full_target_size_adjustment,gaussian_11x11_sigma_1.5_population_covariance,limited_bt601_y_model_with_bicubic_cbcr,gpu,model_forward_only_cuda_events,Tesla T4,14912.6875,25.3994140625,12809,fsrcnn_x2.pth,1af70e2cbf0d11b942008d6c425e469e9fe275a68f3ac8b6c21e8672d6e67b69,https://dl.dropboxusercontent.com/s/1k3dker6g7hz76s/fsrcnn_x2.pth,91-image,bicubic,480,320,481,321,True,29.91855949105057,0.7829234327990219,28.578531626148,0.7717771307945082,1.7845599889755248,1.7819839715957642,0.007471880589472571,1.7726720571517944,1.7970240116119385,3,10,481,321,240,160,2.11.0+cu128,12.8,2026-08-31T12:07:20.362514+00:00,3.13.15,2.1.3,11.3.0,0.25.2,Linux-6.6.122+-x86_64-with-glibc2.35,x86_64
BSD100,69040.png,x2,fsrcnn,prepared_bicubic_lr,69040.png,2,native_model_grid_then_full_target_size_adjustment,gaussian_11x11_sigma_1.5_population_covariance,limited_bt601_y_model_with_bicubic_cbcr,gpu,model_forward_only_cuda_events,Tesla T4,14912.6875,25.3994140625,12809,fsrcnn_x2.pth,1af70e2cbf0d11b942008d6c425e469e9fe275a68f3ac8b6c21e8672d6e67b69,https://dl.dropboxusercontent.com/s/1k3dker6g7hz76s/fsrcnn_x2.pth,91-image,bicubic,480,320,481,321,True,30.1518868934932,0.8925206760226416,28.808010263499764,0.885568836354329,1.8009599924087525,1.7914080023765564,0.01699309095798295,1.7859200239181519,1.8392319679260254,3,10,481,321,240,160,2.11.0+cu128,12.8,2026-08-31T12:07:20.620812+00:00,3.13.15,2.1.3,11.3.0,0.25.2,Linux-6.6.122+-x86_64-with-glibc2.35,x86_64
BSD100,76053.png,x2,fsrcnn,prepared_bicubic_lr,76053.png,2,native_model_grid_then_full_target_size_adjustment,gaussian_11x11_sigma_1.5_population_covariance,limited_bt601_y_model_with_bicubic_cbcr,gpu,model_forward_only_cuda_events,Tesla T4,14912.6875,25.3994140625,12809,fsrcnn_x2.pth,1af70e2cbf0d11b942008d6c425e469e9fe275a68f3ac8b6c21e8672d6e67b69,https://dl.dropboxusercontent.com/s/1k3dker6g7hz76s/fsrcnn_x2.pth,91-image,bicubic,480,320,481,321,True,32.95669563335228,0.8829141993186256,31.592366676531903,0.8625061174370928,1.8326816082000732,1.7941920161247253,0.12303007169446656,1.7795840501785278,2.200927972793579,3,10,481,321,240,160,2.11.0+cu128,12.8,2026-08-31T12:07:20.878281+00:00,3.13.15,2.1.3,11.3.0,0.25.2,Linux-6.6.122+-x86_64-with-glibc2.35,x86_64
BSD100,78004.png,x2,fsrcnn,prepared_bicubic_lr,78004.png,2,native_model_grid_then_full_target_size_adjustment,gaussian_11x11_sigma_1.5_population_covariance,limited_bt601_y_model_with_bicubic_cbcr,gpu,model_forward_only_cuda_events,Tesla T4,14912.6875,25.3994140625,12809,fsrcnn_x2.pth,1af70e2cbf0d11b942008d6c425e469e9fe275a68f3ac8b6c21e8672d6e67b69,https://dl.dropboxusercontent.com/s/1k3dker6g7hz76s/fsrcnn_x2.pth,91-image,bicubic,320,480,321,481,True,29.54975883336918,0.8759948873218611,28.223494852189873,0.8642511950182921,1.7915712118148803,1.7852320075035095,0.016421245058701118,1.7742079496383667,1.8293440341949463,3,10,321,481,160,240,2.11.0+cu128,12.8,2026-08-31T12:07:21.109326+00:00,3.13.15,2.1.3,11.3.0,0.25.2,Linux-6.6.122+-x86_64-with-glibc2.35,x86_64
BSD100,8023.png,x2,fsrcnn,prepared_bicubic_lr,8023.png,2,native_model_grid_then_full_target_size_adjustment,gaussian_11x11_sigma_1.5_population_covariance,limited_bt601_y_model_with_bicubic_cbcr,gpu,model_forward_only_cuda_events,Tesla T4,14912.6875,25.3994140625,12809,fsrcnn_x2.pth,1af70e2cbf0d11b942008d6c425e469e9fe275a68f3ac8b6c21e8672d6e67b69,https://dl.dropboxusercontent.com/s/1k3dker6g7hz76s/fsrcnn_x2.pth,91-image,bicubic,480,320,481,321,True,37.13849359427649,0.9696735787451191,35.696455080832585,0.965365254673434,1.7865856051445008,1.7806400060653687,0.01086512422776812,1.7759679555892944,1.8047360181808472,3,10,481,321,240,160,2.11.0+cu128,12.8,2026-08-31T12:07:21.335786+00:00,3.13.15,2.1.3,11.3.0,0.25.2,Linux-6.6.122+-x86_64-with-glibc2.35,x86_64
BSD100,85048.png,x2,fsrcnn,prepared_bicubic_lr,85048.png,2,native_model_grid_then_full_target_size_adjustment,gaussian_11x11_sigma_1.5_population_covariance,limited_bt601_y_model_with_bicubic_cbcr,gpu,model_forward_only_cuda_events,Tesla T4,14912.6875,25.3994140625,12809,fsrcnn_x2.pth,1af70e2cbf0d11b942008d6c425e469e9fe275a68f3ac8b6c21e8672d6e67b69,https://dl.dropboxusercontent.com/s/1k3dker6g7hz76s/fsrcnn_x2.pth,91-image,bicubic,480,320,481,321,True,30.530397127275663,0.9076696782080507,29.170490882391817,0.9005280218597748,1.7874335885047912,1.7871840000152588,0.007986784885748367,1.7776639461517334,1.8033599853515625,3,10,481,321,240,160,2.11.0+cu128,12.8,2026-08-31T12:07:21.560830+00:00,3.13.15,2.1.3,11.3.0,0.25.2,Linux-6.6.122+-x86_64-with-glibc2.35,x86_64
BSD100,86000.png,x2,fsrcnn,prepared_bicubic_lr,86000.png,2,native_model_grid_then_full_target_size_adjustment,gaussian_11x11_sigma_1.5_population_covariance,limited_bt601_y_model_with_bicubic_cbcr,gpu,model_forward_only_cuda_events,Tesla T4,14912.6875,25.3994140625,12809,fsrcnn_x2.pth,1af70e2cbf0d11b942008d6c425e469e9fe275a68f3ac8b6c21e8672d6e67b69,https://dl.dropboxusercontent.com/s/1k3dker6g7hz76s/fsrcnn_x2.pth,91-image,bicubic,320,480,321,481,True,30.53335443410817,0.9259321261543725,29.154391635653923,0.918010290183361,1.7858527898788452,1.7838239669799805,0.006969703230645101,1.7780799865722656,1.8002560138702393,3,10,321,481,160,240,2.11.0+cu128,12.8,2026-08-31T12:07:21.785314+00:00,3.13.15,2.1.3,11.3.0,0.25.2,Linux-6.6.122+-x86_64-with-glibc2.35,x86_64
BSD100,86016.png,x2,fsrcnn,prepared_bicubic_lr,86016.png,2,native_model_grid_then_full_target_size_adjustment,gaussian_11x11_sigma_1.5_population_covariance,limited_bt601_y_model_with_bicubic_cbcr,gpu,model_forward_only_cuda_events,Tesla T4,14912.6875,25.3994140625,12809,fsrcnn_x2.pth,1af70e2cbf0d11b942008d6c425e469e9fe275a68f3ac8b6c21e8672d6e67b69,https://dl.dropboxusercontent.com/s/1k3dker6g7hz76s/fsrcnn_x2.pth,91-image,bicubic,480,320,481,321,True,23.72118972744527,0.6092551530272999,22.394937656804863,0.5961989567237299,1.7923135995864867,1.7856959700584412,0.01952713996632689,1.7776960134506226,1.8474880456924438,3,10,481,321,240,160,2.11.0+cu128,12.8,2026-08-31T12:07:22.019158+00:00,3.13.15,2.1.3,11.3.0,0.25.2,Linux-6.6.122+-x86_64-with-glibc2.35,x86_64
BSD100,86068.png,x2,fsrcnn,prepared_bicubic_lr,86068.png,2,native_model_grid_then_full_target_size_adjustment,gaussian_11x11_sigma_1.5_population_covariance,limited_bt601_y_model_with_bicubic_cbcr,gpu,model_forward_only_cuda_events,Tesla T4,14912.6875,25.3994140625,12809,fsrcnn_x2.pth,1af70e2cbf0d11b942008d6c425e469e9fe275a68f3ac8b6c21e8672d6e67b69,https://dl.dropboxusercontent.com/s/1k3dker6g7hz76s/fsrcnn_x2.pth,91-image,bicubic,480,320,481,321,True,29.71413769013429,0.7771147738801,28.37382456274986,0.7575140503380915,1.7896511912345887,1.7850559949874878,0.012965374849567156,1.7780799865722656,1.823423981666565,3,10,481,321,240,160,2.11.0+cu128,12.8,2026-08-31T12:07:22.251082+00:00,3.13.15,2.1.3,11.3.0,0.25.2,Linux-6.6.122+-x86_64-with-glibc2.35,x86_64
BSD100,87046.png,x2,fsrcnn,prepared_bicubic_lr,87046.png,2,native_model_grid_then_full_target_size_adjustment,gaussian_11x11_sigma_1.5_population_covariance,limited_bt601_y_model_with_bicubic_cbcr,gpu,model_forward_only_cuda_events,Tesla T4,14912.6875,25.3994140625,12809,fsrcnn_x2.pth,1af70e2cbf0d11b942008d6c425e469e9fe275a68f3ac8b6c21e8672d6e67b69,https://dl.dropboxusercontent.com/s/1k3dker6g7hz76s/fsrcnn_x2.pth,91-image,bicubic,480,320,481,321,True,30.296148307457948,0.9175021736915949,28.94880371609135,0.9114767390214347,1.8740383744239808,1.8043360114097595,0.12684997459389594,1.7797119617462158,2.152895927429199,3,10,481,321,240,160,2.11.0+cu128,12.8,2026-08-31T12:07:22.469944+00:00,3.13.15,2.1.3,11.3.0,0.25.2,Linux-6.6.122+-x86_64-with-glibc2.35,x86_64
BSD100,89072.png,x2,fsrcnn,prepared_bicubic_lr,89072.png,2,native_model_grid_then_full_target_size_adjustment,gaussian_11x11_sigma_1.5_population_covariance,limited_bt601_y_model_with_bicubic_cbcr,gpu,model_forward_only_cuda_events,Tesla T4,14912.6875,25.3994140625,12809,fsrcnn_x2.pth,1af70e2cbf0d11b942008d6c425e469e9fe275a68f3ac8b6c21e8672d6e67b69,https://dl.dropboxusercontent.com/s/1k3dker6g7hz76s/fsrcnn_x2.pth,91-image,bicubic,320,480,321,481,True,30.7622288302051,0.8900644406877216,29.419713961379763,0.878729582458949,1.8658655881881714,1.7991679906845093,0.14868637478795285,1.7840960025787354,2.275775909423828,3,10,321,481,160,240,2.11.0+cu128,12.8,2026-08-31T12:07:22.710944+00:00,3.13.15,2.1.3,11.3.0,0.25.2,Linux-6.6.122+-x86_64-with-glibc2.35,x86_64
BSD100,97033.png,x2,fsrcnn,prepared_bicubic_lr,97033.png,2,native_model_grid_then_full_target_size_adjustment,gaussian_11x11_sigma_1.5_population_covariance,limited_bt601_y_model_with_bicubic_cbcr,gpu,model_forward_only_cuda_events,Tesla T4,14912.6875,25.3994140625,12809,fsrcnn_x2.pth,1af70e2cbf0d11b942008d6c425e469e9fe275a68f3ac8b6c21e8672d6e67b69,https://dl.dropboxusercontent.com/s/1k3dker6g7hz76s/fsrcnn_x2.pth,91-image,bicubic,480,320,481,321,True,29.13366980800776,0.8907285596405252,27.818616021655394,0.8811935625627886,1.791872000694275,1.7899680137634277,0.013120071541268387,1.773695945739746,1.8206720352172852,3,10,481,321,240,160,2.11.0+cu128,12.8,2026-08-31T12:07:22.928327+00:00,3.13.15,2.1.3,11.3.0,0.25.2,Linux-6.6.122+-x86_64-with-glibc2.35,x86_64
Urban100,img_001.png,x2,fsrcnn,prepared_bicubic_lr,img_001.png,2,native_model_grid_then_full_target_size_adjustment,gaussian_11x11_sigma_1.5_population_covariance,limited_bt601_y_model_with_bicubic_cbcr,gpu,model_forward_only_cuda_events,Tesla T4,14912.6875,111.2021484375,12809,fsrcnn_x2.pth,1af70e2cbf0d11b942008d6c425e469e9fe275a68f3ac8b6c21e8672d6e67b69,https://dl.dropboxusercontent.com/s/1k3dker6g7hz76s/fsrcnn_x2.pth,91-image,bicubic,1024,644,1024,644,False,30.688455330355644,0.8804465688534384,29.284160892033803,0.8676610277173484,6.677337551116944,6.675887823104858,0.015587372828945449,6.653952121734619,6.701024055480957,3,10,1024,644,512,322,2.11.0+cu128,12.8,2026-08-31T12:07:24.002454+00:00,3.13.15,2.1.3,11.3.0,0.25.2,Linux-6.6.122+-x86_64-with-glibc2.35,x86_64
Urban100,img_002.png,x2,fsrcnn,prepared_bicubic_lr,img_002.png,2,native_model_grid_then_full_target_size_adjustment,gaussian_11x11_sigma_1.5_population_covariance,limited_bt601_y_model_with_bicubic_cbcr,gpu,model_forward_only_cuda_events,Tesla T4,14912.6875,129.8076171875,12809,fsrcnn_x2.pth,1af70e2cbf0d11b942008d6c425e469e9fe275a68f3ac8b6c21e8672d6e67b69,https://dl.dropboxusercontent.com/s/1k3dker6g7hz76s/fsrcnn_x2.pth,91-image,bicubic,1024,768,1024,768,False,31.01525282561651,0.933713619659262,29.608800293802172,0.9262387577276313,7.89901762008667,7.904224157333374,0.021067183157296457,7.858431816101074,7.935999870300293,3,10,1024,768,512,384,2.11.0+cu128,12.8,2026-08-31T12:07:25.400814+00:00,3.13.15,2.1.3,11.3.0,0.25.2,Linux-6.6.122+-x86_64-with-glibc2.35,x86_64
Urban100,img_003.png,x2,fsrcnn,prepared_bicubic_lr,img_003.png,2,native_model_grid_then_full_target_size_adjustment,gaussian_11x11_sigma_1.5_population_covariance,limited_bt601_y_model_with_bicubic_cbcr,gpu,model_forward_only_cuda_events,Tesla T4,14912.6875,114.9404296875,12809,fsrcnn_x2.pth,1af70e2cbf0d11b942008d6c425e469e9fe275a68f3ac8b6c21e8672d6e67b69,https://dl.dropboxusercontent.com/s/1k3dker6g7hz76s/fsrcnn_x2.pth,91-image,bicubic,1024,680,1024,680,False,26.793629588506413,0.8502650728538725,25.10807789895843,0.8261075142385593,5.931337642669678,5.93120002746582,0.014268711847274464,5.912960052490234,5.9593281745910645,3,10,1024,680,512,340,2.11.0+cu128,12.8,2026-08-31T12:07:26.704476+00:00,3.13.15,2.1.3,11.3.0,0.25.2,Linux-6.6.122+-x86_64-with-glibc2.35,x86_64
Urban100,img_004.png,x2,fsrcnn,prepared_bicubic_lr,img_004.png,2,native_model_grid_then_full_target_size_adjustment,gaussian_11x11_sigma_1.5_population_covariance,limited_bt601_y_model_with_bicubic_cbcr,gpu,model_forward_only_cuda_events,Tesla T4,14912.6875,114.9404296875,12809,fsrcnn_x2.pth,1af70e2cbf0d11b942008d6c425e469e9fe275a68f3ac8b6c21e8672d6e67b69,https://dl.dropboxusercontent.com/s/1k3dker6g7hz76s/fsrcnn_x2.pth,91-image,bicubic,1024,680,1024,680,False,29.22391617647736,0.9514218351885375,27.865058133775324,0.9457512156126606,7.02194561958313,7.021471977233887,0.007447768768881019,7.010272026062012,7.0352959632873535,3,10,1024,680,512,340,2.11.0+cu128,12.8,2026-08-31T12:07:28.005480+00:00,3.13.15,2.1.3,11.3.0,0.25.2,Linux-6.6.122+-x86_64-with-glibc2.35,x86_64
Urban100,img_005.png,x2,fsrcnn,prepared_bicubic_lr,img_005.png,2,native_model_grid_then_full_target_size_adjustment,gaussian_11x11_sigma_1.5_population_covariance,limited_bt601_y_model_with_bicubic_cbcr,gpu,model_forward_only_cuda_events,Tesla T4,14912.6875,129.8076171875,12809,fsrcnn_x2.pth,1af70e2cbf0d11b942008d6c425e469e9fe275a68f3ac8b6c21e8672d6e67b69,https://dl.dropboxusercontent.com/s/1k3dker6g7hz76s/fsrcnn_x2.pth,91-image,bicubic,1024,768,1024,768,False,33.25656030270375,0.9791083201767028,31.76042503739638,0.9725406265851321,7.243900728225708,7.2416160106658936,0.013297030456700417,7.227359771728516,7.278592109680176,3,10,1024,768,512,384,2.11.0+cu128,12.8,2026-08-31T12:07:29.226953+00:00,3.13.15,2.1.3,11.3.0,0.25.2,Linux-6.6.122+-x86_64-with-glibc2.35,x86_64
Urban100,img_006.png,x2,fsrcnn,prepared_bicubic_lr,img_006.png,2,native_model_grid_then_full_target_size_adjustment,gaussian_11x11_sigma_1.5_population_covariance,limited_bt601_y_model_with_bicubic_cbcr,gpu,model_forward_only_cuda_events,Tesla T4,14912.6875,173.0576171875,12809,fsrcnn_x2.pth,1af70e2cbf0d11b942008d6c425e469e9fe275a68f3ac8b6c21e8672d6e67b69,https://dl.dropboxusercontent.com/s/1k3dker6g7hz76s/fsrcnn_x2.pth,91-image,bicubic,1024,1024,1024,1024,False,25.25250849743356,0.7983914501575681,23.901083587104495,0.7855149093449585,8.524444770812988,8.524911880493164,0.010280593116549615,8.509759902954102,8.542880058288574,3,10,1024,1024,512,512,2.11.0+cu128,12.8,2026-08-31T12:07:30.660488+00:00,3.13.15,2.1.3,11.3.0,0.25.2,Linux-6.6.122+-x86_64-with-glibc2.35,x86_64
Urban100,img_007.png,x2,fsrcnn,prepared_bicubic_lr,img_007.png,2,native_model_grid_then_full_target_size_adjustment,gaussian_11x11_sigma_1.5_population_covariance,limited_bt601_y_model_with_bicubic_cbcr,gpu,model_forward_only_cuda_events,Tesla T4,14912.6875,114.9404296875,12809,fsrcnn_x2.pth,1af70e2cbf0d11b942008d6c425e469e9fe275a68f3ac8b6c21e8672d6e67b69,https://dl.dropboxusercontent.com/s/1k3dker6g7hz76s/fsrcnn_x2.pth,91-image,bicubic,1024,680,1024,680,False,34.820903395188466,0.9602586460321537,33.201458156486204,0.9528826253168844,4.871414422988892,4.87012791633606,0.013472187449449495,4.853439807891846,4.894720077514648,3,10,1024,680,512,340,2.11.0+cu128,12.8,2026-08-31T12:07:31.668349+00:00,3.13.15,2.1.3,11.3.0,0.25.2,Linux-6.6.122+-x86_64-with-glibc2.35,x86_64
Urban100,img_008.png,x2,fsrcnn,prepared_bicubic_lr,img_008.png,2,native_model_grid_then_full_target_size_adjustment,gaussian_11x11_sigma_1.5_population_covariance,limited_bt601_y_model_with_bicubic_cbcr,gpu,model_forward_only_cuda_events,Tesla T4,14912.6875,96.9443359375,12809,fsrcnn_x2.pth,1af70e2cbf0d11b942008d6c425e469e9fe275a68f3ac8b6c21e8672d6e67b69,https://dl.dropboxusercontent.com/s/1k3dker6g7hz76s/fsrcnn_x2.pth,91-image,bicubic,1024,572,1024,572,False,25.095283637208684,0.85994192162921,23.849515712254114,0.8539830743292902,5.641814422607422,5.637232065200806,0.013868055743215726,5.627808094024658,5.669087886810303,3,10,1024,572,512,286,2.11.0+cu128,12.8,2026-08-31T12:07:32.470853+00:00,3.13.15,2.1.3,11.3.0,0.25.2,Linux-6.6.122+-x86_64-with-glibc2.35,x86_64
Urban100,img_009.png,x2,fsrcnn,prepared_bicubic_lr,img_009.png,2,native_model_grid_then_full_target_size_adjustment,gaussian_11x11_sigma_1.5_population_covariance,limited_bt601_y_model_with_bicubic_cbcr,gpu,model_forward_only_cuda_events,Tesla T4,14912.6875,134.5693359375,12809,fsrcnn_x2.pth,1af70e2cbf0d11b942008d6c425e469e9fe275a68f3ac8b6c21e8672d6e67b69,https://dl.dropboxusercontent.com/s/1k3dker6g7hz76s/fsrcnn_x2.pth,91-image,bicubic,1024,796,1024,796,False,37.85360231764607,0.966089798553482,35.59059666874124,0.9527159434678053,8.11146879196167,8.11081600189209,0.01408499235340706,8.093567848205566,8.140800476074219,3,10,1024,796,512,398,2.11.0+cu128,12.8,2026-08-31T12:07:33.606531+00:00,3.13.15,2.1.3,11.3.0,0.25.2,Linux-6.6.122+-x86_64-with-glibc2.35,x86_64
Urban100,img_010.png,x2,fsrcnn,prepared_bicubic_lr,img_010.png,2,native_model_grid_then_full_target_size_adjustment,gaussian_11x11_sigma_1.5_population_covariance,limited_bt601_y_model_with_bicubic_cbcr,gpu,model_forward_only_cuda_events,Tesla T4,14912.6875,137.9169921875,12809,fsrcnn_x2.pth,1af70e2cbf0d11b942008d6c425e469e9fe275a68f3ac8b6c21e8672d6e67b69,https://dl.dropboxusercontent.com/s/1k3dker6g7hz76s/fsrcnn_x2.pth,91-image,bicubic,1024,816,1024,816,False,29.82244977097903,0.937676916023432,28.43155979998651,0.9263844849432483,6.926019239425659,6.924239873886108,0.006978934475115612,6.918111801147461,6.93884801864624,3,10,1024,816,512,408,2.11.0+cu128,12.8,2026-08-31T12:07:34.762936+00:00,3.13.15,2.1.3,11.3.0,0.25.2,Linux-6.6.122+-x86_64-with-glibc2.35,x86_64
Urban100,img_011.png,x2,fsrcnn,prepared_bicubic_lr,img_011.png,2,native_model_grid_then_full_target_size_adjustment,gaussian_11x11_sigma_1.5_population_covariance,limited_bt601_y_model_with_bicubic_cbcr,gpu,model_forward_only_cuda_events,Tesla T4,14912.6875,96.0927734375,12809,fsrcnn_x2.pth,1af70e2cbf0d11b942008d6c425e469e9fe275a68f3ac8b6c21e8672d6e67b69,https://dl.dropboxusercontent.com/s/1k3dker6g7hz76s/fsrcnn_x2.pth,91-image,bicubic,564,1024,564,1024,False,24.533166936083006,0.9254778880992655,23.21123840892616,0.9142212840272529,5.949913597106933,5.951087951660156,0.008699670972760476,5.928959846496582,5.959680080413818,3,10,564,1024,282,512,2.11.0+cu128,12.8,2026-08-31T12:07:35.455353+00:00,3.13.15,2.1.3,11.3.0,0.25.2,Linux-6.6.122+-x86_64-with-glibc2.35,x86_64
Urban100,img_012.png,x2,fsrcnn,prepared_bicubic_lr,img_012.png,2,native_model_grid_then_full_target_size_adjustment,gaussian_11x11_sigma_1.5_population_covariance,limited_bt601_y_model_with_bicubic_cbcr,gpu,model_forward_only_cuda_events,Tesla T4,14912.6875,129.8076171875,12809,fsrcnn_x2.pth,1af70e2cbf0d11b942008d6c425e469e9fe275a68f3ac8b6c21e8672d6e67b69,https://dl.dropboxusercontent.com/s/1k3dker6g7hz76s/fsrcnn_x2.pth,91-image,bicubic,1024,768,1024,768,False,26.934746000047948,0.8737542016131421,24.81317672828547,0.8535172915925039,7.893619203567505,7.891968011856079,0.01154817156926464,7.872704029083252,7.908351898193359,3,10,1024,768,512,384,2.11.0+cu128,12.8,2026-08-31T12:07:36.455256+00:00,3.13.15,2.1.3,11.3.0,0.25.2,Linux-6.6.122+-x86_64-with-glibc2.35,x86_64
Urban100,img_013.png,x2,fsrcnn,prepared_bicubic_lr,img_013.png,2,native_model_grid_then_full_target_size_adjustment,gaussian_11x11_sigma_1.5_population_covariance,limited_bt601_y_model_with_bicubic_cbcr,gpu,model_forward_only_cuda_events,Tesla T4,14912.6875,129.7880859375,12809,fsrcnn_x2.pth,1af70e2cbf0d11b942008d6c425e469e9fe275a68f3ac8b6c21e8672d6e67b69,https://dl.dropboxusercontent.com/s/1k3dker6g7hz76s/fsrcnn_x2.pth,91-image,bicubic,1024,764,1024,764,False,32.853293046258344,0.9264421599398713,31.358966587457296,0.9025414341083199,6.623411178588867,6.6180479526519775,0.015115134136885127,6.604800224304199,6.649759769439697,3,10,1024,764,512,382,2.11.0+cu128,12.8,2026-08-31T12:07:37.516890+00:00,3.13.15,2.1.3,11.3.0,0.25.2,Linux-6.6.122+-x86_64-with-glibc2.35,x86_64
Urban100,img_014.png,x2,fsrcnn,prepared_bicubic_lr,img_014.png,2,native_model_grid_then_full_target_size_adjustment,gaussian_11x11_sigma_1.5_population_covariance,limited_bt601_y_model_with_bicubic_cbcr,gpu,model_forward_only_cuda_events,Tesla T4,14912.6875,173.0576171875,12809,fsrcnn_x2.pth,1af70e2cbf0d11b942008d6c425e469e9fe275a68f3ac8b6c21e8672d6e67b69,https://dl.dropboxusercontent.com/s/1k3dker6g7hz76s/fsrcnn_x2.pth,91-image,bicubic,1024,1024,1024,1024,False,24.508007683649687,0.8269782222793145,23.199125760756914,0.8168715104706892,8.345654392242432,8.348527908325195,0.010884027373998153,8.321727752685547,8.35968017578125,3,10,1024,1024,512,512,2.11.0+cu128,12.8,2026-08-31T12:07:39.034775+00:00,3.13.15,2.1.3,11.3.0,0.25.2,Linux-6.6.122+-x86_64-with-glibc2.35,x86_64
Urban100,img_015.png,x2,fsrcnn,prepared_bicubic_lr,img_015.png,2,native_model_grid_then_full_target_size_adjustment,gaussian_11x11_sigma_1.5_population_covariance,limited_bt601_y_model_with_bicubic_cbcr,gpu,model_forward_only_cuda_events,Tesla T4,14912.6875,130.4833984375,12809,fsrcnn_x2.pth,1af70e2cbf0d11b942008d6c425e469e9fe275a68f3ac8b6c21e8672d6e67b69,https://dl.dropboxusercontent.com/s/1k3dker6g7hz76s/fsrcnn_x2.pth,91-image,bicubic,1024,772,1024,772,False,28.8574907975196,0.8347253174963598,27.368248199768423,0.8085926896157151,5.645324850082398,5.643264055252075,0.007173490248533488,5.636544227600098,5.657472133636475,3,10,1024,772,512,386,2.11.0+cu128,12.8,2026-08-31T12:07:40.405128+00:00,3.13.15,2.1.3,11.3.0,0.25.2,Linux-6.6.122+-x86_64-with-glibc2.35,x86_64
Urban100,img_016.png,x2,fsrcnn,prepared_bicubic_lr,img_016.png,2,native_model_grid_then_full_target_size_adjustment,gaussian_11x11_sigma_1.5_population_covariance,limited_bt601_y_model_with_bicubic_cbcr,gpu,model_forward_only_cuda_events,Tesla T4,14912.6875,173.0576171875,12809,fsrcnn_x2.pth,1af70e2cbf0d11b942008d6c425e469e9fe275a68f3ac8b6c21e8672d6e67b69,https://dl.dropboxusercontent.com/s/1k3dker6g7hz76s/fsrcnn_x2.pth,91-image,bicubic,1024,1024,1024,1024,False,34.658508694509216,0.9555107620741107,33.14497820473009,0.9473518092592449,10.361676788330078,10.361968040466309,0.019193979000992494,10.330240249633789,10.402336120605469,3,10,1024,1024,512,512,2.11.0+cu128,12.8,2026-08-31T12:07:42.115650+00:00,3.13.15,2.1.3,11.3.0,0.25.2,Linux-6.6.122+-x86_64-with-glibc2.35,x86_64
Urban100,img_017.png,x2,fsrcnn,prepared_bicubic_lr,img_017.png,2,native_model_grid_then_full_target_size_adjustment,gaussian_11x11_sigma_1.5_population_covariance,limited_bt601_y_model_with_bicubic_cbcr,gpu,model_forward_only_cuda_events,Tesla T4,14912.6875,116.9677734375,12809,fsrcnn_x2.pth,1af70e2cbf0d11b942008d6c425e469e9fe275a68f3ac8b6c21e8672d6e67b69,https://dl.dropboxusercontent.com/s/1k3dker6g7hz76s/fsrcnn_x2.pth,91-image,bicubic,1024,692,1024,692,False,29.745641888060035,0.9330680731901451,28.071343623782106,0.9231214877359154,5.519673633575439,5.518128156661987,0.008340984177306927,5.51091194152832,5.537951946258545,3,10,1024,692,512,346,2.11.0+cu128,12.8,2026-08-31T12:07:43.213962+00:00,3.13.15,2.1.3,11.3.0,0.25.2,Linux-6.6.122+-x86_64-with-glibc2.35,x86_64
Urban100,img_018.png,x2,fsrcnn,prepared_bicubic_lr,img_018.png,2,native_model_grid_then_full_target_size_adjustment,gaussian_11x11_sigma_1.5_population_covariance,limited_bt601_y_model_with_bicubic_cbcr,gpu,model_forward_only_cuda_events,Tesla T4,14912.6875,129.8076171875,12809,fsrcnn_x2.pth,1af70e2cbf0d11b942008d6c425e469e9fe275a68f3ac8b6c21e8672d6e67b69,https://dl.dropboxusercontent.com/s/1k3dker6g7hz76s/fsrcnn_x2.pth,91-image,bicubic,1024,768,1024,768,False,29.422328184117823,0.8757605760590238,27.58789238972335,0.851420546891343,7.898163223266602,7.8943681716918945,0.021221125536005806,7.872416019439697,7.954463958740234,3,10,1024,768,512,384,2.11.0+cu128,12.8,2026-08-31T12:07:44.249496+00:00,3.13.15,2.1.3,11.3.0,0.25.2,Linux-6.6.122+-x86_64-with-glibc2.35,x86_64
Urban100,img_019.png,x2,fsrcnn,prepared_bicubic_lr,img_019.png,2,native_model_grid_then_full_target_size_adjustment,gaussian_11x11_sigma_1.5_population_covariance,limited_bt601_y_model_with_bicubic_cbcr,gpu,model_forward_only_cuda_events,Tesla T4,14912.6875,114.9404296875,12809,fsrcnn_x2.pth,1af70e2cbf0d11b942008d6c425e469e9fe275a68f3ac8b6c21e8672d6e67b69,https://dl.dropboxusercontent.com/s/1k3dker6g7hz76s/fsrcnn_x2.pth,91-image,bicubic,1024,680,1024,680,False,25.801891068778918,0.9173016506068924,24.069101095546614,0.8830633562893464,7.007273578643799,7.009200096130371,0.011672687524673842,6.989664077758789,7.024928092956543,3,10,1024,680,512,340,2.11.0+cu128,12.8,2026-08-31T12:07:45.180647+00:00,3.13.15,2.1.3,11.3.0,0.25.2,Linux-6.6.122+-x86_64-with-glibc2.35,x86_64
Urban100,img_020.png,x2,fsrcnn,prepared_bicubic_lr,img_020.png,2,native_model_grid_then_full_target_size_adjustment,gaussian_11x11_sigma_1.5_population_covariance,limited_bt601_y_model_with_bicubic_cbcr,gpu,model_forward_only_cuda_events,Tesla T4,14912.6875,203.9169921875,12809,fsrcnn_x2.pth,1af70e2cbf0d11b942008d6c425e469e9fe275a68f3ac8b6c21e8672d6e67b69,https://dl.dropboxusercontent.com/s/1k3dker6g7hz76s/fsrcnn_x2.pth,91-image,bicubic,1280,960,1280,960,False,26.399052054375538,0.8962606761133778,25.00619127944899,0.8896130180350332,12.038953685760498,12.031919956207275,0.017952269079848246,12.019488334655762,12.074463844299316,3,10,1280,960,640,480,2.11.0+cu128,12.8,2026-08-31T12:07:46.849573+00:00,3.13.15,2.1.3,11.3.0,0.25.2,Linux-6.6.122+-x86_64-with-glibc2.35,x86_64
Urban100,img_021.png,x2,fsrcnn,prepared_bicubic_lr,img_021.png,2,native_model_grid_then_full_target_size_adjustment,gaussian_11x11_sigma_1.5_population_covariance,limited_bt601_y_model_with_bicubic_cbcr,gpu,model_forward_only_cuda_events,Tesla T4,14912.6875,157.65234375,12809,fsrcnn_x2.pth,1af70e2cbf0d11b942008d6c425e469e9fe275a68f3ac8b6c21e8672d6e67b69,https://dl.dropboxusercontent.com/s/1k3dker6g7hz76s/fsrcnn_x2.pth,91-image,bicubic,796,1200,796,1200,False,33.67142059399612,0.9134128260724107,32.312939641811845,0.903291093567356,8.371920013427735,8.370543956756592,0.016384340448036664,8.345600128173828,8.41318416595459,3,10,796,1200,398,600,2.11.0+cu128,12.8,2026-08-31T12:07:48.213265+00:00,3.13.15,2.1.3,11.3.0,0.25.2,Linux-6.6.122+-x86_64-with-glibc2.35,x86_64
Urban100,img_022.png,x2,fsrcnn,prepared_bicubic_lr,img_022.png,2,native_model_grid_then_full_target_size_adjustment,gaussian_11x11_sigma_1.5_population_covariance,limited_bt601_y_model_with_bicubic_cbcr,gpu,model_forward_only_cuda_events,Tesla T4,14912.6875,114.9404296875,12809,fsrcnn_x2.pth,1af70e2cbf0d11b942008d6c425e469e9fe275a68f3ac8b6c21e8672d6e67b69,https://dl.dropboxusercontent.com/s/1k3dker6g7hz76s/fsrcnn_x2.pth,91-image,bicubic,1024,680,1024,680,False,28.662534771439972,0.871850170347917,27.298538942093934,0.8594174010566391,5.450140762329101,5.449215888977051,0.018795251548656952,5.421055793762207,5.492735862731934,3,10,1024,680,512,340,2.11.0+cu128,12.8,2026-08-31T12:07:49.113974+00:00,3.13.15,2.1.3,11.3.0,0.25.2,Linux-6.6.122+-x86_64-with-glibc2.35,x86_64
Urban100,img_023.png,x2,fsrcnn,prepared_bicubic_lr,img_023.png,2,native_model_grid_then_full_target_size_adjustment,gaussian_11x11_sigma_1.5_population_covariance,limited_bt601_y_model_with_bicubic_cbcr,gpu,model_forward_only_cuda_events,Tesla T4,14912.6875,173.0576171875,12809,fsrcnn_x2.pth,1af70e2cbf0d11b942008d6c425e469e9fe275a68f3ac8b6c21e8672d6e67b69,https://dl.dropboxusercontent.com/s/1k3dker6g7hz76s/fsrcnn_x2.pth,91-image,bicubic,1024,1024,1024,1024,False,36.30276987095734,0.9760436496242864,34.33855960565596,0.9694725083912387,10.352419090270995,10.346511840820312,0.02656884430059362,10.32249641418457,10.399711608886719,3,10,1024,1024,512,512,2.11.0+cu128,12.8,2026-08-31T12:07:50.448302+00:00,3.13.15,2.1.3,11.3.0,0.25.2,Linux-6.6.122+-x86_64-with-glibc2.35,x86_64
Urban100,img_024.png,x2,fsrcnn,prepared_bicubic_lr,img_024.png,2,native_model_grid_then_full_target_size_adjustment,gaussian_11x11_sigma_1.5_population_covariance,limited_bt601_y_model_with_bicubic_cbcr,gpu,model_forward_only_cuda_events,Tesla T4,14912.6875,112.3115234375,12809,fsrcnn_x2.pth,1af70e2cbf0d11b942008d6c425e469e9fe275a68f3ac8b6c21e8672d6e67b69,https://dl.dropboxusercontent.com/s/1k3dker6g7hz76s/fsrcnn_x2.pth,91-image,bicubic,1024,660,1024,660,False,24.5596814500132,0.8425167198893742,23.18402741857203,0.834861063860699,5.171084833145142,5.163936138153076,0.026488616032871507,5.142208099365234,5.2408318519592285,3,10,1024,660,512,330,2.11.0+cu128,12.8,2026-08-31T12:07:51.375842+00:00,3.13.15,2.1.3,11.3.0,0.25.2,Linux-6.6.122+-x86_64-with-glibc2.35,x86_64
Urban100,img_025.png,x2,fsrcnn,prepared_bicubic_lr,img_025.png,2,native_model_grid_then_full_target_size_adjustment,gaussian_11x11_sigma_1.5_population_covariance,limited_bt601_y_model_with_bicubic_cbcr,gpu,model_forward_only_cuda_events,Tesla T4,14912.6875,124.4013671875,12809,fsrcnn_x2.pth,1af70e2cbf0d11b942008d6c425e469e9fe275a68f3ac8b6c21e8672d6e67b69,https://dl.dropboxusercontent.com/s/1k3dker6g7hz76s/fsrcnn_x2.pth,91-image,bicubic,1024,736,1024,736,False,34.44941692703603,0.9465726313105848,33.019339173934135,0.9348153450560135,7.537280035018921,7.536895990371704,0.008714467328791681,7.522784233093262,7.553055763244629,3,10,1024,736,512,368,2.11.0+cu128,12.8,2026-08-31T12:07:52.459291+00:00,3.13.15,2.1.3,11.3.0,0.25.2,Linux-6.6.122+-x86_64-with-glibc2.35,x86_64
Urban100,img_026.png,x2,fsrcnn,prepared_bicubic_lr,img_026.png,2,native_model_grid_then_full_target_size_adjustment,gaussian_11x11_sigma_1.5_population_covariance,limited_bt601_y_model_with_bicubic_cbcr,gpu,model_forward_only_cuda_events,Tesla T4,14912.6875,129.8076171875,12809,fsrcnn_x2.pth,1af70e2cbf0d11b942008d6c425e469e9fe275a68f3ac8b6c21e8672d6e67b69,https://dl.dropboxusercontent.com/s/1k3dker6g7hz76s/fsrcnn_x2.pth,91-image,bicubic,1024,768,1024,768,False,30.208872395821203,0.7708515964787043,28.719800619671553,0.7368205026629356,6.826735973358154,6.827008008956909,0.020740941566346125,6.797215938568115,6.8772478103637695,3,10,1024,768,512,384,2.11.0+cu128,12.8,2026-08-31T12:07:53.937256+00:00,3.13.15,2.1.3,11.3.0,0.25.2,Linux-6.6.122+-x86_64-with-glibc2.35,x86_64
Urban100,img_027.png,x2,fsrcnn,prepared_bicubic_lr,img_027.png,2,native_model_grid_then_full_target_size_adjustment,gaussian_11x11_sigma_1.5_population_covariance,limited_bt601_y_model_with_bicubic_cbcr,gpu,model_forward_only_cuda_events,Tesla T4,14912.6875,141.3701171875,12809,fsrcnn_x2.pth,1af70e2cbf0d11b942008d6c425e469e9fe275a68f3ac8b6c21e8672d6e67b69,https://dl.dropboxusercontent.com/s/1k3dker6g7hz76s/fsrcnn_x2.pth,91-image,bicubic,1024,832,1024,832,False,31.043585846556834,0.8945320579571889,29.787486908571587,0.8822140775677981,8.499715232849121,8.501792430877686,0.020055817783135785,8.466655731201172,8.54422378540039,3,10,1024,832,512,416,2.11.0+cu128,12.8,2026-08-31T12:07:55.518134+00:00,3.13.15,2.1.3,11.3.0,0.25.2,Linux-6.6.122+-x86_64-with-glibc2.35,x86_64
Urban100,img_028.png,x2,fsrcnn,prepared_bicubic_lr,img_028.png,2,native_model_grid_then_full_target_size_adjustment,gaussian_11x11_sigma_1.5_population_covariance,limited_bt601_y_model_with_bicubic_cbcr,gpu,model_forward_only_cuda_events,Tesla T4,14912.6875,114.9404296875,12809,fsrcnn_x2.pth,1af70e2cbf0d11b942008d6c425e469e9fe275a68f3ac8b6c21e8672d6e67b69,https://dl.dropboxusercontent.com/s/1k3dker6g7hz76s/fsrcnn_x2.pth,91-image,bicubic,1024,680,1024,680,False,35.483428820167866,0.9397336916845724,34.161469186366325,0.9308925277817366,5.718169641494751,5.681280136108398,0.09576360133221502,5.6736321449279785,6.002399921417236,3,10,1024,680,512,340,2.11.0+cu128,12.8,2026-08-31T12:07:56.625306+00:00,3.13.15,2.1.3,11.3.0,0.25.2,Linux-6.6.122+-x86_64-with-glibc2.35,x86_64
Urban100,img_029.png,x2,fsrcnn,prepared_bicubic_lr,img_029.png,2,native_model_grid_then_full_target_size_adjustment,gaussian_11x11_sigma_1.5_population_covariance,limited_bt601_y_model_with_bicubic_cbcr,gpu,model_forward_only_cuda_events,Tesla T4,14912.6875,114.2646484375,12809,fsrcnn_x2.pth,1af70e2cbf0d11b942008d6c425e469e9fe275a68f3ac8b6c21e8672d6e67b69,https://dl.dropboxusercontent.com/s/1k3dker6g7hz76s/fsrcnn_x2.pth,91-image,bicubic,1024,676,1024,676,False,30.155809172055417,0.9351317717215664,28.739419471378525,0.9235343883752485,7.040380811691284,7.014432191848755,0.07865744085147963,6.995327949523926,7.272768020629883,3,10,1024,676,512,338,2.11.0+cu128,12.8,2026-08-31T12:07:57.710284+00:00,3.13.15,2.1.3,11.3.0,0.25.2,Linux-6.6.122+-x86_64-with-glibc2.35,x86_64
Urban100,img_030.png,x2,fsrcnn,prepared_bicubic_lr,img_030.png,2,native_model_grid_then_full_target_size_adjustment,gaussian_11x11_sigma_1.5_population_covariance,limited_bt601_y_model_with_bicubic_cbcr,gpu,model_forward_only_cuda_events,Tesla T4,14912.6875,114.9404296875,12809,fsrcnn_x2.pth,1af70e2cbf0d11b942008d6c425e469e9fe275a68f3ac8b6c21e8672d6e67b69,https://dl.dropboxusercontent.com/s/1k3dker6g7hz76s/fsrcnn_x2.pth,91-image,bicubic,680,1024,680,1024,False,28.779536708263834,0.9264892806317451,26.532199311086828,0.9071321282347077,7.072534465789795,7.069200038909912,0.014292699719082163,7.055776119232178,7.098336219787598,3,10,680,1024,340,512,2.11.0+cu128,12.8,2026-08-31T12:07:58.615310+00:00,3.13.15,2.1.3,11.3.0,0.25.2,Linux-6.6.122+-x86_64-with-glibc2.35,x86_64
Urban100,img_031.png,x2,fsrcnn,prepared_bicubic_lr,img_031.png,2,native_model_grid_then_full_target_size_adjustment,gaussian_11x11_sigma_1.5_population_covariance,limited_bt601_y_model_with_bicubic_cbcr,gpu,model_forward_only_cuda_events,Tesla T4,14912.6875,114.9404296875,12809,fsrcnn_x2.pth,1af70e2cbf0d11b942008d6c425e469e9fe275a68f3ac8b6c21e8672d6e67b69,https://dl.dropboxusercontent.com/s/1k3dker6g7hz76s/fsrcnn_x2.pth,91-image,bicubic,1024,680,1024,680,False,27.526247192939305,0.9123884505265112,25.97980954515775,0.9014035616425186,6.52611198425293,6.521183967590332,0.015992506788081468,6.504415988922119,6.561408042907715,3,10,1024,680,512,340,2.11.0+cu128,12.8,2026-08-31T12:07:59.517937+00:00,3.13.15,2.1.3,11.3.0,0.25.2,Linux-6.6.122+-x86_64-with-glibc2.35,x86_64
Urban100,img_032.png,x2,fsrcnn,prepared_bicubic_lr,img_032.png,2,native_model_grid_then_full_target_size_adjustment,gaussian_11x11_sigma_1.5_population_covariance,limited_bt601_y_model_with_bicubic_cbcr,gpu,model_forward_only_cuda_events,Tesla T4,14912.6875,114.9404296875,12809,fsrcnn_x2.pth,1af70e2cbf0d11b942008d6c425e469e9fe275a68f3ac8b6c21e8672d6e67b69,https://dl.dropboxusercontent.com/s/1k3dker6g7hz76s/fsrcnn_x2.pth,91-image,bicubic,1024,680,1024,680,False,33.22429075444321,0.9422383666415144,31.456583101273562,0.9313356719417252,6.230908727645874,6.227743864059448,0.010961683400821608,6.212512016296387,6.250495910644531,3,10,1024,680,512,340,2.11.0+cu128,12.8,2026-08-31T12:08:00.450708+00:00,3.13.15,2.1.3,11.3.0,0.25.2,Linux-6.6.122+-x86_64-with-glibc2.35,x86_64
Urban100,img_033.png,x2,fsrcnn,prepared_bicubic_lr,img_033.png,2,native_model_grid_then_full_target_size_adjustment,gaussian_11x11_sigma_1.5_population_covariance,limited_bt601_y_model_with_bicubic_cbcr,gpu,model_forward_only_cuda_events,Tesla T4,14912.6875,114.9404296875,12809,fsrcnn_x2.pth,1af70e2cbf0d11b942008d6c425e469e9fe275a68f3ac8b6c21e8672d6e67b69,https://dl.dropboxusercontent.com/s/1k3dker6g7hz76s/fsrcnn_x2.pth,91-image,bicubic,1024,680,1024,680,False,30.02486831695482,0.8902811339948828,28.281275510987545,0.8711508147665321,6.258745622634888,6.22822380065918,0.08044308885113712,6.222815990447998,6.495840072631836,3,10,1024,680,512,340,2.11.0+cu128,12.8,2026-08-31T12:08:01.366491+00:00,3.13.15,2.1.3,11.3.0,0.25.2,Linux-6.6.122+-x86_64-with-glibc2.35,x86_64
Urban100,img_034.png,x2,fsrcnn,prepared_bicubic_lr,img_034.png,2,native_model_grid_then_full_target_size_adjustment,gaussian_11x11_sigma_1.5_population_covariance,limited_bt601_y_model_with_bicubic_cbcr,gpu,model_forward_only_cuda_events,Tesla T4,14912.6875,114.9404296875,12809,fsrcnn_x2.pth,1af70e2cbf0d11b942008d6c425e469e9fe275a68f3ac8b6c21e8672d6e67b69,https://dl.dropboxusercontent.com/s/1k3dker6g7hz76s/fsrcnn_x2.pth,91-image,bicubic,1024,680,1024,680,False,25.650881694288245,0.7790670463236093,23.77861849252345,0.7734480205301097,7.015881633758545,7.01308798789978,0.011768259269207524,6.998015880584717,7.040736198425293,3,10,1024,680,512,340,2.11.0+cu128,12.8,2026-08-31T12:08:02.230554+00:00,3.13.15,2.1.3,11.3.0,0.25.2,Linux-6.6.122+-x86_64-with-glibc2.35,x86_64
Urban100,img_035.png,x2,fsrcnn,prepared_bicubic_lr,img_035.png,2,native_model_grid_then_full_target_size_adjustment,gaussian_11x11_sigma_1.5_population_covariance,limited_bt601_y_model_with_bicubic_cbcr,gpu,model_forward_only_cuda_events,Tesla T4,14912.6875,116.2919921875,12809,fsrcnn_x2.pth,1af70e2cbf0d11b942008d6c425e469e9fe275a68f3ac8b6c21e8672d6e67b69,https://dl.dropboxusercontent.com/s/1k3dker6g7hz76s/fsrcnn_x2.pth,91-image,bicubic,1024,688,1024,688,False,32.158451430016434,0.9345248322261285,30.675794292828044,0.9225168148406823,6.547228813171387,6.5208001136779785,0.07820915410995347,6.504447937011719,6.780672073364258,3,10,1024,688,512,344,2.11.0+cu128,12.8,2026-08-31T12:08:03.153060+00:00,3.13.15,2.1.3,11.3.0,0.25.2,Linux-6.6.122+-x86_64-with-glibc2.35,x86_64
Urban100,img_036.png,x2,fsrcnn,prepared_bicubic_lr,img_036.png,2,native_model_grid_then_full_target_size_adjustment,gaussian_11x11_sigma_1.5_population_covariance,limited_bt601_y_model_with_bicubic_cbcr,gpu,model_forward_only_cuda_events,Tesla T4,14912.6875,119.3037109375,12809,fsrcnn_x2.pth,1af70e2cbf0d11b942008d6c425e469e9fe275a68f3ac8b6c21e8672d6e67b69,https://dl.dropboxusercontent.com/s/1k3dker6g7hz76s/fsrcnn_x2.pth,91-image,bicubic,700,1024,700,1024,False,33.091224848323094,0.9530119894548928,31.769296991067854,0.9469936387919783,6.372547149658203,6.3714399337768555,0.002357008060220648,6.369247913360596,6.376416206359863,3,10,700,1024,350,512,2.11.0+cu128,12.8,2026-08-31T12:08:04.006345+00:00,3.13.15,2.1.3,11.3.0,0.25.2,Linux-6.6.122+-x86_64-with-glibc2.35,x86_64
Urban100,img_037.png,x2,fsrcnn,prepared_bicubic_lr,img_037.png,2,native_model_grid_then_full_target_size_adjustment,gaussian_11x11_sigma_1.5_population_covariance,limited_bt601_y_model_with_bicubic_cbcr,gpu,model_forward_only_cuda_events,Tesla T4,14912.6875,125.0771484375,12809,fsrcnn_x2.pth,1af70e2cbf0d11b942008d6c425e469e9fe275a68f3ac8b6c21e8672d6e67b69,https://dl.dropboxusercontent.com/s/1k3dker6g7hz76s/fsrcnn_x2.pth,91-image,bicubic,740,1024,740,1024,False,32.782991867728654,0.9488412196614063,31.155484931400498,0.9375401547829599,6.5141857147216795,6.51360011100769,0.017693381169666494,6.485983848571777,6.544896125793457,3,10,740,1024,370,512,2.11.0+cu128,12.8,2026-08-31T12:08:05.008343+00:00,3.13.15,2.1.3,11.3.0,0.25.2,Linux-6.6.122+-x86_64-with-glibc2.35,x86_64
Urban100,img_038.png,x2,fsrcnn,prepared_bicubic_lr,img_038.png,2,native_model_grid_then_full_target_size_adjustment,gaussian_11x11_sigma_1.5_population_covariance,limited_bt601_y_model_with_bicubic_cbcr,gpu,model_forward_only_cuda_events,Tesla T4,14912.6875,129.8076171875,12809,fsrcnn_x2.pth,1af70e2cbf0d11b942008d6c425e469e9fe275a68f3ac8b6c21e8672d6e67b69,https://dl.dropboxusercontent.com/s/1k3dker6g7hz76s/fsrcnn_x2.pth,91-image,bicubic,768,1024,768,1024,False,30.603075246297422,0.8506752002884523,28.964025223592206,0.8204480225831418,6.499846363067627,6.496271848678589,0.013547071078667046,6.482656002044678,6.535583972930908,3,10,768,1024,384,512,2.11.0+cu128,12.8,2026-08-31T12:08:06.022682+00:00,3.13.15,2.1.3,11.3.0,0.25.2,Linux-6.6.122+-x86_64-with-glibc2.35,x86_64
Urban100,img_039.png,x2,fsrcnn,prepared_bicubic_lr,img_039.png,2,native_model_grid_then_full_target_size_adjustment,gaussian_11x11_sigma_1.5_population_covariance,limited_bt601_y_model_with_bicubic_cbcr,gpu,model_forward_only_cuda_events,Tesla T4,14912.6875,129.8076171875,12809,fsrcnn_x2.pth,1af70e2cbf0d11b942008d6c425e469e9fe275a68f3ac8b6c21e8672d6e67b69,https://dl.dropboxusercontent.com/s/1k3dker6g7hz76s/fsrcnn_x2.pth,91-image,bicubic,768,1024,768,1024,False,25.93812442939789,0.867570518828573,24.49769020491319,0.8568802934554977,6.288294410705566,6.287791967391968,0.010766004043567588,6.272543907165527,6.304160118103027,3,10,768,1024,384,512,2.11.0+cu128,12.8,2026-08-31T12:08:07.065414+00:00,3.13.15,2.1.3,11.3.0,0.25.2,Linux-6.6.122+-x86_64-with-glibc2.35,x86_64
Urban100,img_040.png,x2,fsrcnn,prepared_bicubic_lr,img_040.png,2,native_model_grid_then_full_target_size_adjustment,gaussian_11x11_sigma_1.5_population_covariance,limited_bt601_y_model_with_bicubic_cbcr,gpu,model_forward_only_cuda_events,Tesla T4,14912.6875,97.3701171875,12809,fsrcnn_x2.pth,1af70e2cbf0d11b942008d6c425e469e9fe275a68f3ac8b6c21e8672d6e67b69,https://dl.dropboxusercontent.com/s/1k3dker6g7hz76s/fsrcnn_x2.pth,91-image,bicubic,1024,576,1024,576,False,30.056152528572323,0.9648355141961161,28.720154126683447,0.9600714862258704,4.766947269439697,4.764528036117554,0.015563727261913112,4.7472639083862305,4.808703899383545,3,10,1024,576,512,288,2.11.0+cu128,12.8,2026-08-31T12:08:08.155106+00:00,3.13.15,2.1.3,11.3.0,0.25.2,Linux-6.6.122+-x86_64-with-glibc2.35,x86_64
Urban100,img_041.png,x2,fsrcnn,prepared_bicubic_lr,img_041.png,2,native_model_grid_then_full_target_size_adjustment,gaussian_11x11_sigma_1.5_population_covariance,limited_bt601_y_model_with_bicubic_cbcr,gpu,model_forward_only_cuda_events,Tesla T4,14912.6875,114.9404296875,12809,fsrcnn_x2.pth,1af70e2cbf0d11b942008d6c425e469e9fe275a68f3ac8b6c21e8672d6e67b69,https://dl.dropboxusercontent.com/s/1k3dker6g7hz76s/fsrcnn_x2.pth,91-image,bicubic,1024,680,1024,680,False,31.07651292979948,0.9533549253817984,29.421113727314662,0.9450155500810609,7.031583976745606,7.0324320793151855,0.011805255202710668,7.014400005340576,7.047359943389893,3,10,1024,680,512,340,2.11.0+cu128,12.8,2026-08-31T12:08:09.394310+00:00,3.13.15,2.1.3,11.3.0,0.25.2,Linux-6.6.122+-x86_64-with-glibc2.35,x86_64
Urban100,img_042.png,x2,fsrcnn,prepared_bicubic_lr,img_042.png,2,native_model_grid_then_full_target_size_adjustment,gaussian_11x11_sigma_1.5_population_covariance,limited_bt601_y_model_with_bicubic_cbcr,gpu,model_forward_only_cuda_events,Tesla T4,14912.6875,114.9404296875,12809,fsrcnn_x2.pth,1af70e2cbf0d11b942008d6c425e469e9fe275a68f3ac8b6c21e8672d6e67b69,https://dl.dropboxusercontent.com/s/1k3dker6g7hz76s/fsrcnn_x2.pth,91-image,bicubic,1024,680,1024,680,False,33.76099440995418,0.9602797781390718,32.43906164851335,0.9564450283811218,6.448163223266602,6.445888042449951,0.01788158813523149,6.425951957702637,6.4858880043029785,3,10,1024,680,512,340,2.11.0+cu128,12.8,2026-08-31T12:08:10.555133+00:00,3.13.15,2.1.3,11.3.0,0.25.2,Linux-6.6.122+-x86_64-with-glibc2.35,x86_64
Urban100,img_043.png,x2,fsrcnn,prepared_bicubic_lr,img_043.png,2,native_model_grid_then_full_target_size_adjustment,gaussian_11x11_sigma_1.5_population_covariance,limited_bt601_y_model_with_bicubic_cbcr,gpu,model_forward_only_cuda_events,Tesla T4,14912.6875,113.5888671875,12809,fsrcnn_x2.pth,1af70e2cbf0d11b942008d6c425e469e9fe275a68f3ac8b6c21e8672d6e67b69,https://dl.dropboxusercontent.com/s/1k3dker6g7hz76s/fsrcnn_x2.pth,91-image,bicubic,1024,672,1024,672,False,33.72766375384217,0.963550083031479,32.11627768052301,0.9498411574655997,6.196137619018555,6.1938560009002686,0.010807312495404809,6.176767826080322,6.2130560874938965,3,10,1024,672,512,336,2.11.0+cu128,12.8,2026-08-31T12:08:11.715374+00:00,3.13.15,2.1.3,11.3.0,0.25.2,Linux-6.6.122+-x86_64-with-glibc2.35,x86_64
Urban100,img_044.png,x2,fsrcnn,prepared_bicubic_lr,img_044.png,2,native_model_grid_then_full_target_size_adjustment,gaussian_11x11_sigma_1.5_population_covariance,limited_bt601_y_model_with_bicubic_cbcr,gpu,model_forward_only_cuda_events,Tesla T4,14912.6875,114.9404296875,12809,fsrcnn_x2.pth,1af70e2cbf0d11b942008d6c425e469e9fe275a68f3ac8b6c21e8672d6e67b69,https://dl.dropboxusercontent.com/s/1k3dker6g7hz76s/fsrcnn_x2.pth,91-image,bicubic,1024,680,1024,680,False,39.64361649116447,0.9775909067699403,37.11322613479422,0.9652386054445227,7.2077055931091305,7.214080095291138,0.03566522807628832,7.159743785858154,7.254015922546387,3,10,1024,680,512,340,2.11.0+cu128,12.8,2026-08-31T12:08:12.816807+00:00,3.13.15,2.1.3,11.3.0,0.25.2,Linux-6.6.122+-x86_64-with-glibc2.35,x86_64
Urban100,img_045.png,x2,fsrcnn,prepared_bicubic_lr,img_045.png,2,native_model_grid_then_full_target_size_adjustment,gaussian_11x11_sigma_1.5_population_covariance,limited_bt601_y_model_with_bicubic_cbcr,gpu,model_forward_only_cuda_events,Tesla T4,14912.6875,129.8076171875,12809,fsrcnn_x2.pth,1af70e2cbf0d11b942008d6c425e469e9fe275a68f3ac8b6c21e8672d6e67b69,https://dl.dropboxusercontent.com/s/1k3dker6g7hz76s/fsrcnn_x2.pth,91-image,bicubic,1024,768,1024,768,False,30.014042600142968,0.9169638692504803,28.692103234520555,0.9132078609772808,7.891971206665039,7.889343976974487,0.010878630211365314,7.880896091461182,7.919616222381592,3,10,1024,768,512,384,2.11.0+cu128,12.8,2026-08-31T12:08:13.808114+00:00,3.13.15,2.1.3,11.3.0,0.25.2,Linux-6.6.122+-x86_64-with-glibc2.35,x86_64
Urban100,img_046.png,x2,fsrcnn,prepared_bicubic_lr,img_046.png,2,native_model_grid_then_full_target_size_adjustment,gaussian_11x11_sigma_1.5_population_covariance,limited_bt601_y_model_with_bicubic_cbcr,gpu,model_forward_only_cuda_events,Tesla T4,14912.6875,116.9677734375,12809,fsrcnn_x2.pth,1af70e2cbf0d11b942008d6c425e469e9fe275a68f3ac8b6c21e8672d6e67b69,https://dl.dropboxusercontent.com/s/1k3dker6g7hz76s/fsrcnn_x2.pth,91-image,bicubic,692,1024,692,1024,False,26.75087682406264,0.8930698712117785,25.37927544507947,0.8890282018861306,6.101920032501221,6.096736192703247,0.015733757412072828,6.0853118896484375,6.143807888031006,3,10,692,1024,346,512,2.11.0+cu128,12.8,2026-08-31T12:08:14.750684+00:00,3.13.15,2.1.3,11.3.0,0.25.2,Linux-6.6.122+-x86_64-with-glibc2.35,x86_64
Urban100,img_047.png,x2,fsrcnn,prepared_bicubic_lr,img_047.png,2,native_model_grid_then_full_target_size_adjustment,gaussian_11x11_sigma_1.5_population_covariance,limited_bt601_y_model_with_bicubic_cbcr,gpu,model_forward_only_cuda_events,Tesla T4,14912.6875,104.1279296875,12809,fsrcnn_x2.pth,1af70e2cbf0d11b942008d6c425e469e9fe275a68f3ac8b6c21e8672d6e67b69,https://dl.dropboxusercontent.com/s/1k3dker6g7hz76s/fsrcnn_x2.pth,91-image,bicubic,1024,616,1024,616,False,25.160260768286683,0.9003985026435936,23.670586404583904,0.8942424208325422,6.04333758354187,6.39134407043457,0.4551023742610436,5.402048110961914,6.420447826385498,3,10,1024,616,512,308,2.11.0+cu128,12.8,2026-08-31T12:08:15.553402+00:00,3.13.15,2.1.3,11.3.0,0.25.2,Linux-6.6.122+-x86_64-with-glibc2.35,x86_64
Urban100,img_048.png,x2,fsrcnn,prepared_bicubic_lr,img_048.png,2,native_model_grid_then_full_target_size_adjustment,gaussian_11x11_sigma_1.5_population_covariance,limited_bt601_y_model_with_bicubic_cbcr,gpu,model_forward_only_cuda_events,Tesla T4,14912.6875,115.6162109375,12809,fsrcnn_x2.pth,1af70e2cbf0d11b942008d6c425e469e9fe275a68f3ac8b6c21e8672d6e67b69,https://dl.dropboxusercontent.com/s/1k3dker6g7hz76s/fsrcnn_x2.pth,91-image,bicubic,684,1024,684,1024,False,24.533189054600577,0.9326869346955265,23.237417584296566,0.9291184815022783,7.165193653106689,7.1649439334869385,0.008610218133284784,7.153600215911865,7.180287837982178,3,10,684,1024,342,512,2.11.0+cu128,12.8,2026-08-31T12:08:16.440780+00:00,3.13.15,2.1.3,11.3.0,0.25.2,Linux-6.6.122+-x86_64-with-glibc2.35,x86_64
Urban100,img_049.png,x2,fsrcnn,prepared_bicubic_lr,img_049.png,2,native_model_grid_then_full_target_size_adjustment,gaussian_11x11_sigma_1.5_population_covariance,limited_bt601_y_model_with_bicubic_cbcr,gpu,model_forward_only_cuda_events,Tesla T4,14912.6875,114.9404296875,12809,fsrcnn_x2.pth,1af70e2cbf0d11b942008d6c425e469e9fe275a68f3ac8b6c21e8672d6e67b69,https://dl.dropboxusercontent.com/s/1k3dker6g7hz76s/fsrcnn_x2.pth,91-image,bicubic,1024,680,1024,680,False,26.78017717322855,0.882930664621531,25.054991101704754,0.8656155679273834,7.014684772491455,7.01145601272583,0.02271940760580557,6.990079879760742,7.073760032653809,3,10,1024,680,512,340,2.11.0+cu128,12.8,2026-08-31T12:08:17.370379+00:00,3.13.15,2.1.3,11.3.0,0.25.2,Linux-6.6.122+-x86_64-with-glibc2.35,x86_64
Urban100,img_050.png,x2,fsrcnn,prepared_bicubic_lr,img_050.png,2,native_model_grid_then_full_target_size_adjustment,gaussian_11x11_sigma_1.5_population_covariance,limited_bt601_y_model_with_bicubic_cbcr,gpu,model_forward_only_cuda_events,Tesla T4,14912.6875,114.9404296875,12809,fsrcnn_x2.pth,1af70e2cbf0d11b942008d6c425e469e9fe275a68f3ac8b6c21e8672d6e67b69,https://dl.dropboxusercontent.com/s/1k3dker6g7hz76s/fsrcnn_x2.pth,91-image,bicubic,680,1024,680,1024,False,28.919202445763514,0.8995545116167425,27.339445276623643,0.8845562057212716,6.4827552318573,6.482192039489746,0.017060408911399934,6.4593281745910645,6.512928009033203,3,10,680,1024,340,512,2.11.0+cu128,12.8,2026-08-31T12:08:18.222265+00:00,3.13.15,2.1.3,11.3.0,0.25.2,Linux-6.6.122+-x86_64-with-glibc2.35,x86_64
Urban100,img_051.png,x2,fsrcnn,prepared_bicubic_lr,img_051.png,2,native_model_grid_then_full_target_size_adjustment,gaussian_11x11_sigma_1.5_population_covariance,limited_bt601_y_model_with_bicubic_cbcr,gpu,model_forward_only_cuda_events,Tesla T4,14912.6875,114.9404296875,12809,fsrcnn_x2.pth,1af70e2cbf0d11b942008d6c425e469e9fe275a68f3ac8b6c21e8672d6e67b69,https://dl.dropboxusercontent.com/s/1k3dker6g7hz76s/fsrcnn_x2.pth,91-image,bicubic,1024,680,1024,680,False,32.165374855499735,0.9481223782910463,30.49320631625241,0.9371026373176276,6.417155170440674,6.419152021408081,0.011618596918218009,6.398560047149658,6.438591957092285,3,10,1024,680,512,340,2.11.0+cu128,12.8,2026-08-31T12:08:19.154544+00:00,3.13.15,2.1.3,11.3.0,0.25.2,Linux-6.6.122+-x86_64-with-glibc2.35,x86_64
Urban100,img_052.png,x2,fsrcnn,prepared_bicubic_lr,img_052.png,2,native_model_grid_then_full_target_size_adjustment,gaussian_11x11_sigma_1.5_population_covariance,limited_bt601_y_model_with_bicubic_cbcr,gpu,model_forward_only_cuda_events,Tesla T4,14912.6875,114.9404296875,12809,fsrcnn_x2.pth,1af70e2cbf0d11b942008d6c425e469e9fe275a68f3ac8b6c21e8672d6e67b69,https://dl.dropboxusercontent.com/s/1k3dker6g7hz76s/fsrcnn_x2.pth,91-image,bicubic,1024,680,1024,680,False,32.004579839895975,0.9538477883041823,30.645540522457203,0.9471990193506055,6.223011207580567,6.223888158798218,0.012783190966019497,6.204832077026367,6.243904113769531,3,10,1024,680,512,340,2.11.0+cu128,12.8,2026-08-31T12:08:20.135490+00:00,3.13.15,2.1.3,11.3.0,0.25.2,Linux-6.6.122+-x86_64-with-glibc2.35,x86_64
Urban100,img_053.png,x2,fsrcnn,prepared_bicubic_lr,img_053.png,2,native_model_grid_then_full_target_size_adjustment,gaussian_11x11_sigma_1.5_population_covariance,limited_bt601_y_model_with_bicubic_cbcr,gpu,model_forward_only_cuda_events,Tesla T4,14912.6875,111.2607421875,12809,fsrcnn_x2.pth,1af70e2cbf0d11b942008d6c425e469e9fe275a68f3ac8b6c21e8672d6e67b69,https://dl.dropboxusercontent.com/s/1k3dker6g7hz76s/fsrcnn_x2.pth,91-image,bicubic,1024,656,1024,656,False,25.984298676850692,0.8818062536919234,24.651157901712327,0.8760063950916299,6.431507110595703,6.599599838256836,0.3635607019438724,5.9903998374938965,6.787295818328857,3,10,1024,656,512,328,2.11.0+cu128,12.8,2026-08-31T12:08:21.070346+00:00,3.13.15,2.1.3,11.3.0,0.25.2,Linux-6.6.122+-x86_64-with-glibc2.35,x86_64
Urban100,img_054.png,x2,fsrcnn,prepared_bicubic_lr,img_054.png,2,native_model_grid_then_full_target_size_adjustment,gaussian_11x11_sigma_1.5_population_covariance,limited_bt601_y_model_with_bicubic_cbcr,gpu,model_forward_only_cuda_events,Tesla T4,14912.6875,114.9404296875,12809,fsrcnn_x2.pth,1af70e2cbf0d11b942008d6c425e469e9fe275a68f3ac8b6c21e8672d6e67b69,https://dl.dropboxusercontent.com/s/1k3dker6g7hz76s/fsrcnn_x2.pth,91-image,bicubic,1024,680,1024,680,False,24.083484257454735,0.8228345045462481,22.56851824254884,0.811283324145572,7.040713596343994,7.038976192474365,0.009958821133147902,7.025375843048096,7.059455871582031,3,10,1024,680,512,340,2.11.0+cu128,12.8,2026-08-31T12:08:22.293727+00:00,3.13.15,2.1.3,11.3.0,0.25.2,Linux-6.6.122+-x86_64-with-glibc2.35,x86_64
Urban100,img_055.png,x2,fsrcnn,prepared_bicubic_lr,img_055.png,2,native_model_grid_then_full_target_size_adjustment,gaussian_11x11_sigma_1.5_population_covariance,limited_bt601_y_model_with_bicubic_cbcr,gpu,model_forward_only_cuda_events,Tesla T4,14912.6875,129.8076171875,12809,fsrcnn_x2.pth,1af70e2cbf0d11b942008d6c425e469e9fe275a68f3ac8b6c21e8672d6e67b69,https://dl.dropboxusercontent.com/s/1k3dker6g7hz76s/fsrcnn_x2.pth,91-image,bicubic,1024,768,1024,768,False,34.7220477835574,0.9699957258101822,32.63162680152495,0.9505287675775281,7.241897630691528,7.240128040313721,0.014884780005672999,7.225247859954834,7.276895999908447,3,10,1024,768,512,384,2.11.0+cu128,12.8,2026-08-31T12:08:23.806546+00:00,3.13.15,2.1.3,11.3.0,0.25.2,Linux-6.6.122+-x86_64-with-glibc2.35,x86_64
Urban100,img_056.png,x2,fsrcnn,prepared_bicubic_lr,img_056.png,2,native_model_grid_then_full_target_size_adjustment,gaussian_11x11_sigma_1.5_population_covariance,limited_bt601_y_model_with_bicubic_cbcr,gpu,model_forward_only_cuda_events,Tesla T4,14912.6875,129.8076171875,12809,fsrcnn_x2.pth,1af70e2cbf0d11b942008d6c425e469e9fe275a68f3ac8b6c21e8672d6e67b69,https://dl.dropboxusercontent.com/s/1k3dker6g7hz76s/fsrcnn_x2.pth,91-image,bicubic,1024,768,1024,768,False,28.927234384182277,0.9139194367425125,27.523562085692692,0.9055733417026458,7.922067165374756,7.918943881988525,0.030839346635959983,7.882751941680908,8.000896453857422,3,10,1024,768,512,384,2.11.0+cu128,12.8,2026-08-31T12:08:25.310791+00:00,3.13.15,2.1.3,11.3.0,0.25.2,Linux-6.6.122+-x86_64-with-glibc2.35,x86_64
Urban100,img_057.png,x2,fsrcnn,prepared_bicubic_lr,img_057.png,2,native_model_grid_then_full_target_size_adjustment,gaussian_11x11_sigma_1.5_population_covariance,limited_bt601_y_model_with_bicubic_cbcr,gpu,model_forward_only_cuda_events,Tesla T4,14912.6875,122.3740234375,12809,fsrcnn_x2.pth,1af70e2cbf0d11b942008d6c425e469e9fe275a68f3ac8b6c21e8672d6e67b69,https://dl.dropboxusercontent.com/s/1k3dker6g7hz76s/fsrcnn_x2.pth,91-image,bicubic,1024,724,1024,724,False,35.323947899868976,0.9604092130155684,33.72450586027645,0.9518638516125278,6.2714752674102785,6.268959999084473,0.014949726336486028,6.25270414352417,6.2972798347473145,3,10,1024,724,512,362,2.11.0+cu128,12.8,2026-08-31T12:08:26.349482+00:00,3.13.15,2.1.3,11.3.0,0.25.2,Linux-6.6.122+-x86_64-with-glibc2.35,x86_64
Urban100,img_058.png,x2,fsrcnn,prepared_bicubic_lr,img_058.png,2,native_model_grid_then_full_target_size_adjustment,gaussian_11x11_sigma_1.5_population_covariance,limited_bt601_y_model_with_bicubic_cbcr,gpu,model_forward_only_cuda_events,Tesla T4,14912.6875,116.9677734375,12809,fsrcnn_x2.pth,1af70e2cbf0d11b942008d6c425e469e9fe275a68f3ac8b6c21e8672d6e67b69,https://dl.dropboxusercontent.com/s/1k3dker6g7hz76s/fsrcnn_x2.pth,91-image,bicubic,1024,692,1024,692,False,31.24402501767814,0.9555844395378048,29.598837623971157,0.9491415419872863,5.968464040756226,5.965824127197266,0.009211159759202347,5.953472137451172,5.982431888580322,3,10,1024,692,512,346,2.11.0+cu128,12.8,2026-08-31T12:08:27.268559+00:00,3.13.15,2.1.3,11.3.0,0.25.2,Linux-6.6.122+-x86_64-with-glibc2.35,x86_64
Urban100,img_059.png,x2,fsrcnn,prepared_bicubic_lr,img_059.png,2,native_model_grid_then_full_target_size_adjustment,gaussian_11x11_sigma_1.5_population_covariance,limited_bt601_y_model_with_bicubic_cbcr,gpu,model_forward_only_cuda_events,Tesla T4,14912.6875,112.7373046875,12809,fsrcnn_x2.pth,1af70e2cbf0d11b942008d6c425e469e9fe275a68f3ac8b6c21e8672d6e67b69,https://dl.dropboxusercontent.com/s/1k3dker6g7hz76s/fsrcnn_x2.pth,91-image,bicubic,1024,664,1024,664,False,24.708302559044327,0.8681706133691647,23.34757085570302,0.8579105000299618,6.854876756668091,6.847887992858887,0.03654562644596593,6.809631824493408,6.924704074859619,3,10,1024,664,512,332,2.11.0+cu128,12.8,2026-08-31T12:08:28.173737+00:00,3.13.15,2.1.3,11.3.0,0.25.2,Linux-6.6.122+-x86_64-with-glibc2.35,x86_64
Urban100,img_060.png,x2,fsrcnn,prepared_bicubic_lr,img_060.png,2,native_model_grid_then_full_target_size_adjustment,gaussian_11x11_sigma_1.5_population_covariance,limited_bt601_y_model_with_bicubic_cbcr,gpu,model_forward_only_cuda_events,Tesla T4,14912.6875,114.9404296875,12809,fsrcnn_x2.pth,1af70e2cbf0d11b942008d6c425e469e9fe275a68f3ac8b6c21e8672d6e67b69,https://dl.dropboxusercontent.com/s/1k3dker6g7hz76s/fsrcnn_x2.pth,91-image,bicubic,1024,680,1024,680,False,25.098255698440056,0.7693797403909334,23.654966468375783,0.7553224200094363,6.4212287902832035,6.41812801361084,0.015266351863812592,6.407455921173096,6.46457576751709,3,10,1024,680,512,340,2.11.0+cu128,12.8,2026-08-31T12:08:29.118910+00:00,3.13.15,2.1.3,11.3.0,0.25.2,Linux-6.6.122+-x86_64-with-glibc2.35,x86_64
Urban100,img_061.png,x2,fsrcnn,prepared_bicubic_lr,img_061.png,2,native_model_grid_then_full_target_size_adjustment,gaussian_11x11_sigma_1.5_population_covariance,limited_bt601_y_model_with_bicubic_cbcr,gpu,model_forward_only_cuda_events,Tesla T4,14912.6875,113.5888671875,12809,fsrcnn_x2.pth,1af70e2cbf0d11b942008d6c425e469e9fe275a68f3ac8b6c21e8672d6e67b69,https://dl.dropboxusercontent.com/s/1k3dker6g7hz76s/fsrcnn_x2.pth,91-image,bicubic,1024,672,1024,672,False,28.276493432512062,0.8959908185608113,26.481798594026664,0.883928715519486,6.357423973083496,6.362175941467285,0.023613420657323463,6.323391914367676,6.396096229553223,3,10,1024,672,512,336,2.11.0+cu128,12.8,2026-08-31T12:08:30.019914+00:00,3.13.15,2.1.3,11.3.0,0.25.2,Linux-6.6.122+-x86_64-with-glibc2.35,x86_64
Urban100,img_062.png,x2,fsrcnn,prepared_bicubic_lr,img_062.png,2,native_model_grid_then_full_target_size_adjustment,gaussian_11x11_sigma_1.5_population_covariance,limited_bt601_y_model_with_bicubic_cbcr,gpu,model_forward_only_cuda_events,Tesla T4,14912.6875,114.9404296875,12809,fsrcnn_x2.pth,1af70e2cbf0d11b942008d6c425e469e9fe275a68f3ac8b6c21e8672d6e67b69,https://dl.dropboxusercontent.com/s/1k3dker6g7hz76s/fsrcnn_x2.pth,91-image,bicubic,1024,680,1024,680,False,26.143302951918113,0.9284949427224547,24.675182648382826,0.9164020668361696,6.317596817016602,6.310912132263184,0.015517318090712698,6.3021440505981445,6.350783824920654,3,10,1024,680,512,340,2.11.0+cu128,12.8,2026-08-31T12:08:30.872986+00:00,3.13.15,2.1.3,11.3.0,0.25.2,Linux-6.6.122+-x86_64-with-glibc2.35,x86_64
Urban100,img_063.png,x2,fsrcnn,prepared_bicubic_lr,img_063.png,2,native_model_grid_then_full_target_size_adjustment,gaussian_11x11_sigma_1.5_population_covariance,limited_bt601_y_model_with_bicubic_cbcr,gpu,model_forward_only_cuda_events,Tesla T4,14912.6875,161.7451171875,12809,fsrcnn_x2.pth,1af70e2cbf0d11b942008d6c425e469e9fe275a68f3ac8b6c21e8672d6e67b69,https://dl.dropboxusercontent.com/s/1k3dker6g7hz76s/fsrcnn_x2.pth,91-image,bicubic,1000,980,1000,980,False,24.815455525079983,0.7308964104401033,23.375087145086297,0.7045350618278965,8.712281608581543,8.711296081542969,0.030211675198069776,8.665375709533691,8.77235221862793,3,10,1000,980,500,490,2.11.0+cu128,12.8,2026-08-31T12:08:32.193447+00:00,3.13.15,2.1.3,11.3.0,0.25.2,Linux-6.6.122+-x86_64-with-glibc2.35,x86_64
Urban100,img_064.png,x2,fsrcnn,prepared_bicubic_lr,img_064.png,2,native_model_grid_then_full_target_size_adjustment,gaussian_11x11_sigma_1.5_population_covariance,limited_bt601_y_model_with_bicubic_cbcr,gpu,model_forward_only_cuda_events,Tesla T4,14912.6875,114.9404296875,12809,fsrcnn_x2.pth,1af70e2cbf0d11b942008d6c425e469e9fe275a68f3ac8b6c21e8672d6e67b69,https://dl.dropboxusercontent.com/s/1k3dker6g7hz76s/fsrcnn_x2.pth,91-image,bicubic,1024,680,1024,680,False,30.971054733644397,0.9203110137801321,29.54592975519305,0.9130364098837372,5.335414457321167,5.334256172180176,0.011537052432501423,5.3157758712768555,5.351327896118164,3,10,1024,680,512,340,2.11.0+cu128,12.8,2026-08-31T12:08:33.149929+00:00,3.13.15,2.1.3,11.3.0,0.25.2,Linux-6.6.122+-x86_64-with-glibc2.35,x86_64
Urban100,img_065.png,x2,fsrcnn,prepared_bicubic_lr,img_065.png,2,native_model_grid_then_full_target_size_adjustment,gaussian_11x11_sigma_1.5_population_covariance,limited_bt601_y_model_with_bicubic_cbcr,gpu,model_forward_only_cuda_events,Tesla T4,14912.6875,114.9404296875,12809,fsrcnn_x2.pth,1af70e2cbf0d11b942008d6c425e469e9fe275a68f3ac8b6c21e8672d6e67b69,https://dl.dropboxusercontent.com/s/1k3dker6g7hz76s/fsrcnn_x2.pth,91-image,bicubic,1024,680,1024,680,False,29.798402705116544,0.9090614393358878,28.145325358980276,0.8986550293099057,7.017747211456299,7.018448114395142,0.009875097323864874,7.001855850219727,7.036896228790283,3,10,1024,680,512,340,2.11.0+cu128,12.8,2026-08-31T12:08:34.135012+00:00,3.13.15,2.1.3,11.3.0,0.25.2,Linux-6.6.122+-x86_64-with-glibc2.35,x86_64
Urban100,img_066.png,x2,fsrcnn,prepared_bicubic_lr,img_066.png,2,native_model_grid_then_full_target_size_adjustment,gaussian_11x11_sigma_1.5_population_covariance,limited_bt601_y_model_with_bicubic_cbcr,gpu,model_forward_only_cuda_events,Tesla T4,14912.6875,146.0263671875,12809,fsrcnn_x2.pth,1af70e2cbf0d11b942008d6c425e469e9fe275a68f3ac8b6c21e8672d6e67b69,https://dl.dropboxusercontent.com/s/1k3dker6g7hz76s/fsrcnn_x2.pth,91-image,bicubic,1024,864,1024,864,False,25.39891499254989,0.8372806072629496,24.07559774899903,0.8263582201880452,8.801232147216798,8.798128128051758,0.008078804478943486,8.791584014892578,8.816991806030273,3,10,1024,864,512,432,2.11.0+cu128,12.8,2026-08-31T12:08:35.289601+00:00,3.13.15,2.1.3,11.3.0,0.25.2,Linux-6.6.122+-x86_64-with-glibc2.35,x86_64
Urban100,img_067.png,x2,fsrcnn,prepared_bicubic_lr,img_067.png,2,native_model_grid_then_full_target_size_adjustment,gaussian_11x11_sigma_1.5_population_covariance,limited_bt601_y_model_with_bicubic_cbcr,gpu,model_forward_only_cuda_events,Tesla T4,14912.6875,114.9404296875,12809,fsrcnn_x2.pth,1af70e2cbf0d11b942008d6c425e469e9fe275a68f3ac8b6c21e8672d6e67b69,https://dl.dropboxusercontent.com/s/1k3dker6g7hz76s/fsrcnn_x2.pth,91-image,bicubic,1024,680,1024,680,False,23.298178338948805,0.9431708812890341,21.731583534366898,0.9264722159724709,7.045891237258911,7.047760009765625,0.015126341132526928,7.020544052124023,7.076159954071045,3,10,1024,680,512,340,2.11.0+cu128,12.8,2026-08-31T12:08:36.535173+00:00,3.13.15,2.1.3,11.3.0,0.25.2,Linux-6.6.122+-x86_64-with-glibc2.35,x86_64
Urban100,img_068.png,x2,fsrcnn,prepared_bicubic_lr,img_068.png,2,native_model_grid_then_full_target_size_adjustment,gaussian_11x11_sigma_1.5_population_covariance,limited_bt601_y_model_with_bicubic_cbcr,gpu,model_forward_only_cuda_events,Tesla T4,14912.6875,173.0576171875,12809,fsrcnn_x2.pth,1af70e2cbf0d11b942008d6c425e469e9fe275a68f3ac8b6c21e8672d6e67b69,https://dl.dropboxusercontent.com/s/1k3dker6g7hz76s/fsrcnn_x2.pth,91-image,bicubic,1024,1024,1024,1024,False,36.730937385022166,0.9690563854824968,35.267838275956215,0.9635414561010615,9.5009183883667,9.504623889923096,0.018230381947789906,9.472000122070312,9.532256126403809,3,10,1024,1024,512,512,2.11.0+cu128,12.8,2026-08-31T12:08:38.347301+00:00,3.13.15,2.1.3,11.3.0,0.25.2,Linux-6.6.122+-x86_64-with-glibc2.35,x86_64
Urban100,img_069.png,x2,fsrcnn,prepared_bicubic_lr,img_069.png,2,native_model_grid_then_full_target_size_adjustment,gaussian_11x11_sigma_1.5_population_covariance,limited_bt601_y_model_with_bicubic_cbcr,gpu,model_forward_only_cuda_events,Tesla T4,14912.6875,163.19580078125,12809,fsrcnn_x2.pth,1af70e2cbf0d11b942008d6c425e469e9fe275a68f3ac8b6c21e8672d6e67b69,https://dl.dropboxusercontent.com/s/1k3dker6g7hz76s/fsrcnn_x2.pth,91-image,bicubic,1200,824,1200,824,False,28.68150912749996,0.9054184992029903,27.360873708280103,0.8986689802837101,9.86620798110962,9.865423679351807,0.006473779272858396,9.8570556640625,9.8788480758667,3,10,1200,824,600,412,2.11.0+cu128,12.8,2026-08-31T12:08:39.929208+00:00,3.13.15,2.1.3,11.3.0,0.25.2,Linux-6.6.122+-x86_64-with-glibc2.35,x86_64
Urban100,img_070.png,x2,fsrcnn,prepared_bicubic_lr,img_070.png,2,native_model_grid_then_full_target_size_adjustment,gaussian_11x11_sigma_1.5_population_covariance,limited_bt601_y_model_with_bicubic_cbcr,gpu,model_forward_only_cuda_events,Tesla T4,14912.6875,129.8076171875,12809,fsrcnn_x2.pth,1af70e2cbf0d11b942008d6c425e469e9fe275a68f3ac8b6c21e8672d6e67b69,https://dl.dropboxusercontent.com/s/1k3dker6g7hz76s/fsrcnn_x2.pth,91-image,bicubic,1024,768,1024,768,False,24.20663736311635,0.7745620356407873,22.88421418267212,0.7653601223375635,7.891209602355957,7.88705587387085,0.013668739023585803,7.876128196716309,7.915487766265869,3,10,1024,768,512,384,2.11.0+cu128,12.8,2026-08-31T12:08:41.024926+00:00,3.13.15,2.1.3,11.3.0,0.25.2,Linux-6.6.122+-x86_64-with-glibc2.35,x86_64
Urban100,img_071.png,x2,fsrcnn,prepared_bicubic_lr,img_071.png,2,native_model_grid_then_full_target_size_adjustment,gaussian_11x11_sigma_1.5_population_covariance,limited_bt601_y_model_with_bicubic_cbcr,gpu,model_forward_only_cuda_events,Tesla T4,14912.6875,129.8076171875,12809,fsrcnn_x2.pth,1af70e2cbf0d11b942008d6c425e469e9fe275a68f3ac8b6c21e8672d6e67b69,https://dl.dropboxusercontent.com/s/1k3dker6g7hz76s/fsrcnn_x2.pth,91-image,bicubic,1024,768,1024,768,False,30.70201764871075,0.8302166439472841,29.343108380349566,0.8130955080576648,6.655782413482666,6.653519868850708,0.016673225147417207,6.63647985458374,6.696959972381592,3,10,1024,768,512,384,2.11.0+cu128,12.8,2026-08-31T12:08:42.131462+00:00,3.13.15,2.1.3,11.3.0,0.25.2,Linux-6.6.122+-x86_64-with-glibc2.35,x86_64
Urban100,img_072.png,x2,fsrcnn,prepared_bicubic_lr,img_072.png,2,native_model_grid_then_full_target_size_adjustment,gaussian_11x11_sigma_1.5_population_covariance,limited_bt601_y_model_with_bicubic_cbcr,gpu,model_forward_only_cuda_events,Tesla T4,14912.6875,114.9404296875,12809,fsrcnn_x2.pth,1af70e2cbf0d11b942008d6c425e469e9fe275a68f3ac8b6c21e8672d6e67b69,https://dl.dropboxusercontent.com/s/1k3dker6g7hz76s/fsrcnn_x2.pth,91-image,bicubic,680,1024,680,1024,False,23.647092204818144,0.9194288656844963,22.32517160363321,0.9165380152737613,7.086076784133911,7.082159996032715,0.021199454245421027,7.059455871582031,7.134047985076904,3,10,680,1024,340,512,2.11.0+cu128,12.8,2026-08-31T12:08:43.050948+00:00,3.13.15,2.1.3,11.3.0,0.25.2,Linux-6.6.122+-x86_64-with-glibc2.35,x86_64
Urban100,img_073.png,x2,fsrcnn,prepared_bicubic_lr,img_073.png,2,native_model_grid_then_full_target_size_adjustment,gaussian_11x11_sigma_1.5_population_covariance,limited_bt601_y_model_with_bicubic_cbcr,gpu,model_forward_only_cuda_events,Tesla T4,14912.6875,129.7880859375,12809,fsrcnn_x2.pth,1af70e2cbf0d11b942008d6c425e469e9fe275a68f3ac8b6c21e8672d6e67b69,https://dl.dropboxusercontent.com/s/1k3dker6g7hz76s/fsrcnn_x2.pth,91-image,bicubic,1024,764,1024,764,False,24.921768034681143,0.8422499279837209,23.473674975800908,0.8271416099904708,7.07838077545166,7.074735879898071,0.0136909656007723,7.059423923492432,7.102399826049805,3,10,1024,764,512,382,2.11.0+cu128,12.8,2026-08-31T12:08:44.030588+00:00,3.13.15,2.1.3,11.3.0,0.25.2,Linux-6.6.122+-x86_64-with-glibc2.35,x86_64
Urban100,img_074.png,x2,fsrcnn,prepared_bicubic_lr,img_074.png,2,native_model_grid_then_full_target_size_adjustment,gaussian_11x11_sigma_1.5_population_covariance,limited_bt601_y_model_with_bicubic_cbcr,gpu,model_forward_only_cuda_events,Tesla T4,14912.6875,114.9404296875,12809,fsrcnn_x2.pth,1af70e2cbf0d11b942008d6c425e469e9fe275a68f3ac8b6c21e8672d6e67b69,https://dl.dropboxusercontent.com/s/1k3dker6g7hz76s/fsrcnn_x2.pth,91-image,bicubic,680,1024,680,1024,False,27.272021775507767,0.8803449115448385,25.87081201302125,0.8767262327059598,5.828755235671997,5.830687999725342,0.008392594479858304,5.815455913543701,5.840896129608154,3,10,680,1024,340,512,2.11.0+cu128,12.8,2026-08-31T12:08:44.938101+00:00,3.13.15,2.1.3,11.3.0,0.25.2,Linux-6.6.122+-x86_64-with-glibc2.35,x86_64
Urban100,img_075.png,x2,fsrcnn,prepared_bicubic_lr,img_075.png,2,native_model_grid_then_full_target_size_adjustment,gaussian_11x11_sigma_1.5_population_covariance,limited_bt601_y_model_with_bicubic_cbcr,gpu,model_forward_only_cuda_events,Tesla T4,14912.6875,114.9404296875,12809,fsrcnn_x2.pth,1af70e2cbf0d11b942008d6c425e469e9fe275a68f3ac8b6c21e8672d6e67b69,https://dl.dropboxusercontent.com/s/1k3dker6g7hz76s/fsrcnn_x2.pth,91-image,bicubic,1024,680,1024,680,False,34.224322294307555,0.9318256063875813,32.16799267453427,0.9163753390647665,5.785939264297485,5.783776044845581,0.008998958723582962,5.772064208984375,5.799647808074951,3,10,1024,680,512,340,2.11.0+cu128,12.8,2026-08-31T12:08:45.911942+00:00,3.13.15,2.1.3,11.3.0,0.25.2,Linux-6.6.122+-x86_64-with-glibc2.35,x86_64
Urban100,img_076.png,x2,fsrcnn,prepared_bicubic_lr,img_076.png,2,native_model_grid_then_full_target_size_adjustment,gaussian_11x11_sigma_1.5_population_covariance,limited_bt601_y_model_with_bicubic_cbcr,gpu,model_forward_only_cuda_events,Tesla T4,14912.6875,114.2646484375,12809,fsrcnn_x2.pth,1af70e2cbf0d11b942008d6c425e469e9fe275a68f3ac8b6c21e8672d6e67b69,https://dl.dropboxusercontent.com/s/1k3dker6g7hz76s/fsrcnn_x2.pth,91-image,bicubic,1024,676,1024,676,False,28.83999725538761,0.9339673778061134,27.046636546917348,0.9144413033052672,6.984659194946289,6.977936029434204,0.019124227854839006,6.962048053741455,7.020415782928467,3,10,1024,676,512,338,2.11.0+cu128,12.8,2026-08-31T12:08:46.827194+00:00,3.13.15,2.1.3,11.3.0,0.25.2,Linux-6.6.122+-x86_64-with-glibc2.35,x86_64
Urban100,img_077.png,x2,fsrcnn,prepared_bicubic_lr,img_077.png,2,native_model_grid_then_full_target_size_adjustment,gaussian_11x11_sigma_1.5_population_covariance,limited_bt601_y_model_with_bicubic_cbcr,gpu,model_forward_only_cuda_events,Tesla T4,14912.6875,114.9404296875,12809,fsrcnn_x2.pth,1af70e2cbf0d11b942008d6c425e469e9fe275a68f3ac8b6c21e8672d6e67b69,https://dl.dropboxusercontent.com/s/1k3dker6g7hz76s/fsrcnn_x2.pth,91-image,bicubic,1024,680,1024,680,False,25.130639847734244,0.8359230909313968,23.742497800348623,0.8246351168888837,6.417884778976441,6.4206719398498535,0.009875222996149896,6.396128177642822,6.435103893280029,3,10,1024,680,512,340,2.11.0+cu128,12.8,2026-08-31T12:08:47.760964+00:00,3.13.15,2.1.3,11.3.0,0.25.2,Linux-6.6.122+-x86_64-with-glibc2.35,x86_64
Urban100,img_078.png,x2,fsrcnn,prepared_bicubic_lr,img_078.png,2,native_model_grid_then_full_target_size_adjustment,gaussian_11x11_sigma_1.5_population_covariance,limited_bt601_y_model_with_bicubic_cbcr,gpu,model_forward_only_cuda_events,Tesla T4,14912.6875,123.7255859375,12809,fsrcnn_x2.pth,1af70e2cbf0d11b942008d6c425e469e9fe275a68f3ac8b6c21e8672d6e67b69,https://dl.dropboxusercontent.com/s/1k3dker6g7hz76s/fsrcnn_x2.pth,91-image,bicubic,1024,732,1024,732,False,32.40516208994944,0.9183609317354366,31.10162744333919,0.9061598936554467,6.8663551807403564,6.866415977478027,0.011491131058603882,6.84441614151001,6.885568141937256,3,10,1024,732,512,366,2.11.0+cu128,12.8,2026-08-31T12:08:48.855669+00:00,3.13.15,2.1.3,11.3.0,0.25.2,Linux-6.6.122+-x86_64-with-glibc2.35,x86_64
Urban100,img_079.png,x2,fsrcnn,prepared_bicubic_lr,img_079.png,2,native_model_grid_then_full_target_size_adjustment,gaussian_11x11_sigma_1.5_population_covariance,limited_bt601_y_model_with_bicubic_cbcr,gpu,model_forward_only_cuda_events,Tesla T4,14912.6875,129.8076171875,12809,fsrcnn_x2.pth,1af70e2cbf0d11b942008d6c425e469e9fe275a68f3ac8b6c21e8672d6e67b69,https://dl.dropboxusercontent.com/s/1k3dker6g7hz76s/fsrcnn_x2.pth,91-image,bicubic,1024,768,1024,768,False,28.726489679634646,0.847875517558816,27.198947558563415,0.8286154717394281,6.730691194534302,6.72977614402771,0.01811358613324695,6.701056003570557,6.764480113983154,3,10,1024,768,512,384,2.11.0+cu128,12.8,2026-08-31T12:08:50.203099+00:00,3.13.15,2.1.3,11.3.0,0.25.2,Linux-6.6.122+-x86_64-with-glibc2.35,x86_64
Urban100,img_080.png,x2,fsrcnn,prepared_bicubic_lr,img_080.png,2,native_model_grid_then_full_target_size_adjustment,gaussian_11x11_sigma_1.5_population_covariance,limited_bt601_y_model_with_bicubic_cbcr,gpu,model_forward_only_cuda_events,Tesla T4,14912.6875,133.494140625,12809,fsrcnn_x2.pth,1af70e2cbf0d11b942008d6c425e469e9fe275a68f3ac8b6c21e8672d6e67b69,https://dl.dropboxusercontent.com/s/1k3dker6g7hz76s/fsrcnn_x2.pth,91-image,bicubic,776,1036,776,1036,False,39.70026038400413,0.9815475058570907,38.184829256136446,0.975825552615167,8.145625495910645,8.145711898803711,0.011661944338291175,8.12723159790039,8.16592025756836,3,10,776,1036,388,518,2.11.0+cu128,12.8,2026-08-31T12:08:51.687187+00:00,3.13.15,2.1.3,11.3.0,0.25.2,Linux-6.6.122+-x86_64-with-glibc2.35,x86_64
Urban100,img_081.png,x2,fsrcnn,prepared_bicubic_lr,img_081.png,2,native_model_grid_then_full_target_size_adjustment,gaussian_11x11_sigma_1.5_population_covariance,limited_bt601_y_model_with_bicubic_cbcr,gpu,model_forward_only_cuda_events,Tesla T4,14912.6875,173.0576171875,12809,fsrcnn_x2.pth,1af70e2cbf0d11b942008d6c425e469e9fe275a68f3ac8b6c21e8672d6e67b69,https://dl.dropboxusercontent.com/s/1k3dker6g7hz76s/fsrcnn_x2.pth,91-image,bicubic,1024,1024,1024,1024,False,41.7671057910477,0.988179420254064,37.40471466096327,0.9681397598801368,10.368659210205077,10.362256050109863,0.021389856791931134,10.338656425476074,10.403807640075684,3,10,1024,1024,512,512,2.11.0+cu128,12.8,2026-08-31T12:08:53.629436+00:00,3.13.15,2.1.3,11.3.0,0.25.2,Linux-6.6.122+-x86_64-with-glibc2.35,x86_64
Urban100,img_082.png,x2,fsrcnn,prepared_bicubic_lr,img_082.png,2,native_model_grid_then_full_target_size_adjustment,gaussian_11x11_sigma_1.5_population_covariance,limited_bt601_y_model_with_bicubic_cbcr,gpu,model_forward_only_cuda_events,Tesla T4,14912.6875,173.0576171875,12809,fsrcnn_x2.pth,1af70e2cbf0d11b942008d6c425e469e9fe275a68f3ac8b6c21e8672d6e67b69,https://dl.dropboxusercontent.com/s/1k3dker6g7hz76s/fsrcnn_x2.pth,91-image,bicubic,1024,1024,1024,1024,False,37.837443972696974,0.9734840369718541,36.295350002353864,0.9649209710899281,8.412278413772583,8.907360076904297,0.7418722333134479,7.473120212554932,9.103360176086426,3,10,1024,1024,512,512,2.11.0+cu128,12.8,2026-08-31T12:08:55.130403+00:00,3.13.15,2.1.3,11.3.0,0.25.2,Linux-6.6.122+-x86_64-with-glibc2.35,x86_64
Urban100,img_083.png,x2,fsrcnn,prepared_bicubic_lr,img_083.png,2,native_model_grid_then_full_target_size_adjustment,gaussian_11x11_sigma_1.5_population_covariance,limited_bt601_y_model_with_bicubic_cbcr,gpu,model_forward_only_cuda_events,Tesla T4,14912.6875,169.6787109375,12809,fsrcnn_x2.pth,1af70e2cbf0d11b942008d6c425e469e9fe275a68f3ac8b6c21e8672d6e67b69,https://dl.dropboxusercontent.com/s/1k3dker6g7hz76s/fsrcnn_x2.pth,91-image,bicubic,1004,1024,1004,1024,False,25.338912786392616,0.8633412986626052,24.055057976082864,0.8558879823278653,10.276652717590332,10.270576000213623,0.024694214038492476,10.249312400817871,10.32960033416748,3,10,1004,1024,502,512,2.11.0+cu128,12.8,2026-08-31T12:08:56.529227+00:00,3.13.15,2.1.3,11.3.0,0.25.2,Linux-6.6.122+-x86_64-with-glibc2.35,x86_64
Urban100,img_084.png,x2,fsrcnn,prepared_bicubic_lr,img_084.png,2,native_model_grid_then_full_target_size_adjustment,gaussian_11x11_sigma_1.5_population_covariance,limited_bt601_y_model_with_bicubic_cbcr,gpu,model_forward_only_cuda_events,Tesla T4,14912.6875,173.0576171875,12809,fsrcnn_x2.pth,1af70e2cbf0d11b942008d6c425e469e9fe275a68f3ac8b6c21e8672d6e67b69,https://dl.dropboxusercontent.com/s/1k3dker6g7hz76s/fsrcnn_x2.pth,91-image,bicubic,1024,1024,1024,1024,False,33.20371848607368,0.9285448692976879,31.168160097289253,0.9076278602368163,7.841766405105591,7.836863994598389,0.01942341472160812,7.8172478675842285,7.888735771179199,3,10,1024,1024,512,512,2.11.0+cu128,12.8,2026-08-31T12:08:57.983226+00:00,3.13.15,2.1.3,11.3.0,0.25.2,Linux-6.6.122+-x86_64-with-glibc2.35,x86_64
Urban100,img_085.png,x2,fsrcnn,prepared_bicubic_lr,img_085.png,2,native_model_grid_then_full_target_size_adjustment,gaussian_11x11_sigma_1.5_population_covariance,limited_bt601_y_model_with_bicubic_cbcr,gpu,model_forward_only_cuda_events,Tesla T4,14912.6875,114.2646484375,12809,fsrcnn_x2.pth,1af70e2cbf0d11b942008d6c425e469e9fe275a68f3ac8b6c21e8672d6e67b69,https://dl.dropboxusercontent.com/s/1k3dker6g7hz76s/fsrcnn_x2.pth,91-image,bicubic,1024,676,1024,676,False,33.29639779204892,0.9690110940948631,31.248113305748923,0.9552760707904161,4.7774656295776365,4.7694079875946045,0.05772404412600091,4.71449613571167,4.901599884033203,3,10,1024,676,512,338,2.11.0+cu128,12.8,2026-08-31T12:08:58.888233+00:00,3.13.15,2.1.3,11.3.0,0.25.2,Linux-6.6.122+-x86_64-with-glibc2.35,x86_64
Urban100,img_086.png,x2,fsrcnn,prepared_bicubic_lr,img_086.png,2,native_model_grid_then_full_target_size_adjustment,gaussian_11x11_sigma_1.5_population_covariance,limited_bt601_y_model_with_bicubic_cbcr,gpu,model_forward_only_cuda_events,Tesla T4,14912.6875,129.8076171875,12809,fsrcnn_x2.pth,1af70e2cbf0d11b942008d6c425e469e9fe275a68f3ac8b6c21e8672d6e67b69,https://dl.dropboxusercontent.com/s/1k3dker6g7hz76s/fsrcnn_x2.pth,91-image,bicubic,1024,768,1024,768,False,35.56447091834889,0.9583096501827482,34.18528849024344,0.9524269404248296,7.22770881652832,7.217695951461792,0.02400077470362943,7.197984218597412,7.2691521644592285,3,10,1024,768,512,384,2.11.0+cu128,12.8,2026-08-31T12:08:59.962170+00:00,3.13.15,2.1.3,11.3.0,0.25.2,Linux-6.6.122+-x86_64-with-glibc2.35,x86_64
Urban100,img_087.png,x2,fsrcnn,prepared_bicubic_lr,img_087.png,2,native_model_grid_then_full_target_size_adjustment,gaussian_11x11_sigma_1.5_population_covariance,limited_bt601_y_model_with_bicubic_cbcr,gpu,model_forward_only_cuda_events,Tesla T4,14912.6875,173.0576171875,12809,fsrcnn_x2.pth,1af70e2cbf0d11b942008d6c425e469e9fe275a68f3ac8b6c21e8672d6e67b69,https://dl.dropboxusercontent.com/s/1k3dker6g7hz76s/fsrcnn_x2.pth,91-image,bicubic,1024,1024,1024,1024,False,31.182387303276965,0.9428898535816029,29.608330101237517,0.9274213049913816,10.254729747772217,10.339728355407715,0.2703356297049939,9.446016311645508,10.399328231811523,3,10,1024,1024,512,512,2.11.0+cu128,12.8,2026-08-31T12:09:01.418342+00:00,3.13.15,2.1.3,11.3.0,0.25.2,Linux-6.6.122+-x86_64-with-glibc2.35,x86_64
Urban100,img_088.png,x2,fsrcnn,prepared_bicubic_lr,img_088.png,2,native_model_grid_then_full_target_size_adjustment,gaussian_11x11_sigma_1.5_population_covariance,limited_bt601_y_model_with_bicubic_cbcr,gpu,model_forward_only_cuda_events,Tesla T4,14912.6875,113.5888671875,12809,fsrcnn_x2.pth,1af70e2cbf0d11b942008d6c425e469e9fe275a68f3ac8b6c21e8672d6e67b69,https://dl.dropboxusercontent.com/s/1k3dker6g7hz76s/fsrcnn_x2.pth,91-image,bicubic,1024,672,1024,672,False,23.245429103119445,0.8085432046733357,21.868174273900962,0.7957354369585699,5.123980855941772,5.121615886688232,0.016698267431151798,5.105696201324463,5.16534423828125,3,10,1024,672,512,336,2.11.0+cu128,12.8,2026-08-31T12:09:02.330501+00:00,3.13.15,2.1.3,11.3.0,0.25.2,Linux-6.6.122+-x86_64-with-glibc2.35,x86_64
Urban100,img_089.png,x2,fsrcnn,prepared_bicubic_lr,img_089.png,2,native_model_grid_then_full_target_size_adjustment,gaussian_11x11_sigma_1.5_population_covariance,limited_bt601_y_model_with_bicubic_cbcr,gpu,model_forward_only_cuda_events,Tesla T4,14912.6875,129.8076171875,12809,fsrcnn_x2.pth,1af70e2cbf0d11b942008d6c425e469e9fe275a68f3ac8b6c21e8672d6e67b69,https://dl.dropboxusercontent.com/s/1k3dker6g7hz76s/fsrcnn_x2.pth,91-image,bicubic,768,1024,768,1024,False,30.553456821613327,0.8863975895998126,29.198354986545745,0.8779183170123385,7.888380813598633,7.881808042526245,0.016840282722484508,7.867712020874023,7.915487766265869,3,10,768,1024,384,512,2.11.0+cu128,12.8,2026-08-31T12:09:03.438368+00:00,3.13.15,2.1.3,11.3.0,0.25.2,Linux-6.6.122+-x86_64-with-glibc2.35,x86_64
Urban100,img_090.png,x2,fsrcnn,prepared_bicubic_lr,img_090.png,2,native_model_grid_then_full_target_size_adjustment,gaussian_11x11_sigma_1.5_population_covariance,limited_bt601_y_model_with_bicubic_cbcr,gpu,model_forward_only_cuda_events,Tesla T4,14912.6875,114.9404296875,12809,fsrcnn_x2.pth,1af70e2cbf0d11b942008d6c425e469e9fe275a68f3ac8b6c21e8672d6e67b69,https://dl.dropboxusercontent.com/s/1k3dker6g7hz76s/fsrcnn_x2.pth,91-image,bicubic,1024,680,1024,680,False,42.20838144898973,0.9878401215096327,40.09263560776952,0.9808966342043405,5.94768009185791,5.950592041015625,0.014376524032451432,5.919328212738037,5.975872039794922,3,10,1024,680,512,340,2.11.0+cu128,12.8,2026-08-31T12:09:04.684684+00:00,3.13.15,2.1.3,11.3.0,0.25.2,Linux-6.6.122+-x86_64-with-glibc2.35,x86_64
Urban100,img_091.png,x2,fsrcnn,prepared_bicubic_lr,img_091.png,2,native_model_grid_then_full_target_size_adjustment,gaussian_11x11_sigma_1.5_population_covariance,limited_bt601_y_model_with_bicubic_cbcr,gpu,model_forward_only_cuda_events,Tesla T4,14912.6875,114.9404296875,12809,fsrcnn_x2.pth,1af70e2cbf0d11b942008d6c425e469e9fe275a68f3ac8b6c21e8672d6e67b69,https://dl.dropboxusercontent.com/s/1k3dker6g7hz76s/fsrcnn_x2.pth,91-image,bicubic,1024,680,1024,680,False,27.75239697211344,0.8656940903516457,25.650468785726098,0.8396822407422765,7.05446081161499,7.0555198192596436,0.019556745115584504,7.031936168670654,7.10041618347168,3,10,1024,680,512,340,2.11.0+cu128,12.8,2026-08-31T12:09:05.901372+00:00,3.13.15,2.1.3,11.3.0,0.25.2,Linux-6.6.122+-x86_64-with-glibc2.35,x86_64
Urban100,img_092.png,x2,fsrcnn,prepared_bicubic_lr,img_092.png,2,native_model_grid_then_full_target_size_adjustment,gaussian_11x11_sigma_1.5_population_covariance,limited_bt601_y_model_with_bicubic_cbcr,gpu,model_forward_only_cuda_events,Tesla T4,14912.6875,116.9677734375,12809,fsrcnn_x2.pth,1af70e2cbf0d11b942008d6c425e469e9fe275a68f3ac8b6c21e8672d6e67b69,https://dl.dropboxusercontent.com/s/1k3dker6g7hz76s/fsrcnn_x2.pth,91-image,bicubic,1024,692,1024,692,False,21.603469199897525,0.79313026067557,20.282255101808136,0.7800403517796571,7.177356863021851,7.168960094451904,0.0191591195186639,7.159808158874512,7.225024223327637,3,10,1024,692,512,346,2.11.0+cu128,12.8,2026-08-31T12:09:07.141842+00:00,3.13.15,2.1.3,11.3.0,0.25.2,Linux-6.6.122+-x86_64-with-glibc2.35,x86_64
Urban100,img_093.png,x2,fsrcnn,prepared_bicubic_lr,img_093.png,2,native_model_grid_then_full_target_size_adjustment,gaussian_11x11_sigma_1.5_population_covariance,limited_bt601_y_model_with_bicubic_cbcr,gpu,model_forward_only_cuda_events,Tesla T4,14912.6875,129.8076171875,12809,fsrcnn_x2.pth,1af70e2cbf0d11b942008d6c425e469e9fe275a68f3ac8b6c21e8672d6e67b69,https://dl.dropboxusercontent.com/s/1k3dker6g7hz76s/fsrcnn_x2.pth,91-image,bicubic,1024,768,1024,768,False,35.92847631968294,0.97371086311741,34.426354715473884,0.9673093199912794,7.956172800064087,7.944063901901245,0.027605281791695295,7.934688091278076,8.031871795654297,3,10,1024,768,512,384,2.11.0+cu128,12.8,2026-08-31T12:09:08.312155+00:00,3.13.15,2.1.3,11.3.0,0.25.2,Linux-6.6.122+-x86_64-with-glibc2.35,x86_64
Urban100,img_094.png,x2,fsrcnn,prepared_bicubic_lr,img_094.png,2,native_model_grid_then_full_target_size_adjustment,gaussian_11x11_sigma_1.5_population_covariance,limited_bt601_y_model_with_bicubic_cbcr,gpu,model_forward_only_cuda_events,Tesla T4,14912.6875,129.8076171875,12809,fsrcnn_x2.pth,1af70e2cbf0d11b942008d6c425e469e9fe275a68f3ac8b6c21e8672d6e67b69,https://dl.dropboxusercontent.com/s/1k3dker6g7hz76s/fsrcnn_x2.pth,91-image,bicubic,1024,768,1024,768,False,30.06281620265398,0.8944248348466434,28.66100567943831,0.8771994026885533,6.662483215332031,6.659584045410156,0.018554664561265723,6.631711959838867,6.688767910003662,3,10,1024,768,512,384,2.11.0+cu128,12.8,2026-08-31T12:09:09.409392+00:00,3.13.15,2.1.3,11.3.0,0.25.2,Linux-6.6.122+-x86_64-with-glibc2.35,x86_64
Urban100,img_095.png,x2,fsrcnn,prepared_bicubic_lr,img_095.png,2,native_model_grid_then_full_target_size_adjustment,gaussian_11x11_sigma_1.5_population_covariance,limited_bt601_y_model_with_bicubic_cbcr,gpu,model_forward_only_cuda_events,Tesla T4,14912.6875,129.8076171875,12809,fsrcnn_x2.pth,1af70e2cbf0d11b942008d6c425e469e9fe275a68f3ac8b6c21e8672d6e67b69,https://dl.dropboxusercontent.com/s/1k3dker6g7hz76s/fsrcnn_x2.pth,91-image,bicubic,1024,768,1024,768,False,22.805586376047337,0.719753313707861,21.48366503696149,0.7118212858168721,7.893718433380127,7.895776033401489,0.01651482928374375,7.867392063140869,7.916800022125244,3,10,1024,768,512,384,2.11.0+cu128,12.8,2026-08-31T12:09:10.427439+00:00,3.13.15,2.1.3,11.3.0,0.25.2,Linux-6.6.122+-x86_64-with-glibc2.35,x86_64
Urban100,img_096.png,x2,fsrcnn,prepared_bicubic_lr,img_096.png,2,native_model_grid_then_full_target_size_adjustment,gaussian_11x11_sigma_1.5_population_covariance,limited_bt601_y_model_with_bicubic_cbcr,gpu,model_forward_only_cuda_events,Tesla T4,14912.6875,129.8076171875,12809,fsrcnn_x2.pth,1af70e2cbf0d11b942008d6c425e469e9fe275a68f3ac8b6c21e8672d6e67b69,https://dl.dropboxusercontent.com/s/1k3dker6g7hz76s/fsrcnn_x2.pth,91-image,bicubic,1024,768,1024,768,False,28.731147697467936,0.9378904986068359,27.334321005991725,0.9304618407505343,6.674204778671265,6.673408031463623,0.02488369809346254,6.6457600593566895,6.740767955780029,3,10,1024,768,512,384,2.11.0+cu128,12.8,2026-08-31T12:09:11.557890+00:00,3.13.15,2.1.3,11.3.0,0.25.2,Linux-6.6.122+-x86_64-with-glibc2.35,x86_64
Urban100,img_097.png,x2,fsrcnn,prepared_bicubic_lr,img_097.png,2,native_model_grid_then_full_target_size_adjustment,gaussian_11x11_sigma_1.5_population_covariance,limited_bt601_y_model_with_bicubic_cbcr,gpu,model_forward_only_cuda_events,Tesla T4,14912.6875,114.9404296875,12809,fsrcnn_x2.pth,1af70e2cbf0d11b942008d6c425e469e9fe275a68f3ac8b6c21e8672d6e67b69,https://dl.dropboxusercontent.com/s/1k3dker6g7hz76s/fsrcnn_x2.pth,91-image,bicubic,1024,680,1024,680,False,28.138620292177965,0.8869234386059632,26.66939113527631,0.8770907249706287,5.659087991714477,5.6608641147613525,0.011356347641228061,5.6381120681762695,5.680511951446533,3,10,1024,680,512,340,2.11.0+cu128,12.8,2026-08-31T12:09:12.518961+00:00,3.13.15,2.1.3,11.3.0,0.25.2,Linux-6.6.122+-x86_64-with-glibc2.35,x86_64
Urban100,img_098.png,x2,fsrcnn,prepared_bicubic_lr,img_098.png,2,native_model_grid_then_full_target_size_adjustment,gaussian_11x11_sigma_1.5_population_covariance,limited_bt601_y_model_with_bicubic_cbcr,gpu,model_forward_only_cuda_events,Tesla T4,14912.6875,114.9404296875,12809,fsrcnn_x2.pth,1af70e2cbf0d11b942008d6c425e469e9fe275a68f3ac8b6c21e8672d6e67b69,https://dl.dropboxusercontent.com/s/1k3dker6g7hz76s/fsrcnn_x2.pth,91-image,bicubic,1024,680,1024,680,False,23.232142592070918,0.7620482953572972,21.855521490788785,0.7517196276668535,7.010108804702758,7.00979208946228,0.017286139195210676,6.9771199226379395,7.036831855773926,3,10,1024,680,512,340,2.11.0+cu128,12.8,2026-08-31T12:09:13.410271+00:00,3.13.15,2.1.3,11.3.0,0.25.2,Linux-6.6.122+-x86_64-with-glibc2.35,x86_64
Urban100,img_099.png,x2,fsrcnn,prepared_bicubic_lr,img_099.png,2,native_model_grid_then_full_target_size_adjustment,gaussian_11x11_sigma_1.5_population_covariance,limited_bt601_y_model_with_bicubic_cbcr,gpu,model_forward_only_cuda_events,Tesla T4,14912.6875,135.8896484375,12809,fsrcnn_x2.pth,1af70e2cbf0d11b942008d6c425e469e9fe275a68f3ac8b6c21e8672d6e67b69,https://dl.dropboxusercontent.com/s/1k3dker6g7hz76s/fsrcnn_x2.pth,91-image,bicubic,1024,804,1024,804,False,29.50295712927474,0.9105721400646599,26.42277827190491,0.8721955971768987,8.216572952270507,8.214624404907227,0.012261429092561888,8.19865608215332,8.2390718460083,3,10,1024,804,512,402,2.11.0+cu128,12.8,2026-08-31T12:09:14.446165+00:00,3.13.15,2.1.3,11.3.0,0.25.2,Linux-6.6.122+-x86_64-with-glibc2.35,x86_64
Urban100,img_100.png,x2,fsrcnn,prepared_bicubic_lr,img_100.png,2,native_model_grid_then_full_target_size_adjustment,gaussian_11x11_sigma_1.5_population_covariance,limited_bt601_y_model_with_bicubic_cbcr,gpu,model_forward_only_cuda_events,Tesla T4,14912.6875,173.0576171875,12809,fsrcnn_x2.pth,1af70e2cbf0d11b942008d6c425e469e9fe275a68f3ac8b6c21e8672d6e67b69,https://dl.dropboxusercontent.com/s/1k3dker6g7hz76s/fsrcnn_x2.pth,91-image,bicubic,1024,1024,1024,1024,False,28.42912355011759,0.8573298082286458,23.946069816279362,0.7884794499929919,8.445968008041381,8.520944118499756,0.24670311724409896,7.707456111907959,8.553631782531738,3,10,1024,1024,512,512,2.11.0+cu128,12.8,2026-08-31T12:09:15.780586+00:00,3.13.15,2.1.3,11.3.0,0.25.2,Linux-6.6.122+-x86_64-with-glibc2.35,x86_64
Set5,baby.png,x3,fsrcnn,prepared_bicubic_lr,baby.png,3,native_model_grid_then_full_target_size_adjustment,gaussian_11x11_sigma_1.5_population_covariance,limited_bt601_y_model_with_bicubic_cbcr,gpu,model_forward_only_cuda_events,Tesla T4,14912.6875,19.68212890625,12809,fsrcnn_x3.pth,f65b55819c1258048bc8c1ca96f9e24bd4339f779951d7f928144c08e3868d75,https://dl.dropboxusercontent.com/s/pm1ed2nyboulz5z/fsrcnn_x3.pth,91-image,bicubic,510,510,512,512,True,35.051074373527264,0.9202011081275105,33.490664729842024,0.9003015547344418,1.600057601928711,1.5961920022964478,0.013332202251148577,1.585279941558838,1.6363199949264526,3,10,512,512,170,170,2.11.0+cu128,12.8,2026-08-31T12:06:52.814130+00:00,3.13.15,2.1.3,11.3.0,0.25.2,Linux-6.6.122+-x86_64-with-glibc2.35,x86_64
Set5,bird.png,x3,fsrcnn,prepared_bicubic_lr,bird.png,3,native_model_grid_then_full_target_size_adjustment,gaussian_11x11_sigma_1.5_population_covariance,limited_bt601_y_model_with_bicubic_cbcr,gpu,model_forward_only_cuda_events,Tesla T4,14912.6875,6.3154296875,12809,fsrcnn_x3.pth,f65b55819c1258048bc8c1ca96f9e24bd4339f779951d7f928144c08e3868d75,https://dl.dropboxusercontent.com/s/pm1ed2nyboulz5z/fsrcnn_x3.pth,91-image,bicubic,288,288,288,288,False,35.26470450795146,0.9520067650568824,32.68746204789996,0.9264249796888993,0.6056831896305084,0.6028479933738708,0.031739042216930725,0.5694079995155334,0.6893119812011719,3,10,288,288,96,96,2.11.0+cu128,12.8,2026-08-31T12:09:15.989928+00:00,3.13.15,2.1.3,11.3.0,0.25.2,Linux-6.6.122+-x86_64-with-glibc2.35,x86_64
Set5,butterfly.png,x3,fsrcnn,prepared_bicubic_lr,butterfly.png,3,native_model_grid_then_full_target_size_adjustment,gaussian_11x11_sigma_1.5_population_covariance,limited_bt601_y_model_with_bicubic_cbcr,gpu,model_forward_only_cuda_events,Tesla T4,14912.6875,4.96435546875,12809,fsrcnn_x3.pth,f65b55819c1258048bc8c1ca96f9e24bd4339f779951d7f928144c08e3868d75,https://dl.dropboxusercontent.com/s/pm1ed2nyboulz5z/fsrcnn_x3.pth,91-image,bicubic,255,255,256,256,True,27.715926465177073,0.9085011579138518,26.299474169892182,0.8888230521294203,0.741027194261551,0.7263519763946533,0.09863037717813125,0.5980160236358643,0.9196159839630127,3,10,256,256,85,85,2.11.0+cu128,12.8,2026-08-31T12:09:16.118163+00:00,3.13.15,2.1.3,11.3.0,0.25.2,Linux-6.6.122+-x86_64-with-glibc2.35,x86_64
Set5,head.png,x3,fsrcnn,prepared_bicubic_lr,head.png,3,native_model_grid_then_full_target_size_adjustment,gaussian_11x11_sigma_1.5_population_covariance,limited_bt601_y_model_with_bicubic_cbcr,gpu,model_forward_only_cuda_events,Tesla T4,14912.6875,5.93115234375,12809,fsrcnn_x3.pth,f65b55819c1258048bc8c1ca96f9e24bd4339f779951d7f928144c08e3868d75,https://dl.dropboxusercontent.com/s/pm1ed2nyboulz5z/fsrcnn_x3.pth,91-image,bicubic,279,279,280,280,True,33.62966121188045,0.8220606828544829,30.43065752372122,0.7461958305260318,0.6472800076007843,0.6066080033779144,0.09551374408385982,0.5582720041275024,0.886784017086029,3,10,280,280,93,93,2.11.0+cu128,12.8,2026-08-31T12:09:16.240001+00:00,3.13.15,2.1.3,11.3.0,0.25.2,Linux-6.6.122+-x86_64-with-glibc2.35,x86_64
Set5,woman.png,x3,fsrcnn,prepared_bicubic_lr,woman.png,3,native_model_grid_then_full_target_size_adjustment,gaussian_11x11_sigma_1.5_population_covariance,limited_bt601_y_model_with_bicubic_cbcr,gpu,model_forward_only_cuda_events,Tesla T4,14912.6875,5.94189453125,12809,fsrcnn_x3.pth,f65b55819c1258048bc8c1ca96f9e24bd4339f779951d7f928144c08e3868d75,https://dl.dropboxusercontent.com/s/pm1ed2nyboulz5z/fsrcnn_x3.pth,91-image,bicubic,228,342,228,344,True,31.198221348735387,0.9241855240477216,29.842635232588293,0.9139911728819521,0.6216159999370575,0.6134560108184814,0.051052241221829525,0.5468479990959167,0.7352319955825806,3,10,228,344,76,114,2.11.0+cu128,12.8,2026-08-31T12:09:16.362336+00:00,3.13.15,2.1.3,11.3.0,0.25.2,Linux-6.6.122+-x86_64-with-glibc2.35,x86_64
Set14,baboon.png,x3,fsrcnn,prepared_bicubic_lr,baboon.png,3,native_model_grid_then_full_target_size_adjustment,gaussian_11x11_sigma_1.5_population_covariance,limited_bt601_y_model_with_bicubic_cbcr,gpu,model_forward_only_cuda_events,Tesla T4,14912.6875,18.0927734375,12809,fsrcnn_x3.pth,f65b55819c1258048bc8c1ca96f9e24bd4339f779951d7f928144c08e3868d75,https://dl.dropboxusercontent.com/s/pm1ed2nyboulz5z/fsrcnn_x3.pth,91-image,bicubic,498,480,500,480,True,23.63300805978765,0.6080002043289384,21.482256648429168,0.5343568602342522,1.0311583876609802,1.0280959606170654,0.009979344476637866,1.025439977645874,1.0605440139770508,3,10,500,480,166,160,2.11.0+cu128,12.8,2026-08-31T12:09:16.680378+00:00,3.13.15,2.1.3,11.3.0,0.25.2,Linux-6.6.122+-x86_64-with-glibc2.35,x86_64
Set14,barbara.png,x3,fsrcnn,prepared_bicubic_lr,barbara.png,3,native_model_grid_then_full_target_size_adjustment,gaussian_11x11_sigma_1.5_population_covariance,limited_bt601_y_model_with_bicubic_cbcr,gpu,model_forward_only_cuda_events,Tesla T4,14912.6875,31.6591796875,12809,fsrcnn_x3.pth,f65b55819c1258048bc8c1ca96f9e24bd4339f779951d7f928144c08e3868d75,https://dl.dropboxusercontent.com/s/pm1ed2nyboulz5z/fsrcnn_x3.pth,91-image,bicubic,720,576,720,576,False,26.552647850619024,0.7797334303250978,25.0004896871746,0.7474804200422422,2.1472352266311647,2.1432321071624756,0.017774527651552866,2.1289279460906982,2.192608118057251,3,10,720,576,240,192,2.11.0+cu128,12.8,2026-08-31T12:09:17.188040+00:00,3.13.15,2.1.3,11.3.0,0.25.2,Linux-6.6.122+-x86_64-with-glibc2.35,x86_64
Set14,bridge.png,x3,fsrcnn,prepared_bicubic_lr,bridge.png,3,native_model_grid_then_full_target_size_adjustment,gaussian_11x11_sigma_1.5_population_covariance,limited_bt601_y_model_with_bicubic_cbcr,gpu,model_forward_only_cuda_events,Tesla T4,14912.6875,19.68212890625,12809,fsrcnn_x3.pth,f65b55819c1258048bc8c1ca96f9e24bd4339f779951d7f928144c08e3868d75,https://dl.dropboxusercontent.com/s/pm1ed2nyboulz5z/fsrcnn_x3.pth,91-image,bicubic,510,510,512,512,True,26.417578142283546,0.7213746314330497,25.0956546283807,0.7052299873681888,1.6029119968414307,1.6028160452842712,0.017381778237261506,1.5806080102920532,1.640447974205017,3,10,512,512,170,170,2.11.0+cu128,12.8,2026-08-31T12:09:17.481286+00:00,3.13.15,2.1.3,11.3.0,0.25.2,Linux-6.6.122+-x86_64-with-glibc2.35,x86_64
Set14,coastguard.png,x3,fsrcnn,prepared_bicubic_lr,coastguard.png,3,native_model_grid_then_full_target_size_adjustment,gaussian_11x11_sigma_1.5_population_covariance,limited_bt601_y_model_with_bicubic_cbcr,gpu,model_forward_only_cuda_events,Tesla T4,14912.6875,7.6845703125,12809,fsrcnn_x3.pth,f65b55819c1258048bc8c1ca96f9e24bd4339f779951d7f928144c08e3868d75,https://dl.dropboxusercontent.com/s/pm1ed2nyboulz5z/fsrcnn_x3.pth,91-image,bicubic,351,288,352,288,True,27.241880963783064,0.6603718021799001,25.91163969986198,0.630718947215725,1.1913472175598145,1.1886720061302185,0.06209469855280174,1.0690239667892456,1.302880048751831,3,10,352,288,117,96,2.11.0+cu128,12.8,2026-08-31T12:09:17.702256+00:00,3.13.15,2.1.3,11.3.0,0.25.2,Linux-6.6.122+-x86_64-with-glibc2.35,x86_64
Set14,comic.png,x3,fsrcnn,prepared_bicubic_lr,comic.png,3,native_model_grid_then_full_target_size_adjustment,gaussian_11x11_sigma_1.5_population_covariance,limited_bt601_y_model_with_bicubic_cbcr,gpu,model_forward_only_cuda_events,Tesla T4,14912.6875,6.82177734375,12809,fsrcnn_x3.pth,f65b55819c1258048bc8c1ca96f9e24bd4339f779951d7f928144c08e3868d75,https://dl.dropboxusercontent.com/s/pm1ed2nyboulz5z/fsrcnn_x3.pth,91-image,bicubic,249,360,250,361,True,24.501463387794974,0.7814266403389997,22.89724124163434,0.7596834210794708,1.0641023814678192,0.8492159843444824,0.515545685635351,0.7971839904785156,2.584127902984619,3,10,250,361,83,120,2.11.0+cu128,12.8,2026-08-31T12:09:17.890695+00:00,3.13.15,2.1.3,11.3.0,0.25.2,Linux-6.6.122+-x86_64-with-glibc2.35,x86_64
Set14,face.png,x3,fsrcnn,prepared_bicubic_lr,face.png,3,native_model_grid_then_full_target_size_adjustment,gaussian_11x11_sigma_1.5_population_covariance,limited_bt601_y_model_with_bicubic_cbcr,gpu,model_forward_only_cuda_events,Tesla T4,14912.6875,5.8056640625,12809,fsrcnn_x3.pth,f65b55819c1258048bc8c1ca96f9e24bd4339f779951d7f928144c08e3868d75,https://dl.dropboxusercontent.com/s/pm1ed2nyboulz5z/fsrcnn_x3.pth,91-image,bicubic,276,276,276,276,False,33.567385722862156,0.8208977121997301,30.382819032680942,0.7455485059342634,0.9369599997997284,0.8994720280170441,0.11771661885678536,0.8173120021820068,1.2038079500198364,3,10,276,276,92,92,2.11.0+cu128,12.8,2026-08-31T12:09:18.047487+00:00,3.13.15,2.1.3,11.3.0,0.25.2,Linux-6.6.122+-x86_64-with-glibc2.35,x86_64
Set14,flowers.png,x3,fsrcnn,prepared_bicubic_lr,flowers.png,3,native_model_grid_then_full_target_size_adjustment,gaussian_11x11_sigma_1.5_population_covariance,limited_bt601_y_model_with_bicubic_cbcr,gpu,model_forward_only_cuda_events,Tesla T4,14912.6875,13.583984375,12809,fsrcnn_x3.pth,f65b55819c1258048bc8c1ca96f9e24bd4339f779951d7f928144c08e3868d75,https://dl.dropboxusercontent.com/s/pm1ed2nyboulz5z/fsrcnn_x3.pth,91-image,bicubic,498,360,500,362,True,29.13528514695993,0.8525111106726393,26.796875522762083,0.8084368340508594,1.184764814376831,1.1903520226478577,0.02795045964796571,1.1416959762573242,1.2328640222549438,3,10,500,362,166,120,2.11.0+cu128,12.8,2026-08-31T12:09:18.377210+00:00,3.13.15,2.1.3,11.3.0,0.25.2,Linux-6.6.122+-x86_64-with-glibc2.35,x86_64
Set14,foreman.png,x3,fsrcnn,prepared_bicubic_lr,foreman.png,3,native_model_grid_then_full_target_size_adjustment,gaussian_11x11_sigma_1.5_population_covariance,limited_bt601_y_model_with_bicubic_cbcr,gpu,model_forward_only_cuda_events,Tesla T4,14912.6875,7.6845703125,12809,fsrcnn_x3.pth,f65b55819c1258048bc8c1ca96f9e24bd4339f779951d7f928144c08e3868d75,https://dl.dropboxusercontent.com/s/pm1ed2nyboulz5z/fsrcnn_x3.pth,91-image,bicubic,351,288,352,288,True,33.782277530282485,0.9336835286190555,32.13729305844716,0.9188897217051156,1.057094395160675,0.8879039883613586,0.43424096117214905,0.8637440204620361,2.3305280208587646,3,10,352,288,117,96,2.11.0+cu128,12.8,2026-08-31T12:09:18.561778+00:00,3.13.15,2.1.3,11.3.0,0.25.2,Linux-6.6.122+-x86_64-with-glibc2.35,x86_64
Set14,lenna.png,x3,fsrcnn,prepared_bicubic_lr,lenna.png,3,native_model_grid_then_full_target_size_adjustment,gaussian_11x11_sigma_1.5_population_covariance,limited_bt601_y_model_with_bicubic_cbcr,gpu,model_forward_only_cuda_events,Tesla T4,14912.6875,19.68212890625,12809,fsrcnn_x3.pth,f65b55819c1258048bc8c1ca96f9e24bd4339f779951d7f928144c08e3868d75,https://dl.dropboxusercontent.com/s/pm1ed2nyboulz5z/fsrcnn_x3.pth,91-image,bicubic,510,510,512,512,True,33.412522010758686,0.8823758789603855,31.059045197034415,0.8083845171324224,1.6251263976097108,1.6123999953269958,0.03057416393448127,1.595903992652893,1.6813759803771973,3,10,512,512,170,170,2.11.0+cu128,12.8,2026-08-31T12:09:19.014182+00:00,3.13.15,2.1.3,11.3.0,0.25.2,Linux-6.6.122+-x86_64-with-glibc2.35,x86_64
Set14,man.png,x3,fsrcnn,prepared_bicubic_lr,man.png,3,native_model_grid_then_full_target_size_adjustment,gaussian_11x11_sigma_1.5_population_covariance,limited_bt601_y_model_with_bicubic_cbcr,gpu,model_forward_only_cuda_events,Tesla T4,14912.6875,19.68212890625,12809,fsrcnn_x3.pth,f65b55819c1258048bc8c1ca96f9e24bd4339f779951d7f928144c08e3868d75,https://dl.dropboxusercontent.com/s/pm1ed2nyboulz5z/fsrcnn_x3.pth,91-image,bicubic,510,510,512,512,True,28.250108621519047,0.7958631240302703,26.928169111129826,0.7749695902607061,1.6379135966300964,1.632912039756775,0.024307594180916638,1.6059199571609497,1.6758400201797485,3,10,512,512,170,170,2.11.0+cu128,12.8,2026-08-31T12:09:19.423792+00:00,3.13.15,2.1.3,11.3.0,0.25.2,Linux-6.6.122+-x86_64-with-glibc2.35,x86_64
Set14,monarch.png,x3,fsrcnn,prepared_bicubic_lr,monarch.png,3,native_model_grid_then_full_target_size_adjustment,gaussian_11x11_sigma_1.5_population_covariance,limited_bt601_y_model_with_bicubic_cbcr,gpu,model_forward_only_cuda_events,Tesla T4,14912.6875,29.6083984375,12809,fsrcnn_x3.pth,f65b55819c1258048bc8c1ca96f9e24bd4339f779951d7f928144c08e3868d75,https://dl.dropboxusercontent.com/s/pm1ed2nyboulz5z/fsrcnn_x3.pth,91-image,bicubic,768,510,768,512,True,32.712460498842105,0.9473830950031483,31.242801482912142,0.9343390260590877,2.109216022491455,2.1079360246658325,0.005172940554478153,2.103264093399048,2.117408037185669,3,10,768,512,256,170,2.11.0+cu128,12.8,2026-08-31T12:09:20.046090+00:00,3.13.15,2.1.3,11.3.0,0.25.2,Linux-6.6.122+-x86_64-with-glibc2.35,x86_64
Set14,pepper.png,x3,fsrcnn,prepared_bicubic_lr,pepper.png,3,native_model_grid_then_full_target_size_adjustment,gaussian_11x11_sigma_1.5_population_covariance,limited_bt601_y_model_with_bicubic_cbcr,gpu,model_forward_only_cuda_events,Tesla T4,14912.6875,19.68212890625,12809,fsrcnn_x3.pth,f65b55819c1258048bc8c1ca96f9e24bd4339f779951d7f928144c08e3868d75,https://dl.dropboxusercontent.com/s/pm1ed2nyboulz5z/fsrcnn_x3.pth,91-image,bicubic,510,510,512,512,True,34.470177008419334,0.8885290010827078,31.179680414853216,0.7986778283013821,1.709280014038086,1.6373600363731384,0.17418852393415338,1.613152027130127,2.200608015060425,3,10,512,512,170,170,2.11.0+cu128,12.8,2026-08-31T12:09:20.542957+00:00,3.13.15,2.1.3,11.3.0,0.25.2,Linux-6.6.122+-x86_64-with-glibc2.35,x86_64
Set14,ppt3.png,x3,fsrcnn,prepared_bicubic_lr,ppt3.png,3,native_model_grid_then_full_target_size_adjustment,gaussian_11x11_sigma_1.5_population_covariance,limited_bt601_y_model_with_bicubic_cbcr,gpu,model_forward_only_cuda_events,Tesla T4,14912.6875,27.0830078125,12809,fsrcnn_x3.pth,f65b55819c1258048bc8c1ca96f9e24bd4339f779951d7f928144c08e3868d75,https://dl.dropboxusercontent.com/s/pm1ed2nyboulz5z/fsrcnn_x3.pth,91-image,bicubic,528,654,529,656,True,26.304742170206133,0.9295420421586864,24.557788207361355,0.9068091020721024,1.9536319971084595,1.893552005290985,0.17146283664068626,1.8780159950256348,2.4657599925994873,3,10,529,656,176,218,2.11.0+cu128,12.8,2026-08-31T12:09:21.047395+00:00,3.13.15,2.1.3,11.3.0,0.25.2,Linux-6.6.122+-x86_64-with-glibc2.35,x86_64
Set14,zebra.png,x3,fsrcnn,prepared_bicubic_lr,zebra.png,3,native_model_grid_then_full_target_size_adjustment,gaussian_11x11_sigma_1.5_population_covariance,limited_bt601_y_model_with_bicubic_cbcr,gpu,model_forward_only_cuda_events,Tesla T4,14912.6875,17.27197265625,12809,fsrcnn_x3.pth,f65b55819c1258048bc8c1ca96f9e24bd4339f779951d7f928144c08e3868d75,https://dl.dropboxusercontent.com/s/pm1ed2nyboulz5z/fsrcnn_x3.pth,91-image,bicubic,585,390,586,391,True,29.223155817905933,0.8501585063942616,27.819818632474764,0.8378318713787657,1.4334400057792664,1.4304640293121338,0.015333039920108137,1.4086400270462036,1.4622080326080322,3,10,586,391,195,130,2.11.0+cu128,12.8,2026-08-31T12:09:21.517745+00:00,3.13.15,2.1.3,11.3.0,0.25.2,Linux-6.6.122+-x86_64-with-glibc2.35,x86_64
BSD100,101085.png,x3,fsrcnn,prepared_bicubic_lr,101085.png,3,native_model_grid_then_full_target_size_adjustment,gaussian_11x11_sigma_1.5_population_covariance,limited_bt601_y_model_with_bicubic_cbcr,gpu,model_forward_only_cuda_events,Tesla T4,14912.6875,11.6826171875,12809,fsrcnn_x3.pth,f65b55819c1258048bc8c1ca96f9e24bd4339f779951d7f928144c08e3868d75,https://dl.dropboxusercontent.com/s/pm1ed2nyboulz5z/fsrcnn_x3.pth,91-image,bicubic,321,480,321,481,True,24.632362720988027,0.6416250994971409,23.30504161579519,0.6143218036844293,1.0339711904525757,1.0328960418701172,0.00936684930030234,1.023967981338501,1.0546879768371582,3,10,321,481,107,160,2.11.0+cu128,12.8,2026-08-31T12:09:21.780810+00:00,3.13.15,2.1.3,11.3.0,0.25.2,Linux-6.6.122+-x86_64-with-glibc2.35,x86_64
BSD100,101087.png,x3,fsrcnn,prepared_bicubic_lr,101087.png,3,native_model_grid_then_full_target_size_adjustment,gaussian_11x11_sigma_1.5_population_covariance,limited_bt601_y_model_with_bicubic_cbcr,gpu,model_forward_only_cuda_events,Tesla T4,14912.6875,11.6826171875,12809,fsrcnn_x3.pth,f65b55819c1258048bc8c1ca96f9e24bd4339f779951d7f928144c08e3868d75,https://dl.dropboxusercontent.com/s/pm1ed2nyboulz5z/fsrcnn_x3.pth,91-image,bicubic,321,480,321,481,True,29.40481311032263,0.840971934905885,28.07565648012824,0.8281766438976718,1.1950560092926026,1.052560031414032,0.19237572233184974,1.0385600328445435,1.501952052116394,3,10,321,481,107,160,2.11.0+cu128,12.8,2026-08-31T12:09:22.015682+00:00,3.13.15,2.1.3,11.3.0,0.25.2,Linux-6.6.122+-x86_64-with-glibc2.35,x86_64
BSD100,102061.png,x3,fsrcnn,prepared_bicubic_lr,102061.png,3,native_model_grid_then_full_target_size_adjustment,gaussian_11x11_sigma_1.5_population_covariance,limited_bt601_y_model_with_bicubic_cbcr,gpu,model_forward_only_cuda_events,Tesla T4,14912.6875,11.6826171875,12809,fsrcnn_x3.pth,f65b55819c1258048bc8c1ca96f9e24bd4339f779951d7f928144c08e3868d75,https://dl.dropboxusercontent.com/s/pm1ed2nyboulz5z/fsrcnn_x3.pth,91-image,bicubic,321,480,321,481,True,26.876874000124758,0.8247826469549766,25.523092560984367,0.8087114566159195,1.0377088069915772,1.0310880541801453,0.023121952743095524,1.0116159915924072,1.098912000656128,3,10,321,481,107,160,2.11.0+cu128,12.8,2026-08-31T12:09:22.230959+00:00,3.13.15,2.1.3,11.3.0,0.25.2,Linux-6.6.122+-x86_64-with-glibc2.35,x86_64
BSD100,103070.png,x3,fsrcnn,prepared_bicubic_lr,103070.png,3,native_model_grid_then_full_target_size_adjustment,gaussian_11x11_sigma_1.5_population_covariance,limited_bt601_y_model_with_bicubic_cbcr,gpu,model_forward_only_cuda_events,Tesla T4,14912.6875,11.6826171875,12809,fsrcnn_x3.pth,f65b55819c1258048bc8c1ca96f9e24bd4339f779951d7f928144c08e3868d75,https://dl.dropboxusercontent.com/s/pm1ed2nyboulz5z/fsrcnn_x3.pth,91-image,bicubic,480,321,481,321,True,31.688337119086366,0.88712947681779,30.33061661845435,0.8760206856535625,1.039855992794037,1.0342079997062683,0.021839685474685497,1.019327998161316,1.0892800092697144,3,10,481,321,160,107,2.11.0+cu128,12.8,2026-08-31T12:09:22.442725+00:00,3.13.15,2.1.3,11.3.0,0.25.2,Linux-6.6.122+-x86_64-with-glibc2.35,x86_64
BSD100,105025.png,x3,fsrcnn,prepared_bicubic_lr,105025.png,3,native_model_grid_then_full_target_size_adjustment,gaussian_11x11_sigma_1.5_population_covariance,limited_bt601_y_model_with_bicubic_cbcr,gpu,model_forward_only_cuda_events,Tesla T4,14912.6875,11.6826171875,12809,fsrcnn_x3.pth,f65b55819c1258048bc8c1ca96f9e24bd4339f779951d7f928144c08e3868d75,https://dl.dropboxusercontent.com/s/pm1ed2nyboulz5z/fsrcnn_x3.pth,91-image,bicubic,480,321,481,321,True,27.147444043421135,0.7717079503374737,25.80545979120315,0.7557548654920311,1.0415712237358092,1.0315840244293213,0.021550329331187005,1.0233279466629028,1.0974080562591553,3,10,481,321,160,107,2.11.0+cu128,12.8,2026-08-31T12:09:22.633603+00:00,3.13.15,2.1.3,11.3.0,0.25.2,Linux-6.6.122+-x86_64-with-glibc2.35,x86_64
BSD100,106024.png,x3,fsrcnn,prepared_bicubic_lr,106024.png,3,native_model_grid_then_full_target_size_adjustment,gaussian_11x11_sigma_1.5_population_covariance,limited_bt601_y_model_with_bicubic_cbcr,gpu,model_forward_only_cuda_events,Tesla T4,14912.6875,11.6826171875,12809,fsrcnn_x3.pth,f65b55819c1258048bc8c1ca96f9e24bd4339f779951d7f928144c08e3868d75,https://dl.dropboxusercontent.com/s/pm1ed2nyboulz5z/fsrcnn_x3.pth,91-image,bicubic,480,321,481,321,True,34.1637357164508,0.9098094810079765,32.77057336086751,0.8980895016516138,1.065715205669403,1.0397279858589172,0.08330281486431443,1.023360013961792,1.3148159980773926,3,10,481,321,160,107,2.11.0+cu128,12.8,2026-08-31T12:09:22.833226+00:00,3.13.15,2.1.3,11.3.0,0.25.2,Linux-6.6.122+-x86_64-with-glibc2.35,x86_64
BSD100,108005.png,x3,fsrcnn,prepared_bicubic_lr,108005.png,3,native_model_grid_then_full_target_size_adjustment,gaussian_11x11_sigma_1.5_population_covariance,limited_bt601_y_model_with_bicubic_cbcr,gpu,model_forward_only_cuda_events,Tesla T4,14912.6875,11.6826171875,12809,fsrcnn_x3.pth,f65b55819c1258048bc8c1ca96f9e24bd4339f779951d7f928144c08e3868d75,https://dl.dropboxusercontent.com/s/pm1ed2nyboulz5z/fsrcnn_x3.pth,91-image,bicubic,480,321,481,321,True,27.67929827358692,0.8171478960391374,26.34511288788445,0.7955930699830933,1.0327679991722107,1.0273600220680237,0.013895949673161012,1.0158720016479492,1.0588159561157227,3,10,481,321,160,107,2.11.0+cu128,12.8,2026-08-31T12:09:23.036805+00:00,3.13.15,2.1.3,11.3.0,0.25.2,Linux-6.6.122+-x86_64-with-glibc2.35,x86_64
BSD100,108070.png,x3,fsrcnn,prepared_bicubic_lr,108070.png,3,native_model_grid_then_full_target_size_adjustment,gaussian_11x11_sigma_1.5_population_covariance,limited_bt601_y_model_with_bicubic_cbcr,gpu,model_forward_only_cuda_events,Tesla T4,14912.6875,11.6826171875,12809,fsrcnn_x3.pth,f65b55819c1258048bc8c1ca96f9e24bd4339f779951d7f928144c08e3868d75,https://dl.dropboxusercontent.com/s/pm1ed2nyboulz5z/fsrcnn_x3.pth,91-image,bicubic,480,321,481,321,True,24.013046839744895,0.6834925851140634,22.69241225164024,0.6558635335488946,1.1035839915275574,1.0918880105018616,0.05577089497771373,1.0453439950942993,1.1980799436569214,3,10,481,321,160,107,2.11.0+cu128,12.8,2026-08-31T12:09:23.232487+00:00,3.13.15,2.1.3,11.3.0,0.25.2,Linux-6.6.122+-x86_64-with-glibc2.35,x86_64
BSD100,108082.png,x3,fsrcnn,prepared_bicubic_lr,108082.png,3,native_model_grid_then_full_target_size_adjustment,gaussian_11x11_sigma_1.5_population_covariance,limited_bt601_y_model_with_bicubic_cbcr,gpu,model_forward_only_cuda_events,Tesla T4,14912.6875,11.6826171875,12809,fsrcnn_x3.pth,f65b55819c1258048bc8c1ca96f9e24bd4339f779951d7f928144c08e3868d75,https://dl.dropboxusercontent.com/s/pm1ed2nyboulz5z/fsrcnn_x3.pth,91-image,bicubic,480,321,481,321,True,28.470878397143778,0.8353322767243849,27.125672531589572,0.8188653524750137,1.0446432113647461,1.0401760339736938,0.01978262403144678,1.0201599597930908,1.0956799983978271,3,10,481,321,160,107,2.11.0+cu128,12.8,2026-08-31T12:09:23.448524+00:00,3.13.15,2.1.3,11.3.0,0.25.2,Linux-6.6.122+-x86_64-with-glibc2.35,x86_64
BSD100,109053.png,x3,fsrcnn,prepared_bicubic_lr,109053.png,3,native_model_grid_then_full_target_size_adjustment,gaussian_11x11_sigma_1.5_population_covariance,limited_bt601_y_model_with_bicubic_cbcr,gpu,model_forward_only_cuda_events,Tesla T4,14912.6875,11.6826171875,12809,fsrcnn_x3.pth,f65b55819c1258048bc8c1ca96f9e24bd4339f779951d7f928144c08e3868d75,https://dl.dropboxusercontent.com/s/pm1ed2nyboulz5z/fsrcnn_x3.pth,91-image,bicubic,480,321,481,321,True,30.301274504282834,0.8474824708148758,28.952521397372788,0.832527330617853,1.3142655968666077,1.3546879887580872,0.10681096155922022,1.1341760158538818,1.505568027496338,3,10,481,321,160,107,2.11.0+cu128,12.8,2026-08-31T12:09:23.655927+00:00,3.13.15,2.1.3,11.3.0,0.25.2,Linux-6.6.122+-x86_64-with-glibc2.35,x86_64
BSD100,119082.png,x3,fsrcnn,prepared_bicubic_lr,119082.png,3,native_model_grid_then_full_target_size_adjustment,gaussian_11x11_sigma_1.5_population_covariance,limited_bt601_y_model_with_bicubic_cbcr,gpu,model_forward_only_cuda_events,Tesla T4,14912.6875,11.6826171875,12809,fsrcnn_x3.pth,f65b55819c1258048bc8c1ca96f9e24bd4339f779951d7f928144c08e3868d75,https://dl.dropboxusercontent.com/s/pm1ed2nyboulz5z/fsrcnn_x3.pth,91-image,bicubic,480,321,481,321,True,24.912504629296404,0.7575655273350106,23.594789506578916,0.7374912836687534,1.0315904140472412,1.0296000242233276,0.005904817533043671,1.0219520330429077,1.04038405418396,3,10,481,321,160,107,2.11.0+cu128,12.8,2026-08-31T12:09:23.856929+00:00,3.13.15,2.1.3,11.3.0,0.25.2,Linux-6.6.122+-x86_64-with-glibc2.35,x86_64
BSD100,12084.png,x3,fsrcnn,prepared_bicubic_lr,12084.png,3,native_model_grid_then_full_target_size_adjustment,gaussian_11x11_sigma_1.5_population_covariance,limited_bt601_y_model_with_bicubic_cbcr,gpu,model_forward_only_cuda_events,Tesla T4,14912.6875,11.6826171875,12809,fsrcnn_x3.pth,f65b55819c1258048bc8c1ca96f9e24bd4339f779951d7f928144c08e3868d75,https://dl.dropboxusercontent.com/s/pm1ed2nyboulz5z/fsrcnn_x3.pth,91-image,bicubic,480,321,481,321,True,29.060508480185803,0.8068491475158417,27.5541091895032,0.7915164848078994,1.0338496088981628,1.034656047821045,0.009704639235855784,1.0156160593032837,1.0461440086364746,3,10,481,321,160,107,2.11.0+cu128,12.8,2026-08-31T12:09:24.066393+00:00,3.13.15,2.1.3,11.3.0,0.25.2,Linux-6.6.122+-x86_64-with-glibc2.35,x86_64
BSD100,123074.png,x3,fsrcnn,prepared_bicubic_lr,123074.png,3,native_model_grid_then_full_target_size_adjustment,gaussian_11x11_sigma_1.5_population_covariance,limited_bt601_y_model_with_bicubic_cbcr,gpu,model_forward_only_cuda_events,Tesla T4,14912.6875,11.6826171875,12809,fsrcnn_x3.pth,f65b55819c1258048bc8c1ca96f9e24bd4339f779951d7f928144c08e3868d75,https://dl.dropboxusercontent.com/s/pm1ed2nyboulz5z/fsrcnn_x3.pth,91-image,bicubic,480,321,481,321,True,31.436085944187703,0.8678205625632768,30.082546929386595,0.8561601254274169,1.0445760130882262,1.0421760082244873,0.017528980606516434,1.023967981338501,1.0780479907989502,3,10,481,321,160,107,2.11.0+cu128,12.8,2026-08-31T12:09:24.288857+00:00,3.13.15,2.1.3,11.3.0,0.25.2,Linux-6.6.122+-x86_64-with-glibc2.35,x86_64
BSD100,126007.png,x3,fsrcnn,prepared_bicubic_lr,126007.png,3,native_model_grid_then_full_target_size_adjustment,gaussian_11x11_sigma_1.5_population_covariance,limited_bt601_y_model_with_bicubic_cbcr,gpu,model_forward_only_cuda_events,Tesla T4,14912.6875,11.6826171875,12809,fsrcnn_x3.pth,f65b55819c1258048bc8c1ca96f9e24bd4339f779951d7f928144c08e3868d75,https://dl.dropboxusercontent.com/s/pm1ed2nyboulz5z/fsrcnn_x3.pth,91-image,bicubic,480,321,481,321,True,30.046830161195068,0.8532686275494247,28.598993965722727,0.8327311350672076,1.0619424104690551,1.0446079969406128,0.05163654883766613,1.0244159698486328,1.2103359699249268,3,10,481,321,160,107,2.11.0+cu128,12.8,2026-08-31T12:09:24.495210+00:00,3.13.15,2.1.3,11.3.0,0.25.2,Linux-6.6.122+-x86_64-with-glibc2.35,x86_64
BSD100,130026.png,x3,fsrcnn,prepared_bicubic_lr,130026.png,3,native_model_grid_then_full_target_size_adjustment,gaussian_11x11_sigma_1.5_population_covariance,limited_bt601_y_model_with_bicubic_cbcr,gpu,model_forward_only_cuda_events,Tesla T4,14912.6875,11.6826171875,12809,fsrcnn_x3.pth,f65b55819c1258048bc8c1ca96f9e24bd4339f779951d7f928144c08e3868d75,https://dl.dropboxusercontent.com/s/pm1ed2nyboulz5z/fsrcnn_x3.pth,91-image,bicubic,480,321,481,321,True,25.949090399716543,0.7425878837391938,24.634027360075965,0.719357895989646,1.0463168025016785,1.0433279871940613,0.014105574915709632,1.0297600030899048,1.077407956123352,3,10,481,321,160,107,2.11.0+cu128,12.8,2026-08-31T12:09:24.716653+00:00,3.13.15,2.1.3,11.3.0,0.25.2,Linux-6.6.122+-x86_64-with-glibc2.35,x86_64
BSD100,134035.png,x3,fsrcnn,prepared_bicubic_lr,134035.png,3,native_model_grid_then_full_target_size_adjustment,gaussian_11x11_sigma_1.5_population_covariance,limited_bt601_y_model_with_bicubic_cbcr,gpu,model_forward_only_cuda_events,Tesla T4,14912.6875,11.6826171875,12809,fsrcnn_x3.pth,f65b55819c1258048bc8c1ca96f9e24bd4339f779951d7f928144c08e3868d75,https://dl.dropboxusercontent.com/s/pm1ed2nyboulz5z/fsrcnn_x3.pth,91-image,bicubic,480,321,481,321,True,26.293187495023396,0.8237203940640445,24.896909799217486,0.8116473887532943,1.0352895975112915,1.0333439707756042,0.015278196367486766,1.0157760381698608,1.0724480152130127,3,10,481,321,160,107,2.11.0+cu128,12.8,2026-08-31T12:09:24.924668+00:00,3.13.15,2.1.3,11.3.0,0.25.2,Linux-6.6.122+-x86_64-with-glibc2.35,x86_64
BSD100,14037.png,x3,fsrcnn,prepared_bicubic_lr,14037.png,3,native_model_grid_then_full_target_size_adjustment,gaussian_11x11_sigma_1.5_population_covariance,limited_bt601_y_model_with_bicubic_cbcr,gpu,model_forward_only_cuda_events,Tesla T4,14912.6875,11.6826171875,12809,fsrcnn_x3.pth,f65b55819c1258048bc8c1ca96f9e24bd4339f779951d7f928144c08e3868d75,https://dl.dropboxusercontent.com/s/pm1ed2nyboulz5z/fsrcnn_x3.pth,91-image,bicubic,480,321,481,321,True,34.978721485833574,0.9073243961664794,33.58365931637295,0.8896938395374864,1.0416288018226623,1.0373120307922363,0.018533997641169996,1.0195200443267822,1.0886720418930054,3,10,481,321,160,107,2.11.0+cu128,12.8,2026-08-31T12:09:25.122564+00:00,3.13.15,2.1.3,11.3.0,0.25.2,Linux-6.6.122+-x86_64-with-glibc2.35,x86_64
BSD100,143090.png,x3,fsrcnn,prepared_bicubic_lr,143090.png,3,native_model_grid_then_full_target_size_adjustment,gaussian_11x11_sigma_1.5_population_covariance,limited_bt601_y_model_with_bicubic_cbcr,gpu,model_forward_only_cuda_events,Tesla T4,14912.6875,11.6826171875,12809,fsrcnn_x3.pth,f65b55819c1258048bc8c1ca96f9e24bd4339f779951d7f928144c08e3868d75,https://dl.dropboxusercontent.com/s/pm1ed2nyboulz5z/fsrcnn_x3.pth,91-image,bicubic,480,321,481,321,True,33.471366684550226,0.9073336980640918,31.95241519851241,0.895330335206541,1.0423743963241576,1.0388799905776978,0.01706864524936412,1.0202879905700684,1.079103946685791,3,10,481,321,160,107,2.11.0+cu128,12.8,2026-08-31T12:09:25.319066+00:00,3.13.15,2.1.3,11.3.0,0.25.2,Linux-6.6.122+-x86_64-with-glibc2.35,x86_64
BSD100,145086.png,x3,fsrcnn,prepared_bicubic_lr,145086.png,3,native_model_grid_then_full_target_size_adjustment,gaussian_11x11_sigma_1.5_population_covariance,limited_bt601_y_model_with_bicubic_cbcr,gpu,model_forward_only_cuda_events,Tesla T4,14912.6875,11.6826171875,12809,fsrcnn_x3.pth,f65b55819c1258048bc8c1ca96f9e24bd4339f779951d7f928144c08e3868d75,https://dl.dropboxusercontent.com/s/pm1ed2nyboulz5z/fsrcnn_x3.pth,91-image,bicubic,480,321,481,321,True,26.42498362612615,0.7649697675332118,25.07997368885958,0.7404467007482305,1.0432575941085815,1.0393439531326294,0.017039149687630296,1.0280640125274658,1.0893759727478027,3,10,481,321,160,107,2.11.0+cu128,12.8,2026-08-31T12:09:25.520917+00:00,3.13.15,2.1.3,11.3.0,0.25.2,Linux-6.6.122+-x86_64-with-glibc2.35,x86_64
BSD100,147091.png,x3,fsrcnn,prepared_bicubic_lr,147091.png,3,native_model_grid_then_full_target_size_adjustment,gaussian_11x11_sigma_1.5_population_covariance,limited_bt601_y_model_with_bicubic_cbcr,gpu,model_forward_only_cuda_events,Tesla T4,14912.6875,11.6826171875,12809,fsrcnn_x3.pth,f65b55819c1258048bc8c1ca96f9e24bd4339f779951d7f928144c08e3868d75,https://dl.dropboxusercontent.com/s/pm1ed2nyboulz5z/fsrcnn_x3.pth,91-image,bicubic,480,321,481,321,True,26.58501873674401,0.8247948706188337,25.22826054537276,0.8036023768640718,1.8402304172515869,1.3093920350074768,1.0775720118344576,1.2267520427703857,4.688096046447754,3,10,481,321,160,107,2.11.0+cu128,12.8,2026-08-31T12:09:25.735572+00:00,3.13.15,2.1.3,11.3.0,0.25.2,Linux-6.6.122+-x86_64-with-glibc2.35,x86_64
BSD100,148026.png,x3,fsrcnn,prepared_bicubic_lr,148026.png,3,native_model_grid_then_full_target_size_adjustment,gaussian_11x11_sigma_1.5_population_covariance,limited_bt601_y_model_with_bicubic_cbcr,gpu,model_forward_only_cuda_events,Tesla T4,14912.6875,11.6826171875,12809,fsrcnn_x3.pth,f65b55819c1258048bc8c1ca96f9e24bd4339f779951d7f928144c08e3868d75,https://dl.dropboxusercontent.com/s/pm1ed2nyboulz5z/fsrcnn_x3.pth,91-image,bicubic,321,480,321,481,True,23.021901934578906,0.7405741231101898,21.72338491785567,0.7196910603089969,1.067743992805481,1.0379679799079895,0.07509400609659073,1.0240000486373901,1.2859519720077515,3,10,321,481,107,160,2.11.0+cu128,12.8,2026-08-31T12:09:25.939760+00:00,3.13.15,2.1.3,11.3.0,0.25.2,Linux-6.6.122+-x86_64-with-glibc2.35,x86_64
BSD100,148089.png,x3,fsrcnn,prepared_bicubic_lr,148089.png,3,native_model_grid_then_full_target_size_adjustment,gaussian_11x11_sigma_1.5_population_covariance,limited_bt601_y_model_with_bicubic_cbcr,gpu,model_forward_only_cuda_events,Tesla T4,14912.6875,11.6826171875,12809,fsrcnn_x3.pth,f65b55819c1258048bc8c1ca96f9e24bd4339f779951d7f928144c08e3868d75,https://dl.dropboxusercontent.com/s/pm1ed2nyboulz5z/fsrcnn_x3.pth,91-image,bicubic,480,321,481,321,True,24.618927050165965,0.6932155185706962,23.32536038168094,0.6701217343367145,1.040496003627777,1.0377439856529236,0.01350579647078576,1.0173759460449219,1.0646719932556152,3,10,481,321,160,107,2.11.0+cu128,12.8,2026-08-31T12:09:26.168926+00:00,3.13.15,2.1.3,11.3.0,0.25.2,Linux-6.6.122+-x86_64-with-glibc2.35,x86_64
BSD100,156065.png,x3,fsrcnn,prepared_bicubic_lr,156065.png,3,native_model_grid_then_full_target_size_adjustment,gaussian_11x11_sigma_1.5_population_covariance,limited_bt601_y_model_with_bicubic_cbcr,gpu,model_forward_only_cuda_events,Tesla T4,14912.6875,11.6826171875,12809,fsrcnn_x3.pth,f65b55819c1258048bc8c1ca96f9e24bd4339f779951d7f928144c08e3868d75,https://dl.dropboxusercontent.com/s/pm1ed2nyboulz5z/fsrcnn_x3.pth,91-image,bicubic,480,321,481,321,True,25.51375087888666,0.6340088606610901,24.19582958848943,0.6050915860993308,1.037065589427948,1.028927981853485,0.013568160608859698,1.0209920406341553,1.0585919618606567,3,10,481,321,160,107,2.11.0+cu128,12.8,2026-08-31T12:09:26.368886+00:00,3.13.15,2.1.3,11.3.0,0.25.2,Linux-6.6.122+-x86_64-with-glibc2.35,x86_64
BSD100,157055.png,x3,fsrcnn,prepared_bicubic_lr,157055.png,3,native_model_grid_then_full_target_size_adjustment,gaussian_11x11_sigma_1.5_population_covariance,limited_bt601_y_model_with_bicubic_cbcr,gpu,model_forward_only_cuda_events,Tesla T4,14912.6875,11.6826171875,12809,fsrcnn_x3.pth,f65b55819c1258048bc8c1ca96f9e24bd4339f779951d7f928144c08e3868d75,https://dl.dropboxusercontent.com/s/pm1ed2nyboulz5z/fsrcnn_x3.pth,91-image,bicubic,480,321,481,321,True,27.3713727177577,0.8335736698098707,25.962106322519595,0.8184689190937724,1.0446752071380616,1.03958398103714,0.017354708364283034,1.0292160511016846,1.079584002494812,3,10,481,321,160,107,2.11.0+cu128,12.8,2026-08-31T12:09:26.570490+00:00,3.13.15,2.1.3,11.3.0,0.25.2,Linux-6.6.122+-x86_64-with-glibc2.35,x86_64
BSD100,159008.png,x3,fsrcnn,prepared_bicubic_lr,159008.png,3,native_model_grid_then_full_target_size_adjustment,gaussian_11x11_sigma_1.5_population_covariance,limited_bt601_y_model_with_bicubic_cbcr,gpu,model_forward_only_cuda_events,Tesla T4,14912.6875,11.6826171875,12809,fsrcnn_x3.pth,f65b55819c1258048bc8c1ca96f9e24bd4339f779951d7f928144c08e3868d75,https://dl.dropboxusercontent.com/s/pm1ed2nyboulz5z/fsrcnn_x3.pth,91-image,bicubic,480,321,481,321,True,28.97957525477459,0.870505599392016,27.668729349136783,0.8530431146833131,1.3516256093978882,1.352783977985382,0.08230768157454292,1.2248320579528809,1.47052800655365,3,10,481,321,160,107,2.11.0+cu128,12.8,2026-08-31T12:09:26.785271+00:00,3.13.15,2.1.3,11.3.0,0.25.2,Linux-6.6.122+-x86_64-with-glibc2.35,x86_64
BSD100,160068.png,x3,fsrcnn,prepared_bicubic_lr,160068.png,3,native_model_grid_then_full_target_size_adjustment,gaussian_11x11_sigma_1.5_population_covariance,limited_bt601_y_model_with_bicubic_cbcr,gpu,model_forward_only_cuda_events,Tesla T4,14912.6875,11.6826171875,12809,fsrcnn_x3.pth,f65b55819c1258048bc8c1ca96f9e24bd4339f779951d7f928144c08e3868d75,https://dl.dropboxusercontent.com/s/pm1ed2nyboulz5z/fsrcnn_x3.pth,91-image,bicubic,480,321,481,321,True,28.255978478857266,0.870343190611125,26.939886718439396,0.8581250301715673,1.0312863945961,1.026639997959137,0.013745140917000777,1.0167039632797241,1.0543359518051147,3,10,481,321,160,107,2.11.0+cu128,12.8,2026-08-31T12:09:26.976485+00:00,3.13.15,2.1.3,11.3.0,0.25.2,Linux-6.6.122+-x86_64-with-glibc2.35,x86_64
BSD100,16077.png,x3,fsrcnn,prepared_bicubic_lr,16077.png,3,native_model_grid_then_full_target_size_adjustment,gaussian_11x11_sigma_1.5_population_covariance,limited_bt601_y_model_with_bicubic_cbcr,gpu,model_forward_only_cuda_events,Tesla T4,14912.6875,11.6826171875,12809,fsrcnn_x3.pth,f65b55819c1258048bc8c1ca96f9e24bd4339f779951d7f928144c08e3868d75,https://dl.dropboxusercontent.com/s/pm1ed2nyboulz5z/fsrcnn_x3.pth,91-image,bicubic,480,321,481,321,True,28.813720297577582,0.7912552052413503,27.4332827770108,0.7667282713194149,1.1103008151054383,1.1149760484695435,0.03227414395147724,1.0574719905853271,1.1496000289916992,3,10,481,321,160,107,2.11.0+cu128,12.8,2026-08-31T12:09:27.182837+00:00,3.13.15,2.1.3,11.3.0,0.25.2,Linux-6.6.122+-x86_64-with-glibc2.35,x86_64
BSD100,163085.png,x3,fsrcnn,prepared_bicubic_lr,163085.png,3,native_model_grid_then_full_target_size_adjustment,gaussian_11x11_sigma_1.5_population_covariance,limited_bt601_y_model_with_bicubic_cbcr,gpu,model_forward_only_cuda_events,Tesla T4,14912.6875,11.6826171875,12809,fsrcnn_x3.pth,f65b55819c1258048bc8c1ca96f9e24bd4339f779951d7f928144c08e3868d75,https://dl.dropboxusercontent.com/s/pm1ed2nyboulz5z/fsrcnn_x3.pth,91-image,bicubic,480,321,481,321,True,30.71395955209762,0.8439503339043679,29.366460407024473,0.831038291369802,1.0579200029373168,1.0539999604225159,0.016088342321308145,1.0321919918060303,1.0874559879302979,3,10,481,321,160,107,2.11.0+cu128,12.8,2026-08-31T12:09:27.396089+00:00,3.13.15,2.1.3,11.3.0,0.25.2,Linux-6.6.122+-x86_64-with-glibc2.35,x86_64
BSD100,167062.png,x3,fsrcnn,prepared_bicubic_lr,167062.png,3,native_model_grid_then_full_target_size_adjustment,gaussian_11x11_sigma_1.5_population_covariance,limited_bt601_y_model_with_bicubic_cbcr,gpu,model_forward_only_cuda_events,Tesla T4,14912.6875,11.6826171875,12809,fsrcnn_x3.pth,f65b55819c1258048bc8c1ca96f9e24bd4339f779951d7f928144c08e3868d75,https://dl.dropboxusercontent.com/s/pm1ed2nyboulz5z/fsrcnn_x3.pth,91-image,bicubic,480,321,481,321,True,32.419318539712435,0.9040488212622421,31.088454143321165,0.8867412609492132,1.0455071806907654,1.038320004940033,0.023372000416269835,1.022495985031128,1.1016960144042969,3,10,481,321,160,107,2.11.0+cu128,12.8,2026-08-31T12:09:27.595998+00:00,3.13.15,2.1.3,11.3.0,0.25.2,Linux-6.6.122+-x86_64-with-glibc2.35,x86_64
BSD100,167083.png,x3,fsrcnn,prepared_bicubic_lr,167083.png,3,native_model_grid_then_full_target_size_adjustment,gaussian_11x11_sigma_1.5_population_covariance,limited_bt601_y_model_with_bicubic_cbcr,gpu,model_forward_only_cuda_events,Tesla T4,14912.6875,11.6826171875,12809,fsrcnn_x3.pth,f65b55819c1258048bc8c1ca96f9e24bd4339f779951d7f928144c08e3868d75,https://dl.dropboxusercontent.com/s/pm1ed2nyboulz5z/fsrcnn_x3.pth,91-image,bicubic,321,480,321,481,True,20.608018230732835,0.5811773013498408,19.299979186625055,0.5686004400468339,1.2660863876342774,1.2634400129318237,0.08849295156174886,1.1300159692764282,1.4558720588684082,3,10,321,481,107,160,2.11.0+cu128,12.8,2026-08-31T12:09:27.806302+00:00,3.13.15,2.1.3,11.3.0,0.25.2,Linux-6.6.122+-x86_64-with-glibc2.35,x86_64
BSD100,170057.png,x3,fsrcnn,prepared_bicubic_lr,170057.png,3,native_model_grid_then_full_target_size_adjustment,gaussian_11x11_sigma_1.5_population_covariance,limited_bt601_y_model_with_bicubic_cbcr,gpu,model_forward_only_cuda_events,Tesla T4,14912.6875,11.6826171875,12809,fsrcnn_x3.pth,f65b55819c1258048bc8c1ca96f9e24bd4339f779951d7f928144c08e3868d75,https://dl.dropboxusercontent.com/s/pm1ed2nyboulz5z/fsrcnn_x3.pth,91-image,bicubic,480,321,481,321,True,31.080048401538946,0.872672801162572,29.74472810059227,0.8542693091398389,1.0317407965660095,1.0299839973449707,0.01163474702312548,1.0178560018539429,1.0546879768371582,3,10,481,321,160,107,2.11.0+cu128,12.8,2026-08-31T12:09:28.029876+00:00,3.13.15,2.1.3,11.3.0,0.25.2,Linux-6.6.122+-x86_64-with-glibc2.35,x86_64
BSD100,175032.png,x3,fsrcnn,prepared_bicubic_lr,175032.png,3,native_model_grid_then_full_target_size_adjustment,gaussian_11x11_sigma_1.5_population_covariance,limited_bt601_y_model_with_bicubic_cbcr,gpu,model_forward_only_cuda_events,Tesla T4,14912.6875,11.6826171875,12809,fsrcnn_x3.pth,f65b55819c1258048bc8c1ca96f9e24bd4339f779951d7f928144c08e3868d75,https://dl.dropboxusercontent.com/s/pm1ed2nyboulz5z/fsrcnn_x3.pth,91-image,bicubic,321,480,321,481,True,21.743842860329273,0.5395384317620048,20.441352908883932,0.5205020399051722,1.046832013130188,1.044111967086792,0.011493701239766674,1.0321600437164307,1.0710400342941284,3,10,321,481,107,160,2.11.0+cu128,12.8,2026-08-31T12:09:28.225968+00:00,3.13.15,2.1.3,11.3.0,0.25.2,Linux-6.6.122+-x86_64-with-glibc2.35,x86_64
BSD100,175043.png,x3,fsrcnn,prepared_bicubic_lr,175043.png,3,native_model_grid_then_full_target_size_adjustment,gaussian_11x11_sigma_1.5_population_covariance,limited_bt601_y_model_with_bicubic_cbcr,gpu,model_forward_only_cuda_events,Tesla T4,14912.6875,11.6826171875,12809,fsrcnn_x3.pth,f65b55819c1258048bc8c1ca96f9e24bd4339f779951d7f928144c08e3868d75,https://dl.dropboxusercontent.com/s/pm1ed2nyboulz5z/fsrcnn_x3.pth,91-image,bicubic,480,321,481,321,True,26.546447170511623,0.7599951903977684,25.201199503218117,0.7430249101972256,1.0577279925346375,1.0437920093536377,0.03273247293612638,1.026047945022583,1.1284799575805664,3,10,481,321,160,107,2.11.0+cu128,12.8,2026-08-31T12:09:28.418143+00:00,3.13.15,2.1.3,11.3.0,0.25.2,Linux-6.6.122+-x86_64-with-glibc2.35,x86_64
BSD100,182053.png,x3,fsrcnn,prepared_bicubic_lr,182053.png,3,native_model_grid_then_full_target_size_adjustment,gaussian_11x11_sigma_1.5_population_covariance,limited_bt601_y_model_with_bicubic_cbcr,gpu,model_forward_only_cuda_events,Tesla T4,14912.6875,11.6826171875,12809,fsrcnn_x3.pth,f65b55819c1258048bc8c1ca96f9e24bd4339f779951d7f928144c08e3868d75,https://dl.dropboxusercontent.com/s/pm1ed2nyboulz5z/fsrcnn_x3.pth,91-image,bicubic,480,321,481,321,True,25.099602960933417,0.7952877903770439,23.777616096460363,0.780403948844601,1.0388352155685425,1.0371840000152588,0.010164771393237248,1.0222400426864624,1.0580480098724365,3,10,481,321,160,107,2.11.0+cu128,12.8,2026-08-31T12:09:28.608161+00:00,3.13.15,2.1.3,11.3.0,0.25.2,Linux-6.6.122+-x86_64-with-glibc2.35,x86_64
BSD100,189080.png,x3,fsrcnn,prepared_bicubic_lr,189080.png,3,native_model_grid_then_full_target_size_adjustment,gaussian_11x11_sigma_1.5_population_covariance,limited_bt601_y_model_with_bicubic_cbcr,gpu,model_forward_only_cuda_events,Tesla T4,14912.6875,11.6826171875,12809,fsrcnn_x3.pth,f65b55819c1258048bc8c1ca96f9e24bd4339f779951d7f928144c08e3868d75,https://dl.dropboxusercontent.com/s/pm1ed2nyboulz5z/fsrcnn_x3.pth,91-image,bicubic,321,480,321,481,True,35.3361640523701,0.9042559693918846,33.964936263734515,0.8821370969873148,1.0576159954071045,1.042352020740509,0.04623524291886168,1.0335359573364258,1.1937919855117798,3,10,321,481,107,160,2.11.0+cu128,12.8,2026-08-31T12:09:28.840368+00:00,3.13.15,2.1.3,11.3.0,0.25.2,Linux-6.6.122+-x86_64-with-glibc2.35,x86_64
BSD100,19021.png,x3,fsrcnn,prepared_bicubic_lr,19021.png,3,native_model_grid_then_full_target_size_adjustment,gaussian_11x11_sigma_1.5_population_covariance,limited_bt601_y_model_with_bicubic_cbcr,gpu,model_forward_only_cuda_events,Tesla T4,14912.6875,11.6826171875,12809,fsrcnn_x3.pth,f65b55819c1258048bc8c1ca96f9e24bd4339f779951d7f928144c08e3868d75,https://dl.dropboxusercontent.com/s/pm1ed2nyboulz5z/fsrcnn_x3.pth,91-image,bicubic,480,321,481,321,True,27.967966567091874,0.7919327360276898,26.60498419634994,0.7715810527459691,1.0482144117355348,1.0404639840126038,0.022310500673072716,1.0199040174484253,1.0917119979858398,3,10,481,321,160,107,2.11.0+cu128,12.8,2026-08-31T12:09:29.058806+00:00,3.13.15,2.1.3,11.3.0,0.25.2,Linux-6.6.122+-x86_64-with-glibc2.35,x86_64
BSD100,196073.png,x3,fsrcnn,prepared_bicubic_lr,196073.png,3,native_model_grid_then_full_target_size_adjustment,gaussian_11x11_sigma_1.5_population_covariance,limited_bt601_y_model_with_bicubic_cbcr,gpu,model_forward_only_cuda_events,Tesla T4,14912.6875,11.6826171875,12809,fsrcnn_x3.pth,f65b55819c1258048bc8c1ca96f9e24bd4339f779951d7f928144c08e3868d75,https://dl.dropboxusercontent.com/s/pm1ed2nyboulz5z/fsrcnn_x3.pth,91-image,bicubic,480,321,481,321,True,28.403557737276287,0.5721057101402385,27.074827478630578,0.527343329819422,1.037334406375885,1.0325599908828735,0.01395070342261746,1.019968032836914,1.0637760162353516,3,10,481,321,160,107,2.11.0+cu128,12.8,2026-08-31T12:09:29.260226+00:00,3.13.15,2.1.3,11.3.0,0.25.2,Linux-6.6.122+-x86_64-with-glibc2.35,x86_64
BSD100,197017.png,x3,fsrcnn,prepared_bicubic_lr,197017.png,3,native_model_grid_then_full_target_size_adjustment,gaussian_11x11_sigma_1.5_population_covariance,limited_bt601_y_model_with_bicubic_cbcr,gpu,model_forward_only_cuda_events,Tesla T4,14912.6875,11.6826171875,12809,fsrcnn_x3.pth,f65b55819c1258048bc8c1ca96f9e24bd4339f779951d7f928144c08e3868d75,https://dl.dropboxusercontent.com/s/pm1ed2nyboulz5z/fsrcnn_x3.pth,91-image,bicubic,480,321,481,321,True,28.70754964518628,0.7553601064506457,27.372797806613974,0.7320730809929782,1.0549792170524597,1.0424320101737976,0.031723890575347476,1.0192320346832275,1.127392053604126,3,10,481,321,160,107,2.11.0+cu128,12.8,2026-08-31T12:09:29.467749+00:00,3.13.15,2.1.3,11.3.0,0.25.2,Linux-6.6.122+-x86_64-with-glibc2.35,x86_64
BSD100,208001.png,x3,fsrcnn,prepared_bicubic_lr,208001.png,3,native_model_grid_then_full_target_size_adjustment,gaussian_11x11_sigma_1.5_population_covariance,limited_bt601_y_model_with_bicubic_cbcr,gpu,model_forward_only_cuda_events,Tesla T4,14912.6875,11.6826171875,12809,fsrcnn_x3.pth,f65b55819c1258048bc8c1ca96f9e24bd4339f779951d7f928144c08e3868d75,https://dl.dropboxusercontent.com/s/pm1ed2nyboulz5z/fsrcnn_x3.pth,91-image,bicubic,321,480,321,481,True,29.672500722589326,0.8177808867816752,28.329628523983935,0.7879667436907759,1.0332864046096801,1.0313920378684998,0.01293008298792237,1.013759970664978,1.063423991203308,3,10,321,481,107,160,2.11.0+cu128,12.8,2026-08-31T12:09:29.672521+00:00,3.13.15,2.1.3,11.3.0,0.25.2,Linux-6.6.122+-x86_64-with-glibc2.35,x86_64
BSD100,210088.png,x3,fsrcnn,prepared_bicubic_lr,210088.png,3,native_model_grid_then_full_target_size_adjustment,gaussian_11x11_sigma_1.5_population_covariance,limited_bt601_y_model_with_bicubic_cbcr,gpu,model_forward_only_cuda_events,Tesla T4,14912.6875,11.6826171875,12809,fsrcnn_x3.pth,f65b55819c1258048bc8c1ca96f9e24bd4339f779951d7f928144c08e3868d75,https://dl.dropboxusercontent.com/s/pm1ed2nyboulz5z/fsrcnn_x3.pth,91-image,bicubic,321,480,321,481,True,35.4614942980413,0.9524486985448701,33.78327205155454,0.9410455132241374,1.2405823945999146,1.251312017440796,0.11469194325839378,1.0357439517974854,1.4097280502319336,3,10,321,481,107,160,2.11.0+cu128,12.8,2026-08-31T12:09:29.886944+00:00,3.13.15,2.1.3,11.3.0,0.25.2,Linux-6.6.122+-x86_64-with-glibc2.35,x86_64
BSD100,21077.png,x3,fsrcnn,prepared_bicubic_lr,21077.png,3,native_model_grid_then_full_target_size_adjustment,gaussian_11x11_sigma_1.5_population_covariance,limited_bt601_y_model_with_bicubic_cbcr,gpu,model_forward_only_cuda_events,Tesla T4,14912.6875,11.6826171875,12809,fsrcnn_x3.pth,f65b55819c1258048bc8c1ca96f9e24bd4339f779951d7f928144c08e3868d75,https://dl.dropboxusercontent.com/s/pm1ed2nyboulz5z/fsrcnn_x3.pth,91-image,bicubic,480,321,481,321,True,27.543093217671846,0.7795175533743037,26.187552392654126,0.7515313205165256,1.0898144006729127,1.045087993144989,0.0839935470346468,1.024351954460144,1.2390079498291016,3,10,481,321,160,107,2.11.0+cu128,12.8,2026-08-31T12:09:30.111889+00:00,3.13.15,2.1.3,11.3.0,0.25.2,Linux-6.6.122+-x86_64-with-glibc2.35,x86_64
BSD100,216081.png,x3,fsrcnn,prepared_bicubic_lr,216081.png,3,native_model_grid_then_full_target_size_adjustment,gaussian_11x11_sigma_1.5_population_covariance,limited_bt601_y_model_with_bicubic_cbcr,gpu,model_forward_only_cuda_events,Tesla T4,14912.6875,11.6826171875,12809,fsrcnn_x3.pth,f65b55819c1258048bc8c1ca96f9e24bd4339f779951d7f928144c08e3868d75,https://dl.dropboxusercontent.com/s/pm1ed2nyboulz5z/fsrcnn_x3.pth,91-image,bicubic,480,321,481,321,True,26.265944670426062,0.751295516297785,24.995102982342964,0.7250970438213479,1.0299808025360107,1.026032030582428,0.011870187283481036,1.0158079862594604,1.0503360033035278,3,10,481,321,160,107,2.11.0+cu128,12.8,2026-08-31T12:09:30.306213+00:00,3.13.15,2.1.3,11.3.0,0.25.2,Linux-6.6.122+-x86_64-with-glibc2.35,x86_64
BSD100,219090.png,x3,fsrcnn,prepared_bicubic_lr,219090.png,3,native_model_grid_then_full_target_size_adjustment,gaussian_11x11_sigma_1.5_population_covariance,limited_bt601_y_model_with_bicubic_cbcr,gpu,model_forward_only_cuda_events,Tesla T4,14912.6875,11.6826171875,12809,fsrcnn_x3.pth,f65b55819c1258048bc8c1ca96f9e24bd4339f779951d7f928144c08e3868d75,https://dl.dropboxusercontent.com/s/pm1ed2nyboulz5z/fsrcnn_x3.pth,91-image,bicubic,480,321,481,321,True,27.39956643626379,0.7874726583548887,26.081423208394735,0.7620160415442099,1.0548992037773133,1.0415199995040894,0.03885979119647218,1.0202879905700684,1.1612160205841064,3,10,481,321,160,107,2.11.0+cu128,12.8,2026-08-31T12:09:30.505404+00:00,3.13.15,2.1.3,11.3.0,0.25.2,Linux-6.6.122+-x86_64-with-glibc2.35,x86_64
BSD100,220075.png,x3,fsrcnn,prepared_bicubic_lr,220075.png,3,native_model_grid_then_full_target_size_adjustment,gaussian_11x11_sigma_1.5_population_covariance,limited_bt601_y_model_with_bicubic_cbcr,gpu,model_forward_only_cuda_events,Tesla T4,14912.6875,11.6826171875,12809,fsrcnn_x3.pth,f65b55819c1258048bc8c1ca96f9e24bd4339f779951d7f928144c08e3868d75,https://dl.dropboxusercontent.com/s/pm1ed2nyboulz5z/fsrcnn_x3.pth,91-image,bicubic,480,321,481,321,True,28.679194547575126,0.899323198093013,27.329025870639075,0.8847488175895846,1.0468255996704101,1.044160008430481,0.012716930283884275,1.0314559936523438,1.0658880472183228,3,10,481,321,160,107,2.11.0+cu128,12.8,2026-08-31T12:09:30.713287+00:00,3.13.15,2.1.3,11.3.0,0.25.2,Linux-6.6.122+-x86_64-with-glibc2.35,x86_64
BSD100,223061.png,x3,fsrcnn,prepared_bicubic_lr,223061.png,3,native_model_grid_then_full_target_size_adjustment,gaussian_11x11_sigma_1.5_population_covariance,limited_bt601_y_model_with_bicubic_cbcr,gpu,model_forward_only_cuda_events,Tesla T4,14912.6875,11.6826171875,12809,fsrcnn_x3.pth,f65b55819c1258048bc8c1ca96f9e24bd4339f779951d7f928144c08e3868d75,https://dl.dropboxusercontent.com/s/pm1ed2nyboulz5z/fsrcnn_x3.pth,91-image,bicubic,480,321,481,321,True,25.378876011112638,0.7242478938680079,24.040446199476687,0.7088295201693281,1.3287392020225526,1.2670400142669678,0.14187446550871305,1.1919039487838745,1.6509759426116943,3,10,481,321,160,107,2.11.0+cu128,12.8,2026-08-31T12:09:30.919406+00:00,3.13.15,2.1.3,11.3.0,0.25.2,Linux-6.6.122+-x86_64-with-glibc2.35,x86_64
BSD100,227092.png,x3,fsrcnn,prepared_bicubic_lr,227092.png,3,native_model_grid_then_full_target_size_adjustment,gaussian_11x11_sigma_1.5_population_covariance,limited_bt601_y_model_with_bicubic_cbcr,gpu,model_forward_only_cuda_events,Tesla T4,14912.6875,11.6826171875,12809,fsrcnn_x3.pth,f65b55819c1258048bc8c1ca96f9e24bd4339f779951d7f928144c08e3868d75,https://dl.dropboxusercontent.com/s/pm1ed2nyboulz5z/fsrcnn_x3.pth,91-image,bicubic,321,480,321,481,True,34.884575747401236,0.8789169209776144,33.492953915365355,0.8617234600790645,1.1150752067565919,1.0475519895553589,0.11323425604155965,1.0262720584869385,1.3148159980773926,3,10,321,481,107,160,2.11.0+cu128,12.8,2026-08-31T12:09:31.139496+00:00,3.13.15,2.1.3,11.3.0,0.25.2,Linux-6.6.122+-x86_64-with-glibc2.35,x86_64
BSD100,229036.png,x3,fsrcnn,prepared_bicubic_lr,229036.png,3,native_model_grid_then_full_target_size_adjustment,gaussian_11x11_sigma_1.5_population_covariance,limited_bt601_y_model_with_bicubic_cbcr,gpu,model_forward_only_cuda_events,Tesla T4,14912.6875,11.6826171875,12809,fsrcnn_x3.pth,f65b55819c1258048bc8c1ca96f9e24bd4339f779951d7f928144c08e3868d75,https://dl.dropboxusercontent.com/s/pm1ed2nyboulz5z/fsrcnn_x3.pth,91-image,bicubic,480,321,481,321,True,23.71662004721007,0.691921290801916,22.38867261114139,0.6719430070889909,1.0619744181632995,1.0444639921188354,0.053660943926747376,1.0298559665679932,1.2205760478973389,3,10,481,321,160,107,2.11.0+cu128,12.8,2026-08-31T12:09:31.364544+00:00,3.13.15,2.1.3,11.3.0,0.25.2,Linux-6.6.122+-x86_64-with-glibc2.35,x86_64
BSD100,236037.png,x3,fsrcnn,prepared_bicubic_lr,236037.png,3,native_model_grid_then_full_target_size_adjustment,gaussian_11x11_sigma_1.5_population_covariance,limited_bt601_y_model_with_bicubic_cbcr,gpu,model_forward_only_cuda_events,Tesla T4,14912.6875,11.6826171875,12809,fsrcnn_x3.pth,f65b55819c1258048bc8c1ca96f9e24bd4339f779951d7f928144c08e3868d75,https://dl.dropboxusercontent.com/s/pm1ed2nyboulz5z/fsrcnn_x3.pth,91-image,bicubic,480,321,481,321,True,25.962756398110795,0.7190714709835271,24.612564625181545,0.7049085022942854,1.0347616076469421,1.0322880148887634,0.011316791865586422,1.0219520330429077,1.0629760026931763,3,10,481,321,160,107,2.11.0+cu128,12.8,2026-08-31T12:09:31.598943+00:00,3.13.15,2.1.3,11.3.0,0.25.2,Linux-6.6.122+-x86_64-with-glibc2.35,x86_64
BSD100,24077.png,x3,fsrcnn,prepared_bicubic_lr,24077.png,3,native_model_grid_then_full_target_size_adjustment,gaussian_11x11_sigma_1.5_population_covariance,limited_bt601_y_model_with_bicubic_cbcr,gpu,model_forward_only_cuda_events,Tesla T4,14912.6875,11.6826171875,12809,fsrcnn_x3.pth,f65b55819c1258048bc8c1ca96f9e24bd4339f779951d7f928144c08e3868d75,https://dl.dropboxusercontent.com/s/pm1ed2nyboulz5z/fsrcnn_x3.pth,91-image,bicubic,480,321,481,321,True,27.80216736109237,0.8895619007774432,26.27503763625016,0.8776291942391717,1.2500704050064086,1.2131839990615845,0.1917235980653725,1.0398080348968506,1.6263999938964844,3,10,481,321,160,107,2.11.0+cu128,12.8,2026-08-31T12:09:31.902676+00:00,3.13.15,2.1.3,11.3.0,0.25.2,Linux-6.6.122+-x86_64-with-glibc2.35,x86_64
BSD100,241004.png,x3,fsrcnn,prepared_bicubic_lr,241004.png,3,native_model_grid_then_full_target_size_adjustment,gaussian_11x11_sigma_1.5_population_covariance,limited_bt601_y_model_with_bicubic_cbcr,gpu,model_forward_only_cuda_events,Tesla T4,14912.6875,11.6826171875,12809,fsrcnn_x3.pth,f65b55819c1258048bc8c1ca96f9e24bd4339f779951d7f928144c08e3868d75,https://dl.dropboxusercontent.com/s/pm1ed2nyboulz5z/fsrcnn_x3.pth,91-image,bicubic,480,321,481,321,True,32.835321994754764,0.8631345600749173,31.46416047073762,0.8402930089359589,1.07014080286026,1.0619679689407349,0.023049456213089556,1.0419520139694214,1.112064003944397,3,10,481,321,160,107,2.11.0+cu128,12.8,2026-08-31T12:09:32.192971+00:00,3.13.15,2.1.3,11.3.0,0.25.2,Linux-6.6.122+-x86_64-with-glibc2.35,x86_64
BSD100,241048.png,x3,fsrcnn,prepared_bicubic_lr,241048.png,3,native_model_grid_then_full_target_size_adjustment,gaussian_11x11_sigma_1.5_population_covariance,limited_bt601_y_model_with_bicubic_cbcr,gpu,model_forward_only_cuda_events,Tesla T4,14912.6875,11.6826171875,12809,fsrcnn_x3.pth,f65b55819c1258048bc8c1ca96f9e24bd4339f779951d7f928144c08e3868d75,https://dl.dropboxusercontent.com/s/pm1ed2nyboulz5z/fsrcnn_x3.pth,91-image,bicubic,480,321,481,321,True,25.543183233918366,0.6768955657816064,24.208119041252054,0.6553591652178544,1.0739455938339233,1.060800015926361,0.04037008448762144,1.0431360006332397,1.1845439672470093,3,10,481,321,160,107,2.11.0+cu128,12.8,2026-08-31T12:09:32.468603+00:00,3.13.15,2.1.3,11.3.0,0.25.2,Linux-6.6.122+-x86_64-with-glibc2.35,x86_64
BSD100,253027.png,x3,fsrcnn,prepared_bicubic_lr,253027.png,3,native_model_grid_then_full_target_size_adjustment,gaussian_11x11_sigma_1.5_population_covariance,limited_bt601_y_model_with_bicubic_cbcr,gpu,model_forward_only_cuda_events,Tesla T4,14912.6875,11.6826171875,12809,fsrcnn_x3.pth,f65b55819c1258048bc8c1ca96f9e24bd4339f779951d7f928144c08e3868d75,https://dl.dropboxusercontent.com/s/pm1ed2nyboulz5z/fsrcnn_x3.pth,91-image,bicubic,480,321,481,321,True,23.394670485755903,0.7572595942362934,22.055038583181048,0.7388437113951684,1.0768416047096252,1.059279978275299,0.04667522894777925,1.039072036743164,1.1915839910507202,3,10,481,321,160,107,2.11.0+cu128,12.8,2026-08-31T12:09:32.732001+00:00,3.13.15,2.1.3,11.3.0,0.25.2,Linux-6.6.122+-x86_64-with-glibc2.35,x86_64
BSD100,253055.png,x3,fsrcnn,prepared_bicubic_lr,253055.png,3,native_model_grid_then_full_target_size_adjustment,gaussian_11x11_sigma_1.5_population_covariance,limited_bt601_y_model_with_bicubic_cbcr,gpu,model_forward_only_cuda_events,Tesla T4,14912.6875,11.6826171875,12809,fsrcnn_x3.pth,f65b55819c1258048bc8c1ca96f9e24bd4339f779951d7f928144c08e3868d75,https://dl.dropboxusercontent.com/s/pm1ed2nyboulz5z/fsrcnn_x3.pth,91-image,bicubic,480,321,481,321,True,32.67964186834894,0.8618161801480078,31.328217204023726,0.8385366314396067,1.1504640102386474,1.1488160490989685,0.08503974165623007,1.0451200008392334,1.3580800294876099,3,10,481,321,160,107,2.11.0+cu128,12.8,2026-08-31T12:09:33.062173+00:00,3.13.15,2.1.3,11.3.0,0.25.2,Linux-6.6.122+-x86_64-with-glibc2.35,x86_64
BSD100,260058.png,x3,fsrcnn,prepared_bicubic_lr,260058.png,3,native_model_grid_then_full_target_size_adjustment,gaussian_11x11_sigma_1.5_population_covariance,limited_bt601_y_model_with_bicubic_cbcr,gpu,model_forward_only_cuda_events,Tesla T4,14912.6875,11.6826171875,12809,fsrcnn_x3.pth,f65b55819c1258048bc8c1ca96f9e24bd4339f779951d7f928144c08e3868d75,https://dl.dropboxusercontent.com/s/pm1ed2nyboulz5z/fsrcnn_x3.pth,91-image,bicubic,480,321,481,321,True,33.338032394184815,0.8325921345133046,31.982356804628587,0.8045724838247755,1.3797216057777404,1.396336019039154,0.15496010994742748,1.1849919557571411,1.6762559413909912,3,10,481,321,160,107,2.11.0+cu128,12.8,2026-08-31T12:09:33.330697+00:00,3.13.15,2.1.3,11.3.0,0.25.2,Linux-6.6.122+-x86_64-with-glibc2.35,x86_64
BSD100,271035.png,x3,fsrcnn,prepared_bicubic_lr,271035.png,3,native_model_grid_then_full_target_size_adjustment,gaussian_11x11_sigma_1.5_population_covariance,limited_bt601_y_model_with_bicubic_cbcr,gpu,model_forward_only_cuda_events,Tesla T4,14912.6875,11.6826171875,12809,fsrcnn_x3.pth,f65b55819c1258048bc8c1ca96f9e24bd4339f779951d7f928144c08e3868d75,https://dl.dropboxusercontent.com/s/pm1ed2nyboulz5z/fsrcnn_x3.pth,91-image,bicubic,321,480,321,481,True,28.53165736827485,0.8130651290758952,27.185101760997785,0.7913280317055974,1.2861119985580445,1.0706560015678406,0.6698529269975488,1.0410239696502686,3.295232057571411,3,10,321,481,107,160,2.11.0+cu128,12.8,2026-08-31T12:09:33.586128+00:00,3.13.15,2.1.3,11.3.0,0.25.2,Linux-6.6.122+-x86_64-with-glibc2.35,x86_64
BSD100,285079.png,x3,fsrcnn,prepared_bicubic_lr,285079.png,3,native_model_grid_then_full_target_size_adjustment,gaussian_11x11_sigma_1.5_population_covariance,limited_bt601_y_model_with_bicubic_cbcr,gpu,model_forward_only_cuda_events,Tesla T4,14912.6875,11.6826171875,12809,fsrcnn_x3.pth,f65b55819c1258048bc8c1ca96f9e24bd4339f779951d7f928144c08e3868d75,https://dl.dropboxusercontent.com/s/pm1ed2nyboulz5z/fsrcnn_x3.pth,91-image,bicubic,321,480,321,481,True,26.529573916614112,0.7549608950643281,25.17569706368439,0.7335211858096543,1.0934943914413453,1.0791199803352356,0.027787505615091395,1.0627199411392212,1.1429120302200317,3,10,321,481,107,160,2.11.0+cu128,12.8,2026-08-31T12:09:33.854359+00:00,3.13.15,2.1.3,11.3.0,0.25.2,Linux-6.6.122+-x86_64-with-glibc2.35,x86_64
BSD100,291000.png,x3,fsrcnn,prepared_bicubic_lr,291000.png,3,native_model_grid_then_full_target_size_adjustment,gaussian_11x11_sigma_1.5_population_covariance,limited_bt601_y_model_with_bicubic_cbcr,gpu,model_forward_only_cuda_events,Tesla T4,14912.6875,11.6826171875,12809,fsrcnn_x3.pth,f65b55819c1258048bc8c1ca96f9e24bd4339f779951d7f928144c08e3868d75,https://dl.dropboxusercontent.com/s/pm1ed2nyboulz5z/fsrcnn_x3.pth,91-image,bicubic,480,321,481,321,True,21.965000678084362,0.5124557653188347,20.584181740042506,0.49325532545607986,1.0573568105697633,1.0460479855537415,0.025233005439326845,1.0341119766235352,1.1216000318527222,3,10,481,321,160,107,2.11.0+cu128,12.8,2026-08-31T12:09:34.106435+00:00,3.13.15,2.1.3,11.3.0,0.25.2,Linux-6.6.122+-x86_64-with-glibc2.35,x86_64
BSD100,295087.png,x3,fsrcnn,prepared_bicubic_lr,295087.png,3,native_model_grid_then_full_target_size_adjustment,gaussian_11x11_sigma_1.5_population_covariance,limited_bt601_y_model_with_bicubic_cbcr,gpu,model_forward_only_cuda_events,Tesla T4,14912.6875,11.6826171875,12809,fsrcnn_x3.pth,f65b55819c1258048bc8c1ca96f9e24bd4339f779951d7f928144c08e3868d75,https://dl.dropboxusercontent.com/s/pm1ed2nyboulz5z/fsrcnn_x3.pth,91-image,bicubic,480,321,481,321,True,28.16306622815693,0.7652907029791173,26.787966263312967,0.7459018697644887,1.0494880080223083,1.0476800203323364,0.008118675058146514,1.0403519868850708,1.0649280548095703,3,10,481,321,160,107,2.11.0+cu128,12.8,2026-08-31T12:09:34.363959+00:00,3.13.15,2.1.3,11.3.0,0.25.2,Linux-6.6.122+-x86_64-with-glibc2.35,x86_64
BSD100,296007.png,x3,fsrcnn,prepared_bicubic_lr,296007.png,3,native_model_grid_then_full_target_size_adjustment,gaussian_11x11_sigma_1.5_population_covariance,limited_bt601_y_model_with_bicubic_cbcr,gpu,model_forward_only_cuda_events,Tesla T4,14912.6875,11.6826171875,12809,fsrcnn_x3.pth,f65b55819c1258048bc8c1ca96f9e24bd4339f779951d7f928144c08e3868d75,https://dl.dropboxusercontent.com/s/pm1ed2nyboulz5z/fsrcnn_x3.pth,91-image,bicubic,480,321,481,321,True,32.78519035022321,0.8272646688176551,31.43353390561371,0.8005594443897067,1.0560736060142517,1.0491840243339539,0.019897862875069075,1.0359679460525513,1.100000023841858,3,10,481,321,160,107,2.11.0+cu128,12.8,2026-08-31T12:09:34.682085+00:00,3.13.15,2.1.3,11.3.0,0.25.2,Linux-6.6.122+-x86_64-with-glibc2.35,x86_64
BSD100,296059.png,x3,fsrcnn,prepared_bicubic_lr,296059.png,3,native_model_grid_then_full_target_size_adjustment,gaussian_11x11_sigma_1.5_population_covariance,limited_bt601_y_model_with_bicubic_cbcr,gpu,model_forward_only_cuda_events,Tesla T4,14912.6875,11.6826171875,12809,fsrcnn_x3.pth,f65b55819c1258048bc8c1ca96f9e24bd4339f779951d7f928144c08e3868d75,https://dl.dropboxusercontent.com/s/pm1ed2nyboulz5z/fsrcnn_x3.pth,91-image,bicubic,480,321,481,321,True,31.44181306646313,0.8104799153297727,30.090114476116664,0.7845054556533878,1.1584223866462708,1.1091359853744507,0.10174357156313601,1.041983962059021,1.3161280155181885,3,10,481,321,160,107,2.11.0+cu128,12.8,2026-08-31T12:09:34.971489+00:00,3.13.15,2.1.3,11.3.0,0.25.2,Linux-6.6.122+-x86_64-with-glibc2.35,x86_64
BSD100,299086.png,x3,fsrcnn,prepared_bicubic_lr,299086.png,3,native_model_grid_then_full_target_size_adjustment,gaussian_11x11_sigma_1.5_population_covariance,limited_bt601_y_model_with_bicubic_cbcr,gpu,model_forward_only_cuda_events,Tesla T4,14912.6875,11.6826171875,12809,fsrcnn_x3.pth,f65b55819c1258048bc8c1ca96f9e24bd4339f779951d7f928144c08e3868d75,https://dl.dropboxusercontent.com/s/pm1ed2nyboulz5z/fsrcnn_x3.pth,91-image,bicubic,480,321,481,321,True,32.467230490473405,0.8383362799890637,31.087258719100323,0.8130987793550274,1.0965344071388246,1.061839997768402,0.061730945482187154,1.0428160429000854,1.2257280349731445,3,10,481,321,160,107,2.11.0+cu128,12.8,2026-08-31T12:09:35.279937+00:00,3.13.15,2.1.3,11.3.0,0.25.2,Linux-6.6.122+-x86_64-with-glibc2.35,x86_64
BSD100,300091.png,x3,fsrcnn,prepared_bicubic_lr,300091.png,3,native_model_grid_then_full_target_size_adjustment,gaussian_11x11_sigma_1.5_population_covariance,limited_bt601_y_model_with_bicubic_cbcr,gpu,model_forward_only_cuda_events,Tesla T4,14912.6875,11.6826171875,12809,fsrcnn_x3.pth,f65b55819c1258048bc8c1ca96f9e24bd4339f779951d7f928144c08e3868d75,https://dl.dropboxusercontent.com/s/pm1ed2nyboulz5z/fsrcnn_x3.pth,91-image,bicubic,480,321,481,321,True,29.442590019170446,0.820569406662443,28.08582704750887,0.7980921517201626,1.1975296020507813,1.160591959953308,0.13054638198908594,1.045024037361145,1.531391978263855,3,10,481,321,160,107,2.11.0+cu128,12.8,2026-08-31T12:09:35.558193+00:00,3.13.15,2.1.3,11.3.0,0.25.2,Linux-6.6.122+-x86_64-with-glibc2.35,x86_64
BSD100,302008.png,x3,fsrcnn,prepared_bicubic_lr,302008.png,3,native_model_grid_then_full_target_size_adjustment,gaussian_11x11_sigma_1.5_population_covariance,limited_bt601_y_model_with_bicubic_cbcr,gpu,model_forward_only_cuda_events,Tesla T4,14912.6875,11.6826171875,12809,fsrcnn_x3.pth,f65b55819c1258048bc8c1ca96f9e24bd4339f779951d7f928144c08e3868d75,https://dl.dropboxusercontent.com/s/pm1ed2nyboulz5z/fsrcnn_x3.pth,91-image,bicubic,321,480,321,481,True,34.38840589546328,0.9533682069910207,32.98304266031316,0.9435697586380183,1.44126398563385,1.463599979877472,0.10621898019739555,1.2507519721984863,1.6383999586105347,3,10,321,481,107,160,2.11.0+cu128,12.8,2026-08-31T12:09:35.750308+00:00,3.13.15,2.1.3,11.3.0,0.25.2,Linux-6.6.122+-x86_64-with-glibc2.35,x86_64
BSD100,304034.png,x3,fsrcnn,prepared_bicubic_lr,304034.png,3,native_model_grid_then_full_target_size_adjustment,gaussian_11x11_sigma_1.5_population_covariance,limited_bt601_y_model_with_bicubic_cbcr,gpu,model_forward_only_cuda_events,Tesla T4,14912.6875,11.6826171875,12809,fsrcnn_x3.pth,f65b55819c1258048bc8c1ca96f9e24bd4339f779951d7f928144c08e3868d75,https://dl.dropboxusercontent.com/s/pm1ed2nyboulz5z/fsrcnn_x3.pth,91-image,bicubic,480,321,481,321,True,25.347858818377876,0.7570664645544224,24.032778645320807,0.7388779534314142,1.0770112037658692,1.0479360222816467,0.05253382746482055,1.026047945022583,1.177888035774231,3,10,481,321,160,107,2.11.0+cu128,12.8,2026-08-31T12:09:35.945521+00:00,3.13.15,2.1.3,11.3.0,0.25.2,Linux-6.6.122+-x86_64-with-glibc2.35,x86_64
BSD100,304074.png,x3,fsrcnn,prepared_bicubic_lr,304074.png,3,native_model_grid_then_full_target_size_adjustment,gaussian_11x11_sigma_1.5_population_covariance,limited_bt601_y_model_with_bicubic_cbcr,gpu,model_forward_only_cuda_events,Tesla T4,14912.6875,11.6826171875,12809,fsrcnn_x3.pth,f65b55819c1258048bc8c1ca96f9e24bd4339f779951d7f928144c08e3868d75,https://dl.dropboxusercontent.com/s/pm1ed2nyboulz5z/fsrcnn_x3.pth,91-image,bicubic,321,480,321,481,True,26.91601330104991,0.69642451951334,25.579542819909257,0.6708700157900734,1.066873586177826,1.0301439762115479,0.08026316142172112,1.0132160186767578,1.248095989227295,3,10,321,481,107,160,2.11.0+cu128,12.8,2026-08-31T12:09:36.159847+00:00,3.13.15,2.1.3,11.3.0,0.25.2,Linux-6.6.122+-x86_64-with-glibc2.35,x86_64
BSD100,306005.png,x3,fsrcnn,prepared_bicubic_lr,306005.png,3,native_model_grid_then_full_target_size_adjustment,gaussian_11x11_sigma_1.5_population_covariance,limited_bt601_y_model_with_bicubic_cbcr,gpu,model_forward_only_cuda_events,Tesla T4,14912.6875,11.6826171875,12809,fsrcnn_x3.pth,f65b55819c1258048bc8c1ca96f9e24bd4339f779951d7f928144c08e3868d75,https://dl.dropboxusercontent.com/s/pm1ed2nyboulz5z/fsrcnn_x3.pth,91-image,bicubic,480,321,481,321,True,29.259463892265167,0.8324340677758689,27.86424171649143,0.8146030245401913,1.042406392097473,1.0397440195083618,0.016851222776933798,1.0198719501495361,1.0854400396347046,3,10,481,321,160,107,2.11.0+cu128,12.8,2026-08-31T12:09:36.373050+00:00,3.13.15,2.1.3,11.3.0,0.25.2,Linux-6.6.122+-x86_64-with-glibc2.35,x86_64
BSD100,3096.png,x3,fsrcnn,prepared_bicubic_lr,3096.png,3,native_model_grid_then_full_target_size_adjustment,gaussian_11x11_sigma_1.5_population_covariance,limited_bt601_y_model_with_bicubic_cbcr,gpu,model_forward_only_cuda_events,Tesla T4,14912.6875,11.6826171875,12809,fsrcnn_x3.pth,f65b55819c1258048bc8c1ca96f9e24bd4339f779951d7f928144c08e3868d75,https://dl.dropboxusercontent.com/s/pm1ed2nyboulz5z/fsrcnn_x3.pth,91-image,bicubic,480,321,481,321,True,39.621520014907425,0.9778503300991064,38.2024497154003,0.9707865144790158,1.0422816038131715,1.0376160144805908,0.012129594202294168,1.0287359952926636,1.0670080184936523,3,10,481,321,160,107,2.11.0+cu128,12.8,2026-08-31T12:09:36.571089+00:00,3.13.15,2.1.3,11.3.0,0.25.2,Linux-6.6.122+-x86_64-with-glibc2.35,x86_64
BSD100,33039.png,x3,fsrcnn,prepared_bicubic_lr,33039.png,3,native_model_grid_then_full_target_size_adjustment,gaussian_11x11_sigma_1.5_population_covariance,limited_bt601_y_model_with_bicubic_cbcr,gpu,model_forward_only_cuda_events,Tesla T4,14912.6875,11.6826171875,12809,fsrcnn_x3.pth,f65b55819c1258048bc8c1ca96f9e24bd4339f779951d7f928144c08e3868d75,https://dl.dropboxusercontent.com/s/pm1ed2nyboulz5z/fsrcnn_x3.pth,91-image,bicubic,321,480,321,481,True,22.20400975541231,0.677908323941336,20.88368058965702,0.6652375236292083,1.0543424010276794,1.0444799661636353,0.026429272560095897,1.0240960121154785,1.1182080507278442,3,10,321,481,107,160,2.11.0+cu128,12.8,2026-08-31T12:09:36.767483+00:00,3.13.15,2.1.3,11.3.0,0.25.2,Linux-6.6.122+-x86_64-with-glibc2.35,x86_64
BSD100,351093.png,x3,fsrcnn,prepared_bicubic_lr,351093.png,3,native_model_grid_then_full_target_size_adjustment,gaussian_11x11_sigma_1.5_population_covariance,limited_bt601_y_model_with_bicubic_cbcr,gpu,model_forward_only_cuda_events,Tesla T4,14912.6875,11.6826171875,12809,fsrcnn_x3.pth,f65b55819c1258048bc8c1ca96f9e24bd4339f779951d7f928144c08e3868d75,https://dl.dropboxusercontent.com/s/pm1ed2nyboulz5z/fsrcnn_x3.pth,91-image,bicubic,480,321,481,321,True,23.47673085215737,0.7081145827662917,22.151458511327892,0.6902408808856652,1.0541855812072753,1.0463680028915405,0.03056693977190071,1.0201599597930908,1.1341439485549927,3,10,481,321,160,107,2.11.0+cu128,12.8,2026-08-31T12:09:36.958337+00:00,3.13.15,2.1.3,11.3.0,0.25.2,Linux-6.6.122+-x86_64-with-glibc2.35,x86_64
BSD100,361010.png,x3,fsrcnn,prepared_bicubic_lr,361010.png,3,native_model_grid_then_full_target_size_adjustment,gaussian_11x11_sigma_1.5_population_covariance,limited_bt601_y_model_with_bicubic_cbcr,gpu,model_forward_only_cuda_events,Tesla T4,14912.6875,11.6826171875,12809,fsrcnn_x3.pth,f65b55819c1258048bc8c1ca96f9e24bd4339f779951d7f928144c08e3868d75,https://dl.dropboxusercontent.com/s/pm1ed2nyboulz5z/fsrcnn_x3.pth,91-image,bicubic,480,321,481,321,True,29.628056212725802,0.8493453358020718,28.26943153099782,0.822979957301917,1.3444543719291686,1.2438879609107971,0.31376192746053727,1.103775978088379,2.2466559410095215,3,10,481,321,160,107,2.11.0+cu128,12.8,2026-08-31T12:09:37.177777+00:00,3.13.15,2.1.3,11.3.0,0.25.2,Linux-6.6.122+-x86_64-with-glibc2.35,x86_64
BSD100,37073.png,x3,fsrcnn,prepared_bicubic_lr,37073.png,3,native_model_grid_then_full_target_size_adjustment,gaussian_11x11_sigma_1.5_population_covariance,limited_bt601_y_model_with_bicubic_cbcr,gpu,model_forward_only_cuda_events,Tesla T4,14912.6875,11.6826171875,12809,fsrcnn_x3.pth,f65b55819c1258048bc8c1ca96f9e24bd4339f779951d7f928144c08e3868d75,https://dl.dropboxusercontent.com/s/pm1ed2nyboulz5z/fsrcnn_x3.pth,91-image,bicubic,480,321,481,321,True,30.51538858389644,0.8216700427141412,29.173321690801277,0.7904503278587417,1.0448383927345275,1.0399519801139832,0.0178280829918469,1.023743987083435,1.077247977256775,3,10,481,321,160,107,2.11.0+cu128,12.8,2026-08-31T12:09:37.379934+00:00,3.13.15,2.1.3,11.3.0,0.25.2,Linux-6.6.122+-x86_64-with-glibc2.35,x86_64
BSD100,376043.png,x3,fsrcnn,prepared_bicubic_lr,376043.png,3,native_model_grid_then_full_target_size_adjustment,gaussian_11x11_sigma_1.5_population_covariance,limited_bt601_y_model_with_bicubic_cbcr,gpu,model_forward_only_cuda_events,Tesla T4,14912.6875,11.6826171875,12809,fsrcnn_x3.pth,f65b55819c1258048bc8c1ca96f9e24bd4339f779951d7f928144c08e3868d75,https://dl.dropboxusercontent.com/s/pm1ed2nyboulz5z/fsrcnn_x3.pth,91-image,bicubic,321,480,321,481,True,26.501891105929086,0.6901311130536055,25.13189275839445,0.6748268106869489,1.0424416065216064,1.037168025970459,0.01624121916277874,1.0219839811325073,1.0745600461959839,3,10,321,481,107,160,2.11.0+cu128,12.8,2026-08-31T12:09:37.597817+00:00,3.13.15,2.1.3,11.3.0,0.25.2,Linux-6.6.122+-x86_64-with-glibc2.35,x86_64
BSD100,38082.png,x3,fsrcnn,prepared_bicubic_lr,38082.png,3,native_model_grid_then_full_target_size_adjustment,gaussian_11x11_sigma_1.5_population_covariance,limited_bt601_y_model_with_bicubic_cbcr,gpu,model_forward_only_cuda_events,Tesla T4,14912.6875,11.6826171875,12809,fsrcnn_x3.pth,f65b55819c1258048bc8c1ca96f9e24bd4339f779951d7f928144c08e3868d75,https://dl.dropboxusercontent.com/s/pm1ed2nyboulz5z/fsrcnn_x3.pth,91-image,bicubic,480,321,481,321,True,28.132195216789274,0.683188256514026,26.79539994109577,0.6578215631656833,1.040992021560669,1.035904049873352,0.015596965309266967,1.0219520330429077,1.0770879983901978,3,10,481,321,160,107,2.11.0+cu128,12.8,2026-08-31T12:09:37.821495+00:00,3.13.15,2.1.3,11.3.0,0.25.2,Linux-6.6.122+-x86_64-with-glibc2.35,x86_64
BSD100,38092.png,x3,fsrcnn,prepared_bicubic_lr,38092.png,3,native_model_grid_then_full_target_size_adjustment,gaussian_11x11_sigma_1.5_population_covariance,limited_bt601_y_model_with_bicubic_cbcr,gpu,model_forward_only_cuda_events,Tesla T4,14912.6875,11.6826171875,12809,fsrcnn_x3.pth,f65b55819c1258048bc8c1ca96f9e24bd4339f779951d7f928144c08e3868d75,https://dl.dropboxusercontent.com/s/pm1ed2nyboulz5z/fsrcnn_x3.pth,91-image,bicubic,480,321,481,321,True,27.079772414058763,0.749310686644846,25.765964676539,0.7278079096322702,1.0471392035484315,1.0410400032997131,0.036078540503595866,1.0219520330429077,1.1509439945220947,3,10,481,321,160,107,2.11.0+cu128,12.8,2026-08-31T12:09:38.031603+00:00,3.13.15,2.1.3,11.3.0,0.25.2,Linux-6.6.122+-x86_64-with-glibc2.35,x86_64
BSD100,385039.png,x3,fsrcnn,prepared_bicubic_lr,385039.png,3,native_model_grid_then_full_target_size_adjustment,gaussian_11x11_sigma_1.5_population_covariance,limited_bt601_y_model_with_bicubic_cbcr,gpu,model_forward_only_cuda_events,Tesla T4,14912.6875,11.6826171875,12809,fsrcnn_x3.pth,f65b55819c1258048bc8c1ca96f9e24bd4339f779951d7f928144c08e3868d75,https://dl.dropboxusercontent.com/s/pm1ed2nyboulz5z/fsrcnn_x3.pth,91-image,bicubic,480,321,481,321,True,24.726239278448684,0.734501518703837,23.392460705586654,0.7126848958239792,1.0611136078834533,1.0433599948883057,0.04891343095283206,1.0254080295562744,1.1775360107421875,3,10,481,321,160,107,2.11.0+cu128,12.8,2026-08-31T12:09:38.259867+00:00,3.13.15,2.1.3,11.3.0,0.25.2,Linux-6.6.122+-x86_64-with-glibc2.35,x86_64
BSD100,41033.png,x3,fsrcnn,prepared_bicubic_lr,41033.png,3,native_model_grid_then_full_target_size_adjustment,gaussian_11x11_sigma_1.5_population_covariance,limited_bt601_y_model_with_bicubic_cbcr,gpu,model_forward_only_cuda_events,Tesla T4,14912.6875,11.6826171875,12809,fsrcnn_x3.pth,f65b55819c1258048bc8c1ca96f9e24bd4339f779951d7f928144c08e3868d75,https://dl.dropboxusercontent.com/s/pm1ed2nyboulz5z/fsrcnn_x3.pth,91-image,bicubic,480,321,481,321,True,31.466544431871405,0.8302385661511442,30.12700774227111,0.8059146716018732,1.0363840103149413,1.0360320210456848,0.007153875526678827,1.0268160104751587,1.0516480207443237,3,10,481,321,160,107,2.11.0+cu128,12.8,2026-08-31T12:09:38.467804+00:00,3.13.15,2.1.3,11.3.0,0.25.2,Linux-6.6.122+-x86_64-with-glibc2.35,x86_64
BSD100,41069.png,x3,fsrcnn,prepared_bicubic_lr,41069.png,3,native_model_grid_then_full_target_size_adjustment,gaussian_11x11_sigma_1.5_population_covariance,limited_bt601_y_model_with_bicubic_cbcr,gpu,model_forward_only_cuda_events,Tesla T4,14912.6875,11.6826171875,12809,fsrcnn_x3.pth,f65b55819c1258048bc8c1ca96f9e24bd4339f779951d7f928144c08e3868d75,https://dl.dropboxusercontent.com/s/pm1ed2nyboulz5z/fsrcnn_x3.pth,91-image,bicubic,480,321,481,321,True,24.454952528247155,0.5860789028843362,23.13291575273981,0.5632786740226422,1.0384063839912414,1.0357760190963745,0.010651002618540238,1.021567940711975,1.0561599731445312,3,10,481,321,160,107,2.11.0+cu128,12.8,2026-08-31T12:09:38.682958+00:00,3.13.15,2.1.3,11.3.0,0.25.2,Linux-6.6.122+-x86_64-with-glibc2.35,x86_64
BSD100,42012.png,x3,fsrcnn,prepared_bicubic_lr,42012.png,3,native_model_grid_then_full_target_size_adjustment,gaussian_11x11_sigma_1.5_population_covariance,limited_bt601_y_model_with_bicubic_cbcr,gpu,model_forward_only_cuda_events,Tesla T4,14912.6875,11.6826171875,12809,fsrcnn_x3.pth,f65b55819c1258048bc8c1ca96f9e24bd4339f779951d7f928144c08e3868d75,https://dl.dropboxusercontent.com/s/pm1ed2nyboulz5z/fsrcnn_x3.pth,91-image,bicubic,321,480,321,481,True,30.827479834379147,0.8551983363203931,29.492932344912685,0.8400454634286042,1.0373504042625428,1.0397599935531616,0.010491799924728968,1.0219520330429077,1.0530240535736084,3,10,321,481,107,160,2.11.0+cu128,12.8,2026-08-31T12:09:38.889161+00:00,3.13.15,2.1.3,11.3.0,0.25.2,Linux-6.6.122+-x86_64-with-glibc2.35,x86_64
BSD100,42049.png,x3,fsrcnn,prepared_bicubic_lr,42049.png,3,native_model_grid_then_full_target_size_adjustment,gaussian_11x11_sigma_1.5_population_covariance,limited_bt601_y_model_with_bicubic_cbcr,gpu,model_forward_only_cuda_events,Tesla T4,14912.6875,11.6826171875,12809,fsrcnn_x3.pth,f65b55819c1258048bc8c1ca96f9e24bd4339f779951d7f928144c08e3868d75,https://dl.dropboxusercontent.com/s/pm1ed2nyboulz5z/fsrcnn_x3.pth,91-image,bicubic,480,321,481,321,True,31.60547451296898,0.9401481076417179,30.26597571168715,0.9295942598651581,1.0366176128387452,1.0371040105819702,0.010346896323338428,1.0169600248336792,1.0506240129470825,3,10,481,321,160,107,2.11.0+cu128,12.8,2026-08-31T12:09:39.108112+00:00,3.13.15,2.1.3,11.3.0,0.25.2,Linux-6.6.122+-x86_64-with-glibc2.35,x86_64
BSD100,43074.png,x3,fsrcnn,prepared_bicubic_lr,43074.png,3,native_model_grid_then_full_target_size_adjustment,gaussian_11x11_sigma_1.5_population_covariance,limited_bt601_y_model_with_bicubic_cbcr,gpu,model_forward_only_cuda_events,Tesla T4,14912.6875,11.6826171875,12809,fsrcnn_x3.pth,f65b55819c1258048bc8c1ca96f9e24bd4339f779951d7f928144c08e3868d75,https://dl.dropboxusercontent.com/s/pm1ed2nyboulz5z/fsrcnn_x3.pth,91-image,bicubic,480,321,481,321,True,30.6540897662467,0.8581201824723245,29.38030114416837,0.8422348136482771,1.029312002658844,1.0248000025749207,0.010314250506595695,1.0178240537643433,1.0520960092544556,3,10,481,321,160,107,2.11.0+cu128,12.8,2026-08-31T12:09:39.318493+00:00,3.13.15,2.1.3,11.3.0,0.25.2,Linux-6.6.122+-x86_64-with-glibc2.35,x86_64
BSD100,45096.png,x3,fsrcnn,prepared_bicubic_lr,45096.png,3,native_model_grid_then_full_target_size_adjustment,gaussian_11x11_sigma_1.5_population_covariance,limited_bt601_y_model_with_bicubic_cbcr,gpu,model_forward_only_cuda_events,Tesla T4,14912.6875,11.6826171875,12809,fsrcnn_x3.pth,f65b55819c1258048bc8c1ca96f9e24bd4339f779951d7f928144c08e3868d75,https://dl.dropboxusercontent.com/s/pm1ed2nyboulz5z/fsrcnn_x3.pth,91-image,bicubic,480,321,481,321,True,36.63459013039834,0.9437854292389245,35.13222011688092,0.9278550595577982,1.0484639883041382,1.0432799458503723,0.019055593924792166,1.0242559909820557,1.0943679809570312,3,10,481,321,160,107,2.11.0+cu128,12.8,2026-08-31T12:09:39.507148+00:00,3.13.15,2.1.3,11.3.0,0.25.2,Linux-6.6.122+-x86_64-with-glibc2.35,x86_64
BSD100,54082.png,x3,fsrcnn,prepared_bicubic_lr,54082.png,3,native_model_grid_then_full_target_size_adjustment,gaussian_11x11_sigma_1.5_population_covariance,limited_bt601_y_model_with_bicubic_cbcr,gpu,model_forward_only_cuda_events,Tesla T4,14912.6875,11.6826171875,12809,fsrcnn_x3.pth,f65b55819c1258048bc8c1ca96f9e24bd4339f779951d7f928144c08e3868d75,https://dl.dropboxusercontent.com/s/pm1ed2nyboulz5z/fsrcnn_x3.pth,91-image,bicubic,321,480,321,481,True,29.001068316445846,0.7467717513819107,27.665929810778035,0.7223085476578216,1.0484063982963563,1.0363360047340393,0.024217445313734026,1.0244799852371216,1.107807993888855,3,10,321,481,107,160,2.11.0+cu128,12.8,2026-08-31T12:09:39.710030+00:00,3.13.15,2.1.3,11.3.0,0.25.2,Linux-6.6.122+-x86_64-with-glibc2.35,x86_64
BSD100,55073.png,x3,fsrcnn,prepared_bicubic_lr,55073.png,3,native_model_grid_then_full_target_size_adjustment,gaussian_11x11_sigma_1.5_population_covariance,limited_bt601_y_model_with_bicubic_cbcr,gpu,model_forward_only_cuda_events,Tesla T4,14912.6875,11.6826171875,12809,fsrcnn_x3.pth,f65b55819c1258048bc8c1ca96f9e24bd4339f779951d7f928144c08e3868d75,https://dl.dropboxusercontent.com/s/pm1ed2nyboulz5z/fsrcnn_x3.pth,91-image,bicubic,321,480,321,481,True,23.000693141158358,0.6143794048977113,21.739418935134402,0.5848972795653112,1.0438527822494508,1.0399839878082275,0.01387140585623485,1.0283199548721313,1.0694400072097778,3,10,321,481,107,160,2.11.0+cu128,12.8,2026-08-31T12:09:39.913371+00:00,3.13.15,2.1.3,11.3.0,0.25.2,Linux-6.6.122+-x86_64-with-glibc2.35,x86_64
BSD100,58060.png,x3,fsrcnn,prepared_bicubic_lr,58060.png,3,native_model_grid_then_full_target_size_adjustment,gaussian_11x11_sigma_1.5_population_covariance,limited_bt601_y_model_with_bicubic_cbcr,gpu,model_forward_only_cuda_events,Tesla T4,14912.6875,11.6826171875,12809,fsrcnn_x3.pth,f65b55819c1258048bc8c1ca96f9e24bd4339f779951d7f928144c08e3868d75,https://dl.dropboxusercontent.com/s/pm1ed2nyboulz5z/fsrcnn_x3.pth,91-image,bicubic,480,321,481,321,True,21.828882104041693,0.6671104428524964,20.575514829993985,0.6479917871500214,1.042956805229187,1.0457279682159424,0.014631871035194519,1.0219199657440186,1.0664960145950317,3,10,481,321,160,107,2.11.0+cu128,12.8,2026-08-31T12:09:40.112907+00:00,3.13.15,2.1.3,11.3.0,0.25.2,Linux-6.6.122+-x86_64-with-glibc2.35,x86_64
BSD100,62096.png,x3,fsrcnn,prepared_bicubic_lr,62096.png,3,native_model_grid_then_full_target_size_adjustment,gaussian_11x11_sigma_1.5_population_covariance,limited_bt601_y_model_with_bicubic_cbcr,gpu,model_forward_only_cuda_events,Tesla T4,14912.6875,11.6826171875,12809,fsrcnn_x3.pth,f65b55819c1258048bc8c1ca96f9e24bd4339f779951d7f928144c08e3868d75,https://dl.dropboxusercontent.com/s/pm1ed2nyboulz5z/fsrcnn_x3.pth,91-image,bicubic,480,321,481,321,True,25.95535923223607,0.809441468892403,24.548825814434654,0.7914258136473227,1.0321823835372925,1.0243839621543884,0.015154003777132873,1.019968032836914,1.0702719688415527,3,10,481,321,160,107,2.11.0+cu128,12.8,2026-08-31T12:09:40.335573+00:00,3.13.15,2.1.3,11.3.0,0.25.2,Linux-6.6.122+-x86_64-with-glibc2.35,x86_64
BSD100,65033.png,x3,fsrcnn,prepared_bicubic_lr,65033.png,3,native_model_grid_then_full_target_size_adjustment,gaussian_11x11_sigma_1.5_population_covariance,limited_bt601_y_model_with_bicubic_cbcr,gpu,model_forward_only_cuda_events,Tesla T4,14912.6875,11.6826171875,12809,fsrcnn_x3.pth,f65b55819c1258048bc8c1ca96f9e24bd4339f779951d7f928144c08e3868d75,https://dl.dropboxusercontent.com/s/pm1ed2nyboulz5z/fsrcnn_x3.pth,91-image,bicubic,480,321,481,321,True,25.86569725845957,0.6821011566831687,24.560762482577836,0.6447544797189457,1.066918420791626,1.040336012840271,0.05333986724442142,1.021888017654419,1.2049920558929443,3,10,481,321,160,107,2.11.0+cu128,12.8,2026-08-31T12:09:40.547386+00:00,3.13.15,2.1.3,11.3.0,0.25.2,Linux-6.6.122+-x86_64-with-glibc2.35,x86_64
BSD100,66053.png,x3,fsrcnn,prepared_bicubic_lr,66053.png,3,native_model_grid_then_full_target_size_adjustment,gaussian_11x11_sigma_1.5_population_covariance,limited_bt601_y_model_with_bicubic_cbcr,gpu,model_forward_only_cuda_events,Tesla T4,14912.6875,11.6826171875,12809,fsrcnn_x3.pth,f65b55819c1258048bc8c1ca96f9e24bd4339f779951d7f928144c08e3868d75,https://dl.dropboxusercontent.com/s/pm1ed2nyboulz5z/fsrcnn_x3.pth,91-image,bicubic,480,321,481,321,True,28.159387067206172,0.7579607723840882,26.87443794684002,0.7351637160625205,1.0333727836608886,1.0290559530258179,0.010265407670518199,1.0213119983673096,1.0533759593963623,3,10,481,321,160,107,2.11.0+cu128,12.8,2026-08-31T12:09:40.759217+00:00,3.13.15,2.1.3,11.3.0,0.25.2,Linux-6.6.122+-x86_64-with-glibc2.35,x86_64
BSD100,69015.png,x3,fsrcnn,prepared_bicubic_lr,69015.png,3,native_model_grid_then_full_target_size_adjustment,gaussian_11x11_sigma_1.5_population_covariance,limited_bt601_y_model_with_bicubic_cbcr,gpu,model_forward_only_cuda_events,Tesla T4,14912.6875,11.6826171875,12809,fsrcnn_x3.pth,f65b55819c1258048bc8c1ca96f9e24bd4339f779951d7f928144c08e3868d75,https://dl.dropboxusercontent.com/s/pm1ed2nyboulz5z/fsrcnn_x3.pth,91-image,bicubic,321,480,321,481,True,31.780110995744852,0.854470417909099,30.424297871919702,0.8376001301125854,1.0335424065589904,1.0322880148887634,0.0117803112689451,1.0164159536361694,1.058784008026123,3,10,321,481,107,160,2.11.0+cu128,12.8,2026-08-31T12:09:40.977371+00:00,3.13.15,2.1.3,11.3.0,0.25.2,Linux-6.6.122+-x86_64-with-glibc2.35,x86_64
BSD100,69020.png,x3,fsrcnn,prepared_bicubic_lr,69020.png,3,native_model_grid_then_full_target_size_adjustment,gaussian_11x11_sigma_1.5_population_covariance,limited_bt601_y_model_with_bicubic_cbcr,gpu,model_forward_only_cuda_events,Tesla T4,14912.6875,11.6826171875,12809,fsrcnn_x3.pth,f65b55819c1258048bc8c1ca96f9e24bd4339f779951d7f928144c08e3868d75,https://dl.dropboxusercontent.com/s/pm1ed2nyboulz5z/fsrcnn_x3.pth,91-image,bicubic,480,321,481,321,True,27.93248543372174,0.6356449961162604,26.579505957215225,0.6141958906489479,1.0376863956451416,1.0350880026817322,0.0122715183768406,1.0229120254516602,1.060863971710205,3,10,481,321,160,107,2.11.0+cu128,12.8,2026-08-31T12:09:41.192403+00:00,3.13.15,2.1.3,11.3.0,0.25.2,Linux-6.6.122+-x86_64-with-glibc2.35,x86_64
BSD100,69040.png,x3,fsrcnn,prepared_bicubic_lr,69040.png,3,native_model_grid_then_full_target_size_adjustment,gaussian_11x11_sigma_1.5_population_covariance,limited_bt601_y_model_with_bicubic_cbcr,gpu,model_forward_only_cuda_events,Tesla T4,14912.6875,11.6826171875,12809,fsrcnn_x3.pth,f65b55819c1258048bc8c1ca96f9e24bd4339f779951d7f928144c08e3868d75,https://dl.dropboxusercontent.com/s/pm1ed2nyboulz5z/fsrcnn_x3.pth,91-image,bicubic,480,321,481,321,True,26.37617163419958,0.7419663388122935,25.031479304175825,0.7263207582592314,1.0327327966690063,1.0321280360221863,0.009154272541050671,1.019487977027893,1.0476160049438477,3,10,481,321,160,107,2.11.0+cu128,12.8,2026-08-31T12:09:41.423015+00:00,3.13.15,2.1.3,11.3.0,0.25.2,Linux-6.6.122+-x86_64-with-glibc2.35,x86_64
BSD100,76053.png,x3,fsrcnn,prepared_bicubic_lr,76053.png,3,native_model_grid_then_full_target_size_adjustment,gaussian_11x11_sigma_1.5_population_covariance,limited_bt601_y_model_with_bicubic_cbcr,gpu,model_forward_only_cuda_events,Tesla T4,14912.6875,11.6826171875,12809,fsrcnn_x3.pth,f65b55819c1258048bc8c1ca96f9e24bd4339f779951d7f928144c08e3868d75,https://dl.dropboxusercontent.com/s/pm1ed2nyboulz5z/fsrcnn_x3.pth,91-image,bicubic,480,321,481,321,True,30.05905415615956,0.7740668714942166,28.736606071500734,0.7371321009313245,1.055904006958008,1.0481280088424683,0.03492252894459986,1.0243200063705444,1.1528960466384888,3,10,481,321,160,107,2.11.0+cu128,12.8,2026-08-31T12:09:41.652535+00:00,3.13.15,2.1.3,11.3.0,0.25.2,Linux-6.6.122+-x86_64-with-glibc2.35,x86_64
BSD100,78004.png,x3,fsrcnn,prepared_bicubic_lr,78004.png,3,native_model_grid_then_full_target_size_adjustment,gaussian_11x11_sigma_1.5_population_covariance,limited_bt601_y_model_with_bicubic_cbcr,gpu,model_forward_only_cuda_events,Tesla T4,14912.6875,11.6826171875,12809,fsrcnn_x3.pth,f65b55819c1258048bc8c1ca96f9e24bd4339f779951d7f928144c08e3868d75,https://dl.dropboxusercontent.com/s/pm1ed2nyboulz5z/fsrcnn_x3.pth,91-image,bicubic,321,480,321,481,True,26.686577911400494,0.7698539740791962,25.371690851582848,0.7475629352225588,1.0396576046943664,1.0416479706764221,0.008162035909480565,1.0217599868774414,1.0488640069961548,3,10,321,481,107,160,2.11.0+cu128,12.8,2026-08-31T12:09:41.865513+00:00,3.13.15,2.1.3,11.3.0,0.25.2,Linux-6.6.122+-x86_64-with-glibc2.35,x86_64
BSD100,8023.png,x3,fsrcnn,prepared_bicubic_lr,8023.png,3,native_model_grid_then_full_target_size_adjustment,gaussian_11x11_sigma_1.5_population_covariance,limited_bt601_y_model_with_bicubic_cbcr,gpu,model_forward_only_cuda_events,Tesla T4,14912.6875,11.6826171875,12809,fsrcnn_x3.pth,f65b55819c1258048bc8c1ca96f9e24bd4339f779951d7f928144c08e3868d75,https://dl.dropboxusercontent.com/s/pm1ed2nyboulz5z/fsrcnn_x3.pth,91-image,bicubic,480,321,481,321,True,32.55466936894599,0.9163098874303081,31.124957688048074,0.9067720678036043,1.03231999874115,1.033136010169983,0.010672315007385429,1.0158079862594604,1.0479999780654907,3,10,481,321,160,107,2.11.0+cu128,12.8,2026-08-31T12:09:42.086817+00:00,3.13.15,2.1.3,11.3.0,0.25.2,Linux-6.6.122+-x86_64-with-glibc2.35,x86_64
BSD100,85048.png,x3,fsrcnn,prepared_bicubic_lr,85048.png,3,native_model_grid_then_full_target_size_adjustment,gaussian_11x11_sigma_1.5_population_covariance,limited_bt601_y_model_with_bicubic_cbcr,gpu,model_forward_only_cuda_events,Tesla T4,14912.6875,11.6826171875,12809,fsrcnn_x3.pth,f65b55819c1258048bc8c1ca96f9e24bd4339f779951d7f928144c08e3868d75,https://dl.dropboxusercontent.com/s/pm1ed2nyboulz5z/fsrcnn_x3.pth,91-image,bicubic,480,321,481,321,True,26.873494688497182,0.7786087627246179,25.507608893400743,0.7615356533546591,1.034768009185791,1.0336639881134033,0.011786515656136072,1.0175360441207886,1.0547200441360474,3,10,481,321,160,107,2.11.0+cu128,12.8,2026-08-31T12:09:42.286945+00:00,3.13.15,2.1.3,11.3.0,0.25.2,Linux-6.6.122+-x86_64-with-glibc2.35,x86_64
BSD100,86000.png,x3,fsrcnn,prepared_bicubic_lr,86000.png,3,native_model_grid_then_full_target_size_adjustment,gaussian_11x11_sigma_1.5_population_covariance,limited_bt601_y_model_with_bicubic_cbcr,gpu,model_forward_only_cuda_events,Tesla T4,14912.6875,11.6826171875,12809,fsrcnn_x3.pth,f65b55819c1258048bc8c1ca96f9e24bd4339f779951d7f928144c08e3868d75,https://dl.dropboxusercontent.com/s/pm1ed2nyboulz5z/fsrcnn_x3.pth,91-image,bicubic,321,480,321,481,True,26.643914117531335,0.8244911049738104,25.268716843354415,0.8071313455252,1.371350383758545,1.3332160115242004,0.14997804751158486,1.2268799543380737,1.785696029663086,3,10,321,481,107,160,2.11.0+cu128,12.8,2026-08-31T12:09:42.509068+00:00,3.13.15,2.1.3,11.3.0,0.25.2,Linux-6.6.122+-x86_64-with-glibc2.35,x86_64
BSD100,86016.png,x3,fsrcnn,prepared_bicubic_lr,86016.png,3,native_model_grid_then_full_target_size_adjustment,gaussian_11x11_sigma_1.5_population_covariance,limited_bt601_y_model_with_bicubic_cbcr,gpu,model_forward_only_cuda_events,Tesla T4,14912.6875,11.6826171875,12809,fsrcnn_x3.pth,f65b55819c1258048bc8c1ca96f9e24bd4339f779951d7f928144c08e3868d75,https://dl.dropboxusercontent.com/s/pm1ed2nyboulz5z/fsrcnn_x3.pth,91-image,bicubic,480,321,481,321,True,22.356808432359955,0.40607853487454115,21.030776909736648,0.38406528602502493,1.1458815932273865,1.072272002696991,0.13950567627454058,1.0403519868850708,1.439743995666504,3,10,481,321,160,107,2.11.0+cu128,12.8,2026-08-31T12:09:42.720949+00:00,3.13.15,2.1.3,11.3.0,0.25.2,Linux-6.6.122+-x86_64-with-glibc2.35,x86_64
BSD100,86068.png,x3,fsrcnn,prepared_bicubic_lr,86068.png,3,native_model_grid_then_full_target_size_adjustment,gaussian_11x11_sigma_1.5_population_covariance,limited_bt601_y_model_with_bicubic_cbcr,gpu,model_forward_only_cuda_events,Tesla T4,14912.6875,11.6826171875,12809,fsrcnn_x3.pth,f65b55819c1258048bc8c1ca96f9e24bd4339f779951d7f928144c08e3868d75,https://dl.dropboxusercontent.com/s/pm1ed2nyboulz5z/fsrcnn_x3.pth,91-image,bicubic,480,321,481,321,True,27.658662771722607,0.6286821116993055,26.32331535644612,0.5943568014351756,1.2383455991744996,1.1960800290107727,0.1802627902439256,1.0402239561080933,1.5792959928512573,3,10,481,321,160,107,2.11.0+cu128,12.8,2026-08-31T12:09:42.935471+00:00,3.13.15,2.1.3,11.3.0,0.25.2,Linux-6.6.122+-x86_64-with-glibc2.35,x86_64
BSD100,87046.png,x3,fsrcnn,prepared_bicubic_lr,87046.png,3,native_model_grid_then_full_target_size_adjustment,gaussian_11x11_sigma_1.5_population_covariance,limited_bt601_y_model_with_bicubic_cbcr,gpu,model_forward_only_cuda_events,Tesla T4,14912.6875,11.6826171875,12809,fsrcnn_x3.pth,f65b55819c1258048bc8c1ca96f9e24bd4339f779951d7f928144c08e3868d75,https://dl.dropboxusercontent.com/s/pm1ed2nyboulz5z/fsrcnn_x3.pth,91-image,bicubic,480,321,481,321,True,27.24866747696714,0.8281023879692946,25.906307284594273,0.8156958716296298,1.042524802684784,1.034224033355713,0.02074959936730989,1.0276800394058228,1.0939840078353882,3,10,481,321,160,107,2.11.0+cu128,12.8,2026-08-31T12:09:43.143944+00:00,3.13.15,2.1.3,11.3.0,0.25.2,Linux-6.6.122+-x86_64-with-glibc2.35,x86_64
BSD100,89072.png,x3,fsrcnn,prepared_bicubic_lr,89072.png,3,native_model_grid_then_full_target_size_adjustment,gaussian_11x11_sigma_1.5_population_covariance,limited_bt601_y_model_with_bicubic_cbcr,gpu,model_forward_only_cuda_events,Tesla T4,14912.6875,11.6826171875,12809,fsrcnn_x3.pth,f65b55819c1258048bc8c1ca96f9e24bd4339f779951d7f928144c08e3868d75,https://dl.dropboxusercontent.com/s/pm1ed2nyboulz5z/fsrcnn_x3.pth,91-image,bicubic,321,480,321,481,True,27.711348709484405,0.7798595206560269,26.379531219167003,0.7577369641420111,1.0320288062095642,1.029151976108551,0.011717111399623496,1.0146559476852417,1.053536057472229,3,10,321,481,107,160,2.11.0+cu128,12.8,2026-08-31T12:09:43.346350+00:00,3.13.15,2.1.3,11.3.0,0.25.2,Linux-6.6.122+-x86_64-with-glibc2.35,x86_64
BSD100,97033.png,x3,fsrcnn,prepared_bicubic_lr,97033.png,3,native_model_grid_then_full_target_size_adjustment,gaussian_11x11_sigma_1.5_population_covariance,limited_bt601_y_model_with_bicubic_cbcr,gpu,model_forward_only_cuda_events,Tesla T4,14912.6875,11.6826171875,12809,fsrcnn_x3.pth,f65b55819c1258048bc8c1ca96f9e24bd4339f779951d7f928144c08e3868d75,https://dl.dropboxusercontent.com/s/pm1ed2nyboulz5z/fsrcnn_x3.pth,91-image,bicubic,480,321,481,321,True,25.767356951508095,0.7674605058232905,24.459881497616305,0.749114142659859,1.0676160216331483,1.0423040390014648,0.04964992596684517,1.0319360494613647,1.1913599967956543,3,10,481,321,160,107,2.11.0+cu128,12.8,2026-08-31T12:09:43.559142+00:00,3.13.15,2.1.3,11.3.0,0.25.2,Linux-6.6.122+-x86_64-with-glibc2.35,x86_64
Urban100,img_001.png,x3,fsrcnn,prepared_bicubic_lr,img_001.png,3,native_model_grid_then_full_target_size_adjustment,gaussian_11x11_sigma_1.5_population_covariance,limited_bt601_y_model_with_bicubic_cbcr,gpu,model_forward_only_cuda_events,Tesla T4,14912.6875,50.43115234375,12809,fsrcnn_x3.pth,f65b55819c1258048bc8c1ca96f9e24bd4339f779951d7f928144c08e3868d75,https://dl.dropboxusercontent.com/s/pm1ed2nyboulz5z/fsrcnn_x3.pth,91-image,bicubic,1023,642,1024,644,True,27.31733110811348,0.7730427316970891,25.910527905659293,0.7484796116116431,3.3781055927276613,3.377295970916748,0.012534462231817053,3.3633599281311035,3.4040958881378174,3,10,1024,644,341,214,2.11.0+cu128,12.8,2026-08-31T12:09:44.534208+00:00,3.13.15,2.1.3,11.3.0,0.25.2,Linux-6.6.122+-x86_64-with-glibc2.35,x86_64
Urban100,img_002.png,x3,fsrcnn,prepared_bicubic_lr,img_002.png,3,native_model_grid_then_full_target_size_adjustment,gaussian_11x11_sigma_1.5_population_covariance,limited_bt601_y_model_with_bicubic_cbcr,gpu,model_forward_only_cuda_events,Tesla T4,14912.6875,59.3330078125,12809,fsrcnn_x3.pth,f65b55819c1258048bc8c1ca96f9e24bd4339f779951d7f928144c08e3868d75,https://dl.dropboxusercontent.com/s/pm1ed2nyboulz5z/fsrcnn_x3.pth,91-image,bicubic,1023,768,1024,768,True,26.893270643536987,0.8272618531556536,25.517179041694828,0.8088284397640498,3.8465823888778687,3.847791910171509,0.010688657208865504,3.8301119804382324,3.8604800701141357,3,10,1024,768,341,256,2.11.0+cu128,12.8,2026-08-31T12:09:45.645641+00:00,3.13.15,2.1.3,11.3.0,0.25.2,Linux-6.6.122+-x86_64-with-glibc2.35,x86_64
Urban100,img_003.png,x3,fsrcnn,prepared_bicubic_lr,img_003.png,3,native_model_grid_then_full_target_size_adjustment,gaussian_11x11_sigma_1.5_population_covariance,limited_bt601_y_model_with_bicubic_cbcr,gpu,model_forward_only_cuda_events,Tesla T4,14912.6875,53.27880859375,12809,fsrcnn_x3.pth,f65b55819c1258048bc8c1ca96f9e24bd4339f779951d7f928144c08e3868d75,https://dl.dropboxusercontent.com/s/pm1ed2nyboulz5z/fsrcnn_x3.pth,91-image,bicubic,1023,678,1024,680,True,23.883335483941156,0.7005319920955853,22.2767088500686,0.6663051146013578,3.6208704471588136,3.525503993034363,0.285482766401989,3.495903968811035,4.475232124328613,3,10,1024,680,341,226,2.11.0+cu128,12.8,2026-08-31T12:09:46.935540+00:00,3.13.15,2.1.3,11.3.0,0.25.2,Linux-6.6.122+-x86_64-with-glibc2.35,x86_64
Urban100,img_004.png,x3,fsrcnn,prepared_bicubic_lr,img_004.png,3,native_model_grid_then_full_target_size_adjustment,gaussian_11x11_sigma_1.5_population_covariance,limited_bt601_y_model_with_bicubic_cbcr,gpu,model_forward_only_cuda_events,Tesla T4,14912.6875,53.27880859375,12809,fsrcnn_x3.pth,f65b55819c1258048bc8c1ca96f9e24bd4339f779951d7f928144c08e3868d75,https://dl.dropboxusercontent.com/s/pm1ed2nyboulz5z/fsrcnn_x3.pth,91-image,bicubic,1023,678,1024,680,True,24.035603975570183,0.8442155395392529,22.714745679483013,0.8286081120947489,3.530086374282837,3.5232959985733032,0.019524092094061033,3.506880044937134,3.5751678943634033,3,10,1024,680,341,226,2.11.0+cu128,12.8,2026-08-31T12:09:48.226019+00:00,3.13.15,2.1.3,11.3.0,0.25.2,Linux-6.6.122+-x86_64-with-glibc2.35,x86_64
Urban100,img_005.png,x3,fsrcnn,prepared_bicubic_lr,img_005.png,3,native_model_grid_then_full_target_size_adjustment,gaussian_11x11_sigma_1.5_population_covariance,limited_bt601_y_model_with_bicubic_cbcr,gpu,model_forward_only_cuda_events,Tesla T4,14912.6875,59.3330078125,12809,fsrcnn_x3.pth,f65b55819c1258048bc8c1ca96f9e24bd4339f779951d7f928144c08e3868d75,https://dl.dropboxusercontent.com/s/pm1ed2nyboulz5z/fsrcnn_x3.pth,91-image,bicubic,1023,768,1024,768,True,27.932418976579,0.935902417370966,26.516352640116665,0.9193033927387958,3.8773696422576904,3.872480034828186,0.019564379189128987,3.852832078933716,3.916032075881958,3,10,1024,768,341,256,2.11.0+cu128,12.8,2026-08-31T12:09:49.549477+00:00,3.13.15,2.1.3,11.3.0,0.25.2,Linux-6.6.122+-x86_64-with-glibc2.35,x86_64
Urban100,img_006.png,x3,fsrcnn,prepared_bicubic_lr,img_006.png,3,native_model_grid_then_full_target_size_adjustment,gaussian_11x11_sigma_1.5_population_covariance,limited_bt601_y_model_with_bicubic_cbcr,gpu,model_forward_only_cuda_events,Tesla T4,14912.6875,79.01513671875,12809,fsrcnn_x3.pth,f65b55819c1258048bc8c1ca96f9e24bd4339f779951d7f928144c08e3868d75,https://dl.dropboxusercontent.com/s/pm1ed2nyboulz5z/fsrcnn_x3.pth,91-image,bicubic,1023,1023,1024,1024,True,22.81123512031439,0.6561645382183641,21.450799100258173,0.6331878771867373,5.092233562469483,5.093407869338989,0.01570697792496785,5.062655925750732,5.1145920753479,3,10,1024,1024,341,341,2.11.0+cu128,12.8,2026-08-31T12:09:50.967434+00:00,3.13.15,2.1.3,11.3.0,0.25.2,Linux-6.6.122+-x86_64-with-glibc2.35,x86_64
Urban100,img_007.png,x3,fsrcnn,prepared_bicubic_lr,img_007.png,3,native_model_grid_then_full_target_size_adjustment,gaussian_11x11_sigma_1.5_population_covariance,limited_bt601_y_model_with_bicubic_cbcr,gpu,model_forward_only_cuda_events,Tesla T4,14912.6875,53.27880859375,12809,fsrcnn_x3.pth,f65b55819c1258048bc8c1ca96f9e24bd4339f779951d7f928144c08e3868d75,https://dl.dropboxusercontent.com/s/pm1ed2nyboulz5z/fsrcnn_x3.pth,91-image,bicubic,1023,678,1024,680,True,30.324869315670053,0.8925185500239019,28.71843368801649,0.8750433932122809,3.491481590270996,3.4892799854278564,0.017353318988307994,3.4639999866485596,3.5265278816223145,3,10,1024,680,341,226,2.11.0+cu128,12.8,2026-08-31T12:09:51.922479+00:00,3.13.15,2.1.3,11.3.0,0.25.2,Linux-6.6.122+-x86_64-with-glibc2.35,x86_64
Urban100,img_008.png,x3,fsrcnn,prepared_bicubic_lr,img_008.png,3,native_model_grid_then_full_target_size_adjustment,gaussian_11x11_sigma_1.5_population_covariance,limited_bt601_y_model_with_bicubic_cbcr,gpu,model_forward_only_cuda_events,Tesla T4,14912.6875,44.05224609375,12809,fsrcnn_x3.pth,f65b55819c1258048bc8c1ca96f9e24bd4339f779951d7f928144c08e3868d75,https://dl.dropboxusercontent.com/s/pm1ed2nyboulz5z/fsrcnn_x3.pth,91-image,bicubic,1023,570,1024,572,True,21.775285802446568,0.6920315919333649,20.56034827421936,0.683917349072645,2.9886144161224366,2.982912063598633,0.014758385535982872,2.971679925918579,3.0146560668945312,3,10,1024,572,341,190,2.11.0+cu128,12.8,2026-08-31T12:09:52.709286+00:00,3.13.15,2.1.3,11.3.0,0.25.2,Linux-6.6.122+-x86_64-with-glibc2.35,x86_64
Urban100,img_009.png,x3,fsrcnn,prepared_bicubic_lr,img_009.png,3,native_model_grid_then_full_target_size_adjustment,gaussian_11x11_sigma_1.5_population_covariance,limited_bt601_y_model_with_bicubic_cbcr,gpu,model_forward_only_cuda_events,Tesla T4,14912.6875,63.5048828125,12809,fsrcnn_x3.pth,f65b55819c1258048bc8c1ca96f9e24bd4339f779951d7f928144c08e3868d75,https://dl.dropboxusercontent.com/s/pm1ed2nyboulz5z/fsrcnn_x3.pth,91-image,bicubic,1023,795,1024,796,True,33.276104944474994,0.9047150867853995,31.566041706662816,0.8853263450976634,4.095036745071411,4.093472003936768,0.006645106899917768,4.084127902984619,4.107840061187744,3,10,1024,796,341,265,2.11.0+cu128,12.8,2026-08-31T12:09:53.775153+00:00,3.13.15,2.1.3,11.3.0,0.25.2,Linux-6.6.122+-x86_64-with-glibc2.35,x86_64
Urban100,img_010.png,x3,fsrcnn,prepared_bicubic_lr,img_010.png,3,native_model_grid_then_full_target_size_adjustment,gaussian_11x11_sigma_1.5_population_covariance,limited_bt601_y_model_with_bicubic_cbcr,gpu,model_forward_only_cuda_events,Tesla T4,14912.6875,63.59619140625,12809,fsrcnn_x3.pth,f65b55819c1258048bc8c1ca96f9e24bd4339f779951d7f928144c08e3868d75,https://dl.dropboxusercontent.com/s/pm1ed2nyboulz5z/fsrcnn_x3.pth,91-image,bicubic,1023,816,1024,816,True,26.08019680563909,0.8614999127504491,24.707364801706184,0.8415212275162952,4.155907201766968,4.149168014526367,0.022594221731833675,4.1266560554504395,4.207583904266357,3,10,1024,816,341,272,2.11.0+cu128,12.8,2026-08-31T12:09:54.892834+00:00,3.13.15,2.1.3,11.3.0,0.25.2,Linux-6.6.122+-x86_64-with-glibc2.35,x86_64
Urban100,img_011.png,x3,fsrcnn,prepared_bicubic_lr,img_011.png,3,native_model_grid_then_full_target_size_adjustment,gaussian_11x11_sigma_1.5_population_covariance,limited_bt601_y_model_with_bicubic_cbcr,gpu,model_forward_only_cuda_events,Tesla T4,14912.6875,43.69287109375,12809,fsrcnn_x3.pth,f65b55819c1258048bc8c1ca96f9e24bd4339f779951d7f928144c08e3868d75,https://dl.dropboxusercontent.com/s/pm1ed2nyboulz5z/fsrcnn_x3.pth,91-image,bicubic,564,1023,564,1024,True,18.822298013947126,0.7972054041915667,17.500378483725974,0.7756425040224211,4.07314887046814,4.065760135650635,0.01333914582570298,4.059135913848877,4.100128173828125,3,10,564,1024,188,341,2.11.0+cu128,12.8,2026-08-31T12:09:55.590111+00:00,3.13.15,2.1.3,11.3.0,0.25.2,Linux-6.6.122+-x86_64-with-glibc2.35,x86_64
Urban100,img_012.png,x3,fsrcnn,prepared_bicubic_lr,img_012.png,3,native_model_grid_then_full_target_size_adjustment,gaussian_11x11_sigma_1.5_population_covariance,limited_bt601_y_model_with_bicubic_cbcr,gpu,model_forward_only_cuda_events,Tesla T4,14912.6875,59.3330078125,12809,fsrcnn_x3.pth,f65b55819c1258048bc8c1ca96f9e24bd4339f779951d7f928144c08e3868d75,https://dl.dropboxusercontent.com/s/pm1ed2nyboulz5z/fsrcnn_x3.pth,91-image,bicubic,1023,768,1024,768,True,24.163064951006113,0.7505480989808824,22.18709833268184,0.7226774261007316,3.855513572692871,3.857648015022278,0.011850890625621524,3.836735963821411,3.871232032775879,3,10,1024,768,341,256,2.11.0+cu128,12.8,2026-08-31T12:09:56.583932+00:00,3.13.15,2.1.3,11.3.0,0.25.2,Linux-6.6.122+-x86_64-with-glibc2.35,x86_64
Urban100,img_013.png,x3,fsrcnn,prepared_bicubic_lr,img_013.png,3,native_model_grid_then_full_target_size_adjustment,gaussian_11x11_sigma_1.5_population_covariance,limited_bt601_y_model_with_bicubic_cbcr,gpu,model_forward_only_cuda_events,Tesla T4,14912.6875,58.87109375,12809,fsrcnn_x3.pth,f65b55819c1258048bc8c1ca96f9e24bd4339f779951d7f928144c08e3868d75,https://dl.dropboxusercontent.com/s/pm1ed2nyboulz5z/fsrcnn_x3.pth,91-image,bicubic,1023,762,1024,764,True,29.45710718897491,0.8444445971877576,28.00779567966259,0.8005946363948966,3.8733472347259523,3.868224024772644,0.015734254929656268,3.853856086730957,3.8962879180908203,3,10,1024,764,341,254,2.11.0+cu128,12.8,2026-08-31T12:09:57.646019+00:00,3.13.15,2.1.3,11.3.0,0.25.2,Linux-6.6.122+-x86_64-with-glibc2.35,x86_64
Urban100,img_014.png,x3,fsrcnn,prepared_bicubic_lr,img_014.png,3,native_model_grid_then_full_target_size_adjustment,gaussian_11x11_sigma_1.5_population_covariance,limited_bt601_y_model_with_bicubic_cbcr,gpu,model_forward_only_cuda_events,Tesla T4,14912.6875,79.01513671875,12809,fsrcnn_x3.pth,f65b55819c1258048bc8c1ca96f9e24bd4339f779951d7f928144c08e3868d75,https://dl.dropboxusercontent.com/s/pm1ed2nyboulz5z/fsrcnn_x3.pth,91-image,bicubic,1023,1023,1024,1024,True,22.49783060839864,0.694174275578556,21.197789095068963,0.6767067385977331,5.0675359725952145,5.063008069992065,0.017550976842829642,5.04201602935791,5.096223831176758,3,10,1024,1024,341,341,2.11.0+cu128,12.8,2026-08-31T12:09:59.038944+00:00,3.13.15,2.1.3,11.3.0,0.25.2,Linux-6.6.122+-x86_64-with-glibc2.35,x86_64
Urban100,img_015.png,x3,fsrcnn,prepared_bicubic_lr,img_015.png,3,native_model_grid_then_full_target_size_adjustment,gaussian_11x11_sigma_1.5_population_covariance,limited_bt601_y_model_with_bicubic_cbcr,gpu,model_forward_only_cuda_events,Tesla T4,14912.6875,59.56591796875,12809,fsrcnn_x3.pth,f65b55819c1258048bc8c1ca96f9e24bd4339f779951d7f928144c08e3868d75,https://dl.dropboxusercontent.com/s/pm1ed2nyboulz5z/fsrcnn_x3.pth,91-image,bicubic,1023,771,1024,772,True,25.56306600266131,0.7326365957337122,24.135945578820092,0.6918204378956639,3.915180778503418,3.911455988883972,0.010171987008972814,3.902143955230713,3.932543992996216,3,10,1024,772,341,257,2.11.0+cu128,12.8,2026-08-31T12:10:00.251776+00:00,3.13.15,2.1.3,11.3.0,0.25.2,Linux-6.6.122+-x86_64-with-glibc2.35,x86_64
Urban100,img_016.png,x3,fsrcnn,prepared_bicubic_lr,img_016.png,3,native_model_grid_then_full_target_size_adjustment,gaussian_11x11_sigma_1.5_population_covariance,limited_bt601_y_model_with_bicubic_cbcr,gpu,model_forward_only_cuda_events,Tesla T4,14912.6875,79.01513671875,12809,fsrcnn_x3.pth,f65b55819c1258048bc8c1ca96f9e24bd4339f779951d7f928144c08e3868d75,https://dl.dropboxusercontent.com/s/pm1ed2nyboulz5z/fsrcnn_x3.pth,91-image,bicubic,1023,1023,1024,1024,True,29.820864691038036,0.9080806723862413,28.39402682142884,0.8803617674311868,5.102332830429077,5.096656084060669,0.022534810394386186,5.070015907287598,5.140768051147461,3,10,1024,1024,341,341,2.11.0+cu128,12.8,2026-08-31T12:10:01.909007+00:00,3.13.15,2.1.3,11.3.0,0.25.2,Linux-6.6.122+-x86_64-with-glibc2.35,x86_64
Urban100,img_017.png,x3,fsrcnn,prepared_bicubic_lr,img_017.png,3,native_model_grid_then_full_target_size_adjustment,gaussian_11x11_sigma_1.5_population_covariance,limited_bt601_y_model_with_bicubic_cbcr,gpu,model_forward_only_cuda_events,Tesla T4,14912.6875,53.86669921875,12809,fsrcnn_x3.pth,f65b55819c1258048bc8c1ca96f9e24bd4339f779951d7f928144c08e3868d75,https://dl.dropboxusercontent.com/s/pm1ed2nyboulz5z/fsrcnn_x3.pth,91-image,bicubic,1023,690,1024,692,True,25.868782201157202,0.8330080419392867,24.34130613724006,0.8172856398400227,3.5298719882965086,3.528623938560486,0.011404721318840946,3.509567975997925,3.5549120903015137,3,10,1024,692,341,230,2.11.0+cu128,12.8,2026-08-31T12:10:03.161908+00:00,3.13.15,2.1.3,11.3.0,0.25.2,Linux-6.6.122+-x86_64-with-glibc2.35,x86_64
Urban100,img_018.png,x3,fsrcnn,prepared_bicubic_lr,img_018.png,3,native_model_grid_then_full_target_size_adjustment,gaussian_11x11_sigma_1.5_population_covariance,limited_bt601_y_model_with_bicubic_cbcr,gpu,model_forward_only_cuda_events,Tesla T4,14912.6875,59.3330078125,12809,fsrcnn_x3.pth,f65b55819c1258048bc8c1ca96f9e24bd4339f779951d7f928144c08e3868d75,https://dl.dropboxusercontent.com/s/pm1ed2nyboulz5z/fsrcnn_x3.pth,91-image,bicubic,1023,768,1024,768,True,26.91249894614824,0.7594630051751705,25.02712272108496,0.7176090858891991,3.8939199924468992,3.8910560607910156,0.01783415074421478,3.8737919330596924,3.938528060913086,3,10,1024,768,341,256,2.11.0+cu128,12.8,2026-08-31T12:10:04.354824+00:00,3.13.15,2.1.3,11.3.0,0.25.2,Linux-6.6.122+-x86_64-with-glibc2.35,x86_64
Urban100,img_019.png,x3,fsrcnn,prepared_bicubic_lr,img_019.png,3,native_model_grid_then_full_target_size_adjustment,gaussian_11x11_sigma_1.5_population_covariance,limited_bt601_y_model_with_bicubic_cbcr,gpu,model_forward_only_cuda_events,Tesla T4,14912.6875,53.27880859375,12809,fsrcnn_x3.pth,f65b55819c1258048bc8c1ca96f9e24bd4339f779951d7f928144c08e3868d75,https://dl.dropboxusercontent.com/s/pm1ed2nyboulz5z/fsrcnn_x3.pth,91-image,bicubic,1023,678,1024,680,True,21.865147335860065,0.8081970697682552,20.394405299596468,0.7620189685687212,3.518665623664856,3.514512062072754,0.011347984625970883,3.5055038928985596,3.5447680950164795,3,10,1024,680,341,226,2.11.0+cu128,12.8,2026-08-31T12:10:05.246454+00:00,3.13.15,2.1.3,11.3.0,0.25.2,Linux-6.6.122+-x86_64-with-glibc2.35,x86_64
Urban100,img_020.png,x3,fsrcnn,prepared_bicubic_lr,img_020.png,3,native_model_grid_then_full_target_size_adjustment,gaussian_11x11_sigma_1.5_population_covariance,limited_bt601_y_model_with_bicubic_cbcr,gpu,model_forward_only_cuda_events,Tesla T4,14912.6875,95.2578125,12809,fsrcnn_x3.pth,f65b55819c1258048bc8c1ca96f9e24bd4339f779951d7f928144c08e3868d75,https://dl.dropboxusercontent.com/s/pm1ed2nyboulz5z/fsrcnn_x3.pth,91-image,bicubic,1278,960,1280,960,True,22.817509808180287,0.7593911108693578,21.430310722456078,0.7458906323650583,5.8219105243682865,5.821920156478882,0.013235945898515391,5.8024001121521,5.84003210067749,3,10,1280,960,426,320,2.11.0+cu128,12.8,2026-08-31T12:10:06.860058+00:00,3.13.15,2.1.3,11.3.0,0.25.2,Linux-6.6.122+-x86_64-with-glibc2.35,x86_64
Urban100,img_021.png,x3,fsrcnn,prepared_bicubic_lr,img_021.png,3,native_model_grid_then_full_target_size_adjustment,gaussian_11x11_sigma_1.5_population_covariance,limited_bt601_y_model_with_bicubic_cbcr,gpu,model_forward_only_cuda_events,Tesla T4,14912.6875,72.0341796875,12809,fsrcnn_x3.pth,f65b55819c1258048bc8c1ca96f9e24bd4339f779951d7f928144c08e3868d75,https://dl.dropboxusercontent.com/s/pm1ed2nyboulz5z/fsrcnn_x3.pth,91-image,bicubic,795,1200,796,1200,True,30.536970563597006,0.8221206777822648,29.15128698619509,0.7999840877548731,4.617926454544067,4.620240211486816,0.01269854849271764,4.599455833435059,4.637824058532715,3,10,796,1200,265,400,2.11.0+cu128,12.8,2026-08-31T12:10:08.168248+00:00,3.13.15,2.1.3,11.3.0,0.25.2,Linux-6.6.122+-x86_64-with-glibc2.35,x86_64
Urban100,img_022.png,x3,fsrcnn,prepared_bicubic_lr,img_022.png,3,native_model_grid_then_full_target_size_adjustment,gaussian_11x11_sigma_1.5_population_covariance,limited_bt601_y_model_with_bicubic_cbcr,gpu,model_forward_only_cuda_events,Tesla T4,14912.6875,53.27880859375,12809,fsrcnn_x3.pth,f65b55819c1258048bc8c1ca96f9e24bd4339f779951d7f928144c08e3868d75,https://dl.dropboxusercontent.com/s/pm1ed2nyboulz5z/fsrcnn_x3.pth,91-image,bicubic,1023,678,1024,680,True,26.44224052109538,0.7773281501757592,25.093094572858107,0.758316427942136,3.4857696294784546,3.4852800369262695,0.010386000199202727,3.4709761142730713,3.5063679218292236,3,10,1024,680,341,226,2.11.0+cu128,12.8,2026-08-31T12:10:09.089408+00:00,3.13.15,2.1.3,11.3.0,0.25.2,Linux-6.6.122+-x86_64-with-glibc2.35,x86_64
Urban100,img_023.png,x3,fsrcnn,prepared_bicubic_lr,img_023.png,3,native_model_grid_then_full_target_size_adjustment,gaussian_11x11_sigma_1.5_population_covariance,limited_bt601_y_model_with_bicubic_cbcr,gpu,model_forward_only_cuda_events,Tesla T4,14912.6875,79.01513671875,12809,fsrcnn_x3.pth,f65b55819c1258048bc8c1ca96f9e24bd4339f779951d7f928144c08e3868d75,https://dl.dropboxusercontent.com/s/pm1ed2nyboulz5z/fsrcnn_x3.pth,91-image,bicubic,1023,1023,1024,1024,True,31.050320701591744,0.9235511428721775,29.267401467570828,0.8992970283906797,5.076595163345337,5.073967933654785,0.011868307293381277,5.05401611328125,5.101535797119141,3,10,1024,1024,341,341,2.11.0+cu128,12.8,2026-08-31T12:10:10.317925+00:00,3.13.15,2.1.3,11.3.0,0.25.2,Linux-6.6.122+-x86_64-with-glibc2.35,x86_64
Urban100,img_024.png,x3,fsrcnn,prepared_bicubic_lr,img_024.png,3,native_model_grid_then_full_target_size_adjustment,gaussian_11x11_sigma_1.5_population_covariance,limited_bt601_y_model_with_bicubic_cbcr,gpu,model_forward_only_cuda_events,Tesla T4,14912.6875,50.9990234375,12809,fsrcnn_x3.pth,f65b55819c1258048bc8c1ca96f9e24bd4339f779951d7f928144c08e3868d75,https://dl.dropboxusercontent.com/s/pm1ed2nyboulz5z/fsrcnn_x3.pth,91-image,bicubic,1023,660,1024,660,True,20.749223372318045,0.669593156016341,19.39362410786121,0.6558838901263089,3.4032415628433226,3.4005119800567627,0.010889056343777336,3.3855679035186768,3.4201600551605225,3,10,1024,660,341,220,2.11.0+cu128,12.8,2026-08-31T12:10:11.239659+00:00,3.13.15,2.1.3,11.3.0,0.25.2,Linux-6.6.122+-x86_64-with-glibc2.35,x86_64
Urban100,img_025.png,x3,fsrcnn,prepared_bicubic_lr,img_025.png,3,native_model_grid_then_full_target_size_adjustment,gaussian_11x11_sigma_1.5_population_covariance,limited_bt601_y_model_with_bicubic_cbcr,gpu,model_forward_only_cuda_events,Tesla T4,14912.6875,56.78662109375,12809,fsrcnn_x3.pth,f65b55819c1258048bc8c1ca96f9e24bd4339f779951d7f928144c08e3868d75,https://dl.dropboxusercontent.com/s/pm1ed2nyboulz5z/fsrcnn_x3.pth,91-image,bicubic,1023,735,1024,736,True,30.341934261124294,0.8902285231241447,28.93945310374878,0.8674518961258832,3.770905590057373,3.7740800380706787,0.013566443812946673,3.752351999282837,3.796639919281006,3,10,1024,736,341,245,2.11.0+cu128,12.8,2026-08-31T12:10:12.279939+00:00,3.13.15,2.1.3,11.3.0,0.25.2,Linux-6.6.122+-x86_64-with-glibc2.35,x86_64
Urban100,img_026.png,x3,fsrcnn,prepared_bicubic_lr,img_026.png,3,native_model_grid_then_full_target_size_adjustment,gaussian_11x11_sigma_1.5_population_covariance,limited_bt601_y_model_with_bicubic_cbcr,gpu,model_forward_only_cuda_events,Tesla T4,14912.6875,59.3330078125,12809,fsrcnn_x3.pth,f65b55819c1258048bc8c1ca96f9e24bd4339f779951d7f928144c08e3868d75,https://dl.dropboxusercontent.com/s/pm1ed2nyboulz5z/fsrcnn_x3.pth,91-image,bicubic,1023,768,1024,768,True,27.540971982424747,0.6900745694049842,26.12278008939985,0.6406819859797416,3.8603424072265624,3.8640639781951904,0.01620523551700612,3.835103988647461,3.880768060684204,3,10,1024,768,341,256,2.11.0+cu128,12.8,2026-08-31T12:10:13.392690+00:00,3.13.15,2.1.3,11.3.0,0.25.2,Linux-6.6.122+-x86_64-with-glibc2.35,x86_64
Urban100,img_027.png,x3,fsrcnn,prepared_bicubic_lr,img_027.png,3,native_model_grid_then_full_target_size_adjustment,gaussian_11x11_sigma_1.5_population_covariance,limited_bt601_y_model_with_bicubic_cbcr,gpu,model_forward_only_cuda_events,Tesla T4,14912.6875,64.19580078125,12809,fsrcnn_x3.pth,f65b55819c1258048bc8c1ca96f9e24bd4339f779951d7f928144c08e3868d75,https://dl.dropboxusercontent.com/s/pm1ed2nyboulz5z/fsrcnn_x3.pth,91-image,bicubic,1023,831,1024,832,True,28.316915339365085,0.8090809323275088,27.081595520599787,0.7898906478457245,4.236265563964844,4.2385759353637695,0.008930903047144135,4.220895767211914,4.24780797958374,3,10,1024,832,341,277,2.11.0+cu128,12.8,2026-08-31T12:10:14.823906+00:00,3.13.15,2.1.3,11.3.0,0.25.2,Linux-6.6.122+-x86_64-with-glibc2.35,x86_64
Urban100,img_028.png,x3,fsrcnn,prepared_bicubic_lr,img_028.png,3,native_model_grid_then_full_target_size_adjustment,gaussian_11x11_sigma_1.5_population_covariance,limited_bt601_y_model_with_bicubic_cbcr,gpu,model_forward_only_cuda_events,Tesla T4,14912.6875,53.27880859375,12809,fsrcnn_x3.pth,f65b55819c1258048bc8c1ca96f9e24bd4339f779951d7f928144c08e3868d75,https://dl.dropboxusercontent.com/s/pm1ed2nyboulz5z/fsrcnn_x3.pth,91-image,bicubic,1023,678,1024,680,True,31.61425185937594,0.8811034396824917,30.29231679122869,0.8651784143234745,3.5269312143325804,3.532863974571228,0.01802419689491747,3.497983932495117,3.5486080646514893,3,10,1024,680,341,226,2.11.0+cu128,12.8,2026-08-31T12:10:15.911920+00:00,3.13.15,2.1.3,11.3.0,0.25.2,Linux-6.6.122+-x86_64-with-glibc2.35,x86_64
Urban100,img_029.png,x3,fsrcnn,prepared_bicubic_lr,img_029.png,3,native_model_grid_then_full_target_size_adjustment,gaussian_11x11_sigma_1.5_population_covariance,limited_bt601_y_model_with_bicubic_cbcr,gpu,model_forward_only_cuda_events,Tesla T4,14912.6875,53.1318359375,12809,fsrcnn_x3.pth,f65b55819c1258048bc8c1ca96f9e24bd4339f779951d7f928144c08e3868d75,https://dl.dropboxusercontent.com/s/pm1ed2nyboulz5z/fsrcnn_x3.pth,91-image,bicubic,1023,675,1024,676,True,25.55596812970545,0.8222927321007848,24.212541467276214,0.7986913989168777,3.488166403770447,3.4877439737319946,0.015379871979153449,3.463871955871582,3.513727903366089,3,10,1024,676,341,225,2.11.0+cu128,12.8,2026-08-31T12:10:17.242637+00:00,3.13.15,2.1.3,11.3.0,0.25.2,Linux-6.6.122+-x86_64-with-glibc2.35,x86_64
Urban100,img_030.png,x3,fsrcnn,prepared_bicubic_lr,img_030.png,3,native_model_grid_then_full_target_size_adjustment,gaussian_11x11_sigma_1.5_population_covariance,limited_bt601_y_model_with_bicubic_cbcr,gpu,model_forward_only_cuda_events,Tesla T4,14912.6875,53.27880859375,12809,fsrcnn_x3.pth,f65b55819c1258048bc8c1ca96f9e24bd4339f779951d7f928144c08e3868d75,https://dl.dropboxusercontent.com/s/pm1ed2nyboulz5z/fsrcnn_x3.pth,91-image,bicubic,678,1023,680,1024,True,24.50400384416342,0.8034328837506849,22.632502137331798,0.7745601261272833,4.937580728530884,4.875184059143066,0.17310795924126407,4.853343963623047,5.452511787414551,3,10,680,1024,226,341,2.11.0+cu128,12.8,2026-08-31T12:10:18.357427+00:00,3.13.15,2.1.3,11.3.0,0.25.2,Linux-6.6.122+-x86_64-with-glibc2.35,x86_64
Urban100,img_031.png,x3,fsrcnn,prepared_bicubic_lr,img_031.png,3,native_model_grid_then_full_target_size_adjustment,gaussian_11x11_sigma_1.5_population_covariance,limited_bt601_y_model_with_bicubic_cbcr,gpu,model_forward_only_cuda_events,Tesla T4,14912.6875,53.27880859375,12809,fsrcnn_x3.pth,f65b55819c1258048bc8c1ca96f9e24bd4339f779951d7f928144c08e3868d75,https://dl.dropboxusercontent.com/s/pm1ed2nyboulz5z/fsrcnn_x3.pth,91-image,bicubic,1023,678,1024,680,True,24.727663376085456,0.811686391334998,23.25563545765528,0.7915381961587041,3.488764786720276,3.48636794090271,0.012651172227733135,3.47324800491333,3.520479917526245,3,10,1024,680,341,226,2.11.0+cu128,12.8,2026-08-31T12:10:19.251916+00:00,3.13.15,2.1.3,11.3.0,0.25.2,Linux-6.6.122+-x86_64-with-glibc2.35,x86_64
Urban100,img_032.png,x3,fsrcnn,prepared_bicubic_lr,img_032.png,3,native_model_grid_then_full_target_size_adjustment,gaussian_11x11_sigma_1.5_population_covariance,limited_bt601_y_model_with_bicubic_cbcr,gpu,model_forward_only_cuda_events,Tesla T4,14912.6875,53.27880859375,12809,fsrcnn_x3.pth,f65b55819c1258048bc8c1ca96f9e24bd4339f779951d7f928144c08e3868d75,https://dl.dropboxusercontent.com/s/pm1ed2nyboulz5z/fsrcnn_x3.pth,91-image,bicubic,1023,678,1024,680,True,28.965783440275455,0.8552254897329177,27.42782309613026,0.8362125829652799,3.5040672063827514,3.502255916595459,0.015691804938843187,3.4767680168151855,3.5287039279937744,3,10,1024,680,341,226,2.11.0+cu128,12.8,2026-08-31T12:10:20.160038+00:00,3.13.15,2.1.3,11.3.0,0.25.2,Linux-6.6.122+-x86_64-with-glibc2.35,x86_64
Urban100,img_033.png,x3,fsrcnn,prepared_bicubic_lr,img_033.png,3,native_model_grid_then_full_target_size_adjustment,gaussian_11x11_sigma_1.5_population_covariance,limited_bt601_y_model_with_bicubic_cbcr,gpu,model_forward_only_cuda_events,Tesla T4,14912.6875,53.27880859375,12809,fsrcnn_x3.pth,f65b55819c1258048bc8c1ca96f9e24bd4339f779951d7f928144c08e3868d75,https://dl.dropboxusercontent.com/s/pm1ed2nyboulz5z/fsrcnn_x3.pth,91-image,bicubic,1023,678,1024,680,True,26.40749483842509,0.7668713449002381,24.795082392667176,0.7399003276744396,3.4950239658355713,3.494671940803528,0.008319367543595227,3.4854719638824463,3.510495901107788,3,10,1024,680,341,226,2.11.0+cu128,12.8,2026-08-31T12:10:21.076273+00:00,3.13.15,2.1.3,11.3.0,0.25.2,Linux-6.6.122+-x86_64-with-glibc2.35,x86_64
Urban100,img_034.png,x3,fsrcnn,prepared_bicubic_lr,img_034.png,3,native_model_grid_then_full_target_size_adjustment,gaussian_11x11_sigma_1.5_population_covariance,limited_bt601_y_model_with_bicubic_cbcr,gpu,model_forward_only_cuda_events,Tesla T4,14912.6875,53.27880859375,12809,fsrcnn_x3.pth,f65b55819c1258048bc8c1ca96f9e24bd4339f779951d7f928144c08e3868d75,https://dl.dropboxusercontent.com/s/pm1ed2nyboulz5z/fsrcnn_x3.pth,91-image,bicubic,1023,678,1024,680,True,23.30855877275594,0.6265620402391432,21.415961160647285,0.6143546180796626,3.5056031942367554,3.5085920095443726,0.01805551356681217,3.4733760356903076,3.536895990371704,3,10,1024,680,341,226,2.11.0+cu128,12.8,2026-08-31T12:10:21.951842+00:00,3.13.15,2.1.3,11.3.0,0.25.2,Linux-6.6.122+-x86_64-with-glibc2.35,x86_64
Urban100,img_035.png,x3,fsrcnn,prepared_bicubic_lr,img_035.png,3,native_model_grid_then_full_target_size_adjustment,gaussian_11x11_sigma_1.5_population_covariance,limited_bt601_y_model_with_bicubic_cbcr,gpu,model_forward_only_cuda_events,Tesla T4,14912.6875,53.71923828125,12809,fsrcnn_x3.pth,f65b55819c1258048bc8c1ca96f9e24bd4339f779951d7f928144c08e3868d75,https://dl.dropboxusercontent.com/s/pm1ed2nyboulz5z/fsrcnn_x3.pth,91-image,bicubic,1023,687,1024,688,True,28.184988907516136,0.8513418023891594,26.739398787792172,0.830506991447938,3.5098623752593996,3.5125439167022705,0.00741282847050079,3.495840072631836,3.5182719230651855,3,10,1024,688,341,229,2.11.0+cu128,12.8,2026-08-31T12:10:22.866583+00:00,3.13.15,2.1.3,11.3.0,0.25.2,Linux-6.6.122+-x86_64-with-glibc2.35,x86_64
Urban100,img_036.png,x3,fsrcnn,prepared_bicubic_lr,img_036.png,3,native_model_grid_then_full_target_size_adjustment,gaussian_11x11_sigma_1.5_population_covariance,limited_bt601_y_model_with_bicubic_cbcr,gpu,model_forward_only_cuda_events,Tesla T4,14912.6875,54.30712890625,12809,fsrcnn_x3.pth,f65b55819c1258048bc8c1ca96f9e24bd4339f779951d7f928144c08e3868d75,https://dl.dropboxusercontent.com/s/pm1ed2nyboulz5z/fsrcnn_x3.pth,91-image,bicubic,699,1023,700,1024,True,29.028432263857404,0.8932797112476407,27.70650437835674,0.8816630014785761,5.0274111270904545,5.025263786315918,0.010142315612239376,5.012959957122803,5.046559810638428,3,10,700,1024,233,341,2.11.0+cu128,12.8,2026-08-31T12:10:23.720987+00:00,3.13.15,2.1.3,11.3.0,0.25.2,Linux-6.6.122+-x86_64-with-glibc2.35,x86_64
Urban100,img_037.png,x3,fsrcnn,prepared_bicubic_lr,img_037.png,3,native_model_grid_then_full_target_size_adjustment,gaussian_11x11_sigma_1.5_population_covariance,limited_bt601_y_model_with_bicubic_cbcr,gpu,model_forward_only_cuda_events,Tesla T4,14912.6875,57.01953125,12809,fsrcnn_x3.pth,f65b55819c1258048bc8c1ca96f9e24bd4339f779951d7f928144c08e3868d75,https://dl.dropboxusercontent.com/s/pm1ed2nyboulz5z/fsrcnn_x3.pth,91-image,bicubic,738,1023,740,1024,True,27.453676120334837,0.8503902965467931,26.00663014304629,0.8288020859204955,5.454899168014526,5.450752019882202,0.0217903056883909,5.423327922821045,5.498464107513428,3,10,740,1024,246,341,2.11.0+cu128,12.8,2026-08-31T12:10:24.779029+00:00,3.13.15,2.1.3,11.3.0,0.25.2,Linux-6.6.122+-x86_64-with-glibc2.35,x86_64
Urban100,img_038.png,x3,fsrcnn,prepared_bicubic_lr,img_038.png,3,native_model_grid_then_full_target_size_adjustment,gaussian_11x11_sigma_1.5_population_covariance,limited_bt601_y_model_with_bicubic_cbcr,gpu,model_forward_only_cuda_events,Tesla T4,14912.6875,59.3330078125,12809,fsrcnn_x3.pth,f65b55819c1258048bc8c1ca96f9e24bd4339f779951d7f928144c08e3868d75,https://dl.dropboxusercontent.com/s/pm1ed2nyboulz5z/fsrcnn_x3.pth,91-image,bicubic,768,1023,768,1024,True,26.877771277166893,0.690908571420598,25.46713839671034,0.6484640788380531,5.727235221862793,5.728111982345581,0.011120617623985302,5.710591793060303,5.742720127105713,3,10,768,1024,256,341,2.11.0+cu128,12.8,2026-08-31T12:10:25.905705+00:00,3.13.15,2.1.3,11.3.0,0.25.2,Linux-6.6.122+-x86_64-with-glibc2.35,x86_64
Urban100,img_039.png,x3,fsrcnn,prepared_bicubic_lr,img_039.png,3,native_model_grid_then_full_target_size_adjustment,gaussian_11x11_sigma_1.5_population_covariance,limited_bt601_y_model_with_bicubic_cbcr,gpu,model_forward_only_cuda_events,Tesla T4,14912.6875,59.3330078125,12809,fsrcnn_x3.pth,f65b55819c1258048bc8c1ca96f9e24bd4339f779951d7f928144c08e3868d75,https://dl.dropboxusercontent.com/s/pm1ed2nyboulz5z/fsrcnn_x3.pth,91-image,bicubic,768,1023,768,1024,True,22.723742070839474,0.7178838048469126,21.351089650031085,0.7010578067820908,5.699843168258667,5.701903820037842,0.012549644839420867,5.675295829772949,5.723743915557861,3,10,768,1024,256,341,2.11.0+cu128,12.8,2026-08-31T12:10:26.985114+00:00,3.13.15,2.1.3,11.3.0,0.25.2,Linux-6.6.122+-x86_64-with-glibc2.35,x86_64
Urban100,img_040.png,x3,fsrcnn,prepared_bicubic_lr,img_040.png,3,native_model_grid_then_full_target_size_adjustment,gaussian_11x11_sigma_1.5_population_covariance,limited_bt601_y_model_with_bicubic_cbcr,gpu,model_forward_only_cuda_events,Tesla T4,14912.6875,44.5146484375,12809,fsrcnn_x3.pth,f65b55819c1258048bc8c1ca96f9e24bd4339f779951d7f928144c08e3868d75,https://dl.dropboxusercontent.com/s/pm1ed2nyboulz5z/fsrcnn_x3.pth,91-image,bicubic,1023,576,1024,576,True,24.796442292376387,0.8860313786207159,23.47129730031865,0.8731087526230175,2.9791648387908936,2.980128049850464,0.011181449032105542,2.9632320404052734,2.9962880611419678,3,10,1024,576,341,192,2.11.0+cu128,12.8,2026-08-31T12:10:27.754471+00:00,3.13.15,2.1.3,11.3.0,0.25.2,Linux-6.6.122+-x86_64-with-glibc2.35,x86_64
Urban100,img_041.png,x3,fsrcnn,prepared_bicubic_lr,img_041.png,3,native_model_grid_then_full_target_size_adjustment,gaussian_11x11_sigma_1.5_population_covariance,limited_bt601_y_model_with_bicubic_cbcr,gpu,model_forward_only_cuda_events,Tesla T4,14912.6875,53.27880859375,12809,fsrcnn_x3.pth,f65b55819c1258048bc8c1ca96f9e24bd4339f779951d7f928144c08e3868d75,https://dl.dropboxusercontent.com/s/pm1ed2nyboulz5z/fsrcnn_x3.pth,91-image,bicubic,1023,678,1024,680,True,25.112933007578118,0.8494910535267612,23.61147395470632,0.8349871895878117,3.5210783958435057,3.5193920135498047,0.017547853108168466,3.4926400184631348,3.549312114715576,3,10,1024,680,341,226,2.11.0+cu128,12.8,2026-08-31T12:10:28.921354+00:00,3.13.15,2.1.3,11.3.0,0.25.2,Linux-6.6.122+-x86_64-with-glibc2.35,x86_64
Urban100,img_042.png,x3,fsrcnn,prepared_bicubic_lr,img_042.png,3,native_model_grid_then_full_target_size_adjustment,gaussian_11x11_sigma_1.5_population_covariance,limited_bt601_y_model_with_bicubic_cbcr,gpu,model_forward_only_cuda_events,Tesla T4,14912.6875,53.27880859375,12809,fsrcnn_x3.pth,f65b55819c1258048bc8c1ca96f9e24bd4339f779951d7f928144c08e3868d75,https://dl.dropboxusercontent.com/s/pm1ed2nyboulz5z/fsrcnn_x3.pth,91-image,bicubic,1023,678,1024,680,True,29.191151666314006,0.8920008504024455,27.86921809820809,0.8823290316631768,3.5135519981384276,3.5105119943618774,0.009971898851119015,3.493920087814331,3.528671979904175,3,10,1024,680,341,226,2.11.0+cu128,12.8,2026-08-31T12:10:29.989631+00:00,3.13.15,2.1.3,11.3.0,0.25.2,Linux-6.6.122+-x86_64-with-glibc2.35,x86_64
Urban100,img_043.png,x3,fsrcnn,prepared_bicubic_lr,img_043.png,3,native_model_grid_then_full_target_size_adjustment,gaussian_11x11_sigma_1.5_population_covariance,limited_bt601_y_model_with_bicubic_cbcr,gpu,model_forward_only_cuda_events,Tesla T4,14912.6875,51.923828125,12809,fsrcnn_x3.pth,f65b55819c1258048bc8c1ca96f9e24bd4339f779951d7f928144c08e3868d75,https://dl.dropboxusercontent.com/s/pm1ed2nyboulz5z/fsrcnn_x3.pth,91-image,bicubic,1023,672,1024,672,True,28.503335102287917,0.9041268491907851,27.054318416166492,0.8768325959025786,3.4477344036102293,3.442911982536316,0.012569055957324844,3.4319040775299072,3.471328020095825,3,10,1024,672,341,224,2.11.0+cu128,12.8,2026-08-31T12:10:31.210366+00:00,3.13.15,2.1.3,11.3.0,0.25.2,Linux-6.6.122+-x86_64-with-glibc2.35,x86_64
Urban100,img_044.png,x3,fsrcnn,prepared_bicubic_lr,img_044.png,3,native_model_grid_then_full_target_size_adjustment,gaussian_11x11_sigma_1.5_population_covariance,limited_bt601_y_model_with_bicubic_cbcr,gpu,model_forward_only_cuda_events,Tesla T4,14912.6875,53.27880859375,12809,fsrcnn_x3.pth,f65b55819c1258048bc8c1ca96f9e24bd4339f779951d7f928144c08e3868d75,https://dl.dropboxusercontent.com/s/pm1ed2nyboulz5z/fsrcnn_x3.pth,91-image,bicubic,1023,678,1024,680,True,32.86306949448276,0.8940535186994568,30.760456802022933,0.8688709262744023,3.520252752304077,3.5229759216308594,0.01066653158552602,3.491136074066162,3.532831907272339,3,10,1024,680,341,226,2.11.0+cu128,12.8,2026-08-31T12:10:32.326219+00:00,3.13.15,2.1.3,11.3.0,0.25.2,Linux-6.6.122+-x86_64-with-glibc2.35,x86_64
Urban100,img_045.png,x3,fsrcnn,prepared_bicubic_lr,img_045.png,3,native_model_grid_then_full_target_size_adjustment,gaussian_11x11_sigma_1.5_population_covariance,limited_bt601_y_model_with_bicubic_cbcr,gpu,model_forward_only_cuda_events,Tesla T4,14912.6875,59.3330078125,12809,fsrcnn_x3.pth,f65b55819c1258048bc8c1ca96f9e24bd4339f779951d7f928144c08e3868d75,https://dl.dropboxusercontent.com/s/pm1ed2nyboulz5z/fsrcnn_x3.pth,91-image,bicubic,1023,768,1024,768,True,24.688043655549553,0.7401613999345087,23.366117847964276,0.7283512093547566,3.8865535974502565,3.8690719604492188,0.05221301008031576,3.842144012451172,4.032544136047363,3,10,1024,768,341,256,2.11.0+cu128,12.8,2026-08-31T12:10:33.267963+00:00,3.13.15,2.1.3,11.3.0,0.25.2,Linux-6.6.122+-x86_64-with-glibc2.35,x86_64
Urban100,img_046.png,x3,fsrcnn,prepared_bicubic_lr,img_046.png,3,native_model_grid_then_full_target_size_adjustment,gaussian_11x11_sigma_1.5_population_covariance,limited_bt601_y_model_with_bicubic_cbcr,gpu,model_forward_only_cuda_events,Tesla T4,14912.6875,53.86669921875,12809,fsrcnn_x3.pth,f65b55819c1258048bc8c1ca96f9e24bd4339f779951d7f928144c08e3868d75,https://dl.dropboxusercontent.com/s/pm1ed2nyboulz5z/fsrcnn_x3.pth,91-image,bicubic,690,1023,692,1024,True,23.839373176274712,0.769906235355648,22.453975303903334,0.7634047810789286,4.983551979064941,4.976464033126831,0.020867661714621268,4.964799880981445,5.040095806121826,3,10,692,1024,230,341,2.11.0+cu128,12.8,2026-08-31T12:10:34.297370+00:00,3.13.15,2.1.3,11.3.0,0.25.2,Linux-6.6.122+-x86_64-with-glibc2.35,x86_64
Urban100,img_047.png,x3,fsrcnn,prepared_bicubic_lr,img_047.png,3,native_model_grid_then_full_target_size_adjustment,gaussian_11x11_sigma_1.5_population_covariance,limited_bt601_y_model_with_bicubic_cbcr,gpu,model_forward_only_cuda_events,Tesla T4,14912.6875,47.79150390625,12809,fsrcnn_x3.pth,f65b55819c1258048bc8c1ca96f9e24bd4339f779951d7f928144c08e3868d75,https://dl.dropboxusercontent.com/s/pm1ed2nyboulz5z/fsrcnn_x3.pth,91-image,bicubic,1023,615,1024,616,True,21.976921174793226,0.7725705112690701,20.490573812908053,0.7615665280686331,3.269273591041565,3.2665120363235474,0.018982719758077905,3.243743896484375,3.299583911895752,3,10,1024,616,341,205,2.11.0+cu128,12.8,2026-08-31T12:10:35.098347+00:00,3.13.15,2.1.3,11.3.0,0.25.2,Linux-6.6.122+-x86_64-with-glibc2.35,x86_64
Urban100,img_048.png,x3,fsrcnn,prepared_bicubic_lr,img_048.png,3,native_model_grid_then_full_target_size_adjustment,gaussian_11x11_sigma_1.5_population_covariance,limited_bt601_y_model_with_bicubic_cbcr,gpu,model_forward_only_cuda_events,Tesla T4,14912.6875,53.572265625,12809,fsrcnn_x3.pth,f65b55819c1258048bc8c1ca96f9e24bd4339f779951d7f928144c08e3868d75,https://dl.dropboxusercontent.com/s/pm1ed2nyboulz5z/fsrcnn_x3.pth,91-image,bicubic,684,1023,684,1024,True,20.58832338023546,0.8172138494293911,19.297314765475026,0.8083768314209347,4.931977558135986,4.93723201751709,0.011981936131080038,4.9079999923706055,4.944479942321777,3,10,684,1024,228,341,2.11.0+cu128,12.8,2026-08-31T12:10:35.971224+00:00,3.13.15,2.1.3,11.3.0,0.25.2,Linux-6.6.122+-x86_64-with-glibc2.35,x86_64
Urban100,img_049.png,x3,fsrcnn,prepared_bicubic_lr,img_049.png,3,native_model_grid_then_full_target_size_adjustment,gaussian_11x11_sigma_1.5_population_covariance,limited_bt601_y_model_with_bicubic_cbcr,gpu,model_forward_only_cuda_events,Tesla T4,14912.6875,53.27880859375,12809,fsrcnn_x3.pth,f65b55819c1258048bc8c1ca96f9e24bd4339f779951d7f928144c08e3868d75,https://dl.dropboxusercontent.com/s/pm1ed2nyboulz5z/fsrcnn_x3.pth,91-image,bicubic,1023,678,1024,680,True,23.282251947335,0.7551918783154219,21.713125437724887,0.7321511071611124,3.4903744220733643,3.4846240282058716,0.02028561532460781,3.4686079025268555,3.541440010070801,3,10,1024,680,341,226,2.11.0+cu128,12.8,2026-08-31T12:10:36.901504+00:00,3.13.15,2.1.3,11.3.0,0.25.2,Linux-6.6.122+-x86_64-with-glibc2.35,x86_64
Urban100,img_050.png,x3,fsrcnn,prepared_bicubic_lr,img_050.png,3,native_model_grid_then_full_target_size_adjustment,gaussian_11x11_sigma_1.5_population_covariance,limited_bt601_y_model_with_bicubic_cbcr,gpu,model_forward_only_cuda_events,Tesla T4,14912.6875,53.27880859375,12809,fsrcnn_x3.pth,f65b55819c1258048bc8c1ca96f9e24bd4339f779951d7f928144c08e3868d75,https://dl.dropboxusercontent.com/s/pm1ed2nyboulz5z/fsrcnn_x3.pth,91-image,bicubic,678,1023,680,1024,True,25.715177399672264,0.7850857883335505,24.232897895528485,0.766197549362586,4.856364774703979,4.861263990402222,0.01810188545884625,4.825952053070068,4.882400035858154,3,10,680,1024,226,341,2.11.0+cu128,12.8,2026-08-31T12:10:37.808331+00:00,3.13.15,2.1.3,11.3.0,0.25.2,Linux-6.6.122+-x86_64-with-glibc2.35,x86_64
Urban100,img_051.png,x3,fsrcnn,prepared_bicubic_lr,img_051.png,3,native_model_grid_then_full_target_size_adjustment,gaussian_11x11_sigma_1.5_population_covariance,limited_bt601_y_model_with_bicubic_cbcr,gpu,model_forward_only_cuda_events,Tesla T4,14912.6875,53.27880859375,12809,fsrcnn_x3.pth,f65b55819c1258048bc8c1ca96f9e24bd4339f779951d7f928144c08e3868d75,https://dl.dropboxusercontent.com/s/pm1ed2nyboulz5z/fsrcnn_x3.pth,91-image,bicubic,1023,678,1024,680,True,27.92287553202605,0.8638704439366129,26.374434139951322,0.8442170789596243,3.499932789802551,3.498031973838806,0.016793561225458546,3.4784319400787354,3.5331199169158936,3,10,1024,680,341,226,2.11.0+cu128,12.8,2026-08-31T12:10:38.744784+00:00,3.13.15,2.1.3,11.3.0,0.25.2,Linux-6.6.122+-x86_64-with-glibc2.35,x86_64
Urban100,img_052.png,x3,fsrcnn,prepared_bicubic_lr,img_052.png,3,native_model_grid_then_full_target_size_adjustment,gaussian_11x11_sigma_1.5_population_covariance,limited_bt601_y_model_with_bicubic_cbcr,gpu,model_forward_only_cuda_events,Tesla T4,14912.6875,53.27880859375,12809,fsrcnn_x3.pth,f65b55819c1258048bc8c1ca96f9e24bd4339f779951d7f928144c08e3868d75,https://dl.dropboxusercontent.com/s/pm1ed2nyboulz5z/fsrcnn_x3.pth,91-image,bicubic,1023,678,1024,680,True,27.194783312569925,0.8636439933180077,25.84681404007673,0.8481440052139874,3.5084320068359376,3.5014560222625732,0.019412922148463314,3.48636794090271,3.553312063217163,3,10,1024,680,341,226,2.11.0+cu128,12.8,2026-08-31T12:10:39.800657+00:00,3.13.15,2.1.3,11.3.0,0.25.2,Linux-6.6.122+-x86_64-with-glibc2.35,x86_64
Urban100,img_053.png,x3,fsrcnn,prepared_bicubic_lr,img_053.png,3,native_model_grid_then_full_target_size_adjustment,gaussian_11x11_sigma_1.5_population_covariance,limited_bt601_y_model_with_bicubic_cbcr,gpu,model_forward_only_cuda_events,Tesla T4,14912.6875,50.77392578125,12809,fsrcnn_x3.pth,f65b55819c1258048bc8c1ca96f9e24bd4339f779951d7f928144c08e3868d75,https://dl.dropboxusercontent.com/s/pm1ed2nyboulz5z/fsrcnn_x3.pth,91-image,bicubic,1023,654,1024,656,True,22.54118168223176,0.7474490298542242,21.205711579584513,0.7354327154659703,3.4009951829910277,3.3990079164505005,0.014585044287187744,3.381216049194336,3.4296319484710693,3,10,1024,656,341,218,2.11.0+cu128,12.8,2026-08-31T12:10:40.756530+00:00,3.13.15,2.1.3,11.3.0,0.25.2,Linux-6.6.122+-x86_64-with-glibc2.35,x86_64
Urban100,img_054.png,x3,fsrcnn,prepared_bicubic_lr,img_054.png,3,native_model_grid_then_full_target_size_adjustment,gaussian_11x11_sigma_1.5_population_covariance,limited_bt601_y_model_with_bicubic_cbcr,gpu,model_forward_only_cuda_events,Tesla T4,14912.6875,53.27880859375,12809,fsrcnn_x3.pth,f65b55819c1258048bc8c1ca96f9e24bd4339f779951d7f928144c08e3868d75,https://dl.dropboxusercontent.com/s/pm1ed2nyboulz5z/fsrcnn_x3.pth,91-image,bicubic,1023,678,1024,680,True,21.614397524383367,0.6804299021674229,20.100360785679744,0.6622016632631275,3.502828812599182,3.4951839447021484,0.020058928996834872,3.481663942337036,3.5430080890655518,3,10,1024,680,341,226,2.11.0+cu128,12.8,2026-08-31T12:10:41.794315+00:00,3.13.15,2.1.3,11.3.0,0.25.2,Linux-6.6.122+-x86_64-with-glibc2.35,x86_64
Urban100,img_055.png,x3,fsrcnn,prepared_bicubic_lr,img_055.png,3,native_model_grid_then_full_target_size_adjustment,gaussian_11x11_sigma_1.5_population_covariance,limited_bt601_y_model_with_bicubic_cbcr,gpu,model_forward_only_cuda_events,Tesla T4,14912.6875,59.3330078125,12809,fsrcnn_x3.pth,f65b55819c1258048bc8c1ca96f9e24bd4339f779951d7f928144c08e3868d75,https://dl.dropboxusercontent.com/s/pm1ed2nyboulz5z/fsrcnn_x3.pth,91-image,bicubic,1023,768,1024,768,True,30.238128220289543,0.9041900302568278,28.161564646142956,0.8698342724291964,3.891420817375183,3.8870400190353394,0.013574840045045137,3.8747520446777344,3.92192006111145,3,10,1024,768,341,256,2.11.0+cu128,12.8,2026-08-31T12:10:43.314948+00:00,3.13.15,2.1.3,11.3.0,0.25.2,Linux-6.6.122+-x86_64-with-glibc2.35,x86_64
Urban100,img_056.png,x3,fsrcnn,prepared_bicubic_lr,img_056.png,3,native_model_grid_then_full_target_size_adjustment,gaussian_11x11_sigma_1.5_population_covariance,limited_bt601_y_model_with_bicubic_cbcr,gpu,model_forward_only_cuda_events,Tesla T4,14912.6875,59.3330078125,12809,fsrcnn_x3.pth,f65b55819c1258048bc8c1ca96f9e24bd4339f779951d7f928144c08e3868d75,https://dl.dropboxusercontent.com/s/pm1ed2nyboulz5z/fsrcnn_x3.pth,91-image,bicubic,1023,768,1024,768,True,25.169008731006155,0.7937069837103762,23.805660896667874,0.7773087816197259,3.8821952104568482,3.8811360597610474,0.018177215813306183,3.860896110534668,3.9262399673461914,3,10,1024,768,341,256,2.11.0+cu128,12.8,2026-08-31T12:10:44.733853+00:00,3.13.15,2.1.3,11.3.0,0.25.2,Linux-6.6.122+-x86_64-with-glibc2.35,x86_64
Urban100,img_057.png,x3,fsrcnn,prepared_bicubic_lr,img_057.png,3,native_model_grid_then_full_target_size_adjustment,gaussian_11x11_sigma_1.5_population_covariance,limited_bt601_y_model_with_bicubic_cbcr,gpu,model_forward_only_cuda_events,Tesla T4,14912.6875,55.86181640625,12809,fsrcnn_x3.pth,f65b55819c1258048bc8c1ca96f9e24bd4339f779951d7f928144c08e3868d75,https://dl.dropboxusercontent.com/s/pm1ed2nyboulz5z/fsrcnn_x3.pth,91-image,bicubic,1023,723,1024,724,True,30.09537462492385,0.8852685838085319,28.636222590087783,0.8662459595724689,3.7920032024383543,3.7554880380630493,0.116410029486764,3.7274880409240723,4.136447906494141,3,10,1024,724,341,241,2.11.0+cu128,12.8,2026-08-31T12:10:46.054077+00:00,3.13.15,2.1.3,11.3.0,0.25.2,Linux-6.6.122+-x86_64-with-glibc2.35,x86_64
Urban100,img_058.png,x3,fsrcnn,prepared_bicubic_lr,img_058.png,3,native_model_grid_then_full_target_size_adjustment,gaussian_11x11_sigma_1.5_population_covariance,limited_bt601_y_model_with_bicubic_cbcr,gpu,model_forward_only_cuda_events,Tesla T4,14912.6875,53.86669921875,12809,fsrcnn_x3.pth,f65b55819c1258048bc8c1ca96f9e24bd4339f779951d7f928144c08e3868d75,https://dl.dropboxusercontent.com/s/pm1ed2nyboulz5z/fsrcnn_x3.pth,91-image,bicubic,1023,690,1024,692,True,26.21550485355035,0.8639424571828537,24.705634383816893,0.8481204083387608,3.516966390609741,3.5148160457611084,0.015589278826320956,3.495903968811035,3.5490241050720215,3,10,1024,692,341,230,2.11.0+cu128,12.8,2026-08-31T12:10:46.988597+00:00,3.13.15,2.1.3,11.3.0,0.25.2,Linux-6.6.122+-x86_64-with-glibc2.35,x86_64
Urban100,img_059.png,x3,fsrcnn,prepared_bicubic_lr,img_059.png,3,native_model_grid_then_full_target_size_adjustment,gaussian_11x11_sigma_1.5_population_covariance,limited_bt601_y_model_with_bicubic_cbcr,gpu,model_forward_only_cuda_events,Tesla T4,14912.6875,51.22998046875,12809,fsrcnn_x3.pth,f65b55819c1258048bc8c1ca96f9e24bd4339f779951d7f928144c08e3868d75,https://dl.dropboxusercontent.com/s/pm1ed2nyboulz5z/fsrcnn_x3.pth,91-image,bicubic,1023,663,1024,664,True,21.91431809109758,0.7528728381175884,20.533586664868466,0.7348595127941399,3.4439136028289794,3.4331520795822144,0.03664934407582209,3.4037439823150635,3.5332798957824707,3,10,1024,664,341,221,2.11.0+cu128,12.8,2026-08-31T12:10:47.914337+00:00,3.13.15,2.1.3,11.3.0,0.25.2,Linux-6.6.122+-x86_64-with-glibc2.35,x86_64
Urban100,img_060.png,x3,fsrcnn,prepared_bicubic_lr,img_060.png,3,native_model_grid_then_full_target_size_adjustment,gaussian_11x11_sigma_1.5_population_covariance,limited_bt601_y_model_with_bicubic_cbcr,gpu,model_forward_only_cuda_events,Tesla T4,14912.6875,53.27880859375,12809,fsrcnn_x3.pth,f65b55819c1258048bc8c1ca96f9e24bd4339f779951d7f928144c08e3868d75,https://dl.dropboxusercontent.com/s/pm1ed2nyboulz5z/fsrcnn_x3.pth,91-image,bicubic,1023,678,1024,680,True,22.49289429363236,0.5844472794522814,21.056119796498503,0.565823274499727,3.4933215856552122,3.4928479194641113,0.014788416943846283,3.471359968185425,3.527008056640625,3,10,1024,680,341,226,2.11.0+cu128,12.8,2026-08-31T12:10:48.923184+00:00,3.13.15,2.1.3,11.3.0,0.25.2,Linux-6.6.122+-x86_64-with-glibc2.35,x86_64
Urban100,img_061.png,x3,fsrcnn,prepared_bicubic_lr,img_061.png,3,native_model_grid_then_full_target_size_adjustment,gaussian_11x11_sigma_1.5_population_covariance,limited_bt601_y_model_with_bicubic_cbcr,gpu,model_forward_only_cuda_events,Tesla T4,14912.6875,51.923828125,12809,fsrcnn_x3.pth,f65b55819c1258048bc8c1ca96f9e24bd4339f779951d7f928144c08e3868d75,https://dl.dropboxusercontent.com/s/pm1ed2nyboulz5z/fsrcnn_x3.pth,91-image,bicubic,1023,672,1024,672,True,25.179451321741126,0.7763620454195793,23.535437583344226,0.758733548553936,3.424345588684082,3.4204800128936768,0.015161802604375657,3.4039039611816406,3.452255964279175,3,10,1024,672,341,224,2.11.0+cu128,12.8,2026-08-31T12:10:49.833331+00:00,3.13.15,2.1.3,11.3.0,0.25.2,Linux-6.6.122+-x86_64-with-glibc2.35,x86_64
Urban100,img_062.png,x3,fsrcnn,prepared_bicubic_lr,img_062.png,3,native_model_grid_then_full_target_size_adjustment,gaussian_11x11_sigma_1.5_population_covariance,limited_bt601_y_model_with_bicubic_cbcr,gpu,model_forward_only_cuda_events,Tesla T4,14912.6875,53.27880859375,12809,fsrcnn_x3.pth,f65b55819c1258048bc8c1ca96f9e24bd4339f779951d7f928144c08e3868d75,https://dl.dropboxusercontent.com/s/pm1ed2nyboulz5z/fsrcnn_x3.pth,91-image,bicubic,1023,678,1024,680,True,21.584324571803375,0.7972826151170489,20.157796112368782,0.7791127844471705,3.490959978103638,3.4916319847106934,0.008808979098851805,3.474623918533325,3.5036799907684326,3,10,1024,680,341,226,2.11.0+cu128,12.8,2026-08-31T12:10:50.676389+00:00,3.13.15,2.1.3,11.3.0,0.25.2,Linux-6.6.122+-x86_64-with-glibc2.35,x86_64
Urban100,img_063.png,x3,fsrcnn,prepared_bicubic_lr,img_063.png,3,native_model_grid_then_full_target_size_adjustment,gaussian_11x11_sigma_1.5_population_covariance,limited_bt601_y_model_with_bicubic_cbcr,gpu,model_forward_only_cuda_events,Tesla T4,14912.6875,73.77197265625,12809,fsrcnn_x3.pth,f65b55819c1258048bc8c1ca96f9e24bd4339f779951d7f928144c08e3868d75,https://dl.dropboxusercontent.com/s/pm1ed2nyboulz5z/fsrcnn_x3.pth,91-image,bicubic,999,978,1000,980,True,22.012512010241153,0.6249092469611542,20.736399799817143,0.5902790558289372,4.725276803970337,4.72326397895813,0.01340457621229862,4.704256057739258,4.745247840881348,3,10,1000,980,333,326,2.11.0+cu128,12.8,2026-08-31T12:10:51.968344+00:00,3.13.15,2.1.3,11.3.0,0.25.2,Linux-6.6.122+-x86_64-with-glibc2.35,x86_64
Urban100,img_064.png,x3,fsrcnn,prepared_bicubic_lr,img_064.png,3,native_model_grid_then_full_target_size_adjustment,gaussian_11x11_sigma_1.5_population_covariance,limited_bt601_y_model_with_bicubic_cbcr,gpu,model_forward_only_cuda_events,Tesla T4,14912.6875,53.27880859375,12809,fsrcnn_x3.pth,f65b55819c1258048bc8c1ca96f9e24bd4339f779951d7f928144c08e3868d75,https://dl.dropboxusercontent.com/s/pm1ed2nyboulz5z/fsrcnn_x3.pth,91-image,bicubic,1023,678,1024,680,True,27.255248923568335,0.8152960187364189,25.892338337135424,0.8009427755129495,3.5022303581237795,3.498495936393738,0.018037573988467552,3.4642560482025146,3.527967929840088,3,10,1024,680,341,226,2.11.0+cu128,12.8,2026-08-31T12:10:52.939870+00:00,3.13.15,2.1.3,11.3.0,0.25.2,Linux-6.6.122+-x86_64-with-glibc2.35,x86_64
Urban100,img_065.png,x3,fsrcnn,prepared_bicubic_lr,img_065.png,3,native_model_grid_then_full_target_size_adjustment,gaussian_11x11_sigma_1.5_population_covariance,limited_bt601_y_model_with_bicubic_cbcr,gpu,model_forward_only_cuda_events,Tesla T4,14912.6875,53.27880859375,12809,fsrcnn_x3.pth,f65b55819c1258048bc8c1ca96f9e24bd4339f779951d7f928144c08e3868d75,https://dl.dropboxusercontent.com/s/pm1ed2nyboulz5z/fsrcnn_x3.pth,91-image,bicubic,1023,678,1024,680,True,26.214600602026913,0.7724818335912524,24.5529176440486,0.7543417850907632,3.4903072118759155,3.4872320890426636,0.013690493929115151,3.478208065032959,3.525343894958496,3,10,1024,680,341,226,2.11.0+cu128,12.8,2026-08-31T12:10:53.926999+00:00,3.13.15,2.1.3,11.3.0,0.25.2,Linux-6.6.122+-x86_64-with-glibc2.35,x86_64
Urban100,img_066.png,x3,fsrcnn,prepared_bicubic_lr,img_066.png,3,native_model_grid_then_full_target_size_adjustment,gaussian_11x11_sigma_1.5_population_covariance,limited_bt601_y_model_with_bicubic_cbcr,gpu,model_forward_only_cuda_events,Tesla T4,14912.6875,66.7431640625,12809,fsrcnn_x3.pth,f65b55819c1258048bc8c1ca96f9e24bd4339f779951d7f928144c08e3868d75,https://dl.dropboxusercontent.com/s/pm1ed2nyboulz5z/fsrcnn_x3.pth,91-image,bicubic,1023,864,1024,864,True,22.825393338933992,0.693973242945927,21.50141847210593,0.6742649150979126,4.361651229858398,4.3604960441589355,0.012667477066266426,4.343808174133301,4.392928123474121,3,10,1024,864,341,288,2.11.0+cu128,12.8,2026-08-31T12:10:55.030757+00:00,3.13.15,2.1.3,11.3.0,0.25.2,Linux-6.6.122+-x86_64-with-glibc2.35,x86_64
Urban100,img_067.png,x3,fsrcnn,prepared_bicubic_lr,img_067.png,3,native_model_grid_then_full_target_size_adjustment,gaussian_11x11_sigma_1.5_population_covariance,limited_bt601_y_model_with_bicubic_cbcr,gpu,model_forward_only_cuda_events,Tesla T4,14912.6875,53.27880859375,12809,fsrcnn_x3.pth,f65b55819c1258048bc8c1ca96f9e24bd4339f779951d7f928144c08e3868d75,https://dl.dropboxusercontent.com/s/pm1ed2nyboulz5z/fsrcnn_x3.pth,91-image,bicubic,1023,678,1024,680,True,19.476606505289528,0.840837082649297,17.993276410758885,0.8105935616216368,3.496121573448181,3.491887927055359,0.018438676819082157,3.47542405128479,3.5266239643096924,3,10,1024,680,341,226,2.11.0+cu128,12.8,2026-08-31T12:10:55.971600+00:00,3.13.15,2.1.3,11.3.0,0.25.2,Linux-6.6.122+-x86_64-with-glibc2.35,x86_64
Urban100,img_068.png,x3,fsrcnn,prepared_bicubic_lr,img_068.png,3,native_model_grid_then_full_target_size_adjustment,gaussian_11x11_sigma_1.5_population_covariance,limited_bt601_y_model_with_bicubic_cbcr,gpu,model_forward_only_cuda_events,Tesla T4,14912.6875,79.01513671875,12809,fsrcnn_x3.pth,f65b55819c1258048bc8c1ca96f9e24bd4339f779951d7f928144c08e3868d75,https://dl.dropboxusercontent.com/s/pm1ed2nyboulz5z/fsrcnn_x3.pth,91-image,bicubic,1023,1023,1024,1024,True,31.260315845578145,0.8979006413405023,29.857047381697438,0.8826692521609757,5.104886388778686,5.103087902069092,0.013196448552755166,5.0854082107543945,5.134304046630859,3,10,1024,1024,341,341,2.11.0+cu128,12.8,2026-08-31T12:10:57.796472+00:00,3.13.15,2.1.3,11.3.0,0.25.2,Linux-6.6.122+-x86_64-with-glibc2.35,x86_64
Urban100,img_069.png,x3,fsrcnn,prepared_bicubic_lr,img_069.png,3,native_model_grid_then_full_target_size_adjustment,gaussian_11x11_sigma_1.5_population_covariance,limited_bt601_y_model_with_bicubic_cbcr,gpu,model_forward_only_cuda_events,Tesla T4,14912.6875,74.478515625,12809,fsrcnn_x3.pth,f65b55819c1258048bc8c1ca96f9e24bd4339f779951d7f928144c08e3868d75,https://dl.dropboxusercontent.com/s/pm1ed2nyboulz5z/fsrcnn_x3.pth,91-image,bicubic,1200,822,1200,824,True,25.086762225586,0.7733866007360028,23.76360021732377,0.756572441553731,4.750479984283447,4.758800029754639,0.021960941972838054,4.70630407333374,4.778304100036621,3,10,1200,824,400,274,2.11.0+cu128,12.8,2026-08-31T12:10:59.530464+00:00,3.13.15,2.1.3,11.3.0,0.25.2,Linux-6.6.122+-x86_64-with-glibc2.35,x86_64
Urban100,img_070.png,x3,fsrcnn,prepared_bicubic_lr,img_070.png,3,native_model_grid_then_full_target_size_adjustment,gaussian_11x11_sigma_1.5_population_covariance,limited_bt601_y_model_with_bicubic_cbcr,gpu,model_forward_only_cuda_events,Tesla T4,14912.6875,59.3330078125,12809,fsrcnn_x3.pth,f65b55819c1258048bc8c1ca96f9e24bd4339f779951d7f928144c08e3868d75,https://dl.dropboxusercontent.com/s/pm1ed2nyboulz5z/fsrcnn_x3.pth,91-image,bicubic,1023,768,1024,768,True,22.49884727320438,0.6358214572339079,21.177738461147413,0.6192467067712218,3.884371209144592,3.8835519552230835,0.007645942669177385,3.8727359771728516,3.8963520526885986,3,10,1024,768,341,256,2.11.0+cu128,12.8,2026-08-31T12:11:00.639111+00:00,3.13.15,2.1.3,11.3.0,0.25.2,Linux-6.6.122+-x86_64-with-glibc2.35,x86_64
Urban100,img_071.png,x3,fsrcnn,prepared_bicubic_lr,img_071.png,3,native_model_grid_then_full_target_size_adjustment,gaussian_11x11_sigma_1.5_population_covariance,limited_bt601_y_model_with_bicubic_cbcr,gpu,model_forward_only_cuda_events,Tesla T4,14912.6875,59.3330078125,12809,fsrcnn_x3.pth,f65b55819c1258048bc8c1ca96f9e24bd4339f779951d7f928144c08e3868d75,https://dl.dropboxusercontent.com/s/pm1ed2nyboulz5z/fsrcnn_x3.pth,91-image,bicubic,1023,768,1024,768,True,27.548190632776183,0.681187931643613,26.171635254106942,0.6496880877488839,3.861225628852844,3.865664005279541,0.019276397685823267,3.824064016342163,3.8978240489959717,3,10,1024,768,341,256,2.11.0+cu128,12.8,2026-08-31T12:11:01.704490+00:00,3.13.15,2.1.3,11.3.0,0.25.2,Linux-6.6.122+-x86_64-with-glibc2.35,x86_64
Urban100,img_072.png,x3,fsrcnn,prepared_bicubic_lr,img_072.png,3,native_model_grid_then_full_target_size_adjustment,gaussian_11x11_sigma_1.5_population_covariance,limited_bt601_y_model_with_bicubic_cbcr,gpu,model_forward_only_cuda_events,Tesla T4,14912.6875,53.27880859375,12809,fsrcnn_x3.pth,f65b55819c1258048bc8c1ca96f9e24bd4339f779951d7f928144c08e3868d75,https://dl.dropboxusercontent.com/s/pm1ed2nyboulz5z/fsrcnn_x3.pth,91-image,bicubic,678,1023,680,1024,True,19.82122376071533,0.7910904585612811,18.499302140647938,0.7826273578461045,4.859033632278442,4.862287998199463,0.01422037471834518,4.829599857330322,4.876768112182617,3,10,680,1024,226,341,2.11.0+cu128,12.8,2026-08-31T12:11:02.601546+00:00,3.13.15,2.1.3,11.3.0,0.25.2,Linux-6.6.122+-x86_64-with-glibc2.35,x86_64
Urban100,img_073.png,x3,fsrcnn,prepared_bicubic_lr,img_073.png,3,native_model_grid_then_full_target_size_adjustment,gaussian_11x11_sigma_1.5_population_covariance,limited_bt601_y_model_with_bicubic_cbcr,gpu,model_forward_only_cuda_events,Tesla T4,14912.6875,58.87109375,12809,fsrcnn_x3.pth,f65b55819c1258048bc8c1ca96f9e24bd4339f779951d7f928144c08e3868d75,https://dl.dropboxusercontent.com/s/pm1ed2nyboulz5z/fsrcnn_x3.pth,91-image,bicubic,1023,762,1024,764,True,21.76803437958956,0.6640979530164536,20.441310865757757,0.6455438648675722,3.8607072114944456,3.8547840118408203,0.014956668411605204,3.8412160873413086,3.89465594291687,3,10,1024,764,341,254,2.11.0+cu128,12.8,2026-08-31T12:11:03.601371+00:00,3.13.15,2.1.3,11.3.0,0.25.2,Linux-6.6.122+-x86_64-with-glibc2.35,x86_64
Urban100,img_074.png,x3,fsrcnn,prepared_bicubic_lr,img_074.png,3,native_model_grid_then_full_target_size_adjustment,gaussian_11x11_sigma_1.5_population_covariance,limited_bt601_y_model_with_bicubic_cbcr,gpu,model_forward_only_cuda_events,Tesla T4,14912.6875,53.27880859375,12809,fsrcnn_x3.pth,f65b55819c1258048bc8c1ca96f9e24bd4339f779951d7f928144c08e3868d75,https://dl.dropboxusercontent.com/s/pm1ed2nyboulz5z/fsrcnn_x3.pth,91-image,bicubic,678,1023,680,1024,True,23.73529005549644,0.7046097775794443,22.27151471062534,0.6940194119314022,4.855478429794312,4.844511985778809,0.021797137763029596,4.834432125091553,4.89961576461792,3,10,680,1024,226,341,2.11.0+cu128,12.8,2026-08-31T12:11:04.567216+00:00,3.13.15,2.1.3,11.3.0,0.25.2,Linux-6.6.122+-x86_64-with-glibc2.35,x86_64
Urban100,img_075.png,x3,fsrcnn,prepared_bicubic_lr,img_075.png,3,native_model_grid_then_full_target_size_adjustment,gaussian_11x11_sigma_1.5_population_covariance,limited_bt601_y_model_with_bicubic_cbcr,gpu,model_forward_only_cuda_events,Tesla T4,14912.6875,53.27880859375,12809,fsrcnn_x3.pth,f65b55819c1258048bc8c1ca96f9e24bd4339f779951d7f928144c08e3868d75,https://dl.dropboxusercontent.com/s/pm1ed2nyboulz5z/fsrcnn_x3.pth,91-image,bicubic,1023,678,1024,680,True,30.452698317201012,0.8728876165350015,28.556641536101544,0.8485285330167512,3.4987775802612306,3.499135971069336,0.014069396353364513,3.4733760356903076,3.5223679542541504,3,10,1024,680,341,226,2.11.0+cu128,12.8,2026-08-31T12:11:05.569073+00:00,3.13.15,2.1.3,11.3.0,0.25.2,Linux-6.6.122+-x86_64-with-glibc2.35,x86_64
Urban100,img_076.png,x3,fsrcnn,prepared_bicubic_lr,img_076.png,3,native_model_grid_then_full_target_size_adjustment,gaussian_11x11_sigma_1.5_population_covariance,limited_bt601_y_model_with_bicubic_cbcr,gpu,model_forward_only_cuda_events,Tesla T4,14912.6875,53.1318359375,12809,fsrcnn_x3.pth,f65b55819c1258048bc8c1ca96f9e24bd4339f779951d7f928144c08e3868d75,https://dl.dropboxusercontent.com/s/pm1ed2nyboulz5z/fsrcnn_x3.pth,91-image,bicubic,1023,675,1024,676,True,24.353193297022422,0.8111672670255728,22.753187373283264,0.7867903345877482,3.477497601509094,3.47598397731781,0.016375296931748554,3.4504001140594482,3.50380802154541,3,10,1024,676,341,225,2.11.0+cu128,12.8,2026-08-31T12:11:06.447501+00:00,3.13.15,2.1.3,11.3.0,0.25.2,Linux-6.6.122+-x86_64-with-glibc2.35,x86_64
Urban100,img_077.png,x3,fsrcnn,prepared_bicubic_lr,img_077.png,3,native_model_grid_then_full_target_size_adjustment,gaussian_11x11_sigma_1.5_population_covariance,limited_bt601_y_model_with_bicubic_cbcr,gpu,model_forward_only_cuda_events,Tesla T4,14912.6875,53.27880859375,12809,fsrcnn_x3.pth,f65b55819c1258048bc8c1ca96f9e24bd4339f779951d7f928144c08e3868d75,https://dl.dropboxusercontent.com/s/pm1ed2nyboulz5z/fsrcnn_x3.pth,91-image,bicubic,1023,678,1024,680,True,23.111364009075594,0.7083011400047511,21.708890218455018,0.69123427870352,3.498457598686218,3.4941279888153076,0.022658484398838406,3.463711977005005,3.5430080890655518,3,10,1024,680,341,226,2.11.0+cu128,12.8,2026-08-31T12:11:07.396153+00:00,3.13.15,2.1.3,11.3.0,0.25.2,Linux-6.6.122+-x86_64-with-glibc2.35,x86_64
Urban100,img_078.png,x3,fsrcnn,prepared_bicubic_lr,img_078.png,3,native_model_grid_then_full_target_size_adjustment,gaussian_11x11_sigma_1.5_population_covariance,limited_bt601_y_model_with_bicubic_cbcr,gpu,model_forward_only_cuda_events,Tesla T4,14912.6875,56.5556640625,12809,fsrcnn_x3.pth,f65b55819c1258048bc8c1ca96f9e24bd4339f779951d7f928144c08e3868d75,https://dl.dropboxusercontent.com/s/pm1ed2nyboulz5z/fsrcnn_x3.pth,91-image,bicubic,1023,732,1024,732,True,28.150221606219745,0.8036961397654241,26.90271846115737,0.7744094695968308,3.7511072158813477,3.7483839988708496,0.0101499408166975,3.7359681129455566,3.7690560817718506,3,10,1024,732,341,244,2.11.0+cu128,12.8,2026-08-31T12:11:08.439832+00:00,3.13.15,2.1.3,11.3.0,0.25.2,Linux-6.6.122+-x86_64-with-glibc2.35,x86_64
Urban100,img_079.png,x3,fsrcnn,prepared_bicubic_lr,img_079.png,3,native_model_grid_then_full_target_size_adjustment,gaussian_11x11_sigma_1.5_population_covariance,limited_bt601_y_model_with_bicubic_cbcr,gpu,model_forward_only_cuda_events,Tesla T4,14912.6875,59.3330078125,12809,fsrcnn_x3.pth,f65b55819c1258048bc8c1ca96f9e24bd4339f779951d7f928144c08e3868d75,https://dl.dropboxusercontent.com/s/pm1ed2nyboulz5z/fsrcnn_x3.pth,91-image,bicubic,1023,768,1024,768,True,25.763540592769054,0.7250395596122924,24.280810352996415,0.6979674920012422,3.8549695730209352,3.852784037590027,0.01412846957473227,3.831295967102051,3.88319993019104,3,10,1024,768,341,256,2.11.0+cu128,12.8,2026-08-31T12:11:09.534530+00:00,3.13.15,2.1.3,11.3.0,0.25.2,Linux-6.6.122+-x86_64-with-glibc2.35,x86_64
Urban100,img_080.png,x3,fsrcnn,prepared_bicubic_lr,img_080.png,3,native_model_grid_then_full_target_size_adjustment,gaussian_11x11_sigma_1.5_population_covariance,limited_bt601_y_model_with_bicubic_cbcr,gpu,model_forward_only_cuda_events,Tesla T4,14912.6875,63.45361328125,12809,fsrcnn_x3.pth,f65b55819c1258048bc8c1ca96f9e24bd4339f779951d7f928144c08e3868d75,https://dl.dropboxusercontent.com/s/pm1ed2nyboulz5z/fsrcnn_x3.pth,91-image,bicubic,774,1035,776,1036,True,35.4624828840194,0.9502186562175323,33.94480157057111,0.9372877098894895,5.794841623306274,5.792543888092041,0.013897693604896927,5.7755842208862305,5.818367958068848,3,10,776,1036,258,345,2.11.0+cu128,12.8,2026-08-31T12:11:10.981939+00:00,3.13.15,2.1.3,11.3.0,0.25.2,Linux-6.6.122+-x86_64-with-glibc2.35,x86_64
Urban100,img_081.png,x3,fsrcnn,prepared_bicubic_lr,img_081.png,3,native_model_grid_then_full_target_size_adjustment,gaussian_11x11_sigma_1.5_population_covariance,limited_bt601_y_model_with_bicubic_cbcr,gpu,model_forward_only_cuda_events,Tesla T4,14912.6875,79.01513671875,12809,fsrcnn_x3.pth,f65b55819c1258048bc8c1ca96f9e24bd4339f779951d7f928144c08e3868d75,https://dl.dropboxusercontent.com/s/pm1ed2nyboulz5z/fsrcnn_x3.pth,91-image,bicubic,1023,1023,1024,1024,True,35.68460800993393,0.9644208700007401,32.18621086116447,0.9232805998858825,5.106022357940674,5.101343870162964,0.020535161500324053,5.074912071228027,5.1466240882873535,3,10,1024,1024,341,341,2.11.0+cu128,12.8,2026-08-31T12:11:12.860348+00:00,3.13.15,2.1.3,11.3.0,0.25.2,Linux-6.6.122+-x86_64-with-glibc2.35,x86_64
Urban100,img_082.png,x3,fsrcnn,prepared_bicubic_lr,img_082.png,3,native_model_grid_then_full_target_size_adjustment,gaussian_11x11_sigma_1.5_population_covariance,limited_bt601_y_model_with_bicubic_cbcr,gpu,model_forward_only_cuda_events,Tesla T4,14912.6875,79.01513671875,12809,fsrcnn_x3.pth,f65b55819c1258048bc8c1ca96f9e24bd4339f779951d7f928144c08e3868d75,https://dl.dropboxusercontent.com/s/pm1ed2nyboulz5z/fsrcnn_x3.pth,91-image,bicubic,1023,1023,1024,1024,True,32.93882862914655,0.9399524031528268,31.45085496950842,0.9228740059066349,5.11659836769104,5.112671852111816,0.017513010790229686,5.091328144073486,5.1561598777771,3,10,1024,1024,341,341,2.11.0+cu128,12.8,2026-08-31T12:11:14.633419+00:00,3.13.15,2.1.3,11.3.0,0.25.2,Linux-6.6.122+-x86_64-with-glibc2.35,x86_64
Urban100,img_083.png,x3,fsrcnn,prepared_bicubic_lr,img_083.png,3,native_model_grid_then_full_target_size_adjustment,gaussian_11x11_sigma_1.5_population_covariance,limited_bt601_y_model_with_bicubic_cbcr,gpu,model_forward_only_cuda_events,Tesla T4,14912.6875,77.39453125,12809,fsrcnn_x3.pth,f65b55819c1258048bc8c1ca96f9e24bd4339f779951d7f928144c08e3868d75,https://dl.dropboxusercontent.com/s/pm1ed2nyboulz5z/fsrcnn_x3.pth,91-image,bicubic,1002,1023,1004,1024,True,22.445667406485114,0.7134464713826091,21.176309774006317,0.6979006486332694,5.060892820358276,5.011807918548584,0.1610275685804444,4.9687042236328125,5.540319919586182,3,10,1004,1024,334,341,2.11.0+cu128,12.8,2026-08-31T12:11:16.002591+00:00,3.13.15,2.1.3,11.3.0,0.25.2,Linux-6.6.122+-x86_64-with-glibc2.35,x86_64
Urban100,img_084.png,x3,fsrcnn,prepared_bicubic_lr,img_084.png,3,native_model_grid_then_full_target_size_adjustment,gaussian_11x11_sigma_1.5_population_covariance,limited_bt601_y_model_with_bicubic_cbcr,gpu,model_forward_only_cuda_events,Tesla T4,14912.6875,79.01513671875,12809,fsrcnn_x3.pth,f65b55819c1258048bc8c1ca96f9e24bd4339f779951d7f928144c08e3868d75,https://dl.dropboxusercontent.com/s/pm1ed2nyboulz5z/fsrcnn_x3.pth,91-image,bicubic,1023,1023,1024,1024,True,29.321577674359748,0.8407870373992324,27.66146556624864,0.8127180426000916,5.077849626541138,5.073632001876831,0.0182867041097315,5.058495998382568,5.122015953063965,3,10,1024,1024,341,341,2.11.0+cu128,12.8,2026-08-31T12:11:17.510416+00:00,3.13.15,2.1.3,11.3.0,0.25.2,Linux-6.6.122+-x86_64-with-glibc2.35,x86_64
Urban100,img_085.png,x3,fsrcnn,prepared_bicubic_lr,img_085.png,3,native_model_grid_then_full_target_size_adjustment,gaussian_11x11_sigma_1.5_population_covariance,limited_bt601_y_model_with_bicubic_cbcr,gpu,model_forward_only_cuda_events,Tesla T4,14912.6875,53.1318359375,12809,fsrcnn_x3.pth,f65b55819c1258048bc8c1ca96f9e24bd4339f779951d7f928144c08e3868d75,https://dl.dropboxusercontent.com/s/pm1ed2nyboulz5z/fsrcnn_x3.pth,91-image,bicubic,1023,675,1024,676,True,28.847028141491187,0.9103801569313653,27.151084739570685,0.8940017099943751,3.4765664100646974,3.4724639654159546,0.018483688250823985,3.453536033630371,3.525023937225342,3,10,1024,676,341,225,2.11.0+cu128,12.8,2026-08-31T12:11:18.441146+00:00,3.13.15,2.1.3,11.3.0,0.25.2,Linux-6.6.122+-x86_64-with-glibc2.35,x86_64
Urban100,img_086.png,x3,fsrcnn,prepared_bicubic_lr,img_086.png,3,native_model_grid_then_full_target_size_adjustment,gaussian_11x11_sigma_1.5_population_covariance,limited_bt601_y_model_with_bicubic_cbcr,gpu,model_forward_only_cuda_events,Tesla T4,14912.6875,59.3330078125,12809,fsrcnn_x3.pth,f65b55819c1258048bc8c1ca96f9e24bd4339f779951d7f928144c08e3868d75,https://dl.dropboxusercontent.com/s/pm1ed2nyboulz5z/fsrcnn_x3.pth,91-image,bicubic,1023,768,1024,768,True,31.095274226804612,0.8987558918043888,29.68121351690527,0.8846979489647838,3.848198413848877,3.848031997680664,0.011574936159515183,3.8287041187286377,3.872159957885742,3,10,1024,768,341,256,2.11.0+cu128,12.8,2026-08-31T12:11:19.502428+00:00,3.13.15,2.1.3,11.3.0,0.25.2,Linux-6.6.122+-x86_64-with-glibc2.35,x86_64
Urban100,img_087.png,x3,fsrcnn,prepared_bicubic_lr,img_087.png,3,native_model_grid_then_full_target_size_adjustment,gaussian_11x11_sigma_1.5_population_covariance,limited_bt601_y_model_with_bicubic_cbcr,gpu,model_forward_only_cuda_events,Tesla T4,14912.6875,79.01513671875,12809,fsrcnn_x3.pth,f65b55819c1258048bc8c1ca96f9e24bd4339f779951d7f928144c08e3868d75,https://dl.dropboxusercontent.com/s/pm1ed2nyboulz5z/fsrcnn_x3.pth,91-image,bicubic,1023,1023,1024,1024,True,25.933874720316826,0.8448515837254751,24.574195149828263,0.8216706809565374,5.083731174468994,5.077888011932373,0.02041674153296945,5.058752059936523,5.126143932342529,3,10,1024,1024,341,341,2.11.0+cu128,12.8,2026-08-31T12:11:20.999695+00:00,3.13.15,2.1.3,11.3.0,0.25.2,Linux-6.6.122+-x86_64-with-glibc2.35,x86_64
Urban100,img_088.png,x3,fsrcnn,prepared_bicubic_lr,img_088.png,3,native_model_grid_then_full_target_size_adjustment,gaussian_11x11_sigma_1.5_population_covariance,limited_bt601_y_model_with_bicubic_cbcr,gpu,model_forward_only_cuda_events,Tesla T4,14912.6875,51.923828125,12809,fsrcnn_x3.pth,f65b55819c1258048bc8c1ca96f9e24bd4339f779951d7f928144c08e3868d75,https://dl.dropboxusercontent.com/s/pm1ed2nyboulz5z/fsrcnn_x3.pth,91-image,bicubic,1023,672,1024,672,True,20.457601460727144,0.6255702333876887,19.065748815107767,0.6062354150096813,3.454627180099487,3.44267201423645,0.030021896214542338,3.422816038131714,3.5114240646362305,3,10,1024,672,341,224,2.11.0+cu128,12.8,2026-08-31T12:11:21.920805+00:00,3.13.15,2.1.3,11.3.0,0.25.2,Linux-6.6.122+-x86_64-with-glibc2.35,x86_64
Urban100,img_089.png,x3,fsrcnn,prepared_bicubic_lr,img_089.png,3,native_model_grid_then_full_target_size_adjustment,gaussian_11x11_sigma_1.5_population_covariance,limited_bt601_y_model_with_bicubic_cbcr,gpu,model_forward_only_cuda_events,Tesla T4,14912.6875,59.3330078125,12809,fsrcnn_x3.pth,f65b55819c1258048bc8c1ca96f9e24bd4339f779951d7f928144c08e3868d75,https://dl.dropboxusercontent.com/s/pm1ed2nyboulz5z/fsrcnn_x3.pth,91-image,bicubic,768,1023,768,1024,True,27.495005144727788,0.7644745882473041,26.142670695951146,0.7470940126166234,5.72556791305542,5.730144023895264,0.03649350727598726,5.680480003356934,5.797887802124023,3,10,768,1024,256,341,2.11.0+cu128,12.8,2026-08-31T12:11:23.064098+00:00,3.13.15,2.1.3,11.3.0,0.25.2,Linux-6.6.122+-x86_64-with-glibc2.35,x86_64
Urban100,img_090.png,x3,fsrcnn,prepared_bicubic_lr,img_090.png,3,native_model_grid_then_full_target_size_adjustment,gaussian_11x11_sigma_1.5_population_covariance,limited_bt601_y_model_with_bicubic_cbcr,gpu,model_forward_only_cuda_events,Tesla T4,14912.6875,53.27880859375,12809,fsrcnn_x3.pth,f65b55819c1258048bc8c1ca96f9e24bd4339f779951d7f928144c08e3868d75,https://dl.dropboxusercontent.com/s/pm1ed2nyboulz5z/fsrcnn_x3.pth,91-image,bicubic,1023,678,1024,680,True,35.565431756315014,0.9577335251344743,33.97572336322786,0.9460289694642784,3.4923904180526733,3.490480065345764,0.018022015901663416,3.4653120040893555,3.5184640884399414,3,10,1024,680,341,226,2.11.0+cu128,12.8,2026-08-31T12:11:24.052277+00:00,3.13.15,2.1.3,11.3.0,0.25.2,Linux-6.6.122+-x86_64-with-glibc2.35,x86_64
Urban100,img_091.png,x3,fsrcnn,prepared_bicubic_lr,img_091.png,3,native_model_grid_then_full_target_size_adjustment,gaussian_11x11_sigma_1.5_population_covariance,limited_bt601_y_model_with_bicubic_cbcr,gpu,model_forward_only_cuda_events,Tesla T4,14912.6875,53.27880859375,12809,fsrcnn_x3.pth,f65b55819c1258048bc8c1ca96f9e24bd4339f779951d7f928144c08e3868d75,https://dl.dropboxusercontent.com/s/pm1ed2nyboulz5z/fsrcnn_x3.pth,91-image,bicubic,1023,678,1024,680,True,24.43645959563976,0.7092221240490881,22.498548228564005,0.6731993586471426,3.5304543733596803,3.526495933532715,0.02361385161012517,3.4976959228515625,3.5667200088500977,3,10,1024,680,341,226,2.11.0+cu128,12.8,2026-08-31T12:11:25.402408+00:00,3.13.15,2.1.3,11.3.0,0.25.2,Linux-6.6.122+-x86_64-with-glibc2.35,x86_64
Urban100,img_092.png,x3,fsrcnn,prepared_bicubic_lr,img_092.png,3,native_model_grid_then_full_target_size_adjustment,gaussian_11x11_sigma_1.5_population_covariance,limited_bt601_y_model_with_bicubic_cbcr,gpu,model_forward_only_cuda_events,Tesla T4,14912.6875,53.86669921875,12809,fsrcnn_x3.pth,f65b55819c1258048bc8c1ca96f9e24bd4339f779951d7f928144c08e3868d75,https://dl.dropboxusercontent.com/s/pm1ed2nyboulz5z/fsrcnn_x3.pth,91-image,bicubic,1023,690,1024,692,True,18.50065751535942,0.6162934047972531,17.179183772521366,0.597394703453402,3.5731839895248414,3.572767972946167,0.018503906711277485,3.542975902557373,3.606559991836548,3,10,1024,692,341,230,2.11.0+cu128,12.8,2026-08-31T12:11:26.719574+00:00,3.13.15,2.1.3,11.3.0,0.25.2,Linux-6.6.122+-x86_64-with-glibc2.35,x86_64
Urban100,img_093.png,x3,fsrcnn,prepared_bicubic_lr,img_093.png,3,native_model_grid_then_full_target_size_adjustment,gaussian_11x11_sigma_1.5_population_covariance,limited_bt601_y_model_with_bicubic_cbcr,gpu,model_forward_only_cuda_events,Tesla T4,14912.6875,59.3330078125,12809,fsrcnn_x3.pth,f65b55819c1258048bc8c1ca96f9e24bd4339f779951d7f928144c08e3868d75,https://dl.dropboxusercontent.com/s/pm1ed2nyboulz5z/fsrcnn_x3.pth,91-image,bicubic,1023,768,1024,768,True,30.27136904453945,0.9270688846916817,28.802632117153408,0.9115168360428881,3.893673634529114,3.8971840143203735,0.02136520667339145,3.858560085296631,3.9284160137176514,3,10,1024,768,341,256,2.11.0+cu128,12.8,2026-08-31T12:11:28.192091+00:00,3.13.15,2.1.3,11.3.0,0.25.2,Linux-6.6.122+-x86_64-with-glibc2.35,x86_64
Urban100,img_094.png,x3,fsrcnn,prepared_bicubic_lr,img_094.png,3,native_model_grid_then_full_target_size_adjustment,gaussian_11x11_sigma_1.5_population_covariance,limited_bt601_y_model_with_bicubic_cbcr,gpu,model_forward_only_cuda_events,Tesla T4,14912.6875,59.3330078125,12809,fsrcnn_x3.pth,f65b55819c1258048bc8c1ca96f9e24bd4339f779951d7f928144c08e3868d75,https://dl.dropboxusercontent.com/s/pm1ed2nyboulz5z/fsrcnn_x3.pth,91-image,bicubic,1023,768,1024,768,True,27.393686602035526,0.8011154819138429,26.013169960848806,0.7686260891608087,3.8663968324661253,3.8623520135879517,0.015605982231403545,3.846143960952759,3.8927040100097656,3,10,1024,768,341,256,2.11.0+cu128,12.8,2026-08-31T12:11:29.368289+00:00,3.13.15,2.1.3,11.3.0,0.25.2,Linux-6.6.122+-x86_64-with-glibc2.35,x86_64
Urban100,img_095.png,x3,fsrcnn,prepared_bicubic_lr,img_095.png,3,native_model_grid_then_full_target_size_adjustment,gaussian_11x11_sigma_1.5_population_covariance,limited_bt601_y_model_with_bicubic_cbcr,gpu,model_forward_only_cuda_events,Tesla T4,14912.6875,59.3330078125,12809,fsrcnn_x3.pth,f65b55819c1258048bc8c1ca96f9e24bd4339f779951d7f928144c08e3868d75,https://dl.dropboxusercontent.com/s/pm1ed2nyboulz5z/fsrcnn_x3.pth,91-image,bicubic,1023,768,1024,768,True,20.268013815062634,0.4971982899623226,18.946091115246347,0.48229997723177354,4.02829761505127,3.9036641120910645,0.3768790490653833,3.8744959831237793,5.158048152923584,3,10,1024,768,341,256,2.11.0+cu128,12.8,2026-08-31T12:11:30.392491+00:00,3.13.15,2.1.3,11.3.0,0.25.2,Linux-6.6.122+-x86_64-with-glibc2.35,x86_64
Urban100,img_096.png,x3,fsrcnn,prepared_bicubic_lr,img_096.png,3,native_model_grid_then_full_target_size_adjustment,gaussian_11x11_sigma_1.5_population_covariance,limited_bt601_y_model_with_bicubic_cbcr,gpu,model_forward_only_cuda_events,Tesla T4,14912.6875,59.3330078125,12809,fsrcnn_x3.pth,f65b55819c1258048bc8c1ca96f9e24bd4339f779951d7f928144c08e3868d75,https://dl.dropboxusercontent.com/s/pm1ed2nyboulz5z/fsrcnn_x3.pth,91-image,bicubic,1023,768,1024,768,True,24.462444512997457,0.8377603212738043,23.129154320355,0.8241244388241983,3.8991456031799316,3.8943839073181152,0.016169594967764708,3.882528066635132,3.929503917694092,3,10,1024,768,341,256,2.11.0+cu128,12.8,2026-08-31T12:11:31.498270+00:00,3.13.15,2.1.3,11.3.0,0.25.2,Linux-6.6.122+-x86_64-with-glibc2.35,x86_64
Urban100,img_097.png,x3,fsrcnn,prepared_bicubic_lr,img_097.png,3,native_model_grid_then_full_target_size_adjustment,gaussian_11x11_sigma_1.5_population_covariance,limited_bt601_y_model_with_bicubic_cbcr,gpu,model_forward_only_cuda_events,Tesla T4,14912.6875,53.27880859375,12809,fsrcnn_x3.pth,f65b55819c1258048bc8c1ca96f9e24bd4339f779951d7f928144c08e3868d75,https://dl.dropboxusercontent.com/s/pm1ed2nyboulz5z/fsrcnn_x3.pth,91-image,bicubic,1023,678,1024,680,True,25.146435306255928,0.7749096479897092,23.711164974063244,0.7578720977051915,3.500550389289856,3.500831961631775,0.012434389202683136,3.477855920791626,3.522495985031128,3,10,1024,680,341,226,2.11.0+cu128,12.8,2026-08-31T12:11:32.520826+00:00,3.13.15,2.1.3,11.3.0,0.25.2,Linux-6.6.122+-x86_64-with-glibc2.35,x86_64
Urban100,img_098.png,x3,fsrcnn,prepared_bicubic_lr,img_098.png,3,native_model_grid_then_full_target_size_adjustment,gaussian_11x11_sigma_1.5_population_covariance,limited_bt601_y_model_with_bicubic_cbcr,gpu,model_forward_only_cuda_events,Tesla T4,14912.6875,53.27880859375,12809,fsrcnn_x3.pth,f65b55819c1258048bc8c1ca96f9e24bd4339f779951d7f928144c08e3868d75,https://dl.dropboxusercontent.com/s/pm1ed2nyboulz5z/fsrcnn_x3.pth,91-image,bicubic,1023,678,1024,680,True,20.97894979467373,0.5641791721706805,19.589001825476686,0.5451890490251579,3.496710419654846,3.4825440645217896,0.032354077257481975,3.471776008605957,3.5819520950317383,3,10,1024,680,341,226,2.11.0+cu128,12.8,2026-08-31T12:11:33.470260+00:00,3.13.15,2.1.3,11.3.0,0.25.2,Linux-6.6.122+-x86_64-with-glibc2.35,x86_64
Urban100,img_099.png,x3,fsrcnn,prepared_bicubic_lr,img_099.png,3,native_model_grid_then_full_target_size_adjustment,gaussian_11x11_sigma_1.5_population_covariance,limited_bt601_y_model_with_bicubic_cbcr,gpu,model_forward_only_cuda_events,Tesla T4,14912.6875,63.5439453125,12809,fsrcnn_x3.pth,f65b55819c1258048bc8c1ca96f9e24bd4339f779951d7f928144c08e3868d75,https://dl.dropboxusercontent.com/s/pm1ed2nyboulz5z/fsrcnn_x3.pth,91-image,bicubic,1023,804,1024,804,True,25.045919333089564,0.7613693096030679,22.70466306267727,0.7054377920638372,4.150601577758789,4.144896030426025,0.019734303938547883,4.12611198425293,4.18284797668457,3,10,1024,804,341,268,2.11.0+cu128,12.8,2026-08-31T12:11:34.611290+00:00,3.13.15,2.1.3,11.3.0,0.25.2,Linux-6.6.122+-x86_64-with-glibc2.35,x86_64
Urban100,img_100.png,x3,fsrcnn,prepared_bicubic_lr,img_100.png,3,native_model_grid_then_full_target_size_adjustment,gaussian_11x11_sigma_1.5_population_covariance,limited_bt601_y_model_with_bicubic_cbcr,gpu,model_forward_only_cuda_events,Tesla T4,14912.6875,79.01513671875,12809,fsrcnn_x3.pth,f65b55819c1258048bc8c1ca96f9e24bd4339f779951d7f928144c08e3868d75,https://dl.dropboxusercontent.com/s/pm1ed2nyboulz5z/fsrcnn_x3.pth,91-image,bicubic,1023,1023,1024,1024,True,25.36771206283738,0.7247645143197936,21.657948192709227,0.6531120325993353,5.084291219711304,5.082640171051025,0.02542537069507722,5.049759864807129,5.138432025909424,3,10,1024,1024,341,341,2.11.0+cu128,12.8,2026-08-31T12:11:36.145681+00:00,3.13.15,2.1.3,11.3.0,0.25.2,Linux-6.6.122+-x86_64-with-glibc2.35,x86_64
Set5,baby.png,x4,fsrcnn,prepared_bicubic_lr,baby.png,4,native_model_grid_then_full_target_size_adjustment,gaussian_11x11_sigma_1.5_population_covariance,limited_bt601_y_model_with_bicubic_cbcr,gpu,model_forward_only_cuda_events,Tesla T4,14912.6875,11.6201171875,12809,fsrcnn_x4.pth,c15150d6787d487f38a68e66be5ec8a964182403af494e6a935fa03eeb56a630,https://dl.dropboxusercontent.com/s/vsvumpopupdpmmu/fsrcnn_x4.pth,91-image,bicubic,512,512,512,512,False,33.01473171651223,0.8724786061912235,31.468658031421928,0.8417432238083299,1.041481602191925,1.0223680138587952,0.05189847261308133,1.0144959688186646,1.1944960355758667,3,10,512,512,128,128,2.11.0+cu128,12.8,2026-08-31T12:06:53.213187+00:00,3.13.15,2.1.3,11.3.0,0.25.2,Linux-6.6.122+-x86_64-with-glibc2.35,x86_64
Set5,bird.png,x4,fsrcnn,prepared_bicubic_lr,bird.png,4,native_model_grid_then_full_target_size_adjustment,gaussian_11x11_sigma_1.5_population_covariance,limited_bt601_y_model_with_bicubic_cbcr,gpu,model_forward_only_cuda_events,Tesla T4,14912.6875,3.71630859375,12809,fsrcnn_x4.pth,c15150d6787d487f38a68e66be5ec8a964182403af494e6a935fa03eeb56a630,https://dl.dropboxusercontent.com/s/vsvumpopupdpmmu/fsrcnn_x4.pth,91-image,bicubic,288,288,288,288,False,32.64133359264506,0.9108831718797527,29.954957117933176,0.8696959190871122,0.6839296042919158,0.6705120205879211,0.07553892961193279,0.6205120086669922,0.8908799886703491,3,10,288,288,72,72,2.11.0+cu128,12.8,2026-08-31T12:11:36.316665+00:00,3.13.15,2.1.3,11.3.0,0.25.2,Linux-6.6.122+-x86_64-with-glibc2.35,x86_64
Set5,butterfly.png,x4,fsrcnn,prepared_bicubic_lr,butterfly.png,4,native_model_grid_then_full_target_size_adjustment,gaussian_11x11_sigma_1.5_population_covariance,limited_bt601_y_model_with_bicubic_cbcr,gpu,model_forward_only_cuda_events,Tesla T4,14912.6875,2.9482421875,12809,fsrcnn_x4.pth,c15150d6787d487f38a68e66be5ec8a964182403af494e6a935fa03eeb56a630,https://dl.dropboxusercontent.com/s/vsvumpopupdpmmu/fsrcnn_x4.pth,91-image,bicubic,256,256,256,256,False,25.386829125295193,0.8565496698196289,23.99438447777792,0.8289203187995405,0.6840511977672576,0.6772000193595886,0.06493260203542046,0.6000639796257019,0.8048319816589355,3,10,256,256,64,64,2.11.0+cu128,12.8,2026-08-31T12:11:36.450919+00:00,3.13.15,2.1.3,11.3.0,0.25.2,Linux-6.6.122+-x86_64-with-glibc2.35,x86_64
Set5,head.png,x4,fsrcnn,prepared_bicubic_lr,head.png,4,native_model_grid_then_full_target_size_adjustment,gaussian_11x11_sigma_1.5_population_covariance,limited_bt601_y_model_with_bicubic_cbcr,gpu,model_forward_only_cuda_events,Tesla T4,14912.6875,3.5166015625,12809,fsrcnn_x4.pth,c15150d6787d487f38a68e66be5ec8a964182403af494e6a935fa03eeb56a630,https://dl.dropboxusercontent.com/s/vsvumpopupdpmmu/fsrcnn_x4.pth,91-image,bicubic,280,280,280,280,False,32.35156364489395,0.7764267664813548,29.420171460385156,0.6939032051985466,0.7300544083118439,0.714896023273468,0.07406517641658017,0.6636160016059875,0.941536009311676,3,10,280,280,70,70,2.11.0+cu128,12.8,2026-08-31T12:11:36.590405+00:00,3.13.15,2.1.3,11.3.0,0.25.2,Linux-6.6.122+-x86_64-with-glibc2.35,x86_64
Set5,woman.png,x4,fsrcnn,prepared_bicubic_lr,woman.png,4,native_model_grid_then_full_target_size_adjustment,gaussian_11x11_sigma_1.5_population_covariance,limited_bt601_y_model_with_bicubic_cbcr,gpu,model_forward_only_cuda_events,Tesla T4,14912.6875,3.51806640625,12809,fsrcnn_x4.pth,c15150d6787d487f38a68e66be5ec8a964182403af494e6a935fa03eeb56a630,https://dl.dropboxusercontent.com/s/vsvumpopupdpmmu/fsrcnn_x4.pth,91-image,bicubic,228,344,228,344,False,29.097056857967623,0.882317419873678,27.741547746518815,0.8672446340338301,0.6709919989109039,0.6716800034046173,0.033298056415693,0.6232640147209167,0.7147520184516907,3,10,228,344,57,86,2.11.0+cu128,12.8,2026-08-31T12:11:36.739006+00:00,3.13.15,2.1.3,11.3.0,0.25.2,Linux-6.6.122+-x86_64-with-glibc2.35,x86_64
Set14,baboon.png,x4,fsrcnn,prepared_bicubic_lr,baboon.png,4,native_model_grid_then_full_target_size_adjustment,gaussian_11x11_sigma_1.5_population_covariance,limited_bt601_y_model_with_bicubic_cbcr,gpu,model_forward_only_cuda_events,Tesla T4,14912.6875,10.64453125,12809,fsrcnn_x4.pth,c15150d6787d487f38a68e66be5ec8a964182403af494e6a935fa03eeb56a630,https://dl.dropboxusercontent.com/s/vsvumpopupdpmmu/fsrcnn_x4.pth,91-image,bicubic,500,480,500,480,False,22.753444347537,0.5079262599642382,20.675172898694836,0.43597302138752436,1.0446303844451905,1.0392959713935852,0.013611596379047361,1.0272959470748901,1.07315194606781,3,10,500,480,125,120,2.11.0+cu128,12.8,2026-08-31T12:11:37.081368+00:00,3.13.15,2.1.3,11.3.0,0.25.2,Linux-6.6.122+-x86_64-with-glibc2.35,x86_64
Set14,barbara.png,x4,fsrcnn,prepared_bicubic_lr,barbara.png,4,native_model_grid_then_full_target_size_adjustment,gaussian_11x11_sigma_1.5_population_covariance,limited_bt601_y_model_with_bicubic_cbcr,gpu,model_forward_only_cuda_events,Tesla T4,14912.6875,18.57470703125,12809,fsrcnn_x4.pth,c15150d6787d487f38a68e66be5ec8a964182403af494e6a935fa03eeb56a630,https://dl.dropboxusercontent.com/s/vsvumpopupdpmmu/fsrcnn_x4.pth,91-image,bicubic,720,576,720,576,False,25.725904462539397,0.7297567553861226,24.157675459021828,0.6913282667932538,1.4759935975074767,1.4745439887046814,0.01769080974350473,1.4510079622268677,1.5032000541687012,3,10,720,576,180,144,2.11.0+cu128,12.8,2026-08-31T12:11:37.608358+00:00,3.13.15,2.1.3,11.3.0,0.25.2,Linux-6.6.122+-x86_64-with-glibc2.35,x86_64
Set14,bridge.png,x4,fsrcnn,prepared_bicubic_lr,bridge.png,4,native_model_grid_then_full_target_size_adjustment,gaussian_11x11_sigma_1.5_population_covariance,limited_bt601_y_model_with_bicubic_cbcr,gpu,model_forward_only_cuda_events,Tesla T4,14912.6875,11.6201171875,12809,fsrcnn_x4.pth,c15150d6787d487f38a68e66be5ec8a964182403af494e6a935fa03eeb56a630,https://dl.dropboxusercontent.com/s/vsvumpopupdpmmu/fsrcnn_x4.pth,91-image,bicubic,512,512,512,512,False,25.115472719558326,0.6227624532518984,23.793553092512,0.6002033170382672,1.0472288131713867,1.044048011302948,0.026559639167005836,1.0141119956970215,1.0976959466934204,3,10,512,512,128,128,2.11.0+cu128,12.8,2026-08-31T12:11:37.916816+00:00,3.13.15,2.1.3,11.3.0,0.25.2,Linux-6.6.122+-x86_64-with-glibc2.35,x86_64
Set14,coastguard.png,x4,fsrcnn,prepared_bicubic_lr,coastguard.png,4,native_model_grid_then_full_target_size_adjustment,gaussian_11x11_sigma_1.5_population_covariance,limited_bt601_y_model_with_bicubic_cbcr,gpu,model_forward_only_cuda_events,Tesla T4,14912.6875,4.529296875,12809,fsrcnn_x4.pth,c15150d6787d487f38a68e66be5ec8a964182403af494e6a935fa03eeb56a630,https://dl.dropboxusercontent.com/s/vsvumpopupdpmmu/fsrcnn_x4.pth,91-image,bicubic,352,288,352,288,False,26.029827734751002,0.5568947225379178,24.69979951917236,0.517151454922813,0.6725344061851501,0.6774719953536987,0.03459011734813467,0.6302400231361389,0.7489280104637146,3,10,352,288,88,72,2.11.0+cu128,12.8,2026-08-31T12:11:38.084665+00:00,3.13.15,2.1.3,11.3.0,0.25.2,Linux-6.6.122+-x86_64-with-glibc2.35,x86_64
Set14,comic.png,x4,fsrcnn,prepared_bicubic_lr,comic.png,4,native_model_grid_then_full_target_size_adjustment,gaussian_11x11_sigma_1.5_population_covariance,limited_bt601_y_model_with_bicubic_cbcr,gpu,model_forward_only_cuda_events,Tesla T4,14912.6875,3.9970703125,12809,fsrcnn_x4.pth,c15150d6787d487f38a68e66be5ec8a964182403af494e6a935fa03eeb56a630,https://dl.dropboxusercontent.com/s/vsvumpopupdpmmu/fsrcnn_x4.pth,91-image,bicubic,248,360,250,361,True,22.680048379819176,0.6656704374434615,21.077121579106585,0.6393615583968827,0.6823647975921631,0.66457599401474,0.06625962939702727,0.6082559823989868,0.8695039749145508,3,10,250,361,62,90,2.11.0+cu128,12.8,2026-08-31T12:11:38.230280+00:00,3.13.15,2.1.3,11.3.0,0.25.2,Linux-6.6.122+-x86_64-with-glibc2.35,x86_64
Set14,face.png,x4,fsrcnn,prepared_bicubic_lr,face.png,4,native_model_grid_then_full_target_size_adjustment,gaussian_11x11_sigma_1.5_population_covariance,limited_bt601_y_model_with_bicubic_cbcr,gpu,model_forward_only_cuda_events,Tesla T4,14912.6875,3.41845703125,12809,fsrcnn_x4.pth,c15150d6787d487f38a68e66be5ec8a964182403af494e6a935fa03eeb56a630,https://dl.dropboxusercontent.com/s/vsvumpopupdpmmu/fsrcnn_x4.pth,91-image,bicubic,276,276,276,276,False,32.30087465177185,0.7743924389057224,29.376787642399094,0.6924244749616313,0.6744384050369263,0.6432799994945526,0.08207207526308774,0.5980160236358643,0.8928959965705872,3,10,276,276,69,69,2.11.0+cu128,12.8,2026-08-31T12:11:38.389026+00:00,3.13.15,2.1.3,11.3.0,0.25.2,Linux-6.6.122+-x86_64-with-glibc2.35,x86_64
Set14,flowers.png,x4,fsrcnn,prepared_bicubic_lr,flowers.png,4,native_model_grid_then_full_target_size_adjustment,gaussian_11x11_sigma_1.5_population_covariance,limited_bt601_y_model_with_bicubic_cbcr,gpu,model_forward_only_cuda_events,Tesla T4,14912.6875,7.99755859375,12809,fsrcnn_x4.pth,c15150d6787d487f38a68e66be5ec8a964182403af494e6a935fa03eeb56a630,https://dl.dropboxusercontent.com/s/vsvumpopupdpmmu/fsrcnn_x4.pth,91-image,bicubic,500,360,500,362,True,27.124430943725336,0.7791111131937227,24.890026602793334,0.7293599091692821,0.9266975939273834,0.9180800020694733,0.021243584601068295,0.9051839709281921,0.9681599736213684,3,10,500,362,125,90,2.11.0+cu128,12.8,2026-08-31T12:11:38.720118+00:00,3.13.15,2.1.3,11.3.0,0.25.2,Linux-6.6.122+-x86_64-with-glibc2.35,x86_64
Set14,foreman.png,x4,fsrcnn,prepared_bicubic_lr,foreman.png,4,native_model_grid_then_full_target_size_adjustment,gaussian_11x11_sigma_1.5_population_covariance,limited_bt601_y_model_with_bicubic_cbcr,gpu,model_forward_only_cuda_events,Tesla T4,14912.6875,4.529296875,12809,fsrcnn_x4.pth,c15150d6787d487f38a68e66be5ec8a964182403af494e6a935fa03eeb56a630,https://dl.dropboxusercontent.com/s/vsvumpopupdpmmu/fsrcnn_x4.pth,91-image,bicubic,352,288,352,288,False,32.21062455669316,0.8987569664921659,30.621719579286477,0.877589920925744,1.038969600200653,0.9133279919624329,0.28429888538478576,0.8529599905014038,1.8100160360336304,3,10,352,288,88,72,2.11.0+cu128,12.8,2026-08-31T12:11:38.942546+00:00,3.13.15,2.1.3,11.3.0,0.25.2,Linux-6.6.122+-x86_64-with-glibc2.35,x86_64
Set14,lenna.png,x4,fsrcnn,prepared_bicubic_lr,lenna.png,4,native_model_grid_then_full_target_size_adjustment,gaussian_11x11_sigma_1.5_population_covariance,limited_bt601_y_model_with_bicubic_cbcr,gpu,model_forward_only_cuda_events,Tesla T4,14912.6875,11.6201171875,12809,fsrcnn_x4.pth,c15150d6787d487f38a68e66be5ec8a964182403af494e6a935fa03eeb56a630,https://dl.dropboxusercontent.com/s/vsvumpopupdpmmu/fsrcnn_x4.pth,91-image,bicubic,512,512,512,512,False,31.46829964364057,0.8445516123747862,29.45770492150705,0.7659924004608735,1.1104704022407532,1.1032159924507141,0.01957605506216595,1.0895359516143799,1.1556799411773682,3,10,512,512,128,128,2.11.0+cu128,12.8,2026-08-31T12:11:39.395573+00:00,3.13.15,2.1.3,11.3.0,0.25.2,Linux-6.6.122+-x86_64-with-glibc2.35,x86_64
Set14,man.png,x4,fsrcnn,prepared_bicubic_lr,man.png,4,native_model_grid_then_full_target_size_adjustment,gaussian_11x11_sigma_1.5_population_covariance,limited_bt601_y_model_with_bicubic_cbcr,gpu,model_forward_only_cuda_events,Tesla T4,14912.6875,11.6201171875,12809,fsrcnn_x4.pth,c15150d6787d487f38a68e66be5ec8a964182403af494e6a935fa03eeb56a630,https://dl.dropboxusercontent.com/s/vsvumpopupdpmmu/fsrcnn_x4.pth,91-image,bicubic,512,512,512,512,False,26.831987762731405,0.7272560631055242,25.510064406210997,0.6989357476059967,1.1379775881767273,1.0905759930610657,0.10944759685952413,1.055008053779602,1.3651200532913208,3,10,512,512,128,128,2.11.0+cu128,12.8,2026-08-31T12:11:39.762297+00:00,3.13.15,2.1.3,11.3.0,0.25.2,Linux-6.6.122+-x86_64-with-glibc2.35,x86_64
Set14,monarch.png,x4,fsrcnn,prepared_bicubic_lr,monarch.png,4,native_model_grid_then_full_target_size_adjustment,gaussian_11x11_sigma_1.5_population_covariance,limited_bt601_y_model_with_bicubic_cbcr,gpu,model_forward_only_cuda_events,Tesla T4,14912.6875,17.4013671875,12809,fsrcnn_x4.pth,c15150d6787d487f38a68e66be5ec8a964182403af494e6a935fa03eeb56a630,https://dl.dropboxusercontent.com/s/vsvumpopupdpmmu/fsrcnn_x4.pth,91-image,bicubic,768,512,768,512,False,30.17899534524419,0.9182020782685962,28.716337314621164,0.9015510051205258,1.3661280155181885,1.3602719902992249,0.02180063343822727,1.3447680473327637,1.4211519956588745,3,10,768,512,192,128,2.11.0+cu128,12.8,2026-08-31T12:11:40.443598+00:00,3.13.15,2.1.3,11.3.0,0.25.2,Linux-6.6.122+-x86_64-with-glibc2.35,x86_64
Set14,pepper.png,x4,fsrcnn,prepared_bicubic_lr,pepper.png,4,native_model_grid_then_full_target_size_adjustment,gaussian_11x11_sigma_1.5_population_covariance,limited_bt601_y_model_with_bicubic_cbcr,gpu,model_forward_only_cuda_events,Tesla T4,14912.6875,11.6201171875,12809,fsrcnn_x4.pth,c15150d6787d487f38a68e66be5ec8a964182403af494e6a935fa03eeb56a630,https://dl.dropboxusercontent.com/s/vsvumpopupdpmmu/fsrcnn_x4.pth,91-image,bicubic,512,512,512,512,False,32.82993417118328,0.8634917658480573,29.80249110893528,0.7648432705123608,1.0733120083808898,1.0560320019721985,0.03755264937674497,1.0363520383834839,1.1653120517730713,3,10,512,512,128,128,2.11.0+cu128,12.8,2026-08-31T12:11:40.864439+00:00,3.13.15,2.1.3,11.3.0,0.25.2,Linux-6.6.122+-x86_64-with-glibc2.35,x86_64
Set14,ppt3.png,x4,fsrcnn,prepared_bicubic_lr,ppt3.png,4,native_model_grid_then_full_target_size_adjustment,gaussian_11x11_sigma_1.5_population_covariance,limited_bt601_y_model_with_bicubic_cbcr,gpu,model_forward_only_cuda_events,Tesla T4,14912.6875,15.51611328125,12809,fsrcnn_x4.pth,c15150d6787d487f38a68e66be5ec8a964182403af494e6a935fa03eeb56a630,https://dl.dropboxusercontent.com/s/vsvumpopupdpmmu/fsrcnn_x4.pth,91-image,bicubic,528,656,529,656,True,24.061589772017594,0.8677280189130699,22.28973064610447,0.8306661049777868,1.8044864058494567,1.352016031742096,0.9700861751678336,1.315168023109436,4.3056321144104,3,10,529,656,132,164,2.11.0+cu128,12.8,2026-08-31T12:11:41.396153+00:00,3.13.15,2.1.3,11.3.0,0.25.2,Linux-6.6.122+-x86_64-with-glibc2.35,x86_64
Set14,zebra.png,x4,fsrcnn,prepared_bicubic_lr,zebra.png,4,native_model_grid_then_full_target_size_adjustment,gaussian_11x11_sigma_1.5_population_covariance,limited_bt601_y_model_with_bicubic_cbcr,gpu,model_forward_only_cuda_events,Tesla T4,14912.6875,10.052734375,12809,fsrcnn_x4.pth,c15150d6787d487f38a68e66be5ec8a964182403af494e6a935fa03eeb56a630,https://dl.dropboxusercontent.com/s/vsvumpopupdpmmu/fsrcnn_x4.pth,91-image,bicubic,584,388,586,391,True,26.583637318736926,0.7576424784551187,25.16659888241529,0.7350109394143324,1.0403071999549867,1.0388799905776978,0.02010232712513599,1.0096640586853027,1.0690560340881348,3,10,586,391,146,97,2.11.0+cu128,12.8,2026-08-31T12:11:41.819998+00:00,3.13.15,2.1.3,11.3.0,0.25.2,Linux-6.6.122+-x86_64-with-glibc2.35,x86_64
BSD100,101085.png,x4,fsrcnn,prepared_bicubic_lr,101085.png,4,native_model_grid_then_full_target_size_adjustment,gaussian_11x11_sigma_1.5_population_covariance,limited_bt601_y_model_with_bicubic_cbcr,gpu,model_forward_only_cuda_events,Tesla T4,14912.6875,6.83251953125,12809,fsrcnn_x4.pth,c15150d6787d487f38a68e66be5ec8a964182403af494e6a935fa03eeb56a630,https://dl.dropboxusercontent.com/s/vsvumpopupdpmmu/fsrcnn_x4.pth,91-image,bicubic,320,480,321,481,True,23.634332585760276,0.5520690865543639,22.317322018145095,0.5180632185681023,0.8928704023361206,0.9011839926242828,0.021224695603270075,0.8560320138931274,0.9195200204849243,3,10,321,481,80,120,2.11.0+cu128,12.8,2026-08-31T12:11:42.221315+00:00,3.13.15,2.1.3,11.3.0,0.25.2,Linux-6.6.122+-x86_64-with-glibc2.35,x86_64
BSD100,101087.png,x4,fsrcnn,prepared_bicubic_lr,101087.png,4,native_model_grid_then_full_target_size_adjustment,gaussian_11x11_sigma_1.5_population_covariance,limited_bt601_y_model_with_bicubic_cbcr,gpu,model_forward_only_cuda_events,Tesla T4,14912.6875,6.83251953125,12809,fsrcnn_x4.pth,c15150d6787d487f38a68e66be5ec8a964182403af494e6a935fa03eeb56a630,https://dl.dropboxusercontent.com/s/vsvumpopupdpmmu/fsrcnn_x4.pth,91-image,bicubic,320,480,321,481,True,28.096681663668974,0.7827169044725157,26.749693891467892,0.7632953483493715,1.158249604701996,1.088864028453827,0.2650850862583437,0.8203520178794861,1.6746560335159302,3,10,321,481,80,120,2.11.0+cu128,12.8,2026-08-31T12:11:42.589235+00:00,3.13.15,2.1.3,11.3.0,0.25.2,Linux-6.6.122+-x86_64-with-glibc2.35,x86_64
BSD100,102061.png,x4,fsrcnn,prepared_bicubic_lr,102061.png,4,native_model_grid_then_full_target_size_adjustment,gaussian_11x11_sigma_1.5_population_covariance,limited_bt601_y_model_with_bicubic_cbcr,gpu,model_forward_only_cuda_events,Tesla T4,14912.6875,6.83251953125,12809,fsrcnn_x4.pth,c15150d6787d487f38a68e66be5ec8a964182403af494e6a935fa03eeb56a630,https://dl.dropboxusercontent.com/s/vsvumpopupdpmmu/fsrcnn_x4.pth,91-image,bicubic,320,480,321,481,True,25.80498140998049,0.7795580530429964,24.432440581463656,0.7592174602792214,0.7926719903945922,0.7815359830856323,0.029417443523904786,0.7582079768180847,0.8499199748039246,3,10,321,481,80,120,2.11.0+cu128,12.8,2026-08-31T12:11:42.813189+00:00,3.13.15,2.1.3,11.3.0,0.25.2,Linux-6.6.122+-x86_64-with-glibc2.35,x86_64
BSD100,103070.png,x4,fsrcnn,prepared_bicubic_lr,103070.png,4,native_model_grid_then_full_target_size_adjustment,gaussian_11x11_sigma_1.5_population_covariance,limited_bt601_y_model_with_bicubic_cbcr,gpu,model_forward_only_cuda_events,Tesla T4,14912.6875,6.83251953125,12809,fsrcnn_x4.pth,c15150d6787d487f38a68e66be5ec8a964182403af494e6a935fa03eeb56a630,https://dl.dropboxusercontent.com/s/vsvumpopupdpmmu/fsrcnn_x4.pth,91-image,bicubic,480,320,481,321,True,30.10732649627018,0.8292423499179773,28.735846326905026,0.81202994472241,0.7847359895706176,0.7815200090408325,0.01893687893541872,0.7534719705581665,0.8231359720230103,3,10,481,321,120,80,2.11.0+cu128,12.8,2026-08-31T12:11:43.035965+00:00,3.13.15,2.1.3,11.3.0,0.25.2,Linux-6.6.122+-x86_64-with-glibc2.35,x86_64
BSD100,105025.png,x4,fsrcnn,prepared_bicubic_lr,105025.png,4,native_model_grid_then_full_target_size_adjustment,gaussian_11x11_sigma_1.5_population_covariance,limited_bt601_y_model_with_bicubic_cbcr,gpu,model_forward_only_cuda_events,Tesla T4,14912.6875,6.83251953125,12809,fsrcnn_x4.pth,c15150d6787d487f38a68e66be5ec8a964182403af494e6a935fa03eeb56a630,https://dl.dropboxusercontent.com/s/vsvumpopupdpmmu/fsrcnn_x4.pth,91-image,bicubic,480,320,481,321,True,25.900822096119956,0.6825319896426215,24.556427910947782,0.6585735253343524,0.7942399919033051,0.7922879755496979,0.021503379693357423,0.7659199833869934,0.8435840010643005,3,10,481,321,120,80,2.11.0+cu128,12.8,2026-08-31T12:11:43.251283+00:00,3.13.15,2.1.3,11.3.0,0.25.2,Linux-6.6.122+-x86_64-with-glibc2.35,x86_64
BSD100,106024.png,x4,fsrcnn,prepared_bicubic_lr,106024.png,4,native_model_grid_then_full_target_size_adjustment,gaussian_11x11_sigma_1.5_population_covariance,limited_bt601_y_model_with_bicubic_cbcr,gpu,model_forward_only_cuda_events,Tesla T4,14912.6875,6.83251953125,12809,fsrcnn_x4.pth,c15150d6787d487f38a68e66be5ec8a964182403af494e6a935fa03eeb56a630,https://dl.dropboxusercontent.com/s/vsvumpopupdpmmu/fsrcnn_x4.pth,91-image,bicubic,480,320,481,321,True,32.58358484588917,0.8696691383170944,31.15930892287828,0.8507298773311418,0.7881215989589692,0.7772800028324127,0.030515509500291662,0.7517439723014832,0.839680016040802,3,10,481,321,120,80,2.11.0+cu128,12.8,2026-08-31T12:11:43.462006+00:00,3.13.15,2.1.3,11.3.0,0.25.2,Linux-6.6.122+-x86_64-with-glibc2.35,x86_64
BSD100,108005.png,x4,fsrcnn,prepared_bicubic_lr,108005.png,4,native_model_grid_then_full_target_size_adjustment,gaussian_11x11_sigma_1.5_population_covariance,limited_bt601_y_model_with_bicubic_cbcr,gpu,model_forward_only_cuda_events,Tesla T4,14912.6875,6.83251953125,12809,fsrcnn_x4.pth,c15150d6787d487f38a68e66be5ec8a964182403af494e6a935fa03eeb56a630,https://dl.dropboxusercontent.com/s/vsvumpopupdpmmu/fsrcnn_x4.pth,91-image,bicubic,480,320,481,321,True,25.752423082103707,0.7169083012804442,24.443835495936863,0.6860398314665438,0.7950143933296203,0.7893439829349518,0.03175818017931578,0.7627840042114258,0.8760640025138855,3,10,481,321,120,80,2.11.0+cu128,12.8,2026-08-31T12:11:43.685224+00:00,3.13.15,2.1.3,11.3.0,0.25.2,Linux-6.6.122+-x86_64-with-glibc2.35,x86_64
BSD100,108070.png,x4,fsrcnn,prepared_bicubic_lr,108070.png,4,native_model_grid_then_full_target_size_adjustment,gaussian_11x11_sigma_1.5_population_covariance,limited_bt601_y_model_with_bicubic_cbcr,gpu,model_forward_only_cuda_events,Tesla T4,14912.6875,6.83251953125,12809,fsrcnn_x4.pth,c15150d6787d487f38a68e66be5ec8a964182403af494e6a935fa03eeb56a630,https://dl.dropboxusercontent.com/s/vsvumpopupdpmmu/fsrcnn_x4.pth,91-image,bicubic,480,320,481,321,True,22.87095082821868,0.5696171261932117,21.562727958749342,0.533748640551269,0.9336800038814544,0.8367040157318115,0.21004271883228331,0.7535359859466553,1.439903974533081,3,10,481,321,120,80,2.11.0+cu128,12.8,2026-08-31T12:11:43.916286+00:00,3.13.15,2.1.3,11.3.0,0.25.2,Linux-6.6.122+-x86_64-with-glibc2.35,x86_64
BSD100,108082.png,x4,fsrcnn,prepared_bicubic_lr,108082.png,4,native_model_grid_then_full_target_size_adjustment,gaussian_11x11_sigma_1.5_population_covariance,limited_bt601_y_model_with_bicubic_cbcr,gpu,model_forward_only_cuda_events,Tesla T4,14912.6875,6.83251953125,12809,fsrcnn_x4.pth,c15150d6787d487f38a68e66be5ec8a964182403af494e6a935fa03eeb56a630,https://dl.dropboxusercontent.com/s/vsvumpopupdpmmu/fsrcnn_x4.pth,91-image,bicubic,480,320,481,321,True,27.019055505243564,0.7686172257313144,25.66787723670821,0.7452659944564918,0.8855296075344086,0.8417440056800842,0.1647944095908054,0.7836480140686035,1.3688640594482422,3,10,481,321,120,80,2.11.0+cu128,12.8,2026-08-31T12:11:44.140889+00:00,3.13.15,2.1.3,11.3.0,0.25.2,Linux-6.6.122+-x86_64-with-glibc2.35,x86_64
BSD100,109053.png,x4,fsrcnn,prepared_bicubic_lr,109053.png,4,native_model_grid_then_full_target_size_adjustment,gaussian_11x11_sigma_1.5_population_covariance,limited_bt601_y_model_with_bicubic_cbcr,gpu,model_forward_only_cuda_events,Tesla T4,14912.6875,6.83251953125,12809,fsrcnn_x4.pth,c15150d6787d487f38a68e66be5ec8a964182403af494e6a935fa03eeb56a630,https://dl.dropboxusercontent.com/s/vsvumpopupdpmmu/fsrcnn_x4.pth,91-image,bicubic,480,320,481,321,True,28.892790924507075,0.7872564957944349,27.533668854946043,0.7662196313454772,1.3155776023864747,1.3403360247612,0.10070035371496147,1.1427839994430542,1.4255039691925049,3,10,481,321,120,80,2.11.0+cu128,12.8,2026-08-31T12:11:44.417467+00:00,3.13.15,2.1.3,11.3.0,0.25.2,Linux-6.6.122+-x86_64-with-glibc2.35,x86_64
BSD100,119082.png,x4,fsrcnn,prepared_bicubic_lr,119082.png,4,native_model_grid_then_full_target_size_adjustment,gaussian_11x11_sigma_1.5_population_covariance,limited_bt601_y_model_with_bicubic_cbcr,gpu,model_forward_only_cuda_events,Tesla T4,14912.6875,6.83251953125,12809,fsrcnn_x4.pth,c15150d6787d487f38a68e66be5ec8a964182403af494e6a935fa03eeb56a630,https://dl.dropboxusercontent.com/s/vsvumpopupdpmmu/fsrcnn_x4.pth,91-image,bicubic,480,320,481,321,True,23.48500033248105,0.6687557116511494,22.186394547851695,0.6423354513150845,0.8257791996002197,0.8118879795074463,0.05338653255728437,0.773472011089325,0.9502400159835815,3,10,481,321,120,80,2.11.0+cu128,12.8,2026-08-31T12:11:44.634490+00:00,3.13.15,2.1.3,11.3.0,0.25.2,Linux-6.6.122+-x86_64-with-glibc2.35,x86_64
BSD100,12084.png,x4,fsrcnn,prepared_bicubic_lr,12084.png,4,native_model_grid_then_full_target_size_adjustment,gaussian_11x11_sigma_1.5_population_covariance,limited_bt601_y_model_with_bicubic_cbcr,gpu,model_forward_only_cuda_events,Tesla T4,14912.6875,6.83251953125,12809,fsrcnn_x4.pth,c15150d6787d487f38a68e66be5ec8a964182403af494e6a935fa03eeb56a630,https://dl.dropboxusercontent.com/s/vsvumpopupdpmmu/fsrcnn_x4.pth,91-image,bicubic,480,320,481,321,True,27.116420328474188,0.7054249211639063,25.52473282392501,0.6823062321005388,0.7875136017799378,0.7726880013942719,0.04041285670098686,0.7542080283164978,0.8887680172920227,3,10,481,321,120,80,2.11.0+cu128,12.8,2026-08-31T12:11:44.848302+00:00,3.13.15,2.1.3,11.3.0,0.25.2,Linux-6.6.122+-x86_64-with-glibc2.35,x86_64
BSD100,123074.png,x4,fsrcnn,prepared_bicubic_lr,123074.png,4,native_model_grid_then_full_target_size_adjustment,gaussian_11x11_sigma_1.5_population_covariance,limited_bt601_y_model_with_bicubic_cbcr,gpu,model_forward_only_cuda_events,Tesla T4,14912.6875,6.83251953125,12809,fsrcnn_x4.pth,c15150d6787d487f38a68e66be5ec8a964182403af494e6a935fa03eeb56a630,https://dl.dropboxusercontent.com/s/vsvumpopupdpmmu/fsrcnn_x4.pth,91-image,bicubic,480,320,481,321,True,29.58075014328163,0.7957732037259804,28.2219436934301,0.7773347030033205,0.7949376046657562,0.7863360047340393,0.03688702129687256,0.7519999742507935,0.8623999953269958,3,10,481,321,120,80,2.11.0+cu128,12.8,2026-08-31T12:11:45.086834+00:00,3.13.15,2.1.3,11.3.0,0.25.2,Linux-6.6.122+-x86_64-with-glibc2.35,x86_64
BSD100,126007.png,x4,fsrcnn,prepared_bicubic_lr,126007.png,4,native_model_grid_then_full_target_size_adjustment,gaussian_11x11_sigma_1.5_population_covariance,limited_bt601_y_model_with_bicubic_cbcr,gpu,model_forward_only_cuda_events,Tesla T4,14912.6875,6.83251953125,12809,fsrcnn_x4.pth,c15150d6787d487f38a68e66be5ec8a964182403af494e6a935fa03eeb56a630,https://dl.dropboxusercontent.com/s/vsvumpopupdpmmu/fsrcnn_x4.pth,91-image,bicubic,480,320,481,321,True,28.586867121087618,0.8055195014925933,27.075921372723716,0.7790364832548491,0.7856383979320526,0.7823359966278076,0.021251828701410132,0.7536320090293884,0.8251839876174927,3,10,481,321,120,80,2.11.0+cu128,12.8,2026-08-31T12:11:45.302657+00:00,3.13.15,2.1.3,11.3.0,0.25.2,Linux-6.6.122+-x86_64-with-glibc2.35,x86_64
BSD100,130026.png,x4,fsrcnn,prepared_bicubic_lr,130026.png,4,native_model_grid_then_full_target_size_adjustment,gaussian_11x11_sigma_1.5_population_covariance,limited_bt601_y_model_with_bicubic_cbcr,gpu,model_forward_only_cuda_events,Tesla T4,14912.6875,6.83251953125,12809,fsrcnn_x4.pth,c15150d6787d487f38a68e66be5ec8a964182403af494e6a935fa03eeb56a630,https://dl.dropboxusercontent.com/s/vsvumpopupdpmmu/fsrcnn_x4.pth,91-image,bicubic,480,320,481,321,True,24.736263078856812,0.6517043149016772,23.438180565013454,0.6211955417528383,0.8470432102680207,0.8403359949588776,0.06876304245511397,0.7577919960021973,0.9733440279960632,3,10,481,321,120,80,2.11.0+cu128,12.8,2026-08-31T12:11:45.525444+00:00,3.13.15,2.1.3,11.3.0,0.25.2,Linux-6.6.122+-x86_64-with-glibc2.35,x86_64
BSD100,134035.png,x4,fsrcnn,prepared_bicubic_lr,134035.png,4,native_model_grid_then_full_target_size_adjustment,gaussian_11x11_sigma_1.5_population_covariance,limited_bt601_y_model_with_bicubic_cbcr,gpu,model_forward_only_cuda_events,Tesla T4,14912.6875,6.83251953125,12809,fsrcnn_x4.pth,c15150d6787d487f38a68e66be5ec8a964182403af494e6a935fa03eeb56a630,https://dl.dropboxusercontent.com/s/vsvumpopupdpmmu/fsrcnn_x4.pth,91-image,bicubic,480,320,481,321,True,23.87220690936463,0.7137280454483941,22.441613136521035,0.6945853878275878,0.9517248034477234,0.9011360108852386,0.1625451457439263,0.7531840205192566,1.3110719919204712,3,10,481,321,120,80,2.11.0+cu128,12.8,2026-08-31T12:11:45.763548+00:00,3.13.15,2.1.3,11.3.0,0.25.2,Linux-6.6.122+-x86_64-with-glibc2.35,x86_64
BSD100,14037.png,x4,fsrcnn,prepared_bicubic_lr,14037.png,4,native_model_grid_then_full_target_size_adjustment,gaussian_11x11_sigma_1.5_population_covariance,limited_bt601_y_model_with_bicubic_cbcr,gpu,model_forward_only_cuda_events,Tesla T4,14912.6875,6.83251953125,12809,fsrcnn_x4.pth,c15150d6787d487f38a68e66be5ec8a964182403af494e6a935fa03eeb56a630,https://dl.dropboxusercontent.com/s/vsvumpopupdpmmu/fsrcnn_x4.pth,91-image,bicubic,480,320,481,321,True,33.68113328063576,0.8750602738260738,32.261248134753146,0.8504120301374872,0.934230387210846,0.8425920009613037,0.16645306758682354,0.7659519910812378,1.2294399738311768,3,10,481,321,120,80,2.11.0+cu128,12.8,2026-08-31T12:11:45.979974+00:00,3.13.15,2.1.3,11.3.0,0.25.2,Linux-6.6.122+-x86_64-with-glibc2.35,x86_64
BSD100,143090.png,x4,fsrcnn,prepared_bicubic_lr,143090.png,4,native_model_grid_then_full_target_size_adjustment,gaussian_11x11_sigma_1.5_population_covariance,limited_bt601_y_model_with_bicubic_cbcr,gpu,model_forward_only_cuda_events,Tesla T4,14912.6875,6.83251953125,12809,fsrcnn_x4.pth,c15150d6787d487f38a68e66be5ec8a964182403af494e6a935fa03eeb56a630,https://dl.dropboxusercontent.com/s/vsvumpopupdpmmu/fsrcnn_x4.pth,91-image,bicubic,480,320,481,321,True,32.2570085982801,0.8755322031886688,30.6189947965198,0.8583823878925942,0.7990943968296051,0.7889760136604309,0.03500553557590527,0.7520319819450378,0.8765439987182617,3,10,481,321,120,80,2.11.0+cu128,12.8,2026-08-31T12:11:46.202670+00:00,3.13.15,2.1.3,11.3.0,0.25.2,Linux-6.6.122+-x86_64-with-glibc2.35,x86_64
BSD100,145086.png,x4,fsrcnn,prepared_bicubic_lr,145086.png,4,native_model_grid_then_full_target_size_adjustment,gaussian_11x11_sigma_1.5_population_covariance,limited_bt601_y_model_with_bicubic_cbcr,gpu,model_forward_only_cuda_events,Tesla T4,14912.6875,6.83251953125,12809,fsrcnn_x4.pth,c15150d6787d487f38a68e66be5ec8a964182403af494e6a935fa03eeb56a630,https://dl.dropboxusercontent.com/s/vsvumpopupdpmmu/fsrcnn_x4.pth,91-image,bicubic,480,320,481,321,True,25.347306506510296,0.7079350252875872,23.99402682093543,0.6749123773011069,0.8056448042392731,0.8023039996623993,0.026453017134232683,0.7819520235061646,0.8717439770698547,3,10,481,321,120,80,2.11.0+cu128,12.8,2026-08-31T12:11:46.431506+00:00,3.13.15,2.1.3,11.3.0,0.25.2,Linux-6.6.122+-x86_64-with-glibc2.35,x86_64
BSD100,147091.png,x4,fsrcnn,prepared_bicubic_lr,147091.png,4,native_model_grid_then_full_target_size_adjustment,gaussian_11x11_sigma_1.5_population_covariance,limited_bt601_y_model_with_bicubic_cbcr,gpu,model_forward_only_cuda_events,Tesla T4,14912.6875,6.83251953125,12809,fsrcnn_x4.pth,c15150d6787d487f38a68e66be5ec8a964182403af494e6a935fa03eeb56a630,https://dl.dropboxusercontent.com/s/vsvumpopupdpmmu/fsrcnn_x4.pth,91-image,bicubic,480,320,481,321,True,25.48096792535345,0.7803085048362761,24.096260145359576,0.7544756891226344,0.8019231975078582,0.7928000092506409,0.03317154037864088,0.7596799731254578,0.8765760064125061,3,10,481,321,120,80,2.11.0+cu128,12.8,2026-08-31T12:11:46.641347+00:00,3.13.15,2.1.3,11.3.0,0.25.2,Linux-6.6.122+-x86_64-with-glibc2.35,x86_64
BSD100,148026.png,x4,fsrcnn,prepared_bicubic_lr,148026.png,4,native_model_grid_then_full_target_size_adjustment,gaussian_11x11_sigma_1.5_population_covariance,limited_bt601_y_model_with_bicubic_cbcr,gpu,model_forward_only_cuda_events,Tesla T4,14912.6875,6.83251953125,12809,fsrcnn_x4.pth,c15150d6787d487f38a68e66be5ec8a964182403af494e6a935fa03eeb56a630,https://dl.dropboxusercontent.com/s/vsvumpopupdpmmu/fsrcnn_x4.pth,91-image,bicubic,320,480,321,481,True,21.456379244881717,0.6285531679219659,20.173557660070923,0.6000275525850379,0.7955840051174163,0.7968640029430389,0.017765796910993673,0.7662720084190369,0.8208000063896179,3,10,321,481,80,120,2.11.0+cu128,12.8,2026-08-31T12:11:46.854274+00:00,3.13.15,2.1.3,11.3.0,0.25.2,Linux-6.6.122+-x86_64-with-glibc2.35,x86_64
BSD100,148089.png,x4,fsrcnn,prepared_bicubic_lr,148089.png,4,native_model_grid_then_full_target_size_adjustment,gaussian_11x11_sigma_1.5_population_covariance,limited_bt601_y_model_with_bicubic_cbcr,gpu,model_forward_only_cuda_events,Tesla T4,14912.6875,6.83251953125,12809,fsrcnn_x4.pth,c15150d6787d487f38a68e66be5ec8a964182403af494e6a935fa03eeb56a630,https://dl.dropboxusercontent.com/s/vsvumpopupdpmmu/fsrcnn_x4.pth,91-image,bicubic,480,320,481,321,True,23.223517180238428,0.5806353699522847,21.933832368268686,0.5506833705966302,0.7904159963130951,0.7821600139141083,0.03865905779881777,0.749023973941803,0.8888639807701111,3,10,481,321,120,80,2.11.0+cu128,12.8,2026-08-31T12:11:47.076896+00:00,3.13.15,2.1.3,11.3.0,0.25.2,Linux-6.6.122+-x86_64-with-glibc2.35,x86_64
BSD100,156065.png,x4,fsrcnn,prepared_bicubic_lr,156065.png,4,native_model_grid_then_full_target_size_adjustment,gaussian_11x11_sigma_1.5_population_covariance,limited_bt601_y_model_with_bicubic_cbcr,gpu,model_forward_only_cuda_events,Tesla T4,14912.6875,6.83251953125,12809,fsrcnn_x4.pth,c15150d6787d487f38a68e66be5ec8a964182403af494e6a935fa03eeb56a630,https://dl.dropboxusercontent.com/s/vsvumpopupdpmmu/fsrcnn_x4.pth,91-image,bicubic,480,320,481,321,True,24.690607442662508,0.5525808658849797,23.376340403586116,0.5164310681977355,0.786655992269516,0.7771199941635132,0.028057032629487458,0.7475839853286743,0.8432639837265015,3,10,481,321,120,80,2.11.0+cu128,12.8,2026-08-31T12:11:47.307935+00:00,3.13.15,2.1.3,11.3.0,0.25.2,Linux-6.6.122+-x86_64-with-glibc2.35,x86_64
BSD100,157055.png,x4,fsrcnn,prepared_bicubic_lr,157055.png,4,native_model_grid_then_full_target_size_adjustment,gaussian_11x11_sigma_1.5_population_covariance,limited_bt601_y_model_with_bicubic_cbcr,gpu,model_forward_only_cuda_events,Tesla T4,14912.6875,6.83251953125,12809,fsrcnn_x4.pth,c15150d6787d487f38a68e66be5ec8a964182403af494e6a935fa03eeb56a630,https://dl.dropboxusercontent.com/s/vsvumpopupdpmmu/fsrcnn_x4.pth,91-image,bicubic,480,320,481,321,True,25.96371542595079,0.75850225335484,24.522781385276314,0.7364214029951679,1.0991616070270538,0.9862240254878998,0.23158938402664203,0.8581119775772095,1.469696044921875,3,10,481,321,120,80,2.11.0+cu128,12.8,2026-08-31T12:11:47.540000+00:00,3.13.15,2.1.3,11.3.0,0.25.2,Linux-6.6.122+-x86_64-with-glibc2.35,x86_64
BSD100,159008.png,x4,fsrcnn,prepared_bicubic_lr,159008.png,4,native_model_grid_then_full_target_size_adjustment,gaussian_11x11_sigma_1.5_population_covariance,limited_bt601_y_model_with_bicubic_cbcr,gpu,model_forward_only_cuda_events,Tesla T4,14912.6875,6.83251953125,12809,fsrcnn_x4.pth,c15150d6787d487f38a68e66be5ec8a964182403af494e6a935fa03eeb56a630,https://dl.dropboxusercontent.com/s/vsvumpopupdpmmu/fsrcnn_x4.pth,91-image,bicubic,480,320,481,321,True,26.966005269859807,0.7997634882428365,25.69302969083815,0.7735492288521882,0.8189919948577881,0.8072479963302612,0.04359667287037751,0.7671359777450562,0.9192960262298584,3,10,481,321,120,80,2.11.0+cu128,12.8,2026-08-31T12:11:47.751127+00:00,3.13.15,2.1.3,11.3.0,0.25.2,Linux-6.6.122+-x86_64-with-glibc2.35,x86_64
BSD100,160068.png,x4,fsrcnn,prepared_bicubic_lr,160068.png,4,native_model_grid_then_full_target_size_adjustment,gaussian_11x11_sigma_1.5_population_covariance,limited_bt601_y_model_with_bicubic_cbcr,gpu,model_forward_only_cuda_events,Tesla T4,14912.6875,6.83251953125,12809,fsrcnn_x4.pth,c15150d6787d487f38a68e66be5ec8a964182403af494e6a935fa03eeb56a630,https://dl.dropboxusercontent.com/s/vsvumpopupdpmmu/fsrcnn_x4.pth,91-image,bicubic,480,320,481,321,True,26.595415401256854,0.815812755725625,25.310340414061056,0.8000060247831732,0.8052288055419922,0.8022240102291107,0.028894098211411832,0.7597119808197021,0.8478720188140869,3,10,481,321,120,80,2.11.0+cu128,12.8,2026-08-31T12:11:47.954611+00:00,3.13.15,2.1.3,11.3.0,0.25.2,Linux-6.6.122+-x86_64-with-glibc2.35,x86_64
BSD100,16077.png,x4,fsrcnn,prepared_bicubic_lr,16077.png,4,native_model_grid_then_full_target_size_adjustment,gaussian_11x11_sigma_1.5_population_covariance,limited_bt601_y_model_with_bicubic_cbcr,gpu,model_forward_only_cuda_events,Tesla T4,14912.6875,6.83251953125,12809,fsrcnn_x4.pth,c15150d6787d487f38a68e66be5ec8a964182403af494e6a935fa03eeb56a630,https://dl.dropboxusercontent.com/s/vsvumpopupdpmmu/fsrcnn_x4.pth,91-image,bicubic,480,320,481,321,True,27.258684179192805,0.7166649573968971,25.87777592150467,0.6839219231611304,0.8170207977294922,0.7977760136127472,0.058201658618549736,0.7716799974441528,0.9813439846038818,3,10,481,321,120,80,2.11.0+cu128,12.8,2026-08-31T12:11:48.176472+00:00,3.13.15,2.1.3,11.3.0,0.25.2,Linux-6.6.122+-x86_64-with-glibc2.35,x86_64
BSD100,163085.png,x4,fsrcnn,prepared_bicubic_lr,163085.png,4,native_model_grid_then_full_target_size_adjustment,gaussian_11x11_sigma_1.5_population_covariance,limited_bt601_y_model_with_bicubic_cbcr,gpu,model_forward_only_cuda_events,Tesla T4,14912.6875,6.83251953125,12809,fsrcnn_x4.pth,c15150d6787d487f38a68e66be5ec8a964182403af494e6a935fa03eeb56a630,https://dl.dropboxusercontent.com/s/vsvumpopupdpmmu/fsrcnn_x4.pth,91-image,bicubic,480,320,481,321,True,29.08350585311094,0.7816998850776432,27.69431588496721,0.762523590887635,0.7970368027687073,0.7891040146350861,0.03350010317979358,0.7597439885139465,0.8687679767608643,3,10,481,321,120,80,2.11.0+cu128,12.8,2026-08-31T12:11:48.401148+00:00,3.13.15,2.1.3,11.3.0,0.25.2,Linux-6.6.122+-x86_64-with-glibc2.35,x86_64
BSD100,167062.png,x4,fsrcnn,prepared_bicubic_lr,167062.png,4,native_model_grid_then_full_target_size_adjustment,gaussian_11x11_sigma_1.5_population_covariance,limited_bt601_y_model_with_bicubic_cbcr,gpu,model_forward_only_cuda_events,Tesla T4,14912.6875,6.83251953125,12809,fsrcnn_x4.pth,c15150d6787d487f38a68e66be5ec8a964182403af494e6a935fa03eeb56a630,https://dl.dropboxusercontent.com/s/vsvumpopupdpmmu/fsrcnn_x4.pth,91-image,bicubic,480,320,481,321,True,30.61729301430068,0.8623007913393702,29.305817890234675,0.8364180848863055,0.796393609046936,0.782368004322052,0.03711264019873221,0.7638400197029114,0.9016320109367371,3,10,481,321,120,80,2.11.0+cu128,12.8,2026-08-31T12:11:48.615660+00:00,3.13.15,2.1.3,11.3.0,0.25.2,Linux-6.6.122+-x86_64-with-glibc2.35,x86_64
BSD100,167083.png,x4,fsrcnn,prepared_bicubic_lr,167083.png,4,native_model_grid_then_full_target_size_adjustment,gaussian_11x11_sigma_1.5_population_covariance,limited_bt601_y_model_with_bicubic_cbcr,gpu,model_forward_only_cuda_events,Tesla T4,14912.6875,6.83251953125,12809,fsrcnn_x4.pth,c15150d6787d487f38a68e66be5ec8a964182403af494e6a935fa03eeb56a630,https://dl.dropboxusercontent.com/s/vsvumpopupdpmmu/fsrcnn_x4.pth,91-image,bicubic,320,480,321,481,True,19.7221662125235,0.47814119858628834,18.413011268937066,0.46106444592838725,0.8413856029510498,0.8396320044994354,0.04708619373395796,0.7709439992904663,0.9244800209999084,3,10,321,481,80,120,2.11.0+cu128,12.8,2026-08-31T12:11:48.845911+00:00,3.13.15,2.1.3,11.3.0,0.25.2,Linux-6.6.122+-x86_64-with-glibc2.35,x86_64
BSD100,170057.png,x4,fsrcnn,prepared_bicubic_lr,170057.png,4,native_model_grid_then_full_target_size_adjustment,gaussian_11x11_sigma_1.5_population_covariance,limited_bt601_y_model_with_bicubic_cbcr,gpu,model_forward_only_cuda_events,Tesla T4,14912.6875,6.83251953125,12809,fsrcnn_x4.pth,c15150d6787d487f38a68e66be5ec8a964182403af494e6a935fa03eeb56a630,https://dl.dropboxusercontent.com/s/vsvumpopupdpmmu/fsrcnn_x4.pth,91-image,bicubic,480,320,481,321,True,29.383398787274334,0.8035469315919684,28.06242228433007,0.7760756406901442,0.8514783918857575,0.8527199923992157,0.06359877732468243,0.7615039944648743,0.952127993106842,3,10,481,321,120,80,2.11.0+cu128,12.8,2026-08-31T12:11:49.083813+00:00,3.13.15,2.1.3,11.3.0,0.25.2,Linux-6.6.122+-x86_64-with-glibc2.35,x86_64
BSD100,175032.png,x4,fsrcnn,prepared_bicubic_lr,175032.png,4,native_model_grid_then_full_target_size_adjustment,gaussian_11x11_sigma_1.5_population_covariance,limited_bt601_y_model_with_bicubic_cbcr,gpu,model_forward_only_cuda_events,Tesla T4,14912.6875,6.83251953125,12809,fsrcnn_x4.pth,c15150d6787d487f38a68e66be5ec8a964182403af494e6a935fa03eeb56a630,https://dl.dropboxusercontent.com/s/vsvumpopupdpmmu/fsrcnn_x4.pth,91-image,bicubic,320,480,321,481,True,20.807896111872317,0.4085999710381441,19.510909507420177,0.3853361802263617,0.8189920067787171,0.7980960011482239,0.042665787250078434,0.7824320197105408,0.9098560214042664,3,10,321,481,80,120,2.11.0+cu128,12.8,2026-08-31T12:11:49.322956+00:00,3.13.15,2.1.3,11.3.0,0.25.2,Linux-6.6.122+-x86_64-with-glibc2.35,x86_64
BSD100,175043.png,x4,fsrcnn,prepared_bicubic_lr,175043.png,4,native_model_grid_then_full_target_size_adjustment,gaussian_11x11_sigma_1.5_population_covariance,limited_bt601_y_model_with_bicubic_cbcr,gpu,model_forward_only_cuda_events,Tesla T4,14912.6875,6.83251953125,12809,fsrcnn_x4.pth,c15150d6787d487f38a68e66be5ec8a964182403af494e6a935fa03eeb56a630,https://dl.dropboxusercontent.com/s/vsvumpopupdpmmu/fsrcnn_x4.pth,91-image,bicubic,480,320,481,321,True,24.846170151611595,0.6431252792048621,23.508201457494103,0.6189439568399994,0.7955168068408967,0.7884800136089325,0.033095901355631875,0.7596480250358582,0.8653759956359863,3,10,481,321,120,80,2.11.0+cu128,12.8,2026-08-31T12:11:49.565283+00:00,3.13.15,2.1.3,11.3.0,0.25.2,Linux-6.6.122+-x86_64-with-glibc2.35,x86_64
BSD100,182053.png,x4,fsrcnn,prepared_bicubic_lr,182053.png,4,native_model_grid_then_full_target_size_adjustment,gaussian_11x11_sigma_1.5_population_covariance,limited_bt601_y_model_with_bicubic_cbcr,gpu,model_forward_only_cuda_events,Tesla T4,14912.6875,6.83251953125,12809,fsrcnn_x4.pth,c15150d6787d487f38a68e66be5ec8a964182403af494e6a935fa03eeb56a630,https://dl.dropboxusercontent.com/s/vsvumpopupdpmmu/fsrcnn_x4.pth,91-image,bicubic,480,320,481,321,True,23.896406365214276,0.7283344762198781,22.58902682468808,0.7089324627616501,0.8170432031154633,0.7995200157165527,0.05073863701225792,0.7624639868736267,0.9236159920692444,3,10,481,321,120,80,2.11.0+cu128,12.8,2026-08-31T12:11:49.787974+00:00,3.13.15,2.1.3,11.3.0,0.25.2,Linux-6.6.122+-x86_64-with-glibc2.35,x86_64
BSD100,189080.png,x4,fsrcnn,prepared_bicubic_lr,189080.png,4,native_model_grid_then_full_target_size_adjustment,gaussian_11x11_sigma_1.5_population_covariance,limited_bt601_y_model_with_bicubic_cbcr,gpu,model_forward_only_cuda_events,Tesla T4,14912.6875,6.83251953125,12809,fsrcnn_x4.pth,c15150d6787d487f38a68e66be5ec8a964182403af494e6a935fa03eeb56a630,https://dl.dropboxusercontent.com/s/vsvumpopupdpmmu/fsrcnn_x4.pth,91-image,bicubic,320,480,321,481,True,33.31813952113902,0.8678936014038982,31.953379336186266,0.8383497166128118,0.8550943911075592,0.8311359882354736,0.07560133722475233,0.7557439804077148,0.968671977519989,3,10,321,481,80,120,2.11.0+cu128,12.8,2026-08-31T12:11:50.037282+00:00,3.13.15,2.1.3,11.3.0,0.25.2,Linux-6.6.122+-x86_64-with-glibc2.35,x86_64
BSD100,19021.png,x4,fsrcnn,prepared_bicubic_lr,19021.png,4,native_model_grid_then_full_target_size_adjustment,gaussian_11x11_sigma_1.5_population_covariance,limited_bt601_y_model_with_bicubic_cbcr,gpu,model_forward_only_cuda_events,Tesla T4,14912.6875,6.83251953125,12809,fsrcnn_x4.pth,c15150d6787d487f38a68e66be5ec8a964182403af494e6a935fa03eeb56a630,https://dl.dropboxusercontent.com/s/vsvumpopupdpmmu/fsrcnn_x4.pth,91-image,bicubic,480,320,481,321,True,26.45477296849249,0.7184906430919691,25.07275685578819,0.6901010307170011,0.8150304079055786,0.808896005153656,0.03462791150595126,0.7601600289344788,0.8786240220069885,3,10,481,321,120,80,2.11.0+cu128,12.8,2026-08-31T12:11:50.257092+00:00,3.13.15,2.1.3,11.3.0,0.25.2,Linux-6.6.122+-x86_64-with-glibc2.35,x86_64
BSD100,196073.png,x4,fsrcnn,prepared_bicubic_lr,196073.png,4,native_model_grid_then_full_target_size_adjustment,gaussian_11x11_sigma_1.5_population_covariance,limited_bt601_y_model_with_bicubic_cbcr,gpu,model_forward_only_cuda_events,Tesla T4,14912.6875,6.83251953125,12809,fsrcnn_x4.pth,c15150d6787d487f38a68e66be5ec8a964182403af494e6a935fa03eeb56a630,https://dl.dropboxusercontent.com/s/vsvumpopupdpmmu/fsrcnn_x4.pth,91-image,bicubic,480,320,481,321,True,27.774180036386092,0.50375546586223,26.446766676833107,0.44988054567956287,0.8001951813697815,0.7851519882678986,0.030552007001450436,0.7639039754867554,0.8519359827041626,3,10,481,321,120,80,2.11.0+cu128,12.8,2026-08-31T12:11:50.480183+00:00,3.13.15,2.1.3,11.3.0,0.25.2,Linux-6.6.122+-x86_64-with-glibc2.35,x86_64
BSD100,197017.png,x4,fsrcnn,prepared_bicubic_lr,197017.png,4,native_model_grid_then_full_target_size_adjustment,gaussian_11x11_sigma_1.5_population_covariance,limited_bt601_y_model_with_bicubic_cbcr,gpu,model_forward_only_cuda_events,Tesla T4,14912.6875,6.83251953125,12809,fsrcnn_x4.pth,c15150d6787d487f38a68e66be5ec8a964182403af494e6a935fa03eeb56a630,https://dl.dropboxusercontent.com/s/vsvumpopupdpmmu/fsrcnn_x4.pth,91-image,bicubic,480,320,481,321,True,27.676848373872946,0.6971254556630032,26.339997384960036,0.6670332208229963,0.7891424059867859,0.7811840176582336,0.025694769370215625,0.7576640248298645,0.8478720188140869,3,10,481,321,120,80,2.11.0+cu128,12.8,2026-08-31T12:11:50.696546+00:00,3.13.15,2.1.3,11.3.0,0.25.2,Linux-6.6.122+-x86_64-with-glibc2.35,x86_64
BSD100,208001.png,x4,fsrcnn,prepared_bicubic_lr,208001.png,4,native_model_grid_then_full_target_size_adjustment,gaussian_11x11_sigma_1.5_population_covariance,limited_bt601_y_model_with_bicubic_cbcr,gpu,model_forward_only_cuda_events,Tesla T4,14912.6875,6.83251953125,12809,fsrcnn_x4.pth,c15150d6787d487f38a68e66be5ec8a964182403af494e6a935fa03eeb56a630,https://dl.dropboxusercontent.com/s/vsvumpopupdpmmu/fsrcnn_x4.pth,91-image,bicubic,320,480,321,481,True,27.97336192495424,0.7241133582626322,26.696550012540552,0.6849389906543853,0.8096191942691803,0.807424008846283,0.03306670481453608,0.7687039971351624,0.8604159951210022,3,10,321,481,80,120,2.11.0+cu128,12.8,2026-08-31T12:11:50.922986+00:00,3.13.15,2.1.3,11.3.0,0.25.2,Linux-6.6.122+-x86_64-with-glibc2.35,x86_64
BSD100,210088.png,x4,fsrcnn,prepared_bicubic_lr,210088.png,4,native_model_grid_then_full_target_size_adjustment,gaussian_11x11_sigma_1.5_population_covariance,limited_bt601_y_model_with_bicubic_cbcr,gpu,model_forward_only_cuda_events,Tesla T4,14912.6875,6.83251953125,12809,fsrcnn_x4.pth,c15150d6787d487f38a68e66be5ec8a964182403af494e6a935fa03eeb56a630,https://dl.dropboxusercontent.com/s/vsvumpopupdpmmu/fsrcnn_x4.pth,91-image,bicubic,320,480,321,481,True,32.59633005438717,0.9194139922031955,30.87081586619955,0.9012608354984346,0.8391871929168702,0.8131999969482422,0.10999971409745657,0.7508479952812195,1.153663992881775,3,10,321,481,80,120,2.11.0+cu128,12.8,2026-08-31T12:11:51.140055+00:00,3.13.15,2.1.3,11.3.0,0.25.2,Linux-6.6.122+-x86_64-with-glibc2.35,x86_64
BSD100,21077.png,x4,fsrcnn,prepared_bicubic_lr,21077.png,4,native_model_grid_then_full_target_size_adjustment,gaussian_11x11_sigma_1.5_population_covariance,limited_bt601_y_model_with_bicubic_cbcr,gpu,model_forward_only_cuda_events,Tesla T4,14912.6875,6.83251953125,12809,fsrcnn_x4.pth,c15150d6787d487f38a68e66be5ec8a964182403af494e6a935fa03eeb56a630,https://dl.dropboxusercontent.com/s/vsvumpopupdpmmu/fsrcnn_x4.pth,91-image,bicubic,480,320,481,321,True,26.085305280446136,0.7131952245734368,24.727794863490764,0.6778389681005881,0.7988863945007324,0.7841279804706573,0.03654161745856622,0.7516480088233948,0.8683519959449768,3,10,481,321,120,80,2.11.0+cu128,12.8,2026-08-31T12:11:51.366327+00:00,3.13.15,2.1.3,11.3.0,0.25.2,Linux-6.6.122+-x86_64-with-glibc2.35,x86_64
BSD100,216081.png,x4,fsrcnn,prepared_bicubic_lr,216081.png,4,native_model_grid_then_full_target_size_adjustment,gaussian_11x11_sigma_1.5_population_covariance,limited_bt601_y_model_with_bicubic_cbcr,gpu,model_forward_only_cuda_events,Tesla T4,14912.6875,6.83251953125,12809,fsrcnn_x4.pth,c15150d6787d487f38a68e66be5ec8a964182403af494e6a935fa03eeb56a630,https://dl.dropboxusercontent.com/s/vsvumpopupdpmmu/fsrcnn_x4.pth,91-image,bicubic,480,320,481,321,True,25.084321631395554,0.6806415443646655,23.803282104638292,0.6481083333211345,0.7872096002101898,0.7838720083236694,0.021775026786256237,0.75273597240448,0.83024001121521,3,10,481,321,120,80,2.11.0+cu128,12.8,2026-08-31T12:11:51.607755+00:00,3.13.15,2.1.3,11.3.0,0.25.2,Linux-6.6.122+-x86_64-with-glibc2.35,x86_64
BSD100,219090.png,x4,fsrcnn,prepared_bicubic_lr,219090.png,4,native_model_grid_then_full_target_size_adjustment,gaussian_11x11_sigma_1.5_population_covariance,limited_bt601_y_model_with_bicubic_cbcr,gpu,model_forward_only_cuda_events,Tesla T4,14912.6875,6.83251953125,12809,fsrcnn_x4.pth,c15150d6787d487f38a68e66be5ec8a964182403af494e6a935fa03eeb56a630,https://dl.dropboxusercontent.com/s/vsvumpopupdpmmu/fsrcnn_x4.pth,91-image,bicubic,480,320,481,321,True,26.042626725952182,0.7287933810778294,24.733187133285057,0.6969943280923198,0.7917184054851532,0.7864000201225281,0.01567185147772262,0.7742400169372559,0.8179519772529602,3,10,481,321,120,80,2.11.0+cu128,12.8,2026-08-31T12:11:51.821688+00:00,3.13.15,2.1.3,11.3.0,0.25.2,Linux-6.6.122+-x86_64-with-glibc2.35,x86_64
BSD100,220075.png,x4,fsrcnn,prepared_bicubic_lr,220075.png,4,native_model_grid_then_full_target_size_adjustment,gaussian_11x11_sigma_1.5_population_covariance,limited_bt601_y_model_with_bicubic_cbcr,gpu,model_forward_only_cuda_events,Tesla T4,14912.6875,6.83251953125,12809,fsrcnn_x4.pth,c15150d6787d487f38a68e66be5ec8a964182403af494e6a935fa03eeb56a630,https://dl.dropboxusercontent.com/s/vsvumpopupdpmmu/fsrcnn_x4.pth,91-image,bicubic,480,320,481,321,True,26.91378823199711,0.8470900255577025,25.5319366375347,0.8251088172975725,0.8129407942295075,0.8033280074596405,0.03423762116314697,0.7698879837989807,0.8829759955406189,3,10,481,321,120,80,2.11.0+cu128,12.8,2026-08-31T12:11:52.039773+00:00,3.13.15,2.1.3,11.3.0,0.25.2,Linux-6.6.122+-x86_64-with-glibc2.35,x86_64
BSD100,223061.png,x4,fsrcnn,prepared_bicubic_lr,223061.png,4,native_model_grid_then_full_target_size_adjustment,gaussian_11x11_sigma_1.5_population_covariance,limited_bt601_y_model_with_bicubic_cbcr,gpu,model_forward_only_cuda_events,Tesla T4,14912.6875,6.83251953125,12809,fsrcnn_x4.pth,c15150d6787d487f38a68e66be5ec8a964182403af494e6a935fa03eeb56a630,https://dl.dropboxusercontent.com/s/vsvumpopupdpmmu/fsrcnn_x4.pth,91-image,bicubic,480,320,481,321,True,24.319923892648294,0.6396696225559965,22.978974679046917,0.6186899414322441,0.9220384001731873,0.8398559987545013,0.2020184639116678,0.7715520262718201,1.390239953994751,3,10,481,321,120,80,2.11.0+cu128,12.8,2026-08-31T12:11:52.287042+00:00,3.13.15,2.1.3,11.3.0,0.25.2,Linux-6.6.122+-x86_64-with-glibc2.35,x86_64
BSD100,227092.png,x4,fsrcnn,prepared_bicubic_lr,227092.png,4,native_model_grid_then_full_target_size_adjustment,gaussian_11x11_sigma_1.5_population_covariance,limited_bt601_y_model_with_bicubic_cbcr,gpu,model_forward_only_cuda_events,Tesla T4,14912.6875,6.83251953125,12809,fsrcnn_x4.pth,c15150d6787d487f38a68e66be5ec8a964182403af494e6a935fa03eeb56a630,https://dl.dropboxusercontent.com/s/vsvumpopupdpmmu/fsrcnn_x4.pth,91-image,bicubic,320,480,321,481,True,33.70669431202809,0.8471925846466484,32.28014582276677,0.8249845920380251,0.8540000021457672,0.8367839753627777,0.09277061121100677,0.7618560194969177,1.0857599973678589,3,10,321,481,80,120,2.11.0+cu128,12.8,2026-08-31T12:11:52.499397+00:00,3.13.15,2.1.3,11.3.0,0.25.2,Linux-6.6.122+-x86_64-with-glibc2.35,x86_64
BSD100,229036.png,x4,fsrcnn,prepared_bicubic_lr,229036.png,4,native_model_grid_then_full_target_size_adjustment,gaussian_11x11_sigma_1.5_population_covariance,limited_bt601_y_model_with_bicubic_cbcr,gpu,model_forward_only_cuda_events,Tesla T4,14912.6875,6.83251953125,12809,fsrcnn_x4.pth,c15150d6787d487f38a68e66be5ec8a964182403af494e6a935fa03eeb56a630,https://dl.dropboxusercontent.com/s/vsvumpopupdpmmu/fsrcnn_x4.pth,91-image,bicubic,480,320,481,321,True,22.34588292905315,0.5876307140376805,21.017179758064128,0.5608782234582373,0.8011520028114318,0.7780160009860992,0.04288066036379518,0.7593920230865479,0.8812800049781799,3,10,481,321,120,80,2.11.0+cu128,12.8,2026-08-31T12:11:52.805412+00:00,3.13.15,2.1.3,11.3.0,0.25.2,Linux-6.6.122+-x86_64-with-glibc2.35,x86_64
BSD100,236037.png,x4,fsrcnn,prepared_bicubic_lr,236037.png,4,native_model_grid_then_full_target_size_adjustment,gaussian_11x11_sigma_1.5_population_covariance,limited_bt601_y_model_with_bicubic_cbcr,gpu,model_forward_only_cuda_events,Tesla T4,14912.6875,6.83251953125,12809,fsrcnn_x4.pth,c15150d6787d487f38a68e66be5ec8a964182403af494e6a935fa03eeb56a630,https://dl.dropboxusercontent.com/s/vsvumpopupdpmmu/fsrcnn_x4.pth,91-image,bicubic,480,320,481,321,True,24.700000297068264,0.6104842021896616,23.33566540190894,0.5889130117668216,1.0806688249111176,1.0937920212745667,0.09182222832735455,0.8471680283546448,1.169152021408081,3,10,481,321,120,80,2.11.0+cu128,12.8,2026-08-31T12:11:53.127933+00:00,3.13.15,2.1.3,11.3.0,0.25.2,Linux-6.6.122+-x86_64-with-glibc2.35,x86_64
BSD100,24077.png,x4,fsrcnn,prepared_bicubic_lr,24077.png,4,native_model_grid_then_full_target_size_adjustment,gaussian_11x11_sigma_1.5_population_covariance,limited_bt601_y_model_with_bicubic_cbcr,gpu,model_forward_only_cuda_events,Tesla T4,14912.6875,6.83251953125,12809,fsrcnn_x4.pth,c15150d6787d487f38a68e66be5ec8a964182403af494e6a935fa03eeb56a630,https://dl.dropboxusercontent.com/s/vsvumpopupdpmmu/fsrcnn_x4.pth,91-image,bicubic,480,320,481,321,True,25.524719150989007,0.8255103767704675,23.94585176646062,0.8076782156675398,0.9304735898971558,0.9268479943275452,0.0397170691482116,0.878495991230011,1.003999948501587,3,10,481,321,120,80,2.11.0+cu128,12.8,2026-08-31T12:11:53.398184+00:00,3.13.15,2.1.3,11.3.0,0.25.2,Linux-6.6.122+-x86_64-with-glibc2.35,x86_64
BSD100,241004.png,x4,fsrcnn,prepared_bicubic_lr,241004.png,4,native_model_grid_then_full_target_size_adjustment,gaussian_11x11_sigma_1.5_population_covariance,limited_bt601_y_model_with_bicubic_cbcr,gpu,model_forward_only_cuda_events,Tesla T4,14912.6875,6.83251953125,12809,fsrcnn_x4.pth,c15150d6787d487f38a68e66be5ec8a964182403af494e6a935fa03eeb56a630,https://dl.dropboxusercontent.com/s/vsvumpopupdpmmu/fsrcnn_x4.pth,91-image,bicubic,480,320,481,321,True,31.61046340533424,0.820964417728399,30.22520732538628,0.789576012007308,0.8550271987915039,0.8461439907550812,0.03502618770790165,0.8173120021820068,0.9365760087966919,3,10,481,321,120,80,2.11.0+cu128,12.8,2026-08-31T12:11:53.673128+00:00,3.13.15,2.1.3,11.3.0,0.25.2,Linux-6.6.122+-x86_64-with-glibc2.35,x86_64
BSD100,241048.png,x4,fsrcnn,prepared_bicubic_lr,241048.png,4,native_model_grid_then_full_target_size_adjustment,gaussian_11x11_sigma_1.5_population_covariance,limited_bt601_y_model_with_bicubic_cbcr,gpu,model_forward_only_cuda_events,Tesla T4,14912.6875,6.83251953125,12809,fsrcnn_x4.pth,c15150d6787d487f38a68e66be5ec8a964182403af494e6a935fa03eeb56a630,https://dl.dropboxusercontent.com/s/vsvumpopupdpmmu/fsrcnn_x4.pth,91-image,bicubic,480,320,481,321,True,24.437657433143535,0.5840853999696672,23.10129625102514,0.555966185970561,0.8663360059261322,0.8523040115833282,0.03554537451424784,0.8314560055732727,0.9424319863319397,3,10,481,321,120,80,2.11.0+cu128,12.8,2026-08-31T12:11:53.965363+00:00,3.13.15,2.1.3,11.3.0,0.25.2,Linux-6.6.122+-x86_64-with-glibc2.35,x86_64
BSD100,253027.png,x4,fsrcnn,prepared_bicubic_lr,253027.png,4,native_model_grid_then_full_target_size_adjustment,gaussian_11x11_sigma_1.5_population_covariance,limited_bt601_y_model_with_bicubic_cbcr,gpu,model_forward_only_cuda_events,Tesla T4,14912.6875,6.83251953125,12809,fsrcnn_x4.pth,c15150d6787d487f38a68e66be5ec8a964182403af494e6a935fa03eeb56a630,https://dl.dropboxusercontent.com/s/vsvumpopupdpmmu/fsrcnn_x4.pth,91-image,bicubic,480,320,481,321,True,21.830719419400562,0.6734427912050164,20.490389844845854,0.6489656654715489,0.9772351861000061,0.9243199825286865,0.18398377497825577,0.8322240114212036,1.5113279819488525,3,10,481,321,120,80,2.11.0+cu128,12.8,2026-08-31T12:11:54.307922+00:00,3.13.15,2.1.3,11.3.0,0.25.2,Linux-6.6.122+-x86_64-with-glibc2.35,x86_64
BSD100,253055.png,x4,fsrcnn,prepared_bicubic_lr,253055.png,4,native_model_grid_then_full_target_size_adjustment,gaussian_11x11_sigma_1.5_population_covariance,limited_bt601_y_model_with_bicubic_cbcr,gpu,model_forward_only_cuda_events,Tesla T4,14912.6875,6.83251953125,12809,fsrcnn_x4.pth,c15150d6787d487f38a68e66be5ec8a964182403af494e6a935fa03eeb56a630,https://dl.dropboxusercontent.com/s/vsvumpopupdpmmu/fsrcnn_x4.pth,91-image,bicubic,480,320,481,321,True,31.556797344816037,0.8128697270290467,30.180550686067598,0.7796646160097547,0.9280351996421814,0.9341759979724884,0.04480006889529855,0.8550400137901306,0.9919999837875366,3,10,481,321,120,80,2.11.0+cu128,12.8,2026-08-31T12:11:54.636320+00:00,3.13.15,2.1.3,11.3.0,0.25.2,Linux-6.6.122+-x86_64-with-glibc2.35,x86_64
BSD100,260058.png,x4,fsrcnn,prepared_bicubic_lr,260058.png,4,native_model_grid_then_full_target_size_adjustment,gaussian_11x11_sigma_1.5_population_covariance,limited_bt601_y_model_with_bicubic_cbcr,gpu,model_forward_only_cuda_events,Tesla T4,14912.6875,6.83251953125,12809,fsrcnn_x4.pth,c15150d6787d487f38a68e66be5ec8a964182403af494e6a935fa03eeb56a630,https://dl.dropboxusercontent.com/s/vsvumpopupdpmmu/fsrcnn_x4.pth,91-image,bicubic,480,320,481,321,True,32.21618863918766,0.7850527699002596,30.86554340709665,0.7489546611667007,0.9068159997463227,0.9024479985237122,0.04624404320503636,0.8467199802398682,0.9883840084075928,3,10,481,321,120,80,2.11.0+cu128,12.8,2026-08-31T12:11:54.942049+00:00,3.13.15,2.1.3,11.3.0,0.25.2,Linux-6.6.122+-x86_64-with-glibc2.35,x86_64
BSD100,271035.png,x4,fsrcnn,prepared_bicubic_lr,271035.png,4,native_model_grid_then_full_target_size_adjustment,gaussian_11x11_sigma_1.5_population_covariance,limited_bt601_y_model_with_bicubic_cbcr,gpu,model_forward_only_cuda_events,Tesla T4,14912.6875,6.83251953125,12809,fsrcnn_x4.pth,c15150d6787d487f38a68e66be5ec8a964182403af494e6a935fa03eeb56a630,https://dl.dropboxusercontent.com/s/vsvumpopupdpmmu/fsrcnn_x4.pth,91-image,bicubic,320,480,321,481,True,26.757437722339358,0.7308543103231921,25.417176152042412,0.701068241216765,0.899097603559494,0.8871040046215057,0.05295939386659049,0.8055359721183777,0.9782080054283142,3,10,321,481,80,120,2.11.0+cu128,12.8,2026-08-31T12:11:55.250547+00:00,3.13.15,2.1.3,11.3.0,0.25.2,Linux-6.6.122+-x86_64-with-glibc2.35,x86_64
BSD100,285079.png,x4,fsrcnn,prepared_bicubic_lr,285079.png,4,native_model_grid_then_full_target_size_adjustment,gaussian_11x11_sigma_1.5_population_covariance,limited_bt601_y_model_with_bicubic_cbcr,gpu,model_forward_only_cuda_events,Tesla T4,14912.6875,6.83251953125,12809,fsrcnn_x4.pth,c15150d6787d487f38a68e66be5ec8a964182403af494e6a935fa03eeb56a630,https://dl.dropboxusercontent.com/s/vsvumpopupdpmmu/fsrcnn_x4.pth,91-image,bicubic,320,480,321,481,True,24.98508663570499,0.6610299363881691,23.625102346243093,0.6309019812538749,1.0659520030021667,0.8584640026092529,0.6225394158231197,0.8233919739723206,2.932543992996216,3,10,321,481,80,120,2.11.0+cu128,12.8,2026-08-31T12:11:55.534600+00:00,3.13.15,2.1.3,11.3.0,0.25.2,Linux-6.6.122+-x86_64-with-glibc2.35,x86_64
BSD100,291000.png,x4,fsrcnn,prepared_bicubic_lr,291000.png,4,native_model_grid_then_full_target_size_adjustment,gaussian_11x11_sigma_1.5_population_covariance,limited_bt601_y_model_with_bicubic_cbcr,gpu,model_forward_only_cuda_events,Tesla T4,14912.6875,6.83251953125,12809,fsrcnn_x4.pth,c15150d6787d487f38a68e66be5ec8a964182403af494e6a935fa03eeb56a630,https://dl.dropboxusercontent.com/s/vsvumpopupdpmmu/fsrcnn_x4.pth,91-image,bicubic,480,320,481,321,True,21.22666604158427,0.40248918992479854,19.816265523604823,0.37804887526457565,1.2976704001426698,0.8728640079498291,0.8464433237803584,0.8378239870071411,3.060767889022827,3,10,481,321,120,80,2.11.0+cu128,12.8,2026-08-31T12:11:55.844505+00:00,3.13.15,2.1.3,11.3.0,0.25.2,Linux-6.6.122+-x86_64-with-glibc2.35,x86_64
BSD100,295087.png,x4,fsrcnn,prepared_bicubic_lr,295087.png,4,native_model_grid_then_full_target_size_adjustment,gaussian_11x11_sigma_1.5_population_covariance,limited_bt601_y_model_with_bicubic_cbcr,gpu,model_forward_only_cuda_events,Tesla T4,14912.6875,6.83251953125,12809,fsrcnn_x4.pth,c15150d6787d487f38a68e66be5ec8a964182403af494e6a935fa03eeb56a630,https://dl.dropboxusercontent.com/s/vsvumpopupdpmmu/fsrcnn_x4.pth,91-image,bicubic,480,320,481,321,True,27.131229983894883,0.7011574761245454,25.714534297568854,0.6768569685167568,0.8443872094154358,0.8424479961395264,0.019639442953550974,0.811456024646759,0.8783680200576782,3,10,481,321,120,80,2.11.0+cu128,12.8,2026-08-31T12:11:56.174067+00:00,3.13.15,2.1.3,11.3.0,0.25.2,Linux-6.6.122+-x86_64-with-glibc2.35,x86_64
BSD100,296007.png,x4,fsrcnn,prepared_bicubic_lr,296007.png,4,native_model_grid_then_full_target_size_adjustment,gaussian_11x11_sigma_1.5_population_covariance,limited_bt601_y_model_with_bicubic_cbcr,gpu,model_forward_only_cuda_events,Tesla T4,14912.6875,6.83251953125,12809,fsrcnn_x4.pth,c15150d6787d487f38a68e66be5ec8a964182403af494e6a935fa03eeb56a630,https://dl.dropboxusercontent.com/s/vsvumpopupdpmmu/fsrcnn_x4.pth,91-image,bicubic,480,320,481,321,True,31.81429703359366,0.7829387516213396,30.473141209349972,0.7497992803970304,0.8828672111034394,0.8664000034332275,0.05042132387189447,0.8146560192108154,0.9683200120925903,3,10,481,321,120,80,2.11.0+cu128,12.8,2026-08-31T12:11:56.470972+00:00,3.13.15,2.1.3,11.3.0,0.25.2,Linux-6.6.122+-x86_64-with-glibc2.35,x86_64
BSD100,296059.png,x4,fsrcnn,prepared_bicubic_lr,296059.png,4,native_model_grid_then_full_target_size_adjustment,gaussian_11x11_sigma_1.5_population_covariance,limited_bt601_y_model_with_bicubic_cbcr,gpu,model_forward_only_cuda_events,Tesla T4,14912.6875,6.83251953125,12809,fsrcnn_x4.pth,c15150d6787d487f38a68e66be5ec8a964182403af494e6a935fa03eeb56a630,https://dl.dropboxusercontent.com/s/vsvumpopupdpmmu/fsrcnn_x4.pth,91-image,bicubic,480,320,481,321,True,30.511536281467517,0.768306632590651,29.14873353493632,0.7354720051372817,1.0535584032535552,1.094767987728119,0.1473021222216589,0.794975996017456,1.2676479816436768,3,10,481,321,120,80,2.11.0+cu128,12.8,2026-08-31T12:11:56.782445+00:00,3.13.15,2.1.3,11.3.0,0.25.2,Linux-6.6.122+-x86_64-with-glibc2.35,x86_64
BSD100,299086.png,x4,fsrcnn,prepared_bicubic_lr,299086.png,4,native_model_grid_then_full_target_size_adjustment,gaussian_11x11_sigma_1.5_population_covariance,limited_bt601_y_model_with_bicubic_cbcr,gpu,model_forward_only_cuda_events,Tesla T4,14912.6875,6.83251953125,12809,fsrcnn_x4.pth,c15150d6787d487f38a68e66be5ec8a964182403af494e6a935fa03eeb56a630,https://dl.dropboxusercontent.com/s/vsvumpopupdpmmu/fsrcnn_x4.pth,91-image,bicubic,480,320,481,321,True,31.393828766624594,0.7988826975661477,30.000650073264246,0.7671925750684618,1.3850111842155457,1.2347840070724487,0.412625725608433,1.0240639448165894,2.2425599098205566,3,10,481,321,120,80,2.11.0+cu128,12.8,2026-08-31T12:11:57.088812+00:00,3.13.15,2.1.3,11.3.0,0.25.2,Linux-6.6.122+-x86_64-with-glibc2.35,x86_64
BSD100,300091.png,x4,fsrcnn,prepared_bicubic_lr,300091.png,4,native_model_grid_then_full_target_size_adjustment,gaussian_11x11_sigma_1.5_population_covariance,limited_bt601_y_model_with_bicubic_cbcr,gpu,model_forward_only_cuda_events,Tesla T4,14912.6875,6.83251953125,12809,fsrcnn_x4.pth,c15150d6787d487f38a68e66be5ec8a964182403af494e6a935fa03eeb56a630,https://dl.dropboxusercontent.com/s/vsvumpopupdpmmu/fsrcnn_x4.pth,91-image,bicubic,480,320,481,321,True,28.214242286906817,0.7715254651731833,26.831984701801694,0.7429163758157964,0.8049184024333954,0.7943840026855469,0.04181496259972136,0.7565119862556458,0.9134079813957214,3,10,481,321,120,80,2.11.0+cu128,12.8,2026-08-31T12:11:57.303496+00:00,3.13.15,2.1.3,11.3.0,0.25.2,Linux-6.6.122+-x86_64-with-glibc2.35,x86_64
BSD100,302008.png,x4,fsrcnn,prepared_bicubic_lr,302008.png,4,native_model_grid_then_full_target_size_adjustment,gaussian_11x11_sigma_1.5_population_covariance,limited_bt601_y_model_with_bicubic_cbcr,gpu,model_forward_only_cuda_events,Tesla T4,14912.6875,6.83251953125,12809,fsrcnn_x4.pth,c15150d6787d487f38a68e66be5ec8a964182403af494e6a935fa03eeb56a630,https://dl.dropboxusercontent.com/s/vsvumpopupdpmmu/fsrcnn_x4.pth,91-image,bicubic,320,480,321,481,True,31.13180448050222,0.9264766558588996,29.71245258421897,0.9125220355303636,0.8216575980186462,0.8122079968452454,0.034903401933145985,0.7584319710731506,0.8833280205726624,3,10,321,481,80,120,2.11.0+cu128,12.8,2026-08-31T12:11:57.514789+00:00,3.13.15,2.1.3,11.3.0,0.25.2,Linux-6.6.122+-x86_64-with-glibc2.35,x86_64
BSD100,304034.png,x4,fsrcnn,prepared_bicubic_lr,304034.png,4,native_model_grid_then_full_target_size_adjustment,gaussian_11x11_sigma_1.5_population_covariance,limited_bt601_y_model_with_bicubic_cbcr,gpu,model_forward_only_cuda_events,Tesla T4,14912.6875,6.83251953125,12809,fsrcnn_x4.pth,c15150d6787d487f38a68e66be5ec8a964182403af494e6a935fa03eeb56a630,https://dl.dropboxusercontent.com/s/vsvumpopupdpmmu/fsrcnn_x4.pth,91-image,bicubic,480,320,481,321,True,23.96379163013538,0.6473349955694992,22.660238614209835,0.6197928928093447,0.7834336042404175,0.7785919904708862,0.024036557388498414,0.7576000094413757,0.8419520258903503,3,10,481,321,120,80,2.11.0+cu128,12.8,2026-08-31T12:11:57.730932+00:00,3.13.15,2.1.3,11.3.0,0.25.2,Linux-6.6.122+-x86_64-with-glibc2.35,x86_64
BSD100,304074.png,x4,fsrcnn,prepared_bicubic_lr,304074.png,4,native_model_grid_then_full_target_size_adjustment,gaussian_11x11_sigma_1.5_population_covariance,limited_bt601_y_model_with_bicubic_cbcr,gpu,model_forward_only_cuda_events,Tesla T4,14912.6875,6.83251953125,12809,fsrcnn_x4.pth,c15150d6787d487f38a68e66be5ec8a964182403af494e6a935fa03eeb56a630,https://dl.dropboxusercontent.com/s/vsvumpopupdpmmu/fsrcnn_x4.pth,91-image,bicubic,320,480,321,481,True,25.609473873922276,0.6023748911350668,24.274220608647504,0.5687656424699755,0.8126496016979218,0.7955999970436096,0.05036320141780974,0.7529600262641907,0.9113919734954834,3,10,321,481,80,120,2.11.0+cu128,12.8,2026-08-31T12:11:57.969937+00:00,3.13.15,2.1.3,11.3.0,0.25.2,Linux-6.6.122+-x86_64-with-glibc2.35,x86_64
BSD100,306005.png,x4,fsrcnn,prepared_bicubic_lr,306005.png,4,native_model_grid_then_full_target_size_adjustment,gaussian_11x11_sigma_1.5_population_covariance,limited_bt601_y_model_with_bicubic_cbcr,gpu,model_forward_only_cuda_events,Tesla T4,14912.6875,6.83251953125,12809,fsrcnn_x4.pth,c15150d6787d487f38a68e66be5ec8a964182403af494e6a935fa03eeb56a630,https://dl.dropboxusercontent.com/s/vsvumpopupdpmmu/fsrcnn_x4.pth,91-image,bicubic,480,320,481,321,True,27.67517274996389,0.7666224735798387,26.240629112030586,0.7398450808456837,0.7706399977207183,0.765504002571106,0.014008185567919556,0.7505279779434204,0.7888320088386536,3,10,481,321,120,80,2.11.0+cu128,12.8,2026-08-31T12:11:58.209466+00:00,3.13.15,2.1.3,11.3.0,0.25.2,Linux-6.6.122+-x86_64-with-glibc2.35,x86_64
BSD100,3096.png,x4,fsrcnn,prepared_bicubic_lr,3096.png,4,native_model_grid_then_full_target_size_adjustment,gaussian_11x11_sigma_1.5_population_covariance,limited_bt601_y_model_with_bicubic_cbcr,gpu,model_forward_only_cuda_events,Tesla T4,14912.6875,6.83251953125,12809,fsrcnn_x4.pth,c15150d6787d487f38a68e66be5ec8a964182403af494e6a935fa03eeb56a630,https://dl.dropboxusercontent.com/s/vsvumpopupdpmmu/fsrcnn_x4.pth,91-image,bicubic,480,320,481,321,True,37.52968479426492,0.9707987595414753,36.116876828701095,0.9624882166254674,0.7874560058116913,0.7807040214538574,0.024894611890455366,0.7536640167236328,0.8437759876251221,3,10,481,321,120,80,2.11.0+cu128,12.8,2026-08-31T12:11:58.410350+00:00,3.13.15,2.1.3,11.3.0,0.25.2,Linux-6.6.122+-x86_64-with-glibc2.35,x86_64
BSD100,33039.png,x4,fsrcnn,prepared_bicubic_lr,33039.png,4,native_model_grid_then_full_target_size_adjustment,gaussian_11x11_sigma_1.5_population_covariance,limited_bt601_y_model_with_bicubic_cbcr,gpu,model_forward_only_cuda_events,Tesla T4,14912.6875,6.83251953125,12809,fsrcnn_x4.pth,c15150d6787d487f38a68e66be5ec8a964182403af494e6a935fa03eeb56a630,https://dl.dropboxusercontent.com/s/vsvumpopupdpmmu/fsrcnn_x4.pth,91-image,bicubic,320,480,321,481,True,20.78887567303836,0.5543141719929404,19.47909926436849,0.5374083889909311,0.8354271948337555,0.8322240114212036,0.03949256240131799,0.7811200022697449,0.9114239811897278,3,10,321,481,80,120,2.11.0+cu128,12.8,2026-08-31T12:11:58.633143+00:00,3.13.15,2.1.3,11.3.0,0.25.2,Linux-6.6.122+-x86_64-with-glibc2.35,x86_64
BSD100,351093.png,x4,fsrcnn,prepared_bicubic_lr,351093.png,4,native_model_grid_then_full_target_size_adjustment,gaussian_11x11_sigma_1.5_population_covariance,limited_bt601_y_model_with_bicubic_cbcr,gpu,model_forward_only_cuda_events,Tesla T4,14912.6875,6.83251953125,12809,fsrcnn_x4.pth,c15150d6787d487f38a68e66be5ec8a964182403af494e6a935fa03eeb56a630,https://dl.dropboxusercontent.com/s/vsvumpopupdpmmu/fsrcnn_x4.pth,91-image,bicubic,480,320,481,321,True,22.476810887266943,0.6149233297395833,21.15926385277575,0.5877256996100141,0.8170336008071899,0.8029600083827972,0.046958582984542065,0.7664639949798584,0.909280002117157,3,10,481,321,120,80,2.11.0+cu128,12.8,2026-08-31T12:11:58.848983+00:00,3.13.15,2.1.3,11.3.0,0.25.2,Linux-6.6.122+-x86_64-with-glibc2.35,x86_64
BSD100,361010.png,x4,fsrcnn,prepared_bicubic_lr,361010.png,4,native_model_grid_then_full_target_size_adjustment,gaussian_11x11_sigma_1.5_population_covariance,limited_bt601_y_model_with_bicubic_cbcr,gpu,model_forward_only_cuda_events,Tesla T4,14912.6875,6.83251953125,12809,fsrcnn_x4.pth,c15150d6787d487f38a68e66be5ec8a964182403af494e6a935fa03eeb56a630,https://dl.dropboxusercontent.com/s/vsvumpopupdpmmu/fsrcnn_x4.pth,91-image,bicubic,480,320,481,321,True,27.84238467736933,0.7842347089714393,26.48667654752702,0.7476838427925867,0.9306688010692596,0.8686880171298981,0.15964033696882787,0.7534400224685669,1.2534079551696777,3,10,481,321,120,80,2.11.0+cu128,12.8,2026-08-31T12:11:59.098847+00:00,3.13.15,2.1.3,11.3.0,0.25.2,Linux-6.6.122+-x86_64-with-glibc2.35,x86_64
BSD100,37073.png,x4,fsrcnn,prepared_bicubic_lr,37073.png,4,native_model_grid_then_full_target_size_adjustment,gaussian_11x11_sigma_1.5_population_covariance,limited_bt601_y_model_with_bicubic_cbcr,gpu,model_forward_only_cuda_events,Tesla T4,14912.6875,6.83251953125,12809,fsrcnn_x4.pth,c15150d6787d487f38a68e66be5ec8a964182403af494e6a935fa03eeb56a630,https://dl.dropboxusercontent.com/s/vsvumpopupdpmmu/fsrcnn_x4.pth,91-image,bicubic,480,320,481,321,True,29.21536907903535,0.7780366862579898,27.869751191460775,0.7400862236814394,0.8106015980243683,0.7974880039691925,0.039866953259771125,0.7618560194969177,0.8826879858970642,3,10,481,321,120,80,2.11.0+cu128,12.8,2026-08-31T12:11:59.309170+00:00,3.13.15,2.1.3,11.3.0,0.25.2,Linux-6.6.122+-x86_64-with-glibc2.35,x86_64
BSD100,376043.png,x4,fsrcnn,prepared_bicubic_lr,376043.png,4,native_model_grid_then_full_target_size_adjustment,gaussian_11x11_sigma_1.5_population_covariance,limited_bt601_y_model_with_bicubic_cbcr,gpu,model_forward_only_cuda_events,Tesla T4,14912.6875,6.83251953125,12809,fsrcnn_x4.pth,c15150d6787d487f38a68e66be5ec8a964182403af494e6a935fa03eeb56a630,https://dl.dropboxusercontent.com/s/vsvumpopupdpmmu/fsrcnn_x4.pth,91-image,bicubic,320,480,321,481,True,25.184369162296992,0.5753638032573839,23.796728611019745,0.5515005516833533,0.8166143894195557,0.7858719825744629,0.06460503267228014,0.7460799813270569,0.9277439713478088,3,10,321,481,80,120,2.11.0+cu128,12.8,2026-08-31T12:11:59.578390+00:00,3.13.15,2.1.3,11.3.0,0.25.2,Linux-6.6.122+-x86_64-with-glibc2.35,x86_64
BSD100,38082.png,x4,fsrcnn,prepared_bicubic_lr,38082.png,4,native_model_grid_then_full_target_size_adjustment,gaussian_11x11_sigma_1.5_population_covariance,limited_bt601_y_model_with_bicubic_cbcr,gpu,model_forward_only_cuda_events,Tesla T4,14912.6875,6.83251953125,12809,fsrcnn_x4.pth,c15150d6787d487f38a68e66be5ec8a964182403af494e6a935fa03eeb56a630,https://dl.dropboxusercontent.com/s/vsvumpopupdpmmu/fsrcnn_x4.pth,91-image,bicubic,480,320,481,321,True,27.06555327047805,0.5924662787911932,25.727455265917097,0.5586745399608827,0.8475872039794922,0.8429920077323914,0.061829458047302444,0.7618880271911621,0.9916800260543823,3,10,481,321,120,80,2.11.0+cu128,12.8,2026-08-31T12:11:59.809134+00:00,3.13.15,2.1.3,11.3.0,0.25.2,Linux-6.6.122+-x86_64-with-glibc2.35,x86_64
BSD100,38092.png,x4,fsrcnn,prepared_bicubic_lr,38092.png,4,native_model_grid_then_full_target_size_adjustment,gaussian_11x11_sigma_1.5_population_covariance,limited_bt601_y_model_with_bicubic_cbcr,gpu,model_forward_only_cuda_events,Tesla T4,14912.6875,6.83251953125,12809,fsrcnn_x4.pth,c15150d6787d487f38a68e66be5ec8a964182403af494e6a935fa03eeb56a630,https://dl.dropboxusercontent.com/s/vsvumpopupdpmmu/fsrcnn_x4.pth,91-image,bicubic,480,320,481,321,True,26.001602676219605,0.6774537315473339,24.69884950222722,0.6493142521444986,0.9143968045711517,0.8346079885959625,0.18327226492337426,0.7659519910812378,1.316864013671875,3,10,481,321,120,80,2.11.0+cu128,12.8,2026-08-31T12:12:00.037937+00:00,3.13.15,2.1.3,11.3.0,0.25.2,Linux-6.6.122+-x86_64-with-glibc2.35,x86_64
BSD100,385039.png,x4,fsrcnn,prepared_bicubic_lr,385039.png,4,native_model_grid_then_full_target_size_adjustment,gaussian_11x11_sigma_1.5_population_covariance,limited_bt601_y_model_with_bicubic_cbcr,gpu,model_forward_only_cuda_events,Tesla T4,14912.6875,6.83251953125,12809,fsrcnn_x4.pth,c15150d6787d487f38a68e66be5ec8a964182403af494e6a935fa03eeb56a630,https://dl.dropboxusercontent.com/s/vsvumpopupdpmmu/fsrcnn_x4.pth,91-image,bicubic,480,320,481,321,True,23.357522019072047,0.6561399218540194,22.020642673009235,0.628032458527199,0.8024672031402588,0.7758879959583282,0.04854707853366329,0.7619839906692505,0.9175040125846863,3,10,481,321,120,80,2.11.0+cu128,12.8,2026-08-31T12:12:00.247002+00:00,3.13.15,2.1.3,11.3.0,0.25.2,Linux-6.6.122+-x86_64-with-glibc2.35,x86_64
BSD100,41033.png,x4,fsrcnn,prepared_bicubic_lr,41033.png,4,native_model_grid_then_full_target_size_adjustment,gaussian_11x11_sigma_1.5_population_covariance,limited_bt601_y_model_with_bicubic_cbcr,gpu,model_forward_only_cuda_events,Tesla T4,14912.6875,6.83251953125,12809,fsrcnn_x4.pth,c15150d6787d487f38a68e66be5ec8a964182403af494e6a935fa03eeb56a630,https://dl.dropboxusercontent.com/s/vsvumpopupdpmmu/fsrcnn_x4.pth,91-image,bicubic,480,320,481,321,True,30.226588106692674,0.7753367700521074,28.88949588690554,0.7425145716340876,0.7903007984161377,0.7840319871902466,0.03283047058019258,0.7514560222625732,0.8517119884490967,3,10,481,321,120,80,2.11.0+cu128,12.8,2026-08-31T12:12:00.468387+00:00,3.13.15,2.1.3,11.3.0,0.25.2,Linux-6.6.122+-x86_64-with-glibc2.35,x86_64
BSD100,41069.png,x4,fsrcnn,prepared_bicubic_lr,41069.png,4,native_model_grid_then_full_target_size_adjustment,gaussian_11x11_sigma_1.5_population_covariance,limited_bt601_y_model_with_bicubic_cbcr,gpu,model_forward_only_cuda_events,Tesla T4,14912.6875,6.83251953125,12809,fsrcnn_x4.pth,c15150d6787d487f38a68e66be5ec8a964182403af494e6a935fa03eeb56a630,https://dl.dropboxusercontent.com/s/vsvumpopupdpmmu/fsrcnn_x4.pth,91-image,bicubic,480,320,481,321,True,23.549857376891925,0.46575066911915997,22.235317716669044,0.4356160320672308,0.8506111979484559,0.8427839875221252,0.06282676729526031,0.7642239928245544,0.995199978351593,3,10,481,321,120,80,2.11.0+cu128,12.8,2026-08-31T12:12:00.697599+00:00,3.13.15,2.1.3,11.3.0,0.25.2,Linux-6.6.122+-x86_64-with-glibc2.35,x86_64
BSD100,42012.png,x4,fsrcnn,prepared_bicubic_lr,42012.png,4,native_model_grid_then_full_target_size_adjustment,gaussian_11x11_sigma_1.5_population_covariance,limited_bt601_y_model_with_bicubic_cbcr,gpu,model_forward_only_cuda_events,Tesla T4,14912.6875,6.83251953125,12809,fsrcnn_x4.pth,c15150d6787d487f38a68e66be5ec8a964182403af494e6a935fa03eeb56a630,https://dl.dropboxusercontent.com/s/vsvumpopupdpmmu/fsrcnn_x4.pth,91-image,bicubic,320,480,321,481,True,29.424093204672733,0.800712335080509,28.089874884707523,0.779679612854598,0.8091296017169952,0.8031839728355408,0.02690799475761565,0.7787520289421082,0.8763520121574402,3,10,321,481,80,120,2.11.0+cu128,12.8,2026-08-31T12:12:00.940358+00:00,3.13.15,2.1.3,11.3.0,0.25.2,Linux-6.6.122+-x86_64-with-glibc2.35,x86_64
BSD100,42049.png,x4,fsrcnn,prepared_bicubic_lr,42049.png,4,native_model_grid_then_full_target_size_adjustment,gaussian_11x11_sigma_1.5_population_covariance,limited_bt601_y_model_with_bicubic_cbcr,gpu,model_forward_only_cuda_events,Tesla T4,14912.6875,6.83251953125,12809,fsrcnn_x4.pth,c15150d6787d487f38a68e66be5ec8a964182403af494e6a935fa03eeb56a630,https://dl.dropboxusercontent.com/s/vsvumpopupdpmmu/fsrcnn_x4.pth,91-image,bicubic,480,320,481,321,True,29.54985941747922,0.9138529856172339,28.22143216430544,0.8999893913678679,0.7942239880561829,0.7895679771900177,0.023238549041218668,0.7568640112876892,0.8375999927520752,3,10,481,321,120,80,2.11.0+cu128,12.8,2026-08-31T12:12:01.166037+00:00,3.13.15,2.1.3,11.3.0,0.25.2,Linux-6.6.122+-x86_64-with-glibc2.35,x86_64
BSD100,43074.png,x4,fsrcnn,prepared_bicubic_lr,43074.png,4,native_model_grid_then_full_target_size_adjustment,gaussian_11x11_sigma_1.5_population_covariance,limited_bt601_y_model_with_bicubic_cbcr,gpu,model_forward_only_cuda_events,Tesla T4,14912.6875,6.83251953125,12809,fsrcnn_x4.pth,c15150d6787d487f38a68e66be5ec8a964182403af494e6a935fa03eeb56a630,https://dl.dropboxusercontent.com/s/vsvumpopupdpmmu/fsrcnn_x4.pth,91-image,bicubic,480,320,481,321,True,29.64159111256159,0.811778311074008,28.368001862604505,0.7900815209212135,0.7980383992195129,0.8120319843292236,0.026318197938041143,0.7537919878959656,0.8272960186004639,3,10,481,321,120,80,2.11.0+cu128,12.8,2026-08-31T12:12:01.393299+00:00,3.13.15,2.1.3,11.3.0,0.25.2,Linux-6.6.122+-x86_64-with-glibc2.35,x86_64
BSD100,45096.png,x4,fsrcnn,prepared_bicubic_lr,45096.png,4,native_model_grid_then_full_target_size_adjustment,gaussian_11x11_sigma_1.5_population_covariance,limited_bt601_y_model_with_bicubic_cbcr,gpu,model_forward_only_cuda_events,Tesla T4,14912.6875,6.83251953125,12809,fsrcnn_x4.pth,c15150d6787d487f38a68e66be5ec8a964182403af494e6a935fa03eeb56a630,https://dl.dropboxusercontent.com/s/vsvumpopupdpmmu/fsrcnn_x4.pth,91-image,bicubic,480,320,481,321,True,34.794145014147794,0.9230042953674357,33.21768601655607,0.9000550396999447,1.293231976032257,1.1250399947166443,0.5227494747102913,0.8422399759292603,2.4611198902130127,3,10,481,321,120,80,2.11.0+cu128,12.8,2026-08-31T12:12:01.616920+00:00,3.13.15,2.1.3,11.3.0,0.25.2,Linux-6.6.122+-x86_64-with-glibc2.35,x86_64
BSD100,54082.png,x4,fsrcnn,prepared_bicubic_lr,54082.png,4,native_model_grid_then_full_target_size_adjustment,gaussian_11x11_sigma_1.5_population_covariance,limited_bt601_y_model_with_bicubic_cbcr,gpu,model_forward_only_cuda_events,Tesla T4,14912.6875,6.83251953125,12809,fsrcnn_x4.pth,c15150d6787d487f38a68e66be5ec8a964182403af494e6a935fa03eeb56a630,https://dl.dropboxusercontent.com/s/vsvumpopupdpmmu/fsrcnn_x4.pth,91-image,bicubic,320,480,321,481,True,28.172539356428725,0.6967455555015667,26.834894266067522,0.6664146938524355,0.8437344074249268,0.8209760189056396,0.06844558150398598,0.77920001745224,0.9809920191764832,3,10,321,481,80,120,2.11.0+cu128,12.8,2026-08-31T12:12:01.840958+00:00,3.13.15,2.1.3,11.3.0,0.25.2,Linux-6.6.122+-x86_64-with-glibc2.35,x86_64
BSD100,55073.png,x4,fsrcnn,prepared_bicubic_lr,55073.png,4,native_model_grid_then_full_target_size_adjustment,gaussian_11x11_sigma_1.5_population_covariance,limited_bt601_y_model_with_bicubic_cbcr,gpu,model_forward_only_cuda_events,Tesla T4,14912.6875,6.83251953125,12809,fsrcnn_x4.pth,c15150d6787d487f38a68e66be5ec8a964182403af494e6a935fa03eeb56a630,https://dl.dropboxusercontent.com/s/vsvumpopupdpmmu/fsrcnn_x4.pth,91-image,bicubic,320,480,321,481,True,21.96430242731045,0.5028685876822578,20.71651970090639,0.4682387877164185,0.8033151984214782,0.8019039928913116,0.029304450754705093,0.7636160254478455,0.8724480271339417,3,10,321,481,80,120,2.11.0+cu128,12.8,2026-08-31T12:12:02.094252+00:00,3.13.15,2.1.3,11.3.0,0.25.2,Linux-6.6.122+-x86_64-with-glibc2.35,x86_64
BSD100,58060.png,x4,fsrcnn,prepared_bicubic_lr,58060.png,4,native_model_grid_then_full_target_size_adjustment,gaussian_11x11_sigma_1.5_population_covariance,limited_bt601_y_model_with_bicubic_cbcr,gpu,model_forward_only_cuda_events,Tesla T4,14912.6875,6.83251953125,12809,fsrcnn_x4.pth,c15150d6787d487f38a68e66be5ec8a964182403af494e6a935fa03eeb56a630,https://dl.dropboxusercontent.com/s/vsvumpopupdpmmu/fsrcnn_x4.pth,91-image,bicubic,480,320,481,321,True,20.836334429769202,0.573083493780244,19.591262760928974,0.5486126093887644,0.7931840062141419,0.7773759961128235,0.03296137589832892,0.7644479870796204,0.8788800239562988,3,10,481,321,120,80,2.11.0+cu128,12.8,2026-08-31T12:12:02.302581+00:00,3.13.15,2.1.3,11.3.0,0.25.2,Linux-6.6.122+-x86_64-with-glibc2.35,x86_64
BSD100,62096.png,x4,fsrcnn,prepared_bicubic_lr,62096.png,4,native_model_grid_then_full_target_size_adjustment,gaussian_11x11_sigma_1.5_population_covariance,limited_bt601_y_model_with_bicubic_cbcr,gpu,model_forward_only_cuda_events,Tesla T4,14912.6875,6.83251953125,12809,fsrcnn_x4.pth,c15150d6787d487f38a68e66be5ec8a964182403af494e6a935fa03eeb56a630,https://dl.dropboxusercontent.com/s/vsvumpopupdpmmu/fsrcnn_x4.pth,91-image,bicubic,480,320,481,321,True,24.70089103458101,0.7434793322940685,23.296025562738603,0.7185387562110948,0.7915808022022247,0.7798560261726379,0.02953712813726742,0.7642560005187988,0.8487039804458618,3,10,481,321,120,80,2.11.0+cu128,12.8,2026-08-31T12:12:02.538414+00:00,3.13.15,2.1.3,11.3.0,0.25.2,Linux-6.6.122+-x86_64-with-glibc2.35,x86_64
BSD100,65033.png,x4,fsrcnn,prepared_bicubic_lr,65033.png,4,native_model_grid_then_full_target_size_adjustment,gaussian_11x11_sigma_1.5_population_covariance,limited_bt601_y_model_with_bicubic_cbcr,gpu,model_forward_only_cuda_events,Tesla T4,14912.6875,6.83251953125,12809,fsrcnn_x4.pth,c15150d6787d487f38a68e66be5ec8a964182403af494e6a935fa03eeb56a630,https://dl.dropboxusercontent.com/s/vsvumpopupdpmmu/fsrcnn_x4.pth,91-image,bicubic,480,320,481,321,True,24.641276150364654,0.5683141492111645,23.37277053266561,0.5242467198394616,0.8968832075595856,0.8858560025691986,0.09009705605830584,0.7802559733390808,1.0622080564498901,3,10,481,321,120,80,2.11.0+cu128,12.8,2026-08-31T12:12:02.764002+00:00,3.13.15,2.1.3,11.3.0,0.25.2,Linux-6.6.122+-x86_64-with-glibc2.35,x86_64
BSD100,66053.png,x4,fsrcnn,prepared_bicubic_lr,66053.png,4,native_model_grid_then_full_target_size_adjustment,gaussian_11x11_sigma_1.5_population_covariance,limited_bt601_y_model_with_bicubic_cbcr,gpu,model_forward_only_cuda_events,Tesla T4,14912.6875,6.83251953125,12809,fsrcnn_x4.pth,c15150d6787d487f38a68e66be5ec8a964182403af494e6a935fa03eeb56a630,https://dl.dropboxusercontent.com/s/vsvumpopupdpmmu/fsrcnn_x4.pth,91-image,bicubic,480,320,481,321,True,27.038281428388437,0.6742660674774165,25.757537183964484,0.6422885678981213,0.8017599940299988,0.7859039902687073,0.03928497332201285,0.7516160011291504,0.8765439987182617,3,10,481,321,120,80,2.11.0+cu128,12.8,2026-08-31T12:12:02.987024+00:00,3.13.15,2.1.3,11.3.0,0.25.2,Linux-6.6.122+-x86_64-with-glibc2.35,x86_64
BSD100,69015.png,x4,fsrcnn,prepared_bicubic_lr,69015.png,4,native_model_grid_then_full_target_size_adjustment,gaussian_11x11_sigma_1.5_population_covariance,limited_bt601_y_model_with_bicubic_cbcr,gpu,model_forward_only_cuda_events,Tesla T4,14912.6875,6.83251953125,12809,fsrcnn_x4.pth,c15150d6787d487f38a68e66be5ec8a964182403af494e6a935fa03eeb56a630,https://dl.dropboxusercontent.com/s/vsvumpopupdpmmu/fsrcnn_x4.pth,91-image,bicubic,320,480,321,481,True,30.031030821132294,0.786571304681353,28.66900308500223,0.7607778546076355,0.812067198753357,0.8009440004825592,0.03279468466783231,0.7800319790840149,0.8997120261192322,3,10,321,481,80,120,2.11.0+cu128,12.8,2026-08-31T12:12:03.226966+00:00,3.13.15,2.1.3,11.3.0,0.25.2,Linux-6.6.122+-x86_64-with-glibc2.35,x86_64
BSD100,69020.png,x4,fsrcnn,prepared_bicubic_lr,69020.png,4,native_model_grid_then_full_target_size_adjustment,gaussian_11x11_sigma_1.5_population_covariance,limited_bt601_y_model_with_bicubic_cbcr,gpu,model_forward_only_cuda_events,Tesla T4,14912.6875,6.83251953125,12809,fsrcnn_x4.pth,c15150d6787d487f38a68e66be5ec8a964182403af494e6a935fa03eeb56a630,https://dl.dropboxusercontent.com/s/vsvumpopupdpmmu/fsrcnn_x4.pth,91-image,bicubic,480,320,481,321,True,27.048501710874397,0.549954518744738,25.674658453568643,0.5207606374774408,0.868015992641449,0.8111200034618378,0.1206116342671953,0.7743039727210999,1.1967999935150146,3,10,481,321,120,80,2.11.0+cu128,12.8,2026-08-31T12:12:03.467717+00:00,3.13.15,2.1.3,11.3.0,0.25.2,Linux-6.6.122+-x86_64-with-glibc2.35,x86_64
BSD100,69040.png,x4,fsrcnn,prepared_bicubic_lr,69040.png,4,native_model_grid_then_full_target_size_adjustment,gaussian_11x11_sigma_1.5_population_covariance,limited_bt601_y_model_with_bicubic_cbcr,gpu,model_forward_only_cuda_events,Tesla T4,14912.6875,6.83251953125,12809,fsrcnn_x4.pth,c15150d6787d487f38a68e66be5ec8a964182403af494e6a935fa03eeb56a630,https://dl.dropboxusercontent.com/s/vsvumpopupdpmmu/fsrcnn_x4.pth,91-image,bicubic,480,320,481,321,True,24.807375096812407,0.618657682753375,23.452886693906606,0.5953884470676564,0.8155552029609681,0.8149439990520477,0.04003329437613346,0.7567999958992004,0.864736020565033,3,10,481,321,120,80,2.11.0+cu128,12.8,2026-08-31T12:12:03.703585+00:00,3.13.15,2.1.3,11.3.0,0.25.2,Linux-6.6.122+-x86_64-with-glibc2.35,x86_64
BSD100,76053.png,x4,fsrcnn,prepared_bicubic_lr,76053.png,4,native_model_grid_then_full_target_size_adjustment,gaussian_11x11_sigma_1.5_population_covariance,limited_bt601_y_model_with_bicubic_cbcr,gpu,model_forward_only_cuda_events,Tesla T4,14912.6875,6.83251953125,12809,fsrcnn_x4.pth,c15150d6787d487f38a68e66be5ec8a964182403af494e6a935fa03eeb56a630,https://dl.dropboxusercontent.com/s/vsvumpopupdpmmu/fsrcnn_x4.pth,91-image,bicubic,480,320,481,321,True,28.692111721347764,0.692295207921727,27.39732612711629,0.6464666720757258,0.8437087893486023,0.8374879956245422,0.044029099554228374,0.7844799757003784,0.9310399889945984,3,10,481,321,120,80,2.11.0+cu128,12.8,2026-08-31T12:12:03.965017+00:00,3.13.15,2.1.3,11.3.0,0.25.2,Linux-6.6.122+-x86_64-with-glibc2.35,x86_64
BSD100,78004.png,x4,fsrcnn,prepared_bicubic_lr,78004.png,4,native_model_grid_then_full_target_size_adjustment,gaussian_11x11_sigma_1.5_population_covariance,limited_bt601_y_model_with_bicubic_cbcr,gpu,model_forward_only_cuda_events,Tesla T4,14912.6875,6.83251953125,12809,fsrcnn_x4.pth,c15150d6787d487f38a68e66be5ec8a964182403af494e6a935fa03eeb56a630,https://dl.dropboxusercontent.com/s/vsvumpopupdpmmu/fsrcnn_x4.pth,91-image,bicubic,320,480,321,481,True,25.44498163122961,0.6965700069036929,24.142380063938216,0.667153719290961,0.8323935985565185,0.8360640108585358,0.034321220318693876,0.7892799973487854,0.9093120098114014,3,10,321,481,80,120,2.11.0+cu128,12.8,2026-08-31T12:12:04.220411+00:00,3.13.15,2.1.3,11.3.0,0.25.2,Linux-6.6.122+-x86_64-with-glibc2.35,x86_64
BSD100,8023.png,x4,fsrcnn,prepared_bicubic_lr,8023.png,4,native_model_grid_then_full_target_size_adjustment,gaussian_11x11_sigma_1.5_population_covariance,limited_bt601_y_model_with_bicubic_cbcr,gpu,model_forward_only_cuda_events,Tesla T4,14912.6875,6.83251953125,12809,fsrcnn_x4.pth,c15150d6787d487f38a68e66be5ec8a964182403af494e6a935fa03eeb56a630,https://dl.dropboxusercontent.com/s/vsvumpopupdpmmu/fsrcnn_x4.pth,91-image,bicubic,480,320,481,321,True,30.256175910280625,0.8601720259339145,28.783730594833287,0.8438361696089863,0.8442975997924804,0.8477920293807983,0.04390779883164917,0.7899199724197388,0.9186559915542603,3,10,481,321,120,80,2.11.0+cu128,12.8,2026-08-31T12:12:04.458230+00:00,3.13.15,2.1.3,11.3.0,0.25.2,Linux-6.6.122+-x86_64-with-glibc2.35,x86_64
BSD100,85048.png,x4,fsrcnn,prepared_bicubic_lr,85048.png,4,native_model_grid_then_full_target_size_adjustment,gaussian_11x11_sigma_1.5_population_covariance,limited_bt601_y_model_with_bicubic_cbcr,gpu,model_forward_only_cuda_events,Tesla T4,14912.6875,6.83251953125,12809,fsrcnn_x4.pth,c15150d6787d487f38a68e66be5ec8a964182403af494e6a935fa03eeb56a630,https://dl.dropboxusercontent.com/s/vsvumpopupdpmmu/fsrcnn_x4.pth,91-image,bicubic,480,320,481,321,True,25.119877445552703,0.6751384284675993,23.75341599816562,0.6498791726458357,0.9851039946079254,0.9053920209407806,0.1663658804134053,0.7961919903755188,1.3024959564208984,3,10,481,321,120,80,2.11.0+cu128,12.8,2026-08-31T12:12:04.696047+00:00,3.13.15,2.1.3,11.3.0,0.25.2,Linux-6.6.122+-x86_64-with-glibc2.35,x86_64
BSD100,86000.png,x4,fsrcnn,prepared_bicubic_lr,86000.png,4,native_model_grid_then_full_target_size_adjustment,gaussian_11x11_sigma_1.5_population_covariance,limited_bt601_y_model_with_bicubic_cbcr,gpu,model_forward_only_cuda_events,Tesla T4,14912.6875,6.83251953125,12809,fsrcnn_x4.pth,c15150d6787d487f38a68e66be5ec8a964182403af494e6a935fa03eeb56a630,https://dl.dropboxusercontent.com/s/vsvumpopupdpmmu/fsrcnn_x4.pth,91-image,bicubic,320,480,321,481,True,25.166356517754373,0.7514498637215653,23.79560464403756,0.7285789052110124,0.9262815892696381,0.8404960036277771,0.20635462732862897,0.7839679718017578,1.4948159456253052,3,10,321,481,80,120,2.11.0+cu128,12.8,2026-08-31T12:12:04.923423+00:00,3.13.15,2.1.3,11.3.0,0.25.2,Linux-6.6.122+-x86_64-with-glibc2.35,x86_64
BSD100,86016.png,x4,fsrcnn,prepared_bicubic_lr,86016.png,4,native_model_grid_then_full_target_size_adjustment,gaussian_11x11_sigma_1.5_population_covariance,limited_bt601_y_model_with_bicubic_cbcr,gpu,model_forward_only_cuda_events,Tesla T4,14912.6875,6.83251953125,12809,fsrcnn_x4.pth,c15150d6787d487f38a68e66be5ec8a964182403af494e6a935fa03eeb56a630,https://dl.dropboxusercontent.com/s/vsvumpopupdpmmu/fsrcnn_x4.pth,91-image,bicubic,480,320,481,321,True,21.84812962540334,0.3041470386310952,20.521789993535776,0.27734086540328395,0.9212448060512543,0.9225279986858368,0.06930009831439972,0.845408022403717,1.0827200412750244,3,10,481,321,120,80,2.11.0+cu128,12.8,2026-08-31T12:12:05.173825+00:00,3.13.15,2.1.3,11.3.0,0.25.2,Linux-6.6.122+-x86_64-with-glibc2.35,x86_64
BSD100,86068.png,x4,fsrcnn,prepared_bicubic_lr,86068.png,4,native_model_grid_then_full_target_size_adjustment,gaussian_11x11_sigma_1.5_population_covariance,limited_bt601_y_model_with_bicubic_cbcr,gpu,model_forward_only_cuda_events,Tesla T4,14912.6875,6.83251953125,12809,fsrcnn_x4.pth,c15150d6787d487f38a68e66be5ec8a964182403af494e6a935fa03eeb56a630,https://dl.dropboxusercontent.com/s/vsvumpopupdpmmu/fsrcnn_x4.pth,91-image,bicubic,480,320,481,321,True,26.872104342877243,0.5486875537052631,25.53947013249967,0.5061995922839061,0.8299104034900665,0.789872020483017,0.055487592221468734,0.7821120023727417,0.9295679926872253,3,10,481,321,120,80,2.11.0+cu128,12.8,2026-08-31T12:12:05.431903+00:00,3.13.15,2.1.3,11.3.0,0.25.2,Linux-6.6.122+-x86_64-with-glibc2.35,x86_64
BSD100,87046.png,x4,fsrcnn,prepared_bicubic_lr,87046.png,4,native_model_grid_then_full_target_size_adjustment,gaussian_11x11_sigma_1.5_population_covariance,limited_bt601_y_model_with_bicubic_cbcr,gpu,model_forward_only_cuda_events,Tesla T4,14912.6875,6.83251953125,12809,fsrcnn_x4.pth,c15150d6787d487f38a68e66be5ec8a964182403af494e6a935fa03eeb56a630,https://dl.dropboxusercontent.com/s/vsvumpopupdpmmu/fsrcnn_x4.pth,91-image,bicubic,480,320,481,321,True,25.85297077062192,0.7562033724571735,24.522956535860526,0.7379473897334581,0.8577664017677307,0.7876160144805908,0.19989544493816105,0.7593280076980591,1.4542720317840576,3,10,481,321,120,80,2.11.0+cu128,12.8,2026-08-31T12:12:05.653887+00:00,3.13.15,2.1.3,11.3.0,0.25.2,Linux-6.6.122+-x86_64-with-glibc2.35,x86_64
BSD100,89072.png,x4,fsrcnn,prepared_bicubic_lr,89072.png,4,native_model_grid_then_full_target_size_adjustment,gaussian_11x11_sigma_1.5_population_covariance,limited_bt601_y_model_with_bicubic_cbcr,gpu,model_forward_only_cuda_events,Tesla T4,14912.6875,6.83251953125,12809,fsrcnn_x4.pth,c15150d6787d487f38a68e66be5ec8a964182403af494e6a935fa03eeb56a630,https://dl.dropboxusercontent.com/s/vsvumpopupdpmmu/fsrcnn_x4.pth,91-image,bicubic,320,480,321,481,True,26.287814239952553,0.7038208512239136,24.961827459406024,0.6742586985894867,1.1186944007873536,1.0834880471229553,0.26511324939342423,0.7832000255584717,1.6301759481430054,3,10,321,481,80,120,2.11.0+cu128,12.8,2026-08-31T12:12:05.882090+00:00,3.13.15,2.1.3,11.3.0,0.25.2,Linux-6.6.122+-x86_64-with-glibc2.35,x86_64
BSD100,97033.png,x4,fsrcnn,prepared_bicubic_lr,97033.png,4,native_model_grid_then_full_target_size_adjustment,gaussian_11x11_sigma_1.5_population_covariance,limited_bt601_y_model_with_bicubic_cbcr,gpu,model_forward_only_cuda_events,Tesla T4,14912.6875,6.83251953125,12809,fsrcnn_x4.pth,c15150d6787d487f38a68e66be5ec8a964182403af494e6a935fa03eeb56a630,https://dl.dropboxusercontent.com/s/vsvumpopupdpmmu/fsrcnn_x4.pth,91-image,bicubic,480,320,481,321,True,24.34241110617094,0.6816141274079495,23.03516668729913,0.6568697999873425,0.8387167930603028,0.8466239869594574,0.050365053357294576,0.768127977848053,0.9256960153579712,3,10,481,321,120,80,2.11.0+cu128,12.8,2026-08-31T12:12:06.109097+00:00,3.13.15,2.1.3,11.3.0,0.25.2,Linux-6.6.122+-x86_64-with-glibc2.35,x86_64
Urban100,img_001.png,x4,fsrcnn,prepared_bicubic_lr,img_001.png,4,native_model_grid_then_full_target_size_adjustment,gaussian_11x11_sigma_1.5_population_covariance,limited_bt601_y_model_with_bicubic_cbcr,gpu,model_forward_only_cuda_events,Tesla T4,14912.6875,29.14453125,12809,fsrcnn_x4.pth,c15150d6787d487f38a68e66be5ec8a964182403af494e6a935fa03eeb56a630,https://dl.dropboxusercontent.com/s/vsvumpopupdpmmu/fsrcnn_x4.pth,91-image,bicubic,1024,644,1024,644,False,26.31535255128743,0.7127397182926077,24.895367451235128,0.6773549208756541,2.04028799533844,2.039792060852051,0.003956296726999219,2.0320639610290527,2.0471038818359375,3,10,1024,644,256,161,2.11.0+cu128,12.8,2026-08-31T12:12:07.048865+00:00,3.13.15,2.1.3,11.3.0,0.25.2,Linux-6.6.122+-x86_64-with-glibc2.35,x86_64
Urban100,img_002.png,x4,fsrcnn,prepared_bicubic_lr,img_002.png,4,native_model_grid_then_full_target_size_adjustment,gaussian_11x11_sigma_1.5_population_covariance,limited_bt601_y_model_with_bicubic_cbcr,gpu,model_forward_only_cuda_events,Tesla T4,14912.6875,35.2451171875,12809,fsrcnn_x4.pth,c15150d6787d487f38a68e66be5ec8a964182403af494e6a935fa03eeb56a630,https://dl.dropboxusercontent.com/s/vsvumpopupdpmmu/fsrcnn_x4.pth,91-image,bicubic,1024,768,1024,768,False,25.299676434452536,0.7490052472676615,23.94509419143581,0.7240719137888295,2.381222367286682,2.3786239624023438,0.012451662512658446,2.365151882171631,2.4127678871154785,3,10,1024,768,256,192,2.11.0+cu128,12.8,2026-08-31T12:12:08.595924+00:00,3.13.15,2.1.3,11.3.0,0.25.2,Linux-6.6.122+-x86_64-with-glibc2.35,x86_64
Urban100,img_003.png,x4,fsrcnn,prepared_bicubic_lr,img_003.png,4,native_model_grid_then_full_target_size_adjustment,gaussian_11x11_sigma_1.5_population_covariance,limited_bt601_y_model_with_bicubic_cbcr,gpu,model_forward_only_cuda_events,Tesla T4,14912.6875,30.8486328125,12809,fsrcnn_x4.pth,c15150d6787d487f38a68e66be5ec8a964182403af494e6a935fa03eeb56a630,https://dl.dropboxusercontent.com/s/vsvumpopupdpmmu/fsrcnn_x4.pth,91-image,bicubic,1024,680,1024,680,False,22.80474630995918,0.6138609628033627,21.20282857167977,0.5741304924804432,2.149798345565796,2.147615909576416,0.006288101073043231,2.1418559551239014,2.160736083984375,3,10,1024,680,256,170,2.11.0+cu128,12.8,2026-08-31T12:12:09.920499+00:00,3.13.15,2.1.3,11.3.0,0.25.2,Linux-6.6.122+-x86_64-with-glibc2.35,x86_64
Urban100,img_004.png,x4,fsrcnn,prepared_bicubic_lr,img_004.png,4,native_model_grid_then_full_target_size_adjustment,gaussian_11x11_sigma_1.5_population_covariance,limited_bt601_y_model_with_bicubic_cbcr,gpu,model_forward_only_cuda_events,Tesla T4,14912.6875,30.8486328125,12809,fsrcnn_x4.pth,c15150d6787d487f38a68e66be5ec8a964182403af494e6a935fa03eeb56a630,https://dl.dropboxusercontent.com/s/vsvumpopupdpmmu/fsrcnn_x4.pth,91-image,bicubic,1024,680,1024,680,False,22.22237732944935,0.7635368235333991,20.92093501333966,0.740204133807595,2.1363103866577147,2.1340320110321045,0.010642039419463324,2.122175931930542,2.16048002243042,3,10,1024,680,256,170,2.11.0+cu128,12.8,2026-08-31T12:12:11.244637+00:00,3.13.15,2.1.3,11.3.0,0.25.2,Linux-6.6.122+-x86_64-with-glibc2.35,x86_64
Urban100,img_005.png,x4,fsrcnn,prepared_bicubic_lr,img_005.png,4,native_model_grid_then_full_target_size_adjustment,gaussian_11x11_sigma_1.5_population_covariance,limited_bt601_y_model_with_bicubic_cbcr,gpu,model_forward_only_cuda_events,Tesla T4,14912.6875,35.2451171875,12809,fsrcnn_x4.pth,c15150d6787d487f38a68e66be5ec8a964182403af494e6a935fa03eeb56a630,https://dl.dropboxusercontent.com/s/vsvumpopupdpmmu/fsrcnn_x4.pth,91-image,bicubic,1024,768,1024,768,False,25.792141099471174,0.9004288814414872,24.392360987094786,0.8742019732397592,2.3570111989974976,2.3475040197372437,0.029478624372550274,2.3245439529418945,2.424448013305664,3,10,1024,768,256,192,2.11.0+cu128,12.8,2026-08-31T12:12:12.213984+00:00,3.13.15,2.1.3,11.3.0,0.25.2,Linux-6.6.122+-x86_64-with-glibc2.35,x86_64
Urban100,img_006.png,x4,fsrcnn,prepared_bicubic_lr,img_006.png,4,native_model_grid_then_full_target_size_adjustment,gaussian_11x11_sigma_1.5_population_covariance,limited_bt601_y_model_with_bicubic_cbcr,gpu,model_forward_only_cuda_events,Tesla T4,14912.6875,46.3076171875,12809,fsrcnn_x4.pth,c15150d6787d487f38a68e66be5ec8a964182403af494e6a935fa03eeb56a630,https://dl.dropboxusercontent.com/s/vsvumpopupdpmmu/fsrcnn_x4.pth,91-image,bicubic,1024,1024,1024,1024,False,20.94541345673445,0.5635857686542969,19.58343341285573,0.5353200407062068,3.0438783884048464,3.043344020843506,0.011519099733775549,3.023263931274414,3.0594561100006104,3,10,1024,1024,256,256,2.11.0+cu128,12.8,2026-08-31T12:12:13.693255+00:00,3.13.15,2.1.3,11.3.0,0.25.2,Linux-6.6.122+-x86_64-with-glibc2.35,x86_64
Urban100,img_007.png,x4,fsrcnn,prepared_bicubic_lr,img_007.png,4,native_model_grid_then_full_target_size_adjustment,gaussian_11x11_sigma_1.5_population_covariance,limited_bt601_y_model_with_bicubic_cbcr,gpu,model_forward_only_cuda_events,Tesla T4,14912.6875,30.8251953125,12809,fsrcnn_x4.pth,c15150d6787d487f38a68e66be5ec8a964182403af494e6a935fa03eeb56a630,https://dl.dropboxusercontent.com/s/vsvumpopupdpmmu/fsrcnn_x4.pth,91-image,bicubic,1024,680,1024,680,False,28.137758210209903,0.8230137276196658,26.518103340157456,0.7962966836816227,2.121609616279602,2.123215913772583,0.00984130279422749,2.102976083755493,2.1351680755615234,3,10,1024,680,256,170,2.11.0+cu128,12.8,2026-08-31T12:12:14.601238+00:00,3.13.15,2.1.3,11.3.0,0.25.2,Linux-6.6.122+-x86_64-with-glibc2.35,x86_64
Urban100,img_008.png,x4,fsrcnn,prepared_bicubic_lr,img_008.png,4,native_model_grid_then_full_target_size_adjustment,gaussian_11x11_sigma_1.5_population_covariance,limited_bt601_y_model_with_bicubic_cbcr,gpu,model_forward_only_cuda_events,Tesla T4,14912.6875,25.892578125,12809,fsrcnn_x4.pth,c15150d6787d487f38a68e66be5ec8a964182403af494e6a935fa03eeb56a630,https://dl.dropboxusercontent.com/s/vsvumpopupdpmmu/fsrcnn_x4.pth,91-image,bicubic,1024,572,1024,572,False,20.449073976959994,0.5779434619555207,19.205426268478718,0.5666274207026699,1.8179935932159423,1.8216480016708374,0.016946834062784927,1.7906240224838257,1.8517760038375854,3,10,1024,572,256,143,2.11.0+cu128,12.8,2026-08-31T12:12:15.345419+00:00,3.13.15,2.1.3,11.3.0,0.25.2,Linux-6.6.122+-x86_64-with-glibc2.35,x86_64
Urban100,img_009.png,x4,fsrcnn,prepared_bicubic_lr,img_009.png,4,native_model_grid_then_full_target_size_adjustment,gaussian_11x11_sigma_1.5_population_covariance,limited_bt601_y_model_with_bicubic_cbcr,gpu,model_forward_only_cuda_events,Tesla T4,14912.6875,36.017578125,12809,fsrcnn_x4.pth,c15150d6787d487f38a68e66be5ec8a964182403af494e6a935fa03eeb56a630,https://dl.dropboxusercontent.com/s/vsvumpopupdpmmu/fsrcnn_x4.pth,91-image,bicubic,1024,796,1024,796,False,31.77503298773425,0.8666564420135842,30.109137759749395,0.8420879012472234,2.4209696531295775,2.422384023666382,0.0058714457747076594,2.4104959964752197,2.4277760982513428,3,10,1024,796,256,199,2.11.0+cu128,12.8,2026-08-31T12:12:16.399065+00:00,3.13.15,2.1.3,11.3.0,0.25.2,Linux-6.6.122+-x86_64-with-glibc2.35,x86_64
Urban100,img_010.png,x4,fsrcnn,prepared_bicubic_lr,img_010.png,4,native_model_grid_then_full_target_size_adjustment,gaussian_11x11_sigma_1.5_population_covariance,limited_bt601_y_model_with_bicubic_cbcr,gpu,model_forward_only_cuda_events,Tesla T4,14912.6875,37.7568359375,12809,fsrcnn_x4.pth,c15150d6787d487f38a68e66be5ec8a964182403af494e6a935fa03eeb56a630,https://dl.dropboxusercontent.com/s/vsvumpopupdpmmu/fsrcnn_x4.pth,91-image,bicubic,1024,816,1024,816,False,24.782926006301516,0.8120365497664035,23.401528124865706,0.7854272230936616,2.5075040102005004,2.5036799907684326,0.016221778534753484,2.4888319969177246,2.545759916305542,3,10,1024,816,256,204,2.11.0+cu128,12.8,2026-08-31T12:12:17.534452+00:00,3.13.15,2.1.3,11.3.0,0.25.2,Linux-6.6.122+-x86_64-with-glibc2.35,x86_64
Urban100,img_011.png,x4,fsrcnn,prepared_bicubic_lr,img_011.png,4,native_model_grid_then_full_target_size_adjustment,gaussian_11x11_sigma_1.5_population_covariance,limited_bt601_y_model_with_bicubic_cbcr,gpu,model_forward_only_cuda_events,Tesla T4,14912.6875,25.53125,12809,fsrcnn_x4.pth,c15150d6787d487f38a68e66be5ec8a964182403af494e6a935fa03eeb56a630,https://dl.dropboxusercontent.com/s/vsvumpopupdpmmu/fsrcnn_x4.pth,91-image,bicubic,564,1024,564,1024,False,17.17213592799942,0.7213147033932312,15.85021539308607,0.6917574367101311,1.7846464037895202,1.7800639867782593,0.012580218618325341,1.7694720029830933,1.8058240413665771,3,10,564,1024,141,256,2.11.0+cu128,12.8,2026-08-31T12:12:18.190163+00:00,3.13.15,2.1.3,11.3.0,0.25.2,Linux-6.6.122+-x86_64-with-glibc2.35,x86_64
Urban100,img_012.png,x4,fsrcnn,prepared_bicubic_lr,img_012.png,4,native_model_grid_then_full_target_size_adjustment,gaussian_11x11_sigma_1.5_population_covariance,limited_bt601_y_model_with_bicubic_cbcr,gpu,model_forward_only_cuda_events,Tesla T4,14912.6875,35.2451171875,12809,fsrcnn_x4.pth,c15150d6787d487f38a68e66be5ec8a964182403af494e6a935fa03eeb56a630,https://dl.dropboxusercontent.com/s/vsvumpopupdpmmu/fsrcnn_x4.pth,91-image,bicubic,1024,768,1024,768,False,23.262380377658015,0.67588474728839,21.2444900191217,0.6424566423454184,2.3505759716033934,2.352671980857849,0.019443106636790594,2.319456100463867,2.37772798538208,3,10,1024,768,256,192,2.11.0+cu128,12.8,2026-08-31T12:12:19.180406+00:00,3.13.15,2.1.3,11.3.0,0.25.2,Linux-6.6.122+-x86_64-with-glibc2.35,x86_64
Urban100,img_013.png,x4,fsrcnn,prepared_bicubic_lr,img_013.png,4,native_model_grid_then_full_target_size_adjustment,gaussian_11x11_sigma_1.5_population_covariance,limited_bt601_y_model_with_bicubic_cbcr,gpu,model_forward_only_cuda_events,Tesla T4,14912.6875,35.134765625,12809,fsrcnn_x4.pth,c15150d6787d487f38a68e66be5ec8a964182403af494e6a935fa03eeb56a630,https://dl.dropboxusercontent.com/s/vsvumpopupdpmmu/fsrcnn_x4.pth,91-image,bicubic,1024,764,1024,764,False,27.994776006279494,0.7863573555434528,26.476144970315694,0.7306993574766348,2.336736035346985,2.3308640718460083,0.016843184004353074,2.3163840770721436,2.376192092895508,3,10,1024,764,256,191,2.11.0+cu128,12.8,2026-08-31T12:12:20.269823+00:00,3.13.15,2.1.3,11.3.0,0.25.2,Linux-6.6.122+-x86_64-with-glibc2.35,x86_64
Urban100,img_014.png,x4,fsrcnn,prepared_bicubic_lr,img_014.png,4,native_model_grid_then_full_target_size_adjustment,gaussian_11x11_sigma_1.5_population_covariance,limited_bt601_y_model_with_bicubic_cbcr,gpu,model_forward_only_cuda_events,Tesla T4,14912.6875,46.3076171875,12809,fsrcnn_x4.pth,c15150d6787d487f38a68e66be5ec8a964182403af494e6a935fa03eeb56a630,https://dl.dropboxusercontent.com/s/vsvumpopupdpmmu/fsrcnn_x4.pth,91-image,bicubic,1024,1024,1024,1024,False,21.803826994809366,0.6251905723693416,20.507377276965144,0.6036813724682597,3.028006362915039,3.0238559246063232,0.014702673378261486,3.0105600357055664,3.0556159019470215,3,10,1024,1024,256,256,2.11.0+cu128,12.8,2026-08-31T12:12:21.818025+00:00,3.13.15,2.1.3,11.3.0,0.25.2,Linux-6.6.122+-x86_64-with-glibc2.35,x86_64
Urban100,img_015.png,x4,fsrcnn,prepared_bicubic_lr,img_015.png,4,native_model_grid_then_full_target_size_adjustment,gaussian_11x11_sigma_1.5_population_covariance,limited_bt601_y_model_with_bicubic_cbcr,gpu,model_forward_only_cuda_events,Tesla T4,14912.6875,35.35546875,12809,fsrcnn_x4.pth,c15150d6787d487f38a68e66be5ec8a964182403af494e6a935fa03eeb56a630,https://dl.dropboxusercontent.com/s/vsvumpopupdpmmu/fsrcnn_x4.pth,91-image,bicubic,1024,772,1024,772,False,24.46974747758253,0.6796693113260762,23.01003058647463,0.6306499039801534,2.396793580055237,2.395263910293579,0.006161537398282479,2.3886399269104004,2.4074881076812744,3,10,1024,772,256,193,2.11.0+cu128,12.8,2026-08-31T12:12:23.187995+00:00,3.13.15,2.1.3,11.3.0,0.25.2,Linux-6.6.122+-x86_64-with-glibc2.35,x86_64
Urban100,img_016.png,x4,fsrcnn,prepared_bicubic_lr,img_016.png,4,native_model_grid_then_full_target_size_adjustment,gaussian_11x11_sigma_1.5_population_covariance,limited_bt601_y_model_with_bicubic_cbcr,gpu,model_forward_only_cuda_events,Tesla T4,14912.6875,46.3076171875,12809,fsrcnn_x4.pth,c15150d6787d487f38a68e66be5ec8a964182403af494e6a935fa03eeb56a630,https://dl.dropboxusercontent.com/s/vsvumpopupdpmmu/fsrcnn_x4.pth,91-image,bicubic,1024,1024,1024,1024,False,27.88836574816354,0.8737283370944295,26.480296418146565,0.8027109814634065,3.0551040410995483,3.0502880811691284,0.015506644708855157,3.0345280170440674,3.086303949356079,3,10,1024,1024,256,256,2.11.0+cu128,12.8,2026-08-31T12:12:24.889032+00:00,3.13.15,2.1.3,11.3.0,0.25.2,Linux-6.6.122+-x86_64-with-glibc2.35,x86_64
Urban100,img_017.png,x4,fsrcnn,prepared_bicubic_lr,img_017.png,4,native_model_grid_then_full_target_size_adjustment,gaussian_11x11_sigma_1.5_population_covariance,limited_bt601_y_model_with_bicubic_cbcr,gpu,model_forward_only_cuda_events,Tesla T4,14912.6875,31.3125,12809,fsrcnn_x4.pth,c15150d6787d487f38a68e66be5ec8a964182403af494e6a935fa03eeb56a630,https://dl.dropboxusercontent.com/s/vsvumpopupdpmmu/fsrcnn_x4.pth,91-image,bicubic,1024,692,1024,692,False,24.281427319001313,0.7610845462840266,22.768633696715188,0.7409065018810517,2.1621376276016235,2.157696008682251,0.015043661347865911,2.1452479362487793,2.1866559982299805,3,10,1024,692,256,173,2.11.0+cu128,12.8,2026-08-31T12:12:26.002334+00:00,3.13.15,2.1.3,11.3.0,0.25.2,Linux-6.6.122+-x86_64-with-glibc2.35,x86_64
Urban100,img_018.png,x4,fsrcnn,prepared_bicubic_lr,img_018.png,4,native_model_grid_then_full_target_size_adjustment,gaussian_11x11_sigma_1.5_population_covariance,limited_bt601_y_model_with_bicubic_cbcr,gpu,model_forward_only_cuda_events,Tesla T4,14912.6875,35.2451171875,12809,fsrcnn_x4.pth,c15150d6787d487f38a68e66be5ec8a964182403af494e6a935fa03eeb56a630,https://dl.dropboxusercontent.com/s/vsvumpopupdpmmu/fsrcnn_x4.pth,91-image,bicubic,1024,768,1024,768,False,25.66470881581278,0.6718732888476194,23.739865097214505,0.6205526284204638,2.353228807449341,2.349792003631592,0.022772541311979342,2.3214080333709717,2.3871359825134277,3,10,1024,768,256,192,2.11.0+cu128,12.8,2026-08-31T12:12:27.070474+00:00,3.13.15,2.1.3,11.3.0,0.25.2,Linux-6.6.122+-x86_64-with-glibc2.35,x86_64
Urban100,img_019.png,x4,fsrcnn,prepared_bicubic_lr,img_019.png,4,native_model_grid_then_full_target_size_adjustment,gaussian_11x11_sigma_1.5_population_covariance,limited_bt601_y_model_with_bicubic_cbcr,gpu,model_forward_only_cuda_events,Tesla T4,14912.6875,30.8251953125,12809,fsrcnn_x4.pth,c15150d6787d487f38a68e66be5ec8a964182403af494e6a935fa03eeb56a630,https://dl.dropboxusercontent.com/s/vsvumpopupdpmmu/fsrcnn_x4.pth,91-image,bicubic,1024,680,1024,680,False,20.32308335193845,0.7334276865945887,18.90424892285122,0.6821853110275203,2.116208028793335,2.115823984146118,0.010957590572088071,2.1046719551086426,2.142911911010742,3,10,1024,680,256,170,2.11.0+cu128,12.8,2026-08-31T12:12:27.944956+00:00,3.13.15,2.1.3,11.3.0,0.25.2,Linux-6.6.122+-x86_64-with-glibc2.35,x86_64
Urban100,img_020.png,x4,fsrcnn,prepared_bicubic_lr,img_020.png,4,native_model_grid_then_full_target_size_adjustment,gaussian_11x11_sigma_1.5_population_covariance,limited_bt601_y_model_with_bicubic_cbcr,gpu,model_forward_only_cuda_events,Tesla T4,14912.6875,54.2568359375,12809,fsrcnn_x4.pth,c15150d6787d487f38a68e66be5ec8a964182403af494e6a935fa03eeb56a630,https://dl.dropboxusercontent.com/s/vsvumpopupdpmmu/fsrcnn_x4.pth,91-image,bicubic,1280,960,1280,960,False,21.232280379303326,0.6605490080692248,19.843896962372686,0.6430601130427913,3.4899327993392943,3.4884639978408813,0.01369941947784031,3.4641919136047363,3.5143680572509766,3,10,1280,960,320,240,2.11.0+cu128,12.8,2026-08-31T12:12:29.490680+00:00,3.13.15,2.1.3,11.3.0,0.25.2,Linux-6.6.122+-x86_64-with-glibc2.35,x86_64
Urban100,img_021.png,x4,fsrcnn,prepared_bicubic_lr,img_021.png,4,native_model_grid_then_full_target_size_adjustment,gaussian_11x11_sigma_1.5_population_covariance,limited_bt601_y_model_with_bicubic_cbcr,gpu,model_forward_only_cuda_events,Tesla T4,14912.6875,42.18994140625,12809,fsrcnn_x4.pth,c15150d6787d487f38a68e66be5ec8a964182403af494e6a935fa03eeb56a630,https://dl.dropboxusercontent.com/s/vsvumpopupdpmmu/fsrcnn_x4.pth,91-image,bicubic,796,1200,796,1200,False,28.862197968576698,0.7589325561182806,27.42641580276455,0.7277643088552196,3.828806447982788,3.827712059020996,0.00857614682529063,3.81548810005188,3.8434560298919678,3,10,796,1200,199,300,2.11.0+cu128,12.8,2026-08-31T12:12:30.720393+00:00,3.13.15,2.1.3,11.3.0,0.25.2,Linux-6.6.122+-x86_64-with-glibc2.35,x86_64
Urban100,img_022.png,x4,fsrcnn,prepared_bicubic_lr,img_022.png,4,native_model_grid_then_full_target_size_adjustment,gaussian_11x11_sigma_1.5_population_covariance,limited_bt601_y_model_with_bicubic_cbcr,gpu,model_forward_only_cuda_events,Tesla T4,14912.6875,30.7705078125,12809,fsrcnn_x4.pth,c15150d6787d487f38a68e66be5ec8a964182403af494e6a935fa03eeb56a630,https://dl.dropboxusercontent.com/s/vsvumpopupdpmmu/fsrcnn_x4.pth,91-image,bicubic,1024,680,1024,680,False,25.52078672335099,0.7234207567711662,24.169758489728636,0.701663582825019,2.1198368072509766,2.1193920373916626,0.006195281148706669,2.1073598861694336,2.1309759616851807,3,10,1024,680,256,170,2.11.0+cu128,12.8,2026-08-31T12:12:31.590917+00:00,3.13.15,2.1.3,11.3.0,0.25.2,Linux-6.6.122+-x86_64-with-glibc2.35,x86_64
Urban100,img_023.png,x4,fsrcnn,prepared_bicubic_lr,img_023.png,4,native_model_grid_then_full_target_size_adjustment,gaussian_11x11_sigma_1.5_population_covariance,limited_bt601_y_model_with_bicubic_cbcr,gpu,model_forward_only_cuda_events,Tesla T4,14912.6875,46.3076171875,12809,fsrcnn_x4.pth,c15150d6787d487f38a68e66be5ec8a964182403af494e6a935fa03eeb56a630,https://dl.dropboxusercontent.com/s/vsvumpopupdpmmu/fsrcnn_x4.pth,91-image,bicubic,1024,1024,1024,1024,False,28.651634849700038,0.8726210087214259,26.854519820949015,0.8113485494619042,3.040176033973694,3.037392020225525,0.019062570771801648,3.0165441036224365,3.0758719444274902,3,10,1024,1024,256,256,2.11.0+cu128,12.8,2026-08-31T12:12:32.847484+00:00,3.13.15,2.1.3,11.3.0,0.25.2,Linux-6.6.122+-x86_64-with-glibc2.35,x86_64
Urban100,img_024.png,x4,fsrcnn,prepared_bicubic_lr,img_024.png,4,native_model_grid_then_full_target_size_adjustment,gaussian_11x11_sigma_1.5_population_covariance,limited_bt601_y_model_with_bicubic_cbcr,gpu,model_forward_only_cuda_events,Tesla T4,14912.6875,29.8671875,12809,fsrcnn_x4.pth,c15150d6787d487f38a68e66be5ec8a964182403af494e6a935fa03eeb56a630,https://dl.dropboxusercontent.com/s/vsvumpopupdpmmu/fsrcnn_x4.pth,91-image,bicubic,1024,660,1024,660,False,18.982745370417376,0.5442634655854932,17.633434728013416,0.5265037519335589,2.079564833641052,2.082032084465027,0.008630916445352497,2.0666239261627197,2.0951039791107178,3,10,1024,660,256,165,2.11.0+cu128,12.8,2026-08-31T12:12:33.733801+00:00,3.13.15,2.1.3,11.3.0,0.25.2,Linux-6.6.122+-x86_64-with-glibc2.35,x86_64
Urban100,img_025.png,x4,fsrcnn,prepared_bicubic_lr,img_025.png,4,native_model_grid_then_full_target_size_adjustment,gaussian_11x11_sigma_1.5_population_covariance,limited_bt601_y_model_with_bicubic_cbcr,gpu,model_forward_only_cuda_events,Tesla T4,14912.6875,33.2998046875,12809,fsrcnn_x4.pth,c15150d6787d487f38a68e66be5ec8a964182403af494e6a935fa03eeb56a630,https://dl.dropboxusercontent.com/s/vsvumpopupdpmmu/fsrcnn_x4.pth,91-image,bicubic,1024,736,1024,736,False,29.11138200889086,0.8544927744096348,27.696538184128997,0.8245985670174042,2.207932782173157,2.2024959325790405,0.012571547535510232,2.1934080123901367,2.231071949005127,3,10,1024,736,256,184,2.11.0+cu128,12.8,2026-08-31T12:12:34.743755+00:00,3.13.15,2.1.3,11.3.0,0.25.2,Linux-6.6.122+-x86_64-with-glibc2.35,x86_64
Urban100,img_026.png,x4,fsrcnn,prepared_bicubic_lr,img_026.png,4,native_model_grid_then_full_target_size_adjustment,gaussian_11x11_sigma_1.5_population_covariance,limited_bt601_y_model_with_bicubic_cbcr,gpu,model_forward_only_cuda_events,Tesla T4,14912.6875,35.2451171875,12809,fsrcnn_x4.pth,c15150d6787d487f38a68e66be5ec8a964182403af494e6a935fa03eeb56a630,https://dl.dropboxusercontent.com/s/vsvumpopupdpmmu/fsrcnn_x4.pth,91-image,bicubic,1024,768,1024,768,False,26.480257629539143,0.6442106454507297,25.071871188038664,0.5881579037362413,2.35066237449646,2.352720022201538,0.020539466779204853,2.312191963195801,2.381727933883667,3,10,1024,768,256,192,2.11.0+cu128,12.8,2026-08-31T12:12:35.862854+00:00,3.13.15,2.1.3,11.3.0,0.25.2,Linux-6.6.122+-x86_64-with-glibc2.35,x86_64
Urban100,img_027.png,x4,fsrcnn,prepared_bicubic_lr,img_027.png,4,native_model_grid_then_full_target_size_adjustment,gaussian_11x11_sigma_1.5_population_covariance,limited_bt601_y_model_with_bicubic_cbcr,gpu,model_forward_only_cuda_events,Tesla T4,14912.6875,38.2607421875,12809,fsrcnn_x4.pth,c15150d6787d487f38a68e66be5ec8a964182403af494e6a935fa03eeb56a630,https://dl.dropboxusercontent.com/s/vsvumpopupdpmmu/fsrcnn_x4.pth,91-image,bicubic,1024,832,1024,832,False,27.366756348592606,0.7578532058435341,26.132204993754577,0.7343946181300632,2.5611039638519286,2.5599039793014526,0.007822639392671181,2.552896022796631,2.5801279544830322,3,10,1024,832,256,208,2.11.0+cu128,12.8,2026-08-31T12:12:37.369671+00:00,3.13.15,2.1.3,11.3.0,0.25.2,Linux-6.6.122+-x86_64-with-glibc2.35,x86_64
Urban100,img_028.png,x4,fsrcnn,prepared_bicubic_lr,img_028.png,4,native_model_grid_then_full_target_size_adjustment,gaussian_11x11_sigma_1.5_population_covariance,limited_bt601_y_model_with_bicubic_cbcr,gpu,model_forward_only_cuda_events,Tesla T4,14912.6875,30.7705078125,12809,fsrcnn_x4.pth,c15150d6787d487f38a68e66be5ec8a964182403af494e6a935fa03eeb56a630,https://dl.dropboxusercontent.com/s/vsvumpopupdpmmu/fsrcnn_x4.pth,91-image,bicubic,1024,680,1024,680,False,29.97322631968109,0.8451993117661508,28.65130014912644,0.8252828805191781,2.1388447999954225,2.137152075767517,0.011377751786641124,2.1254079341888428,2.162559986114502,3,10,1024,680,256,170,2.11.0+cu128,12.8,2026-08-31T12:12:38.365490+00:00,3.13.15,2.1.3,11.3.0,0.25.2,Linux-6.6.122+-x86_64-with-glibc2.35,x86_64
Urban100,img_029.png,x4,fsrcnn,prepared_bicubic_lr,img_029.png,4,native_model_grid_then_full_target_size_adjustment,gaussian_11x11_sigma_1.5_population_covariance,limited_bt601_y_model_with_bicubic_cbcr,gpu,model_forward_only_cuda_events,Tesla T4,14912.6875,30.58984375,12809,fsrcnn_x4.pth,c15150d6787d487f38a68e66be5ec8a964182403af494e6a935fa03eeb56a630,https://dl.dropboxusercontent.com/s/vsvumpopupdpmmu/fsrcnn_x4.pth,91-image,bicubic,1024,676,1024,676,False,24.401210210085658,0.768841141487621,23.05353490514953,0.7358477354762814,2.1319999933242797,2.130303978919983,0.006067988358753192,2.1196799278259277,2.1413440704345703,3,10,1024,676,256,169,2.11.0+cu128,12.8,2026-08-31T12:12:39.615026+00:00,3.13.15,2.1.3,11.3.0,0.25.2,Linux-6.6.122+-x86_64-with-glibc2.35,x86_64
Urban100,img_030.png,x4,fsrcnn,prepared_bicubic_lr,img_030.png,4,native_model_grid_then_full_target_size_adjustment,gaussian_11x11_sigma_1.5_population_covariance,limited_bt601_y_model_with_bicubic_cbcr,gpu,model_forward_only_cuda_events,Tesla T4,14912.6875,30.7705078125,12809,fsrcnn_x4.pth,c15150d6787d487f38a68e66be5ec8a964182403af494e6a935fa03eeb56a630,https://dl.dropboxusercontent.com/s/vsvumpopupdpmmu/fsrcnn_x4.pth,91-image,bicubic,680,1024,680,1024,False,22.886823849893076,0.7125985746777107,21.08203785072293,0.6780996228141327,2.134428787231445,2.134927988052368,0.007397611418794409,2.123807907104492,2.144223928451538,3,10,680,1024,170,256,2.11.0+cu128,12.8,2026-08-31T12:12:40.516504+00:00,3.13.15,2.1.3,11.3.0,0.25.2,Linux-6.6.122+-x86_64-with-glibc2.35,x86_64
Urban100,img_031.png,x4,fsrcnn,prepared_bicubic_lr,img_031.png,4,native_model_grid_then_full_target_size_adjustment,gaussian_11x11_sigma_1.5_population_covariance,limited_bt601_y_model_with_bicubic_cbcr,gpu,model_forward_only_cuda_events,Tesla T4,14912.6875,30.7705078125,12809,fsrcnn_x4.pth,c15150d6787d487f38a68e66be5ec8a964182403af494e6a935fa03eeb56a630,https://dl.dropboxusercontent.com/s/vsvumpopupdpmmu/fsrcnn_x4.pth,91-image,bicubic,1024,680,1024,680,False,23.494067943219097,0.7413708632616365,22.04584449842953,0.7065347668898719,2.1508191347122194,2.119647979736328,0.09163136255810478,2.1112959384918213,2.424896001815796,3,10,1024,680,256,170,2.11.0+cu128,12.8,2026-08-31T12:12:41.405665+00:00,3.13.15,2.1.3,11.3.0,0.25.2,Linux-6.6.122+-x86_64-with-glibc2.35,x86_64
Urban100,img_032.png,x4,fsrcnn,prepared_bicubic_lr,img_032.png,4,native_model_grid_then_full_target_size_adjustment,gaussian_11x11_sigma_1.5_population_covariance,limited_bt601_y_model_with_bicubic_cbcr,gpu,model_forward_only_cuda_events,Tesla T4,14912.6875,30.7705078125,12809,fsrcnn_x4.pth,c15150d6787d487f38a68e66be5ec8a964182403af494e6a935fa03eeb56a630,https://dl.dropboxusercontent.com/s/vsvumpopupdpmmu/fsrcnn_x4.pth,91-image,bicubic,1024,680,1024,680,False,27.372006680294202,0.78862507453777,25.88342330150705,0.7627709020549077,2.152720022201538,2.1456960439682007,0.03121182213624878,2.113503932952881,2.2159359455108643,3,10,1024,680,256,170,2.11.0+cu128,12.8,2026-08-31T12:12:42.278224+00:00,3.13.15,2.1.3,11.3.0,0.25.2,Linux-6.6.122+-x86_64-with-glibc2.35,x86_64
Urban100,img_033.png,x4,fsrcnn,prepared_bicubic_lr,img_033.png,4,native_model_grid_then_full_target_size_adjustment,gaussian_11x11_sigma_1.5_population_covariance,limited_bt601_y_model_with_bicubic_cbcr,gpu,model_forward_only_cuda_events,Tesla T4,14912.6875,30.7705078125,12809,fsrcnn_x4.pth,c15150d6787d487f38a68e66be5ec8a964182403af494e6a935fa03eeb56a630,https://dl.dropboxusercontent.com/s/vsvumpopupdpmmu/fsrcnn_x4.pth,91-image,bicubic,1024,680,1024,680,False,25.430012329508045,0.7151321346351475,23.829388900781154,0.6843523232200633,2.127235221862793,2.1208319664001465,0.020374802508357066,2.106719970703125,2.1681599617004395,3,10,1024,680,256,170,2.11.0+cu128,12.8,2026-08-31T12:12:43.190219+00:00,3.13.15,2.1.3,11.3.0,0.25.2,Linux-6.6.122+-x86_64-with-glibc2.35,x86_64
Urban100,img_034.png,x4,fsrcnn,prepared_bicubic_lr,img_034.png,4,native_model_grid_then_full_target_size_adjustment,gaussian_11x11_sigma_1.5_population_covariance,limited_bt601_y_model_with_bicubic_cbcr,gpu,model_forward_only_cuda_events,Tesla T4,14912.6875,30.7705078125,12809,fsrcnn_x4.pth,c15150d6787d487f38a68e66be5ec8a964182403af494e6a935fa03eeb56a630,https://dl.dropboxusercontent.com/s/vsvumpopupdpmmu/fsrcnn_x4.pth,91-image,bicubic,1024,680,1024,680,False,22.28325325321388,0.541117687083754,20.355279395722633,0.5194633480512597,2.11158401966095,2.1117600202560425,0.006590912606869564,2.097503900527954,2.1238720417022705,3,10,1024,680,256,170,2.11.0+cu128,12.8,2026-08-31T12:12:44.087065+00:00,3.13.15,2.1.3,11.3.0,0.25.2,Linux-6.6.122+-x86_64-with-glibc2.35,x86_64
Urban100,img_035.png,x4,fsrcnn,prepared_bicubic_lr,img_035.png,4,native_model_grid_then_full_target_size_adjustment,gaussian_11x11_sigma_1.5_population_covariance,limited_bt601_y_model_with_bicubic_cbcr,gpu,model_forward_only_cuda_events,Tesla T4,14912.6875,31.1318359375,12809,fsrcnn_x4.pth,c15150d6787d487f38a68e66be5ec8a964182403af494e6a935fa03eeb56a630,https://dl.dropboxusercontent.com/s/vsvumpopupdpmmu/fsrcnn_x4.pth,91-image,bicubic,1024,688,1024,688,False,26.65357557175829,0.7987458209535042,25.19431052878494,0.7728180050387499,2.1084704637527465,2.10532808303833,0.006883589883631872,2.101248025894165,2.124768018722534,3,10,1024,688,256,172,2.11.0+cu128,12.8,2026-08-31T12:12:44.961458+00:00,3.13.15,2.1.3,11.3.0,0.25.2,Linux-6.6.122+-x86_64-with-glibc2.35,x86_64
Urban100,img_036.png,x4,fsrcnn,prepared_bicubic_lr,img_036.png,4,native_model_grid_then_full_target_size_adjustment,gaussian_11x11_sigma_1.5_population_covariance,limited_bt601_y_model_with_bicubic_cbcr,gpu,model_forward_only_cuda_events,Tesla T4,14912.6875,31.673828125,12809,fsrcnn_x4.pth,c15150d6787d487f38a68e66be5ec8a964182403af494e6a935fa03eeb56a630,https://dl.dropboxusercontent.com/s/vsvumpopupdpmmu/fsrcnn_x4.pth,91-image,bicubic,700,1024,700,1024,False,27.35303015773198,0.8470938412719287,26.031105776761127,0.8315014973684146,2.148207998275757,2.1448320150375366,0.006932106461320198,2.1403839588165283,2.1638081073760986,3,10,700,1024,175,256,2.11.0+cu128,12.8,2026-08-31T12:12:45.755085+00:00,3.13.15,2.1.3,11.3.0,0.25.2,Linux-6.6.122+-x86_64-with-glibc2.35,x86_64
Urban100,img_037.png,x4,fsrcnn,prepared_bicubic_lr,img_037.png,4,native_model_grid_then_full_target_size_adjustment,gaussian_11x11_sigma_1.5_population_covariance,limited_bt601_y_model_with_bicubic_cbcr,gpu,model_forward_only_cuda_events,Tesla T4,14912.6875,34.47265625,12809,fsrcnn_x4.pth,c15150d6787d487f38a68e66be5ec8a964182403af494e6a935fa03eeb56a630,https://dl.dropboxusercontent.com/s/vsvumpopupdpmmu/fsrcnn_x4.pth,91-image,bicubic,740,1024,740,1024,False,25.40353892087703,0.7591828935772926,23.984216098924975,0.7303276574962592,2.237689566612244,2.235935926437378,0.008966789511528867,2.225663900375366,2.255295991897583,3,10,740,1024,185,256,2.11.0+cu128,12.8,2026-08-31T12:12:46.771863+00:00,3.13.15,2.1.3,11.3.0,0.25.2,Linux-6.6.122+-x86_64-with-glibc2.35,x86_64
Urban100,img_038.png,x4,fsrcnn,prepared_bicubic_lr,img_038.png,4,native_model_grid_then_full_target_size_adjustment,gaussian_11x11_sigma_1.5_population_covariance,limited_bt601_y_model_with_bicubic_cbcr,gpu,model_forward_only_cuda_events,Tesla T4,14912.6875,35.2451171875,12809,fsrcnn_x4.pth,c15150d6787d487f38a68e66be5ec8a964182403af494e6a935fa03eeb56a630,https://dl.dropboxusercontent.com/s/vsvumpopupdpmmu/fsrcnn_x4.pth,91-image,bicubic,768,1024,768,1024,False,25.64294971909263,0.5983863698499651,24.264720937845794,0.5497819337605275,2.3656991720199585,2.365567922592163,0.014010271498808752,2.3429439067840576,2.3849599361419678,3,10,768,1024,192,256,2.11.0+cu128,12.8,2026-08-31T12:12:47.849588+00:00,3.13.15,2.1.3,11.3.0,0.25.2,Linux-6.6.122+-x86_64-with-glibc2.35,x86_64
Urban100,img_039.png,x4,fsrcnn,prepared_bicubic_lr,img_039.png,4,native_model_grid_then_full_target_size_adjustment,gaussian_11x11_sigma_1.5_population_covariance,limited_bt601_y_model_with_bicubic_cbcr,gpu,model_forward_only_cuda_events,Tesla T4,14912.6875,35.2451171875,12809,fsrcnn_x4.pth,c15150d6787d487f38a68e66be5ec8a964182403af494e6a935fa03eeb56a630,https://dl.dropboxusercontent.com/s/vsvumpopupdpmmu/fsrcnn_x4.pth,91-image,bicubic,768,1024,768,1024,False,21.755132279107954,0.6458549882857819,20.378890923441713,0.6230588571807406,2.372751975059509,2.3709919452667236,0.014295669121182268,2.3440959453582764,2.4060800075531006,3,10,768,1024,192,256,2.11.0+cu128,12.8,2026-08-31T12:12:48.865600+00:00,3.13.15,2.1.3,11.3.0,0.25.2,Linux-6.6.122+-x86_64-with-glibc2.35,x86_64
Urban100,img_040.png,x4,fsrcnn,prepared_bicubic_lr,img_040.png,4,native_model_grid_then_full_target_size_adjustment,gaussian_11x11_sigma_1.5_population_covariance,limited_bt601_y_model_with_bicubic_cbcr,gpu,model_forward_only_cuda_events,Tesla T4,14912.6875,26.0732421875,12809,fsrcnn_x4.pth,c15150d6787d487f38a68e66be5ec8a964182403af494e6a935fa03eeb56a630,https://dl.dropboxusercontent.com/s/vsvumpopupdpmmu/fsrcnn_x4.pth,91-image,bicubic,1024,576,1024,576,False,22.806936542905056,0.8371516757932359,21.489052011814604,0.8189462271393712,1.8064799785614014,1.8022399544715881,0.010137333830616576,1.7957439422607422,1.8328640460968018,3,10,1024,576,256,144,2.11.0+cu128,12.8,2026-08-31T12:12:49.670094+00:00,3.13.15,2.1.3,11.3.0,0.25.2,Linux-6.6.122+-x86_64-with-glibc2.35,x86_64
Urban100,img_041.png,x4,fsrcnn,prepared_bicubic_lr,img_041.png,4,native_model_grid_then_full_target_size_adjustment,gaussian_11x11_sigma_1.5_population_covariance,limited_bt601_y_model_with_bicubic_cbcr,gpu,model_forward_only_cuda_events,Tesla T4,14912.6875,30.7705078125,12809,fsrcnn_x4.pth,c15150d6787d487f38a68e66be5ec8a964182403af494e6a935fa03eeb56a630,https://dl.dropboxusercontent.com/s/vsvumpopupdpmmu/fsrcnn_x4.pth,91-image,bicubic,1024,680,1024,680,False,23.248667774157852,0.7765337714154951,21.752072627731202,0.7593357472404475,2.213433599472046,2.1401920318603516,0.21999168788326628,2.127840042114258,2.87280011177063,3,10,1024,680,256,170,2.11.0+cu128,12.8,2026-08-31T12:12:50.790291+00:00,3.13.15,2.1.3,11.3.0,0.25.2,Linux-6.6.122+-x86_64-with-glibc2.35,x86_64
Urban100,img_042.png,x4,fsrcnn,prepared_bicubic_lr,img_042.png,4,native_model_grid_then_full_target_size_adjustment,gaussian_11x11_sigma_1.5_population_covariance,limited_bt601_y_model_with_bicubic_cbcr,gpu,model_forward_only_cuda_events,Tesla T4,14912.6875,30.7705078125,12809,fsrcnn_x4.pth,c15150d6787d487f38a68e66be5ec8a964182403af494e6a935fa03eeb56a630,https://dl.dropboxusercontent.com/s/vsvumpopupdpmmu/fsrcnn_x4.pth,91-image,bicubic,1024,680,1024,680,False,27.203316025135113,0.8399994059466553,25.881387317410116,0.8258701954971279,2.1343647718429564,2.130671977996826,0.00950938075875871,2.1237759590148926,2.1545279026031494,3,10,1024,680,256,170,2.11.0+cu128,12.8,2026-08-31T12:12:51.840435+00:00,3.13.15,2.1.3,11.3.0,0.25.2,Linux-6.6.122+-x86_64-with-glibc2.35,x86_64
Urban100,img_043.png,x4,fsrcnn,prepared_bicubic_lr,img_043.png,4,native_model_grid_then_full_target_size_adjustment,gaussian_11x11_sigma_1.5_population_covariance,limited_bt601_y_model_with_bicubic_cbcr,gpu,model_forward_only_cuda_events,Tesla T4,14912.6875,30.4091796875,12809,fsrcnn_x4.pth,c15150d6787d487f38a68e66be5ec8a964182403af494e6a935fa03eeb56a630,https://dl.dropboxusercontent.com/s/vsvumpopupdpmmu/fsrcnn_x4.pth,91-image,bicubic,1024,672,1024,672,False,26.58647718070761,0.8616869657185565,25.219410773284423,0.8266529245033496,2.1319103717803953,2.129423975944519,0.007268468096793988,2.1204159259796143,2.1447999477386475,3,10,1024,672,256,168,2.11.0+cu128,12.8,2026-08-31T12:12:53.057960+00:00,3.13.15,2.1.3,11.3.0,0.25.2,Linux-6.6.122+-x86_64-with-glibc2.35,x86_64
Urban100,img_044.png,x4,fsrcnn,prepared_bicubic_lr,img_044.png,4,native_model_grid_then_full_target_size_adjustment,gaussian_11x11_sigma_1.5_population_covariance,limited_bt601_y_model_with_bicubic_cbcr,gpu,model_forward_only_cuda_events,Tesla T4,14912.6875,30.7705078125,12809,fsrcnn_x4.pth,c15150d6787d487f38a68e66be5ec8a964182403af494e6a935fa03eeb56a630,https://dl.dropboxusercontent.com/s/vsvumpopupdpmmu/fsrcnn_x4.pth,91-image,bicubic,1024,680,1024,680,False,29.942204754348715,0.8177727407820026,27.88992391498305,0.7821387955475885,2.161123180389404,2.1563680171966553,0.015720127237333875,2.140415906906128,2.1992640495300293,3,10,1024,680,256,170,2.11.0+cu128,12.8,2026-08-31T12:12:54.204819+00:00,3.13.15,2.1.3,11.3.0,0.25.2,Linux-6.6.122+-x86_64-with-glibc2.35,x86_64
Urban100,img_045.png,x4,fsrcnn,prepared_bicubic_lr,img_045.png,4,native_model_grid_then_full_target_size_adjustment,gaussian_11x11_sigma_1.5_population_covariance,limited_bt601_y_model_with_bicubic_cbcr,gpu,model_forward_only_cuda_events,Tesla T4,14912.6875,35.2451171875,12809,fsrcnn_x4.pth,c15150d6787d487f38a68e66be5ec8a964182403af494e6a935fa03eeb56a630,https://dl.dropboxusercontent.com/s/vsvumpopupdpmmu/fsrcnn_x4.pth,91-image,bicubic,1024,768,1024,768,False,22.63911298904877,0.6216152676146223,21.317186602500193,0.6043180151898269,2.3604576110839846,2.359536051750183,0.01855338130652556,2.332672119140625,2.4002559185028076,3,10,1024,768,256,192,2.11.0+cu128,12.8,2026-08-31T12:12:55.090726+00:00,3.13.15,2.1.3,11.3.0,0.25.2,Linux-6.6.122+-x86_64-with-glibc2.35,x86_64
Urban100,img_046.png,x4,fsrcnn,prepared_bicubic_lr,img_046.png,4,native_model_grid_then_full_target_size_adjustment,gaussian_11x11_sigma_1.5_population_covariance,limited_bt601_y_model_with_bicubic_cbcr,gpu,model_forward_only_cuda_events,Tesla T4,14912.6875,31.3125,12809,fsrcnn_x4.pth,c15150d6787d487f38a68e66be5ec8a964182403af494e6a935fa03eeb56a630,https://dl.dropboxusercontent.com/s/vsvumpopupdpmmu/fsrcnn_x4.pth,91-image,bicubic,692,1024,692,1024,False,23.05792355521893,0.7083859059532653,21.593239448629653,0.6975930981182598,2.1440671920776366,2.1392959356307983,0.014880509790260746,2.1319680213928223,2.1844799518585205,3,10,692,1024,173,256,2.11.0+cu128,12.8,2026-08-31T12:12:56.004962+00:00,3.13.15,2.1.3,11.3.0,0.25.2,Linux-6.6.122+-x86_64-with-glibc2.35,x86_64
Urban100,img_047.png,x4,fsrcnn,prepared_bicubic_lr,img_047.png,4,native_model_grid_then_full_target_size_adjustment,gaussian_11x11_sigma_1.5_population_covariance,limited_bt601_y_model_with_bicubic_cbcr,gpu,model_forward_only_cuda_events,Tesla T4,14912.6875,29.2470703125,12809,fsrcnn_x4.pth,c15150d6787d487f38a68e66be5ec8a964182403af494e6a935fa03eeb56a630,https://dl.dropboxusercontent.com/s/vsvumpopupdpmmu/fsrcnn_x4.pth,91-image,bicubic,1024,616,1024,616,False,20.704747765476004,0.6898956730493075,19.214863574240916,0.6753904372418579,1.8441536188125611,1.8425599932670593,0.006178910222506883,1.837056040763855,1.8557440042495728,3,10,1024,616,256,154,2.11.0+cu128,12.8,2026-08-31T12:12:56.808732+00:00,3.13.15,2.1.3,11.3.0,0.25.2,Linux-6.6.122+-x86_64-with-glibc2.35,x86_64
Urban100,img_048.png,x4,fsrcnn,prepared_bicubic_lr,img_048.png,4,native_model_grid_then_full_target_size_adjustment,gaussian_11x11_sigma_1.5_population_covariance,limited_bt601_y_model_with_bicubic_cbcr,gpu,model_forward_only_cuda_events,Tesla T4,14912.6875,30.951171875,12809,fsrcnn_x4.pth,c15150d6787d487f38a68e66be5ec8a964182403af494e6a935fa03eeb56a630,https://dl.dropboxusercontent.com/s/vsvumpopupdpmmu/fsrcnn_x4.pth,91-image,bicubic,684,1024,684,1024,False,18.996747357424614,0.7380427920383281,17.70975026596169,0.7264008922480528,2.120729613304138,2.1195679903030396,0.00861807653940066,2.1077120304107666,2.141024112701416,3,10,684,1024,171,256,2.11.0+cu128,12.8,2026-08-31T12:12:57.651588+00:00,3.13.15,2.1.3,11.3.0,0.25.2,Linux-6.6.122+-x86_64-with-glibc2.35,x86_64
Urban100,img_049.png,x4,fsrcnn,prepared_bicubic_lr,img_049.png,4,native_model_grid_then_full_target_size_adjustment,gaussian_11x11_sigma_1.5_population_covariance,limited_bt601_y_model_with_bicubic_cbcr,gpu,model_forward_only_cuda_events,Tesla T4,14912.6875,30.7705078125,12809,fsrcnn_x4.pth,c15150d6787d487f38a68e66be5ec8a964182403af494e6a935fa03eeb56a630,https://dl.dropboxusercontent.com/s/vsvumpopupdpmmu/fsrcnn_x4.pth,91-image,bicubic,1024,680,1024,680,False,21.801343198818515,0.6675028677335824,20.24664749375586,0.6400867174247834,2.113641595840454,2.11352002620697,0.008214980584661668,2.101855993270874,2.125823974609375,3,10,1024,680,256,170,2.11.0+cu128,12.8,2026-08-31T12:12:58.548483+00:00,3.13.15,2.1.3,11.3.0,0.25.2,Linux-6.6.122+-x86_64-with-glibc2.35,x86_64
Urban100,img_050.png,x4,fsrcnn,prepared_bicubic_lr,img_050.png,4,native_model_grid_then_full_target_size_adjustment,gaussian_11x11_sigma_1.5_population_covariance,limited_bt601_y_model_with_bicubic_cbcr,gpu,model_forward_only_cuda_events,Tesla T4,14912.6875,30.7705078125,12809,fsrcnn_x4.pth,c15150d6787d487f38a68e66be5ec8a964182403af494e6a935fa03eeb56a630,https://dl.dropboxusercontent.com/s/vsvumpopupdpmmu/fsrcnn_x4.pth,91-image,bicubic,680,1024,680,1024,False,24.35278458674116,0.6973315054058608,22.87216294226046,0.6727599244226194,2.1343616008758546,2.133247971534729,0.007286636705429625,2.1241281032562256,2.146496057510376,3,10,680,1024,170,256,2.11.0+cu128,12.8,2026-08-31T12:12:59.441109+00:00,3.13.15,2.1.3,11.3.0,0.25.2,Linux-6.6.122+-x86_64-with-glibc2.35,x86_64
Urban100,img_051.png,x4,fsrcnn,prepared_bicubic_lr,img_051.png,4,native_model_grid_then_full_target_size_adjustment,gaussian_11x11_sigma_1.5_population_covariance,limited_bt601_y_model_with_bicubic_cbcr,gpu,model_forward_only_cuda_events,Tesla T4,14912.6875,30.7705078125,12809,fsrcnn_x4.pth,c15150d6787d487f38a68e66be5ec8a964182403af494e6a935fa03eeb56a630,https://dl.dropboxusercontent.com/s/vsvumpopupdpmmu/fsrcnn_x4.pth,91-image,bicubic,1024,680,1024,680,False,26.076848175081007,0.7962285767190076,24.541711825219636,0.7709644910391179,2.11801917552948,2.115072011947632,0.007573060123831097,2.1062400341033936,2.1310079097747803,3,10,1024,680,256,170,2.11.0+cu128,12.8,2026-08-31T12:13:00.338526+00:00,3.13.15,2.1.3,11.3.0,0.25.2,Linux-6.6.122+-x86_64-with-glibc2.35,x86_64
Urban100,img_052.png,x4,fsrcnn,prepared_bicubic_lr,img_052.png,4,native_model_grid_then_full_target_size_adjustment,gaussian_11x11_sigma_1.5_population_covariance,limited_bt601_y_model_with_bicubic_cbcr,gpu,model_forward_only_cuda_events,Tesla T4,14912.6875,30.7705078125,12809,fsrcnn_x4.pth,c15150d6787d487f38a68e66be5ec8a964182403af494e6a935fa03eeb56a630,https://dl.dropboxusercontent.com/s/vsvumpopupdpmmu/fsrcnn_x4.pth,91-image,bicubic,1024,680,1024,680,False,25.797220867890314,0.8104128771372231,24.44525750651735,0.7895092319856835,2.122169589996338,2.1177279949188232,0.01612602084444069,2.099168062210083,2.1595840454101562,3,10,1024,680,256,170,2.11.0+cu128,12.8,2026-08-31T12:13:01.228887+00:00,3.13.15,2.1.3,11.3.0,0.25.2,Linux-6.6.122+-x86_64-with-glibc2.35,x86_64
Urban100,img_053.png,x4,fsrcnn,prepared_bicubic_lr,img_053.png,4,native_model_grid_then_full_target_size_adjustment,gaussian_11x11_sigma_1.5_population_covariance,limited_bt601_y_model_with_bicubic_cbcr,gpu,model_forward_only_cuda_events,Tesla T4,14912.6875,30.2333984375,12809,fsrcnn_x4.pth,c15150d6787d487f38a68e66be5ec8a964182403af494e6a935fa03eeb56a630,https://dl.dropboxusercontent.com/s/vsvumpopupdpmmu/fsrcnn_x4.pth,91-image,bicubic,1024,656,1024,656,False,21.112960225130877,0.6501589805401922,19.776054554212486,0.6330715725842142,2.0774111986160277,2.0717599391937256,0.014167704450804139,2.0638720989227295,2.1056320667266846,3,10,1024,656,256,164,2.11.0+cu128,12.8,2026-08-31T12:13:02.119988+00:00,3.13.15,2.1.3,11.3.0,0.25.2,Linux-6.6.122+-x86_64-with-glibc2.35,x86_64
Urban100,img_054.png,x4,fsrcnn,prepared_bicubic_lr,img_054.png,4,native_model_grid_then_full_target_size_adjustment,gaussian_11x11_sigma_1.5_population_covariance,limited_bt601_y_model_with_bicubic_cbcr,gpu,model_forward_only_cuda_events,Tesla T4,14912.6875,30.7705078125,12809,fsrcnn_x4.pth,c15150d6787d487f38a68e66be5ec8a964182403af494e6a935fa03eeb56a630,https://dl.dropboxusercontent.com/s/vsvumpopupdpmmu/fsrcnn_x4.pth,91-image,bicubic,1024,680,1024,680,False,20.536542467812083,0.5911809245925563,19.019611007960727,0.5694840324768987,2.1188159704208376,2.1164159774780273,0.007328310796802924,2.1103999614715576,2.133791923522949,3,10,1024,680,256,170,2.11.0+cu128,12.8,2026-08-31T12:13:03.011381+00:00,3.13.15,2.1.3,11.3.0,0.25.2,Linux-6.6.122+-x86_64-with-glibc2.35,x86_64
Urban100,img_055.png,x4,fsrcnn,prepared_bicubic_lr,img_055.png,4,native_model_grid_then_full_target_size_adjustment,gaussian_11x11_sigma_1.5_population_covariance,limited_bt601_y_model_with_bicubic_cbcr,gpu,model_forward_only_cuda_events,Tesla T4,14912.6875,35.2451171875,12809,fsrcnn_x4.pth,c15150d6787d487f38a68e66be5ec8a964182403af494e6a935fa03eeb56a630,https://dl.dropboxusercontent.com/s/vsvumpopupdpmmu/fsrcnn_x4.pth,91-image,bicubic,1024,768,1024,768,False,28.188863070887443,0.8574426514782755,25.98283536352271,0.8114286481923472,2.3774240016937256,2.375663995742798,0.017712059897686067,2.354720115661621,2.416543960571289,3,10,1024,768,256,192,2.11.0+cu128,12.8,2026-08-31T12:13:04.152851+00:00,3.13.15,2.1.3,11.3.0,0.25.2,Linux-6.6.122+-x86_64-with-glibc2.35,x86_64
Urban100,img_056.png,x4,fsrcnn,prepared_bicubic_lr,img_056.png,4,native_model_grid_then_full_target_size_adjustment,gaussian_11x11_sigma_1.5_population_covariance,limited_bt601_y_model_with_bicubic_cbcr,gpu,model_forward_only_cuda_events,Tesla T4,14912.6875,35.2451171875,12809,fsrcnn_x4.pth,c15150d6787d487f38a68e66be5ec8a964182403af494e6a935fa03eeb56a630,https://dl.dropboxusercontent.com/s/vsvumpopupdpmmu/fsrcnn_x4.pth,91-image,bicubic,1024,768,1024,768,False,23.477509648603498,0.7041925287741037,22.120252733977832,0.6823536473333799,2.379868817329407,2.3767679929733276,0.01975170106270153,2.3543999195098877,2.414400100708008,3,10,1024,768,256,192,2.11.0+cu128,12.8,2026-08-31T12:13:05.553098+00:00,3.13.15,2.1.3,11.3.0,0.25.2,Linux-6.6.122+-x86_64-with-glibc2.35,x86_64
Urban100,img_057.png,x4,fsrcnn,prepared_bicubic_lr,img_057.png,4,native_model_grid_then_full_target_size_adjustment,gaussian_11x11_sigma_1.5_population_covariance,limited_bt601_y_model_with_bicubic_cbcr,gpu,model_forward_only_cuda_events,Tesla T4,14912.6875,32.7578125,12809,fsrcnn_x4.pth,c15150d6787d487f38a68e66be5ec8a964182403af494e6a935fa03eeb56a630,https://dl.dropboxusercontent.com/s/vsvumpopupdpmmu/fsrcnn_x4.pth,91-image,bicubic,1024,724,1024,724,False,28.387897341094188,0.8355559300551231,26.9345193126861,0.810163759513366,2.2135039806365966,2.211728096008301,0.009173640617039864,2.197887897491455,2.235487937927246,3,10,1024,724,256,181,2.11.0+cu128,12.8,2026-08-31T12:13:06.844724+00:00,3.13.15,2.1.3,11.3.0,0.25.2,Linux-6.6.122+-x86_64-with-glibc2.35,x86_64
Urban100,img_058.png,x4,fsrcnn,prepared_bicubic_lr,img_058.png,4,native_model_grid_then_full_target_size_adjustment,gaussian_11x11_sigma_1.5_population_covariance,limited_bt601_y_model_with_bicubic_cbcr,gpu,model_forward_only_cuda_events,Tesla T4,14912.6875,31.3125,12809,fsrcnn_x4.pth,c15150d6787d487f38a68e66be5ec8a964182403af494e6a935fa03eeb56a630,https://dl.dropboxusercontent.com/s/vsvumpopupdpmmu/fsrcnn_x4.pth,91-image,bicubic,1024,692,1024,692,False,24.035573019681294,0.7870008092311105,22.56130754062843,0.7656317855136527,2.1392575979232786,2.134992003440857,0.009417553908320738,2.1306560039520264,2.160640001296997,3,10,1024,692,256,173,2.11.0+cu128,12.8,2026-08-31T12:13:08.096078+00:00,3.13.15,2.1.3,11.3.0,0.25.2,Linux-6.6.122+-x86_64-with-glibc2.35,x86_64
Urban100,img_059.png,x4,fsrcnn,prepared_bicubic_lr,img_059.png,4,native_model_grid_then_full_target_size_adjustment,gaussian_11x11_sigma_1.5_population_covariance,limited_bt601_y_model_with_bicubic_cbcr,gpu,model_forward_only_cuda_events,Tesla T4,14912.6875,30.0478515625,12809,fsrcnn_x4.pth,c15150d6787d487f38a68e66be5ec8a964182403af494e6a935fa03eeb56a630,https://dl.dropboxusercontent.com/s/vsvumpopupdpmmu/fsrcnn_x4.pth,91-image,bicubic,1024,664,1024,664,False,21.058499734713415,0.696983666445325,19.665450564586667,0.6745201672826763,2.0807999849319456,2.0811359882354736,0.0036039161001033,2.0751678943634033,2.088576078414917,3,10,1024,664,256,166,2.11.0+cu128,12.8,2026-08-31T12:13:08.939828+00:00,3.13.15,2.1.3,11.3.0,0.25.2,Linux-6.6.122+-x86_64-with-glibc2.35,x86_64
Urban100,img_060.png,x4,fsrcnn,prepared_bicubic_lr,img_060.png,4,native_model_grid_then_full_target_size_adjustment,gaussian_11x11_sigma_1.5_population_covariance,limited_bt601_y_model_with_bicubic_cbcr,gpu,model_forward_only_cuda_events,Tesla T4,14912.6875,30.7705078125,12809,fsrcnn_x4.pth,c15150d6787d487f38a68e66be5ec8a964182403af494e6a935fa03eeb56a630,https://dl.dropboxusercontent.com/s/vsvumpopupdpmmu/fsrcnn_x4.pth,91-image,bicubic,1024,680,1024,680,False,21.75533535165668,0.5037818127909276,20.293260933703984,0.4826400497798011,2.109372782707214,2.1090400218963623,0.00512917562938331,2.101599931716919,2.1196799278259277,3,10,1024,680,256,170,2.11.0+cu128,12.8,2026-08-31T12:13:09.875548+00:00,3.13.15,2.1.3,11.3.0,0.25.2,Linux-6.6.122+-x86_64-with-glibc2.35,x86_64
Urban100,img_061.png,x4,fsrcnn,prepared_bicubic_lr,img_061.png,4,native_model_grid_then_full_target_size_adjustment,gaussian_11x11_sigma_1.5_population_covariance,limited_bt601_y_model_with_bicubic_cbcr,gpu,model_forward_only_cuda_events,Tesla T4,14912.6875,30.4091796875,12809,fsrcnn_x4.pth,c15150d6787d487f38a68e66be5ec8a964182403af494e6a935fa03eeb56a630,https://dl.dropboxusercontent.com/s/vsvumpopupdpmmu/fsrcnn_x4.pth,91-image,bicubic,1024,672,1024,672,False,23.66420232072076,0.688856525937873,22.06041194431053,0.6639090991914953,2.10797119140625,2.1019999980926514,0.012776981334149189,2.0901761054992676,2.1334400177001953,3,10,1024,672,256,168,2.11.0+cu128,12.8,2026-08-31T12:13:10.755700+00:00,3.13.15,2.1.3,11.3.0,0.25.2,Linux-6.6.122+-x86_64-with-glibc2.35,x86_64
Urban100,img_062.png,x4,fsrcnn,prepared_bicubic_lr,img_062.png,4,native_model_grid_then_full_target_size_adjustment,gaussian_11x11_sigma_1.5_population_covariance,limited_bt601_y_model_with_bicubic_cbcr,gpu,model_forward_only_cuda_events,Tesla T4,14912.6875,30.7705078125,12809,fsrcnn_x4.pth,c15150d6787d487f38a68e66be5ec8a964182403af494e6a935fa03eeb56a630,https://dl.dropboxusercontent.com/s/vsvumpopupdpmmu/fsrcnn_x4.pth,91-image,bicubic,1024,680,1024,680,False,20.101640936200003,0.702170092778465,18.661555658008275,0.6738552663278791,2.125996780395508,2.1227359771728516,0.011687769711624304,2.1076159477233887,2.1468799114227295,3,10,1024,680,256,170,2.11.0+cu128,12.8,2026-08-31T12:13:11.560845+00:00,3.13.15,2.1.3,11.3.0,0.25.2,Linux-6.6.122+-x86_64-with-glibc2.35,x86_64
Urban100,img_063.png,x4,fsrcnn,prepared_bicubic_lr,img_063.png,4,native_model_grid_then_full_target_size_adjustment,gaussian_11x11_sigma_1.5_population_covariance,limited_bt601_y_model_with_bicubic_cbcr,gpu,model_forward_only_cuda_events,Tesla T4,14912.6875,44.19921875,12809,fsrcnn_x4.pth,c15150d6787d487f38a68e66be5ec8a964182403af494e6a935fa03eeb56a630,https://dl.dropboxusercontent.com/s/vsvumpopupdpmmu/fsrcnn_x4.pth,91-image,bicubic,1000,980,1000,980,False,20.476213732652212,0.554076474640063,19.237063973806855,0.5151722152923169,2.8383360147476195,2.8402880430221558,0.012866189539263634,2.8149759769439697,2.854624032974243,3,10,1000,980,250,245,2.11.0+cu128,12.8,2026-08-31T12:13:12.790503+00:00,3.13.15,2.1.3,11.3.0,0.25.2,Linux-6.6.122+-x86_64-with-glibc2.35,x86_64
Urban100,img_064.png,x4,fsrcnn,prepared_bicubic_lr,img_064.png,4,native_model_grid_then_full_target_size_adjustment,gaussian_11x11_sigma_1.5_population_covariance,limited_bt601_y_model_with_bicubic_cbcr,gpu,model_forward_only_cuda_events,Tesla T4,14912.6875,30.7705078125,12809,fsrcnn_x4.pth,c15150d6787d487f38a68e66be5ec8a964182403af494e6a935fa03eeb56a630,https://dl.dropboxusercontent.com/s/vsvumpopupdpmmu/fsrcnn_x4.pth,91-image,bicubic,1024,680,1024,680,False,25.565996639260526,0.7379772454072763,24.215344694872023,0.718162431707536,2.1185823678970337,2.115823984146118,0.009082679130763134,2.1033918857574463,2.1338560581207275,3,10,1024,680,256,170,2.11.0+cu128,12.8,2026-08-31T12:13:13.711406+00:00,3.13.15,2.1.3,11.3.0,0.25.2,Linux-6.6.122+-x86_64-with-glibc2.35,x86_64
Urban100,img_065.png,x4,fsrcnn,prepared_bicubic_lr,img_065.png,4,native_model_grid_then_full_target_size_adjustment,gaussian_11x11_sigma_1.5_population_covariance,limited_bt601_y_model_with_bicubic_cbcr,gpu,model_forward_only_cuda_events,Tesla T4,14912.6875,30.7705078125,12809,fsrcnn_x4.pth,c15150d6787d487f38a68e66be5ec8a964182403af494e6a935fa03eeb56a630,https://dl.dropboxusercontent.com/s/vsvumpopupdpmmu/fsrcnn_x4.pth,91-image,bicubic,1024,680,1024,680,False,24.639197482866216,0.6680639610413431,22.926928150594886,0.6425677816005647,2.1167232275009153,2.1152960062026978,0.007074518408737524,2.1073920726776123,2.1274240016937256,3,10,1024,680,256,170,2.11.0+cu128,12.8,2026-08-31T12:13:14.680544+00:00,3.13.15,2.1.3,11.3.0,0.25.2,Linux-6.6.122+-x86_64-with-glibc2.35,x86_64
Urban100,img_066.png,x4,fsrcnn,prepared_bicubic_lr,img_066.png,4,native_model_grid_then_full_target_size_adjustment,gaussian_11x11_sigma_1.5_population_covariance,limited_bt601_y_model_with_bicubic_cbcr,gpu,model_forward_only_cuda_events,Tesla T4,14912.6875,39.2685546875,12809,fsrcnn_x4.pth,c15150d6787d487f38a68e66be5ec8a964182403af494e6a935fa03eeb56a630,https://dl.dropboxusercontent.com/s/vsvumpopupdpmmu/fsrcnn_x4.pth,91-image,bicubic,1024,864,1024,864,False,21.885787469783935,0.6078881945021779,20.56103872284234,0.58098940837213,2.572745609283447,2.5705760717391968,0.013629978714781965,2.5544960498809814,2.6008639335632324,3,10,1024,864,256,216,2.11.0+cu128,12.8,2026-08-31T12:13:15.758004+00:00,3.13.15,2.1.3,11.3.0,0.25.2,Linux-6.6.122+-x86_64-with-glibc2.35,x86_64
Urban100,img_067.png,x4,fsrcnn,prepared_bicubic_lr,img_067.png,4,native_model_grid_then_full_target_size_adjustment,gaussian_11x11_sigma_1.5_population_covariance,limited_bt601_y_model_with_bicubic_cbcr,gpu,model_forward_only_cuda_events,Tesla T4,14912.6875,30.7705078125,12809,fsrcnn_x4.pth,c15150d6787d487f38a68e66be5ec8a964182403af494e6a935fa03eeb56a630,https://dl.dropboxusercontent.com/s/vsvumpopupdpmmu/fsrcnn_x4.pth,91-image,bicubic,1024,680,1024,680,False,17.94548746103922,0.769073354173982,16.46403410364462,0.7250929565047483,2.124559998512268,2.119744062423706,0.013839362270040682,2.1134719848632812,2.1641600131988525,3,10,1024,680,256,170,2.11.0+cu128,12.8,2026-08-31T12:13:16.621984+00:00,3.13.15,2.1.3,11.3.0,0.25.2,Linux-6.6.122+-x86_64-with-glibc2.35,x86_64
Urban100,img_068.png,x4,fsrcnn,prepared_bicubic_lr,img_068.png,4,native_model_grid_then_full_target_size_adjustment,gaussian_11x11_sigma_1.5_population_covariance,limited_bt601_y_model_with_bicubic_cbcr,gpu,model_forward_only_cuda_events,Tesla T4,14912.6875,46.3076171875,12809,fsrcnn_x4.pth,c15150d6787d487f38a68e66be5ec8a964182403af494e6a935fa03eeb56a630,https://dl.dropboxusercontent.com/s/vsvumpopupdpmmu/fsrcnn_x4.pth,91-image,bicubic,1024,1024,1024,1024,False,28.84857453058135,0.8290978878109359,27.45908156745756,0.805848228193498,3.028336000442505,3.0230720043182373,0.010446460986154217,3.0178239345550537,3.047840118408203,3,10,1024,1024,256,256,2.11.0+cu128,12.8,2026-08-31T12:13:18.070642+00:00,3.13.15,2.1.3,11.3.0,0.25.2,Linux-6.6.122+-x86_64-with-glibc2.35,x86_64
Urban100,img_069.png,x4,fsrcnn,prepared_bicubic_lr,img_069.png,4,native_model_grid_then_full_target_size_adjustment,gaussian_11x11_sigma_1.5_population_covariance,limited_bt601_y_model_with_bicubic_cbcr,gpu,model_forward_only_cuda_events,Tesla T4,14912.6875,44.4697265625,12809,fsrcnn_x4.pth,c15150d6787d487f38a68e66be5ec8a964182403af494e6a935fa03eeb56a630,https://dl.dropboxusercontent.com/s/vsvumpopupdpmmu/fsrcnn_x4.pth,91-image,bicubic,1200,824,1200,824,False,23.80198529385737,0.6928175611516602,22.47848729107875,0.6691344631353829,3.016422438621521,3.004960060119629,0.03421117508610901,2.9830400943756104,3.1078081130981445,3,10,1200,824,300,206,2.11.0+cu128,12.8,2026-08-31T12:13:19.777146+00:00,3.13.15,2.1.3,11.3.0,0.25.2,Linux-6.6.122+-x86_64-with-glibc2.35,x86_64
Urban100,img_070.png,x4,fsrcnn,prepared_bicubic_lr,img_070.png,4,native_model_grid_then_full_target_size_adjustment,gaussian_11x11_sigma_1.5_population_covariance,limited_bt601_y_model_with_bicubic_cbcr,gpu,model_forward_only_cuda_events,Tesla T4,14912.6875,35.2451171875,12809,fsrcnn_x4.pth,c15150d6787d487f38a68e66be5ec8a964182403af494e6a935fa03eeb56a630,https://dl.dropboxusercontent.com/s/vsvumpopupdpmmu/fsrcnn_x4.pth,91-image,bicubic,1024,768,1024,768,False,21.79526385166477,0.5639003526481041,20.473004609144112,0.5430900375721106,2.383353567123413,2.3849600553512573,0.01975229153595574,2.3461759090423584,2.4102718830108643,3,10,1024,768,256,192,2.11.0+cu128,12.8,2026-08-31T12:13:21.204958+00:00,3.13.15,2.1.3,11.3.0,0.25.2,Linux-6.6.122+-x86_64-with-glibc2.35,x86_64
Urban100,img_071.png,x4,fsrcnn,prepared_bicubic_lr,img_071.png,4,native_model_grid_then_full_target_size_adjustment,gaussian_11x11_sigma_1.5_population_covariance,limited_bt601_y_model_with_bicubic_cbcr,gpu,model_forward_only_cuda_events,Tesla T4,14912.6875,35.2451171875,12809,fsrcnn_x4.pth,c15150d6787d487f38a68e66be5ec8a964182403af494e6a935fa03eeb56a630,https://dl.dropboxusercontent.com/s/vsvumpopupdpmmu/fsrcnn_x4.pth,91-image,bicubic,1024,768,1024,768,False,26.609446686603935,0.607111485420776,25.22801004716466,0.5673742693327389,2.3817919969558714,2.3817120790481567,0.013507064834747815,2.352799892425537,2.4063360691070557,3,10,1024,768,256,192,2.11.0+cu128,12.8,2026-08-31T12:13:22.394603+00:00,3.13.15,2.1.3,11.3.0,0.25.2,Linux-6.6.122+-x86_64-with-glibc2.35,x86_64
Urban100,img_072.png,x4,fsrcnn,prepared_bicubic_lr,img_072.png,4,native_model_grid_then_full_target_size_adjustment,gaussian_11x11_sigma_1.5_population_covariance,limited_bt601_y_model_with_bicubic_cbcr,gpu,model_forward_only_cuda_events,Tesla T4,14912.6875,30.7705078125,12809,fsrcnn_x4.pth,c15150d6787d487f38a68e66be5ec8a964182403af494e6a935fa03eeb56a630,https://dl.dropboxusercontent.com/s/vsvumpopupdpmmu/fsrcnn_x4.pth,91-image,bicubic,680,1024,680,1024,False,18.414229164628814,0.7048295220759332,17.09230973932562,0.6926087292341879,2.136140823364258,2.1355199813842773,0.007337540058802204,2.121056079864502,2.1443519592285156,3,10,680,1024,170,256,2.11.0+cu128,12.8,2026-08-31T12:13:23.218127+00:00,3.13.15,2.1.3,11.3.0,0.25.2,Linux-6.6.122+-x86_64-with-glibc2.35,x86_64
Urban100,img_073.png,x4,fsrcnn,prepared_bicubic_lr,img_073.png,4,native_model_grid_then_full_target_size_adjustment,gaussian_11x11_sigma_1.5_population_covariance,limited_bt601_y_model_with_bicubic_cbcr,gpu,model_forward_only_cuda_events,Tesla T4,14912.6875,35.134765625,12809,fsrcnn_x4.pth,c15150d6787d487f38a68e66be5ec8a964182403af494e6a935fa03eeb56a630,https://dl.dropboxusercontent.com/s/vsvumpopupdpmmu/fsrcnn_x4.pth,91-image,bicubic,1024,764,1024,764,False,19.899550870705486,0.5116583145232656,18.55117890186254,0.49007558585278105,2.3096863985061646,2.3146400451660156,0.023782411552669684,2.2700159549713135,2.3521599769592285,3,10,1024,764,256,191,2.11.0+cu128,12.8,2026-08-31T12:13:24.238393+00:00,3.13.15,2.1.3,11.3.0,0.25.2,Linux-6.6.122+-x86_64-with-glibc2.35,x86_64
Urban100,img_074.png,x4,fsrcnn,prepared_bicubic_lr,img_074.png,4,native_model_grid_then_full_target_size_adjustment,gaussian_11x11_sigma_1.5_population_covariance,limited_bt601_y_model_with_bicubic_cbcr,gpu,model_forward_only_cuda_events,Tesla T4,14912.6875,30.7705078125,12809,fsrcnn_x4.pth,c15150d6787d487f38a68e66be5ec8a964182403af494e6a935fa03eeb56a630,https://dl.dropboxusercontent.com/s/vsvumpopupdpmmu/fsrcnn_x4.pth,91-image,bicubic,680,1024,680,1024,False,22.73710396022309,0.6108960703385995,21.222562245115753,0.5939983032546289,2.138140821456909,2.132799983024597,0.012065459065663602,2.127840042114258,2.1706559658050537,3,10,680,1024,170,256,2.11.0+cu128,12.8,2026-08-31T12:13:25.130333+00:00,3.13.15,2.1.3,11.3.0,0.25.2,Linux-6.6.122+-x86_64-with-glibc2.35,x86_64
Urban100,img_075.png,x4,fsrcnn,prepared_bicubic_lr,img_075.png,4,native_model_grid_then_full_target_size_adjustment,gaussian_11x11_sigma_1.5_population_covariance,limited_bt601_y_model_with_bicubic_cbcr,gpu,model_forward_only_cuda_events,Tesla T4,14912.6875,30.7705078125,12809,fsrcnn_x4.pth,c15150d6787d487f38a68e66be5ec8a964182403af494e6a935fa03eeb56a630,https://dl.dropboxusercontent.com/s/vsvumpopupdpmmu/fsrcnn_x4.pth,91-image,bicubic,1024,680,1024,680,False,29.101337818130006,0.8380914522337902,27.17550554197477,0.8076743619236343,2.1146175861358643,2.111199975013733,0.010828372528459725,2.103679895401001,2.141184091567993,3,10,1024,680,256,170,2.11.0+cu128,12.8,2026-08-31T12:13:25.996310+00:00,3.13.15,2.1.3,11.3.0,0.25.2,Linux-6.6.122+-x86_64-with-glibc2.35,x86_64
Urban100,img_076.png,x4,fsrcnn,prepared_bicubic_lr,img_076.png,4,native_model_grid_then_full_target_size_adjustment,gaussian_11x11_sigma_1.5_population_covariance,limited_bt601_y_model_with_bicubic_cbcr,gpu,model_forward_only_cuda_events,Tesla T4,14912.6875,30.58984375,12809,fsrcnn_x4.pth,c15150d6787d487f38a68e66be5ec8a964182403af494e6a935fa03eeb56a630,https://dl.dropboxusercontent.com/s/vsvumpopupdpmmu/fsrcnn_x4.pth,91-image,bicubic,1024,676,1024,676,False,21.960801030930423,0.6752346042811527,20.43607973169233,0.6489301331935247,2.1493919849395753,2.1482239961624146,0.01946561809932256,2.1219520568847656,2.190239906311035,3,10,1024,676,256,169,2.11.0+cu128,12.8,2026-08-31T12:13:26.890694+00:00,3.13.15,2.1.3,11.3.0,0.25.2,Linux-6.6.122+-x86_64-with-glibc2.35,x86_64
Urban100,img_077.png,x4,fsrcnn,prepared_bicubic_lr,img_077.png,4,native_model_grid_then_full_target_size_adjustment,gaussian_11x11_sigma_1.5_population_covariance,limited_bt601_y_model_with_bicubic_cbcr,gpu,model_forward_only_cuda_events,Tesla T4,14912.6875,30.7705078125,12809,fsrcnn_x4.pth,c15150d6787d487f38a68e66be5ec8a964182403af494e6a935fa03eeb56a630,https://dl.dropboxusercontent.com/s/vsvumpopupdpmmu/fsrcnn_x4.pth,91-image,bicubic,1024,680,1024,680,False,22.350538072426417,0.6381943680996826,20.929113126105033,0.617427144702179,2.118508791923523,2.1149120330810547,0.0088194760648607,2.104896068572998,2.134783983230591,3,10,1024,680,256,170,2.11.0+cu128,12.8,2026-08-31T12:13:27.796494+00:00,3.13.15,2.1.3,11.3.0,0.25.2,Linux-6.6.122+-x86_64-with-glibc2.35,x86_64
Urban100,img_078.png,x4,fsrcnn,prepared_bicubic_lr,img_078.png,4,native_model_grid_then_full_target_size_adjustment,gaussian_11x11_sigma_1.5_population_covariance,limited_bt601_y_model_with_bicubic_cbcr,gpu,model_forward_only_cuda_events,Tesla T4,14912.6875,33.119140625,12809,fsrcnn_x4.pth,c15150d6787d487f38a68e66be5ec8a964182403af494e6a935fa03eeb56a630,https://dl.dropboxusercontent.com/s/vsvumpopupdpmmu/fsrcnn_x4.pth,91-image,bicubic,1024,732,1024,732,False,26.52019997045995,0.7318672982482779,25.288954155706772,0.6907809572535557,2.1960864305496215,2.195296049118042,0.006818908931313127,2.183743953704834,2.210911989212036,3,10,1024,732,256,183,2.11.0+cu128,12.8,2026-08-31T12:13:28.806293+00:00,3.13.15,2.1.3,11.3.0,0.25.2,Linux-6.6.122+-x86_64-with-glibc2.35,x86_64
Urban100,img_079.png,x4,fsrcnn,prepared_bicubic_lr,img_079.png,4,native_model_grid_then_full_target_size_adjustment,gaussian_11x11_sigma_1.5_population_covariance,limited_bt601_y_model_with_bicubic_cbcr,gpu,model_forward_only_cuda_events,Tesla T4,14912.6875,35.2451171875,12809,fsrcnn_x4.pth,c15150d6787d487f38a68e66be5ec8a964182403af494e6a935fa03eeb56a630,https://dl.dropboxusercontent.com/s/vsvumpopupdpmmu/fsrcnn_x4.pth,91-image,bicubic,1024,768,1024,768,False,24.479580238035975,0.6438559702484473,23.00529835080891,0.6132189934603675,2.35511999130249,2.359247922897339,0.0132782146680448,2.3296000957489014,2.374847888946533,3,10,1024,768,256,192,2.11.0+cu128,12.8,2026-08-31T12:13:29.873065+00:00,3.13.15,2.1.3,11.3.0,0.25.2,Linux-6.6.122+-x86_64-with-glibc2.35,x86_64
Urban100,img_080.png,x4,fsrcnn,prepared_bicubic_lr,img_080.png,4,native_model_grid_then_full_target_size_adjustment,gaussian_11x11_sigma_1.5_population_covariance,limited_bt601_y_model_with_bicubic_cbcr,gpu,model_forward_only_cuda_events,Tesla T4,14912.6875,35.71728515625,12809,fsrcnn_x4.pth,c15150d6787d487f38a68e66be5ec8a964182403af494e6a935fa03eeb56a630,https://dl.dropboxusercontent.com/s/vsvumpopupdpmmu/fsrcnn_x4.pth,91-image,bicubic,776,1036,776,1036,False,33.84692802181943,0.928146842994594,32.30172140557818,0.910950684286001,2.495260787010193,2.4835199117660522,0.022647026661438207,2.465440034866333,2.536128044128418,3,10,776,1036,194,259,2.11.0+cu128,12.8,2026-08-31T12:13:30.962973+00:00,3.13.15,2.1.3,11.3.0,0.25.2,Linux-6.6.122+-x86_64-with-glibc2.35,x86_64
Urban100,img_081.png,x4,fsrcnn,prepared_bicubic_lr,img_081.png,4,native_model_grid_then_full_target_size_adjustment,gaussian_11x11_sigma_1.5_population_covariance,limited_bt601_y_model_with_bicubic_cbcr,gpu,model_forward_only_cuda_events,Tesla T4,14912.6875,46.3076171875,12809,fsrcnn_x4.pth,c15150d6787d487f38a68e66be5ec8a964182403af494e6a935fa03eeb56a630,https://dl.dropboxusercontent.com/s/vsvumpopupdpmmu/fsrcnn_x4.pth,91-image,bicubic,1024,1024,1024,1024,False,33.0767668404085,0.9355757053634897,29.62556966265459,0.865284807760912,3.038761591911316,3.0418559312820435,0.017471123026792778,3.0085439682006836,3.0709760189056396,3,10,1024,1024,256,256,2.11.0+cu128,12.8,2026-08-31T12:13:32.527182+00:00,3.13.15,2.1.3,11.3.0,0.25.2,Linux-6.6.122+-x86_64-with-glibc2.35,x86_64
Urban100,img_082.png,x4,fsrcnn,prepared_bicubic_lr,img_082.png,4,native_model_grid_then_full_target_size_adjustment,gaussian_11x11_sigma_1.5_population_covariance,limited_bt601_y_model_with_bicubic_cbcr,gpu,model_forward_only_cuda_events,Tesla T4,14912.6875,46.3076171875,12809,fsrcnn_x4.pth,c15150d6787d487f38a68e66be5ec8a964182403af494e6a935fa03eeb56a630,https://dl.dropboxusercontent.com/s/vsvumpopupdpmmu/fsrcnn_x4.pth,91-image,bicubic,1024,1024,1024,1024,False,30.608099646175596,0.9100234970690049,29.095893675411077,0.886523448995289,3.059347224235535,3.0531359910964966,0.01896477801291675,3.0396480560302734,3.1067841053009033,3,10,1024,1024,256,256,2.11.0+cu128,12.8,2026-08-31T12:13:34.351470+00:00,3.13.15,2.1.3,11.3.0,0.25.2,Linux-6.6.122+-x86_64-with-glibc2.35,x86_64
Urban100,img_083.png,x4,fsrcnn,prepared_bicubic_lr,img_083.png,4,native_model_grid_then_full_target_size_adjustment,gaussian_11x11_sigma_1.5_population_covariance,limited_bt601_y_model_with_bicubic_cbcr,gpu,model_forward_only_cuda_events,Tesla T4,14912.6875,46.029296875,12809,fsrcnn_x4.pth,c15150d6787d487f38a68e66be5ec8a964182403af494e6a935fa03eeb56a630,https://dl.dropboxusercontent.com/s/vsvumpopupdpmmu/fsrcnn_x4.pth,91-image,bicubic,1004,1024,1004,1024,False,21.307261457932384,0.6214777306606986,20.04414692952508,0.6000145459220185,3.1502111911773683,3.052240014076233,0.31337299712854305,3.0291199684143066,4.089856147766113,3,10,1004,1024,251,256,2.11.0+cu128,12.8,2026-08-31T12:13:36.082294+00:00,3.13.15,2.1.3,11.3.0,0.25.2,Linux-6.6.122+-x86_64-with-glibc2.35,x86_64
Urban100,img_084.png,x4,fsrcnn,prepared_bicubic_lr,img_084.png,4,native_model_grid_then_full_target_size_adjustment,gaussian_11x11_sigma_1.5_population_covariance,limited_bt601_y_model_with_bicubic_cbcr,gpu,model_forward_only_cuda_events,Tesla T4,14912.6875,46.3076171875,12809,fsrcnn_x4.pth,c15150d6787d487f38a68e66be5ec8a964182403af494e6a935fa03eeb56a630,https://dl.dropboxusercontent.com/s/vsvumpopupdpmmu/fsrcnn_x4.pth,91-image,bicubic,1024,1024,1024,1024,False,27.547836543339784,0.7687707613072411,26.002623662321184,0.7362084906890694,3.039305567741394,3.0339839458465576,0.016484172489234037,3.0248959064483643,3.0863358974456787,3,10,1024,1024,256,256,2.11.0+cu128,12.8,2026-08-31T12:13:37.541203+00:00,3.13.15,2.1.3,11.3.0,0.25.2,Linux-6.6.122+-x86_64-with-glibc2.35,x86_64
Urban100,img_085.png,x4,fsrcnn,prepared_bicubic_lr,img_085.png,4,native_model_grid_then_full_target_size_adjustment,gaussian_11x11_sigma_1.5_population_covariance,limited_bt601_y_model_with_bicubic_cbcr,gpu,model_forward_only_cuda_events,Tesla T4,14912.6875,30.58984375,12809,fsrcnn_x4.pth,c15150d6787d487f38a68e66be5ec8a964182403af494e6a935fa03eeb56a630,https://dl.dropboxusercontent.com/s/vsvumpopupdpmmu/fsrcnn_x4.pth,91-image,bicubic,1024,676,1024,676,False,27.008351283075505,0.8629638317729357,25.363647744573115,0.8430674191259673,2.3448864221572876,2.1404640674591064,0.6207024018096267,2.112607955932617,4.206528186798096,3,10,1024,676,256,169,2.11.0+cu128,12.8,2026-08-31T12:13:38.435124+00:00,3.13.15,2.1.3,11.3.0,0.25.2,Linux-6.6.122+-x86_64-with-glibc2.35,x86_64
Urban100,img_086.png,x4,fsrcnn,prepared_bicubic_lr,img_086.png,4,native_model_grid_then_full_target_size_adjustment,gaussian_11x11_sigma_1.5_population_covariance,limited_bt601_y_model_with_bicubic_cbcr,gpu,model_forward_only_cuda_events,Tesla T4,14912.6875,35.2451171875,12809,fsrcnn_x4.pth,c15150d6787d487f38a68e66be5ec8a964182403af494e6a935fa03eeb56a630,https://dl.dropboxusercontent.com/s/vsvumpopupdpmmu/fsrcnn_x4.pth,91-image,bicubic,1024,768,1024,768,False,29.121384569775227,0.8580294225596614,27.67757645567231,0.8376332646636158,2.3563008069992066,2.361184000968933,0.01721002769453412,2.3236160278320312,2.383552074432373,3,10,1024,768,256,192,2.11.0+cu128,12.8,2026-08-31T12:13:39.413914+00:00,3.13.15,2.1.3,11.3.0,0.25.2,Linux-6.6.122+-x86_64-with-glibc2.35,x86_64
Urban100,img_087.png,x4,fsrcnn,prepared_bicubic_lr,img_087.png,4,native_model_grid_then_full_target_size_adjustment,gaussian_11x11_sigma_1.5_population_covariance,limited_bt601_y_model_with_bicubic_cbcr,gpu,model_forward_only_cuda_events,Tesla T4,14912.6875,46.3076171875,12809,fsrcnn_x4.pth,c15150d6787d487f38a68e66be5ec8a964182403af494e6a935fa03eeb56a630,https://dl.dropboxusercontent.com/s/vsvumpopupdpmmu/fsrcnn_x4.pth,91-image,bicubic,1024,1024,1024,1024,False,24.511567637965783,0.7934112947362902,23.18332312574536,0.7656025856008221,3.0370496034622194,3.0360159873962402,0.015424127795986417,3.0153920650482178,3.0584959983825684,3,10,1024,1024,256,256,2.11.0+cu128,12.8,2026-08-31T12:13:40.926499+00:00,3.13.15,2.1.3,11.3.0,0.25.2,Linux-6.6.122+-x86_64-with-glibc2.35,x86_64
Urban100,img_088.png,x4,fsrcnn,prepared_bicubic_lr,img_088.png,4,native_model_grid_then_full_target_size_adjustment,gaussian_11x11_sigma_1.5_population_covariance,limited_bt601_y_model_with_bicubic_cbcr,gpu,model_forward_only_cuda_events,Tesla T4,14912.6875,30.4091796875,12809,fsrcnn_x4.pth,c15150d6787d487f38a68e66be5ec8a964182403af494e6a935fa03eeb56a630,https://dl.dropboxusercontent.com/s/vsvumpopupdpmmu/fsrcnn_x4.pth,91-image,bicubic,1024,672,1024,672,False,19.207481148440685,0.49528084253769594,17.78899107023487,0.47203041640625965,2.1032095909118653,2.1019840240478516,0.00688459019395697,2.094496011734009,2.1177918910980225,3,10,1024,672,256,168,2.11.0+cu128,12.8,2026-08-31T12:13:41.817672+00:00,3.13.15,2.1.3,11.3.0,0.25.2,Linux-6.6.122+-x86_64-with-glibc2.35,x86_64
Urban100,img_089.png,x4,fsrcnn,prepared_bicubic_lr,img_089.png,4,native_model_grid_then_full_target_size_adjustment,gaussian_11x11_sigma_1.5_population_covariance,limited_bt601_y_model_with_bicubic_cbcr,gpu,model_forward_only_cuda_events,Tesla T4,14912.6875,35.2451171875,12809,fsrcnn_x4.pth,c15150d6787d487f38a68e66be5ec8a964182403af494e6a935fa03eeb56a630,https://dl.dropboxusercontent.com/s/vsvumpopupdpmmu/fsrcnn_x4.pth,91-image,bicubic,768,1024,768,1024,False,26.154604609977742,0.6772353882039106,24.799962610362396,0.6530964061159691,2.5142111778259277,2.372704029083252,0.45583111580933655,2.318336009979248,3.8803839683532715,3,10,768,1024,192,256,2.11.0+cu128,12.8,2026-08-31T12:13:42.848392+00:00,3.13.15,2.1.3,11.3.0,0.25.2,Linux-6.6.122+-x86_64-with-glibc2.35,x86_64
Urban100,img_090.png,x4,fsrcnn,prepared_bicubic_lr,img_090.png,4,native_model_grid_then_full_target_size_adjustment,gaussian_11x11_sigma_1.5_population_covariance,limited_bt601_y_model_with_bicubic_cbcr,gpu,model_forward_only_cuda_events,Tesla T4,14912.6875,30.7705078125,12809,fsrcnn_x4.pth,c15150d6787d487f38a68e66be5ec8a964182403af494e6a935fa03eeb56a630,https://dl.dropboxusercontent.com/s/vsvumpopupdpmmu/fsrcnn_x4.pth,91-image,bicubic,1024,680,1024,680,False,33.02196796271247,0.9300646152667831,31.457384308382256,0.9144255178290295,2.114041638374329,2.1134400367736816,0.00757592526154398,2.104896068572998,2.1294400691986084,3,10,1024,680,256,170,2.11.0+cu128,12.8,2026-08-31T12:13:43.727256+00:00,3.13.15,2.1.3,11.3.0,0.25.2,Linux-6.6.122+-x86_64-with-glibc2.35,x86_64
Urban100,img_091.png,x4,fsrcnn,prepared_bicubic_lr,img_091.png,4,native_model_grid_then_full_target_size_adjustment,gaussian_11x11_sigma_1.5_population_covariance,limited_bt601_y_model_with_bicubic_cbcr,gpu,model_forward_only_cuda_events,Tesla T4,14912.6875,30.7705078125,12809,fsrcnn_x4.pth,c15150d6787d487f38a68e66be5ec8a964182403af494e6a935fa03eeb56a630,https://dl.dropboxusercontent.com/s/vsvumpopupdpmmu/fsrcnn_x4.pth,91-image,bicubic,1024,680,1024,680,False,22.997863706423423,0.6024315512372629,21.079488579446114,0.5602754481791462,2.123638391494751,2.1238240003585815,0.009500833611928276,2.1098880767822266,2.140160083770752,3,10,1024,680,256,170,2.11.0+cu128,12.8,2026-08-31T12:13:44.634506+00:00,3.13.15,2.1.3,11.3.0,0.25.2,Linux-6.6.122+-x86_64-with-glibc2.35,x86_64
Urban100,img_092.png,x4,fsrcnn,prepared_bicubic_lr,img_092.png,4,native_model_grid_then_full_target_size_adjustment,gaussian_11x11_sigma_1.5_population_covariance,limited_bt601_y_model_with_bicubic_cbcr,gpu,model_forward_only_cuda_events,Tesla T4,14912.6875,31.3125,12809,fsrcnn_x4.pth,c15150d6787d487f38a68e66be5ec8a964182403af494e6a935fa03eeb56a630,https://dl.dropboxusercontent.com/s/vsvumpopupdpmmu/fsrcnn_x4.pth,91-image,bicubic,1024,692,1024,692,False,17.705963603689415,0.5472032535064506,16.383842919750087,0.5254272717579845,2.1145279884338377,2.1138880252838135,0.005961227737004318,2.1057279109954834,2.1248319149017334,3,10,1024,692,256,173,2.11.0+cu128,12.8,2026-08-31T12:13:45.480862+00:00,3.13.15,2.1.3,11.3.0,0.25.2,Linux-6.6.122+-x86_64-with-glibc2.35,x86_64
Urban100,img_093.png,x4,fsrcnn,prepared_bicubic_lr,img_093.png,4,native_model_grid_then_full_target_size_adjustment,gaussian_11x11_sigma_1.5_population_covariance,limited_bt601_y_model_with_bicubic_cbcr,gpu,model_forward_only_cuda_events,Tesla T4,14912.6875,35.2451171875,12809,fsrcnn_x4.pth,c15150d6787d487f38a68e66be5ec8a964182403af494e6a935fa03eeb56a630,https://dl.dropboxusercontent.com/s/vsvumpopupdpmmu/fsrcnn_x4.pth,91-image,bicubic,1024,768,1024,768,False,27.22458362274507,0.8741434889827854,25.798796227743384,0.8504860986555638,2.35512957572937,2.3595519065856934,0.0261890964205912,2.301919937133789,2.3900160789489746,3,10,1024,768,256,192,2.11.0+cu128,12.8,2026-08-31T12:13:46.711622+00:00,3.13.15,2.1.3,11.3.0,0.25.2,Linux-6.6.122+-x86_64-with-glibc2.35,x86_64
Urban100,img_094.png,x4,fsrcnn,prepared_bicubic_lr,img_094.png,4,native_model_grid_then_full_target_size_adjustment,gaussian_11x11_sigma_1.5_population_covariance,limited_bt601_y_model_with_bicubic_cbcr,gpu,model_forward_only_cuda_events,Tesla T4,14912.6875,35.2451171875,12809,fsrcnn_x4.pth,c15150d6787d487f38a68e66be5ec8a964182403af494e6a935fa03eeb56a630,https://dl.dropboxusercontent.com/s/vsvumpopupdpmmu/fsrcnn_x4.pth,91-image,bicubic,1024,768,1024,768,False,26.2414615727071,0.7381500411871308,24.865607364477107,0.6945344869321403,2.385529613494873,2.387968063354492,0.020418624317744324,2.3531200885772705,2.4268798828125,3,10,1024,768,256,192,2.11.0+cu128,12.8,2026-08-31T12:13:48.073903+00:00,3.13.15,2.1.3,11.3.0,0.25.2,Linux-6.6.122+-x86_64-with-glibc2.35,x86_64
Urban100,img_095.png,x4,fsrcnn,prepared_bicubic_lr,img_095.png,4,native_model_grid_then_full_target_size_adjustment,gaussian_11x11_sigma_1.5_population_covariance,limited_bt601_y_model_with_bicubic_cbcr,gpu,model_forward_only_cuda_events,Tesla T4,14912.6875,35.2451171875,12809,fsrcnn_x4.pth,c15150d6787d487f38a68e66be5ec8a964182403af494e6a935fa03eeb56a630,https://dl.dropboxusercontent.com/s/vsvumpopupdpmmu/fsrcnn_x4.pth,91-image,bicubic,1024,768,1024,768,False,19.30350965099465,0.36592708215673353,17.981587580654978,0.34629793160291467,2.4117408275604246,2.4012480974197388,0.03116955183774857,2.369055986404419,2.4800961017608643,3,10,1024,768,256,192,2.11.0+cu128,12.8,2026-08-31T12:13:49.264053+00:00,3.13.15,2.1.3,11.3.0,0.25.2,Linux-6.6.122+-x86_64-with-glibc2.35,x86_64
Urban100,img_096.png,x4,fsrcnn,prepared_bicubic_lr,img_096.png,4,native_model_grid_then_full_target_size_adjustment,gaussian_11x11_sigma_1.5_population_covariance,limited_bt601_y_model_with_bicubic_cbcr,gpu,model_forward_only_cuda_events,Tesla T4,14912.6875,35.2451171875,12809,fsrcnn_x4.pth,c15150d6787d487f38a68e66be5ec8a964182403af494e6a935fa03eeb56a630,https://dl.dropboxusercontent.com/s/vsvumpopupdpmmu/fsrcnn_x4.pth,91-image,bicubic,1024,768,1024,768,False,22.26705911843567,0.7506870381927839,20.96746376593564,0.733626987794063,2.392972779273987,2.3850399255752563,0.04464438869990622,2.337791919708252,2.512831926345825,3,10,1024,768,256,192,2.11.0+cu128,12.8,2026-08-31T12:13:50.524889+00:00,3.13.15,2.1.3,11.3.0,0.25.2,Linux-6.6.122+-x86_64-with-glibc2.35,x86_64
Urban100,img_097.png,x4,fsrcnn,prepared_bicubic_lr,img_097.png,4,native_model_grid_then_full_target_size_adjustment,gaussian_11x11_sigma_1.5_population_covariance,limited_bt601_y_model_with_bicubic_cbcr,gpu,model_forward_only_cuda_events,Tesla T4,14912.6875,30.7705078125,12809,fsrcnn_x4.pth,c15150d6787d487f38a68e66be5ec8a964182403af494e6a935fa03eeb56a630,https://dl.dropboxusercontent.com/s/vsvumpopupdpmmu/fsrcnn_x4.pth,91-image,bicubic,1024,680,1024,680,False,23.825516026998255,0.6986621370896764,22.400337263487696,0.6770951093701907,2.117065596580505,2.1146719455718994,0.0122280955851258,2.103264093399048,2.1468799114227295,3,10,1024,680,256,170,2.11.0+cu128,12.8,2026-08-31T12:13:51.421951+00:00,3.13.15,2.1.3,11.3.0,0.25.2,Linux-6.6.122+-x86_64-with-glibc2.35,x86_64
Urban100,img_098.png,x4,fsrcnn,prepared_bicubic_lr,img_098.png,4,native_model_grid_then_full_target_size_adjustment,gaussian_11x11_sigma_1.5_population_covariance,limited_bt601_y_model_with_bicubic_cbcr,gpu,model_forward_only_cuda_events,Tesla T4,14912.6875,30.7705078125,12809,fsrcnn_x4.pth,c15150d6787d487f38a68e66be5ec8a964182403af494e6a935fa03eeb56a630,https://dl.dropboxusercontent.com/s/vsvumpopupdpmmu/fsrcnn_x4.pth,91-image,bicubic,1024,680,1024,680,False,20.1265367817906,0.4606812979474516,18.714321398251,0.43712264004283236,2.1124128103256226,2.109488010406494,0.009425498263297048,2.1015679836273193,2.1298880577087402,3,10,1024,680,256,170,2.11.0+cu128,12.8,2026-08-31T12:13:52.318924+00:00,3.13.15,2.1.3,11.3.0,0.25.2,Linux-6.6.122+-x86_64-with-glibc2.35,x86_64
Urban100,img_099.png,x4,fsrcnn,prepared_bicubic_lr,img_099.png,4,native_model_grid_then_full_target_size_adjustment,gaussian_11x11_sigma_1.5_population_covariance,limited_bt601_y_model_with_bicubic_cbcr,gpu,model_forward_only_cuda_events,Tesla T4,14912.6875,36.37109375,12809,fsrcnn_x4.pth,c15150d6787d487f38a68e66be5ec8a964182403af494e6a935fa03eeb56a630,https://dl.dropboxusercontent.com/s/vsvumpopupdpmmu/fsrcnn_x4.pth,91-image,bicubic,1024,804,1024,804,False,23.48006817633554,0.6526044332817467,21.292524235619858,0.5757889038023372,2.4779039859771728,2.4749919176101685,0.01291912681535678,2.4596478939056396,2.495136022567749,3,10,1024,804,256,201,2.11.0+cu128,12.8,2026-08-31T12:13:53.375166+00:00,3.13.15,2.1.3,11.3.0,0.25.2,Linux-6.6.122+-x86_64-with-glibc2.35,x86_64
Urban100,img_100.png,x4,fsrcnn,prepared_bicubic_lr,img_100.png,4,native_model_grid_then_full_target_size_adjustment,gaussian_11x11_sigma_1.5_population_covariance,limited_bt601_y_model_with_bicubic_cbcr,gpu,model_forward_only_cuda_events,Tesla T4,14912.6875,46.3076171875,12809,fsrcnn_x4.pth,c15150d6787d487f38a68e66be5ec8a964182403af494e6a935fa03eeb56a630,https://dl.dropboxusercontent.com/s/vsvumpopupdpmmu/fsrcnn_x4.pth,91-image,bicubic,1024,1024,1024,1024,False,24.4255519740193,0.6786901605615299,21.01776382177563,0.6040657410026679,3.034992003440857,3.035632014274597,0.013030690858041132,3.0155200958251953,3.057663917541504,3,10,1024,1024,256,256,2.11.0+cu128,12.8,2026-08-31T12:13:54.826251+00:00,3.13.15,2.1.3,11.3.0,0.25.2,Linux-6.6.122+-x86_64-with-glibc2.35,x86_64
