dataset,image,scale,method,degradation,lr_source_file,metric_border_pixels,dimension_policy,ssim_protocol,colour_policy,timing_device,timing_scope,device_name,device_total_memory_mb,peak_gpu_memory_mb,parameter_count,checkpoint_original_filename,checkpoint_sha256,checkpoint_source_url,checkpoint_training_dataset,checkpoint_degradation,native_width,native_height,target_width,target_height,dimension_adjusted,psnr_y,ssim_y,psnr_rgb,ssim_rgb,latency_mean_ms,latency_median_ms,latency_std_ms,latency_min_ms,latency_max_ms,warmup_runs,timed_runs,hr_width,hr_height,lr_width,lr_height,torch_version,cuda_runtime_version,generated_at_utc,python_version,numpy_version,pillow_version,skimage_version,operating_system,processor
Set5,baby.png,x2,imdn,prepared_bicubic_lr,baby.png,2,native_model_grid_then_full_target_size_adjustment,gaussian_11x11_sigma_1.5_population_covariance,rgb_model,gpu,model_forward_only_cuda_events,Tesla T4,14912.6875,230.4130859375,694404,IMDN_x2.pth,740b39653592bd3f49955a21cd9e16f2d37f2c413368cc09327601b8fbe42ce1,https://raw.githubusercontent.com/Zheng222/IMDN/master/checkpoints/IMDN_x2.pth,DIV2K,bicubic,512,512,512,512,False,38.9068345644496,0.9678406251859305,37.36965348778183,0.9600473531471261,31.049254608154296,30.039552688598633,3.07159797143913,29.781696319580078,40.236351013183594,3,10,512,512,256,256,2.11.0+cu128,12.8,2026-08-30T20:07:54.408375+00:00,3.13.15,2.1.3,11.3.0,0.25.2,Linux-6.6.122+-x86_64-with-glibc2.35,x86_64
Set5,bird.png,x2,imdn,prepared_bicubic_lr,bird.png,2,native_model_grid_then_full_target_size_adjustment,gaussian_11x11_sigma_1.5_population_covariance,rgb_model,gpu,model_forward_only_cuda_events,Tesla T4,14912.6875,76.349609375,694404,IMDN_x2.pth,740b39653592bd3f49955a21cd9e16f2d37f2c413368cc09327601b8fbe42ce1,https://raw.githubusercontent.com/Zheng222/IMDN/master/checkpoints/IMDN_x2.pth,DIV2K,bicubic,288,288,288,288,False,43.28960418668931,0.9906184829249826,40.58104044323362,0.9839585352890712,9.592985534667969,9.635679721832275,0.17059849186948947,9.322303771972656,9.773056030273438,3,10,288,288,144,144,2.11.0+cu128,12.8,2026-08-30T20:07:54.684099+00:00,3.13.15,2.1.3,11.3.0,0.25.2,Linux-6.6.122+-x86_64-with-glibc2.35,x86_64
Set5,butterfly.png,x2,imdn,prepared_bicubic_lr,butterfly.png,2,native_model_grid_then_full_target_size_adjustment,gaussian_11x11_sigma_1.5_population_covariance,rgb_model,gpu,model_forward_only_cuda_events,Tesla T4,14912.6875,59.6005859375,694404,IMDN_x2.pth,740b39653592bd3f49955a21cd9e16f2d37f2c413368cc09327601b8fbe42ce1,https://raw.githubusercontent.com/Zheng222/IMDN/master/checkpoints/IMDN_x2.pth,DIV2K,bicubic,256,256,256,256,False,35.364561626435155,0.9782987662830303,33.77020818215878,0.9703713507304784,7.5254816055297855,7.617696046829224,0.4467032865094887,6.87286376953125,8.35155200958252,3,10,256,256,128,128,2.11.0+cu128,12.8,2026-08-30T20:07:54.910412+00:00,3.13.15,2.1.3,11.3.0,0.25.2,Linux-6.6.122+-x86_64-with-glibc2.35,x86_64
Set5,head.png,x2,imdn,prepared_bicubic_lr,head.png,2,native_model_grid_then_full_target_size_adjustment,gaussian_11x11_sigma_1.5_population_covariance,rgb_model,gpu,model_forward_only_cuda_events,Tesla T4,14912.6875,70.77734375,694404,IMDN_x2.pth,740b39653592bd3f49955a21cd9e16f2d37f2c413368cc09327601b8fbe42ce1,https://raw.githubusercontent.com/Zheng222/IMDN/master/checkpoints/IMDN_x2.pth,DIV2K,bicubic,280,280,280,280,False,36.020012787563246,0.8909827503462712,32.290766928789374,0.8327261814590825,9.703526306152344,9.562335968017578,0.5455870750360722,9.04041576385498,10.838111877441406,3,10,280,280,140,140,2.11.0+cu128,12.8,2026-08-30T20:07:55.168281+00:00,3.13.15,2.1.3,11.3.0,0.25.2,Linux-6.6.122+-x86_64-with-glibc2.35,x86_64
Set5,woman.png,x2,imdn,prepared_bicubic_lr,woman.png,2,native_model_grid_then_full_target_size_adjustment,gaussian_11x11_sigma_1.5_population_covariance,rgb_model,gpu,model_forward_only_cuda_events,Tesla T4,14912.6875,70.80517578125,694404,IMDN_x2.pth,740b39653592bd3f49955a21cd9e16f2d37f2c413368cc09327601b8fbe42ce1,https://raw.githubusercontent.com/Zheng222/IMDN/master/checkpoints/IMDN_x2.pth,DIV2K,bicubic,228,344,228,344,False,36.3896506875303,0.9746171569060088,35.02261493129553,0.9710014263276602,9.908534336090089,10.070335865020752,0.33435611253775976,9.084927558898926,10.153984069824219,3,10,228,344,114,172,2.11.0+cu128,12.8,2026-08-30T20:07:55.434136+00:00,3.13.15,2.1.3,11.3.0,0.25.2,Linux-6.6.122+-x86_64-with-glibc2.35,x86_64
Set14,baboon.png,x2,imdn,prepared_bicubic_lr,baboon.png,2,native_model_grid_then_full_target_size_adjustment,gaussian_11x11_sigma_1.5_population_covariance,rgb_model,gpu,model_forward_only_cuda_events,Tesla T4,14912.6875,211.1748046875,694404,IMDN_x2.pth,740b39653592bd3f49955a21cd9e16f2d37f2c413368cc09327601b8fbe42ce1,https://raw.githubusercontent.com/Zheng222/IMDN/master/checkpoints/IMDN_x2.pth,DIV2K,bicubic,500,480,500,480,False,26.357911118409167,0.7951952986538755,24.00872708579189,0.737601764573553,29.772172927856445,29.784159660339355,0.12601041645916264,29.527616500854492,29.986591339111328,3,10,500,480,250,240,2.11.0+cu128,12.8,2026-08-30T20:07:56.233389+00:00,3.13.15,2.1.3,11.3.0,0.25.2,Linux-6.6.122+-x86_64-with-glibc2.35,x86_64
Set14,barbara.png,x2,imdn,prepared_bicubic_lr,barbara.png,2,native_model_grid_then_full_target_size_adjustment,gaussian_11x11_sigma_1.5_population_covariance,rgb_model,gpu,model_forward_only_cuda_events,Tesla T4,14912.6875,367.79931640625,694404,IMDN_x2.pth,740b39653592bd3f49955a21cd9e16f2d37f2c413368cc09327601b8fbe42ce1,https://raw.githubusercontent.com/Zheng222/IMDN/master/checkpoints/IMDN_x2.pth,DIV2K,bicubic,720,576,720,576,False,28.70067238252878,0.8857476390494223,27.16396891471778,0.867072535557043,48.1671745300293,48.14217758178711,0.172089254060506,47.82912063598633,48.41267013549805,3,10,720,576,360,288,2.11.0+cu128,12.8,2026-08-30T20:07:57.555805+00:00,3.13.15,2.1.3,11.3.0,0.25.2,Linux-6.6.122+-x86_64-with-glibc2.35,x86_64
Set14,bridge.png,x2,imdn,prepared_bicubic_lr,bridge.png,2,native_model_grid_then_full_target_size_adjustment,gaussian_11x11_sigma_1.5_population_covariance,rgb_model,gpu,model_forward_only_cuda_events,Tesla T4,14912.6875,230.4130859375,694404,IMDN_x2.pth,740b39653592bd3f49955a21cd9e16f2d37f2c413368cc09327601b8fbe42ce1,https://raw.githubusercontent.com/Zheng222/IMDN/master/checkpoints/IMDN_x2.pth,DIV2K,bicubic,512,512,512,512,False,29.499617148600894,0.8684581818037825,28.175729207166825,0.8611238039930235,30.156716918945314,30.126272201538086,0.2962646157345147,29.76767921447754,30.90947151184082,3,10,512,512,256,256,2.11.0+cu128,12.8,2026-08-30T20:07:58.263558+00:00,3.13.15,2.1.3,11.3.0,0.25.2,Linux-6.6.122+-x86_64-with-glibc2.35,x86_64
Set14,coastguard.png,x2,imdn,prepared_bicubic_lr,coastguard.png,2,native_model_grid_then_full_target_size_adjustment,gaussian_11x11_sigma_1.5_population_covariance,rgb_model,gpu,model_forward_only_cuda_events,Tesla T4,14912.6875,90.8828125,694404,IMDN_x2.pth,740b39653592bd3f49955a21cd9e16f2d37f2c413368cc09327601b8fbe42ce1,https://raw.githubusercontent.com/Zheng222/IMDN/master/checkpoints/IMDN_x2.pth,DIV2K,bicubic,352,288,352,288,False,31.374391791959738,0.8582192748938728,30.029468635459878,0.8460571224974406,11.647702407836913,11.786255836486816,0.34403733416516774,10.973183631896973,11.955455780029297,3,10,352,288,176,144,2.11.0+cu128,12.8,2026-08-30T20:07:58.548950+00:00,3.13.15,2.1.3,11.3.0,0.25.2,Linux-6.6.122+-x86_64-with-glibc2.35,x86_64
Set14,comic.png,x2,imdn,prepared_bicubic_lr,comic.png,2,native_model_grid_then_full_target_size_adjustment,gaussian_11x11_sigma_1.5_population_covariance,rgb_model,gpu,model_forward_only_cuda_events,Tesla T4,14912.6875,80.85546875,694404,IMDN_x2.pth,740b39653592bd3f49955a21cd9e16f2d37f2c413368cc09327601b8fbe42ce1,https://raw.githubusercontent.com/Zheng222/IMDN/master/checkpoints/IMDN_x2.pth,DIV2K,bicubic,250,360,250,361,True,29.93950614153263,0.9419098903172305,28.42146451456847,0.9347223722999477,11.35921277999878,11.470032215118408,0.31681703136531836,10.637311935424805,11.661087989807129,3,10,250,361,125,180,2.11.0+cu128,12.8,2026-08-30T20:07:58.808141+00:00,3.13.15,2.1.3,11.3.0,0.25.2,Linux-6.6.122+-x86_64-with-glibc2.35,x86_64
Set14,face.png,x2,imdn,prepared_bicubic_lr,face.png,2,native_model_grid_then_full_target_size_adjustment,gaussian_11x11_sigma_1.5_population_covariance,rgb_model,gpu,model_forward_only_cuda_events,Tesla T4,14912.6875,68.84521484375,694404,IMDN_x2.pth,740b39653592bd3f49955a21cd9e16f2d37f2c413368cc09327601b8fbe42ce1,https://raw.githubusercontent.com/Zheng222/IMDN/master/checkpoints/IMDN_x2.pth,DIV2K,bicubic,276,276,276,276,False,35.9982669440637,0.8910638996385849,32.26588022508737,0.8328566869344805,9.468633556365967,9.627647876739502,0.3092457732394657,8.71833610534668,9.708191871643066,3,10,276,276,138,138,2.11.0+cu128,12.8,2026-08-30T20:07:59.033544+00:00,3.13.15,2.1.3,11.3.0,0.25.2,Linux-6.6.122+-x86_64-with-glibc2.35,x86_64
Set14,flowers.png,x2,imdn,prepared_bicubic_lr,flowers.png,2,native_model_grid_then_full_target_size_adjustment,gaussian_11x11_sigma_1.5_population_covariance,rgb_model,gpu,model_forward_only_cuda_events,Tesla T4,14912.6875,160.72509765625,694404,IMDN_x2.pth,740b39653592bd3f49955a21cd9e16f2d37f2c413368cc09327601b8fbe42ce1,https://raw.githubusercontent.com/Zheng222/IMDN/master/checkpoints/IMDN_x2.pth,DIV2K,bicubic,500,362,500,362,False,34.97162350347038,0.9510794234996108,32.664781038153045,0.9358503194783476,22.464924812316895,22.46020793914795,0.0820700451895862,22.32169532775879,22.605920791625977,3,10,500,362,250,181,2.11.0+cu128,12.8,2026-08-30T20:07:59.544388+00:00,3.13.15,2.1.3,11.3.0,0.25.2,Linux-6.6.122+-x86_64-with-glibc2.35,x86_64
Set14,foreman.png,x2,imdn,prepared_bicubic_lr,foreman.png,2,native_model_grid_then_full_target_size_adjustment,gaussian_11x11_sigma_1.5_population_covariance,rgb_model,gpu,model_forward_only_cuda_events,Tesla T4,14912.6875,90.8828125,694404,IMDN_x2.pth,740b39653592bd3f49955a21cd9e16f2d37f2c413368cc09327601b8fbe42ce1,https://raw.githubusercontent.com/Zheng222/IMDN/master/checkpoints/IMDN_x2.pth,DIV2K,bicubic,352,288,352,288,False,38.11228339329115,0.9743575288311243,36.30847745958865,0.9677810510579254,11.487980556488036,11.600751876831055,0.25514497502230316,10.915295600891113,11.694527626037598,3,10,352,288,176,144,2.11.0+cu128,12.8,2026-08-30T20:07:59.816957+00:00,3.13.15,2.1.3,11.3.0,0.25.2,Linux-6.6.122+-x86_64-with-glibc2.35,x86_64
Set14,lenna.png,x2,imdn,prepared_bicubic_lr,lenna.png,2,native_model_grid_then_full_target_size_adjustment,gaussian_11x11_sigma_1.5_population_covariance,rgb_model,gpu,model_forward_only_cuda_events,Tesla T4,14912.6875,230.4130859375,694404,IMDN_x2.pth,740b39653592bd3f49955a21cd9e16f2d37f2c413368cc09327601b8fbe42ce1,https://raw.githubusercontent.com/Zheng222/IMDN/master/checkpoints/IMDN_x2.pth,DIV2K,bicubic,512,512,512,512,False,37.38555804358928,0.9350265549832086,34.3299544810838,0.8800264735429005,30.17505931854248,30.13982391357422,0.07823300954204804,30.083200454711914,30.334976196289062,3,10,512,512,256,256,2.11.0+cu128,12.8,2026-08-30T20:08:00.590898+00:00,3.13.15,2.1.3,11.3.0,0.25.2,Linux-6.6.122+-x86_64-with-glibc2.35,x86_64
Set14,man.png,x2,imdn,prepared_bicubic_lr,man.png,2,native_model_grid_then_full_target_size_adjustment,gaussian_11x11_sigma_1.5_population_covariance,rgb_model,gpu,model_forward_only_cuda_events,Tesla T4,14912.6875,230.4130859375,694404,IMDN_x2.pth,740b39653592bd3f49955a21cd9e16f2d37f2c413368cc09327601b8fbe42ce1,https://raw.githubusercontent.com/Zheng222/IMDN/master/checkpoints/IMDN_x2.pth,DIV2K,bicubic,512,512,512,512,False,31.562675613963563,0.8983033454373135,30.23802686339031,0.8880302171457175,30.136671829223634,30.131135940551758,0.17609262143809928,29.798879623413086,30.474239349365234,3,10,512,512,256,256,2.11.0+cu128,12.8,2026-08-30T20:08:01.289140+00:00,3.13.15,2.1.3,11.3.0,0.25.2,Linux-6.6.122+-x86_64-with-glibc2.35,x86_64
Set14,monarch.png,x2,imdn,prepared_bicubic_lr,monarch.png,2,native_model_grid_then_full_target_size_adjustment,gaussian_11x11_sigma_1.5_population_covariance,rgb_model,gpu,model_forward_only_cuda_events,Tesla T4,14912.6875,344.29150390625,694404,IMDN_x2.pth,740b39653592bd3f49955a21cd9e16f2d37f2c413368cc09327601b8fbe42ce1,https://raw.githubusercontent.com/Zheng222/IMDN/master/checkpoints/IMDN_x2.pth,DIV2K,bicubic,768,512,768,512,False,40.166558226335795,0.982531293028183,38.444971076092344,0.975184464797931,45.33857612609863,45.33299255371094,0.21053520561771846,44.96223831176758,45.64521789550781,3,10,768,512,384,256,2.11.0+cu128,12.8,2026-08-30T20:08:02.394392+00:00,3.13.15,2.1.3,11.3.0,0.25.2,Linux-6.6.122+-x86_64-with-glibc2.35,x86_64
Set14,pepper.png,x2,imdn,prepared_bicubic_lr,pepper.png,2,native_model_grid_then_full_target_size_adjustment,gaussian_11x11_sigma_1.5_population_covariance,rgb_model,gpu,model_forward_only_cuda_events,Tesla T4,14912.6875,230.4130859375,694404,IMDN_x2.pth,740b39653592bd3f49955a21cd9e16f2d37f2c413368cc09327601b8fbe42ce1,https://raw.githubusercontent.com/Zheng222/IMDN/master/checkpoints/IMDN_x2.pth,DIV2K,bicubic,512,512,512,512,False,37.64194616370673,0.9256152943174292,33.88515747085245,0.8587652015269112,30.178928184509278,30.14568042755127,0.17042863492626883,29.888511657714844,30.456096649169922,3,10,512,512,256,256,2.11.0+cu128,12.8,2026-08-30T20:08:03.144092+00:00,3.13.15,2.1.3,11.3.0,0.25.2,Linux-6.6.122+-x86_64-with-glibc2.35,x86_64
Set14,ppt3.png,x2,imdn,prepared_bicubic_lr,ppt3.png,2,native_model_grid_then_full_target_size_adjustment,gaussian_11x11_sigma_1.5_population_covariance,rgb_model,gpu,model_forward_only_cuda_events,Tesla T4,14912.6875,431.32666015625,694404,IMDN_x2.pth,740b39653592bd3f49955a21cd9e16f2d37f2c413368cc09327601b8fbe42ce1,https://raw.githubusercontent.com/Zheng222/IMDN/master/checkpoints/IMDN_x2.pth,DIV2K,bicubic,528,656,529,656,True,33.87737567787733,0.9903458675897927,32.1899878266326,0.9843490681952344,40.24210548400879,40.227294921875,0.13364838443695098,39.98905563354492,40.51152038574219,3,10,529,656,264,328,2.11.0+cu128,12.8,2026-08-30T20:08:04.031850+00:00,3.13.15,2.1.3,11.3.0,0.25.2,Linux-6.6.122+-x86_64-with-glibc2.35,x86_64
Set14,zebra.png,x2,imdn,prepared_bicubic_lr,zebra.png,2,native_model_grid_then_full_target_size_adjustment,gaussian_11x11_sigma_1.5_population_covariance,rgb_model,gpu,model_forward_only_cuda_events,Tesla T4,14912.6875,284.91650390625,694404,IMDN_x2.pth,740b39653592bd3f49955a21cd9e16f2d37f2c413368cc09327601b8fbe42ce1,https://raw.githubusercontent.com/Zheng222/IMDN/master/checkpoints/IMDN_x2.pth,DIV2K,bicubic,586,390,586,391,True,34.43535361957851,0.9478912788832731,33.046846395509434,0.9444724432146971,29.135798454284668,29.157487869262695,0.1764815974106052,28.920703887939453,29.556480407714844,3,10,586,391,293,195,2.11.0+cu128,12.8,2026-08-30T20:08:04.716932+00:00,3.13.15,2.1.3,11.3.0,0.25.2,Linux-6.6.122+-x86_64-with-glibc2.35,x86_64
BSD100,101085.png,x2,imdn,prepared_bicubic_lr,101085.png,2,native_model_grid_then_full_target_size_adjustment,gaussian_11x11_sigma_1.5_population_covariance,rgb_model,gpu,model_forward_only_cuda_events,Tesla T4,14912.6875,136.1103515625,694404,IMDN_x2.pth,740b39653592bd3f49955a21cd9e16f2d37f2c413368cc09327601b8fbe42ce1,https://raw.githubusercontent.com/Zheng222/IMDN/master/checkpoints/IMDN_x2.pth,DIV2K,bicubic,320,480,321,481,True,27.198992983327027,0.7977398635728972,25.866218672920912,0.7825061851664806,17.877683067321776,17.82046413421631,0.14655298006850492,17.666048049926758,18.139711380004883,3,10,321,481,160,240,2.11.0+cu128,12.8,2026-08-30T20:08:05.189285+00:00,3.13.15,2.1.3,11.3.0,0.25.2,Linux-6.6.122+-x86_64-with-glibc2.35,x86_64
BSD100,101087.png,x2,imdn,prepared_bicubic_lr,101087.png,2,native_model_grid_then_full_target_size_adjustment,gaussian_11x11_sigma_1.5_population_covariance,rgb_model,gpu,model_forward_only_cuda_events,Tesla T4,14912.6875,136.1103515625,694404,IMDN_x2.pth,740b39653592bd3f49955a21cd9e16f2d37f2c413368cc09327601b8fbe42ce1,https://raw.githubusercontent.com/Zheng222/IMDN/master/checkpoints/IMDN_x2.pth,DIV2K,bicubic,320,480,321,481,True,32.839823870176076,0.9247091117638341,31.516653963292406,0.9184546097863869,17.75390739440918,17.690735816955566,0.17138729509537942,17.504255294799805,18.044992446899414,3,10,321,481,160,240,2.11.0+cu128,12.8,2026-08-30T20:08:05.640353+00:00,3.13.15,2.1.3,11.3.0,0.25.2,Linux-6.6.122+-x86_64-with-glibc2.35,x86_64
BSD100,102061.png,x2,imdn,prepared_bicubic_lr,102061.png,2,native_model_grid_then_full_target_size_adjustment,gaussian_11x11_sigma_1.5_population_covariance,rgb_model,gpu,model_forward_only_cuda_events,Tesla T4,14912.6875,136.1103515625,694404,IMDN_x2.pth,740b39653592bd3f49955a21cd9e16f2d37f2c413368cc09327601b8fbe42ce1,https://raw.githubusercontent.com/Zheng222/IMDN/master/checkpoints/IMDN_x2.pth,DIV2K,bicubic,320,480,321,481,True,30.312429922559136,0.9145279205115837,28.97598197414403,0.905285581265662,17.97745590209961,17.927743911743164,0.17384834042287234,17.74015998840332,18.219776153564453,3,10,321,481,160,240,2.11.0+cu128,12.8,2026-08-30T20:08:06.055867+00:00,3.13.15,2.1.3,11.3.0,0.25.2,Linux-6.6.122+-x86_64-with-glibc2.35,x86_64
BSD100,103070.png,x2,imdn,prepared_bicubic_lr,103070.png,2,native_model_grid_then_full_target_size_adjustment,gaussian_11x11_sigma_1.5_population_covariance,rgb_model,gpu,model_forward_only_cuda_events,Tesla T4,14912.6875,136.1103515625,694404,IMDN_x2.pth,740b39653592bd3f49955a21cd9e16f2d37f2c413368cc09327601b8fbe42ce1,https://raw.githubusercontent.com/Zheng222/IMDN/master/checkpoints/IMDN_x2.pth,DIV2K,bicubic,480,320,481,321,True,35.73411919563967,0.958442033736907,34.35569055111845,0.953481487537717,17.92258243560791,17.876063346862793,0.2474408031175644,17.493152618408203,18.356128692626953,3,10,481,321,240,160,2.11.0+cu128,12.8,2026-08-30T20:08:06.486149+00:00,3.13.15,2.1.3,11.3.0,0.25.2,Linux-6.6.122+-x86_64-with-glibc2.35,x86_64
BSD100,105025.png,x2,imdn,prepared_bicubic_lr,105025.png,2,native_model_grid_then_full_target_size_adjustment,gaussian_11x11_sigma_1.5_population_covariance,rgb_model,gpu,model_forward_only_cuda_events,Tesla T4,14912.6875,136.1103515625,694404,IMDN_x2.pth,740b39653592bd3f49955a21cd9e16f2d37f2c413368cc09327601b8fbe42ce1,https://raw.githubusercontent.com/Zheng222/IMDN/master/checkpoints/IMDN_x2.pth,DIV2K,bicubic,480,320,481,321,True,30.175441420727207,0.8955064539393615,28.835248775858517,0.888535633309847,17.77976016998291,17.788960456848145,0.1730764599977082,17.39411163330078,17.98627281188965,3,10,481,321,240,160,2.11.0+cu128,12.8,2026-08-30T20:08:06.885822+00:00,3.13.15,2.1.3,11.3.0,0.25.2,Linux-6.6.122+-x86_64-with-glibc2.35,x86_64
BSD100,106024.png,x2,imdn,prepared_bicubic_lr,106024.png,2,native_model_grid_then_full_target_size_adjustment,gaussian_11x11_sigma_1.5_population_covariance,rgb_model,gpu,model_forward_only_cuda_events,Tesla T4,14912.6875,136.1103515625,694404,IMDN_x2.pth,740b39653592bd3f49955a21cd9e16f2d37f2c413368cc09327601b8fbe42ce1,https://raw.githubusercontent.com/Zheng222/IMDN/master/checkpoints/IMDN_x2.pth,DIV2K,bicubic,480,320,481,321,True,37.8738239350038,0.9577771337896851,36.4677505031396,0.9514933113511161,17.858620643615723,17.853471755981445,0.1960103054723686,17.38947105407715,18.150848388671875,3,10,481,321,240,160,2.11.0+cu128,12.8,2026-08-30T20:08:07.305071+00:00,3.13.15,2.1.3,11.3.0,0.25.2,Linux-6.6.122+-x86_64-with-glibc2.35,x86_64
BSD100,108005.png,x2,imdn,prepared_bicubic_lr,108005.png,2,native_model_grid_then_full_target_size_adjustment,gaussian_11x11_sigma_1.5_population_covariance,rgb_model,gpu,model_forward_only_cuda_events,Tesla T4,14912.6875,136.1103515625,694404,IMDN_x2.pth,740b39653592bd3f49955a21cd9e16f2d37f2c413368cc09327601b8fbe42ce1,https://raw.githubusercontent.com/Zheng222/IMDN/master/checkpoints/IMDN_x2.pth,DIV2K,bicubic,480,320,481,321,True,32.35590232406884,0.9365008909387209,30.998247622013658,0.928335476094103,17.828179359436035,17.809311866760254,0.11229844901795168,17.64352035522461,18.005504608154297,3,10,481,321,240,160,2.11.0+cu128,12.8,2026-08-30T20:08:07.808249+00:00,3.13.15,2.1.3,11.3.0,0.25.2,Linux-6.6.122+-x86_64-with-glibc2.35,x86_64
BSD100,108070.png,x2,imdn,prepared_bicubic_lr,108070.png,2,native_model_grid_then_full_target_size_adjustment,gaussian_11x11_sigma_1.5_population_covariance,rgb_model,gpu,model_forward_only_cuda_events,Tesla T4,14912.6875,136.1103515625,694404,IMDN_x2.pth,740b39653592bd3f49955a21cd9e16f2d37f2c413368cc09327601b8fbe42ce1,https://raw.githubusercontent.com/Zheng222/IMDN/master/checkpoints/IMDN_x2.pth,DIV2K,bicubic,480,320,481,321,True,27.15871163038536,0.8591838884025024,25.830058923160163,0.8463974706996571,17.99149112701416,17.963472366333008,0.20581730858642558,17.778303146362305,18.34601593017578,3,10,481,321,240,160,2.11.0+cu128,12.8,2026-08-30T20:08:08.302516+00:00,3.13.15,2.1.3,11.3.0,0.25.2,Linux-6.6.122+-x86_64-with-glibc2.35,x86_64
BSD100,108082.png,x2,imdn,prepared_bicubic_lr,108082.png,2,native_model_grid_then_full_target_size_adjustment,gaussian_11x11_sigma_1.5_population_covariance,rgb_model,gpu,model_forward_only_cuda_events,Tesla T4,14912.6875,136.1103515625,694404,IMDN_x2.pth,740b39653592bd3f49955a21cd9e16f2d37f2c413368cc09327601b8fbe42ce1,https://raw.githubusercontent.com/Zheng222/IMDN/master/checkpoints/IMDN_x2.pth,DIV2K,bicubic,480,320,481,321,True,32.1200101557893,0.9246877032141707,30.77296725672735,0.9169774675876564,17.86545925140381,17.81486415863037,0.14430314446933057,17.62713623046875,18.096864700317383,3,10,481,321,240,160,2.11.0+cu128,12.8,2026-08-30T20:08:08.783552+00:00,3.13.15,2.1.3,11.3.0,0.25.2,Linux-6.6.122+-x86_64-with-glibc2.35,x86_64
BSD100,109053.png,x2,imdn,prepared_bicubic_lr,109053.png,2,native_model_grid_then_full_target_size_adjustment,gaussian_11x11_sigma_1.5_population_covariance,rgb_model,gpu,model_forward_only_cuda_events,Tesla T4,14912.6875,136.1103515625,694404,IMDN_x2.pth,740b39653592bd3f49955a21cd9e16f2d37f2c413368cc09327601b8fbe42ce1,https://raw.githubusercontent.com/Zheng222/IMDN/master/checkpoints/IMDN_x2.pth,DIV2K,bicubic,480,320,481,321,True,34.10453358003518,0.9335630753408687,32.74440095192467,0.9265066047873495,17.912239837646485,17.850048065185547,0.12783614815313282,17.797119140625,18.202335357666016,3,10,481,321,240,160,2.11.0+cu128,12.8,2026-08-30T20:08:09.305308+00:00,3.13.15,2.1.3,11.3.0,0.25.2,Linux-6.6.122+-x86_64-with-glibc2.35,x86_64
BSD100,119082.png,x2,imdn,prepared_bicubic_lr,119082.png,2,native_model_grid_then_full_target_size_adjustment,gaussian_11x11_sigma_1.5_population_covariance,rgb_model,gpu,model_forward_only_cuda_events,Tesla T4,14912.6875,136.1103515625,694404,IMDN_x2.pth,740b39653592bd3f49955a21cd9e16f2d37f2c413368cc09327601b8fbe42ce1,https://raw.githubusercontent.com/Zheng222/IMDN/master/checkpoints/IMDN_x2.pth,DIV2K,bicubic,480,320,481,321,True,29.695482974582173,0.9108799065188828,28.365600568139463,0.9026707085964989,17.881942749023438,17.800384521484375,0.17657202569604938,17.593088150024414,18.179231643676758,3,10,481,321,240,160,2.11.0+cu128,12.8,2026-08-30T20:08:09.815483+00:00,3.13.15,2.1.3,11.3.0,0.25.2,Linux-6.6.122+-x86_64-with-glibc2.35,x86_64
BSD100,12084.png,x2,imdn,prepared_bicubic_lr,12084.png,2,native_model_grid_then_full_target_size_adjustment,gaussian_11x11_sigma_1.5_population_covariance,rgb_model,gpu,model_forward_only_cuda_events,Tesla T4,14912.6875,136.1103515625,694404,IMDN_x2.pth,740b39653592bd3f49955a21cd9e16f2d37f2c413368cc09327601b8fbe42ce1,https://raw.githubusercontent.com/Zheng222/IMDN/master/checkpoints/IMDN_x2.pth,DIV2K,bicubic,480,320,481,321,True,34.22366617612261,0.9330515414198375,32.805974101719706,0.9272839883043901,18.051372909545897,17.98897647857666,0.20067689177703413,17.663936614990234,18.330015182495117,3,10,481,321,240,160,2.11.0+cu128,12.8,2026-08-30T20:08:10.283471+00:00,3.13.15,2.1.3,11.3.0,0.25.2,Linux-6.6.122+-x86_64-with-glibc2.35,x86_64
BSD100,123074.png,x2,imdn,prepared_bicubic_lr,123074.png,2,native_model_grid_then_full_target_size_adjustment,gaussian_11x11_sigma_1.5_population_covariance,rgb_model,gpu,model_forward_only_cuda_events,Tesla T4,14912.6875,136.1103515625,694404,IMDN_x2.pth,740b39653592bd3f49955a21cd9e16f2d37f2c413368cc09327601b8fbe42ce1,https://raw.githubusercontent.com/Zheng222/IMDN/master/checkpoints/IMDN_x2.pth,DIV2K,bicubic,480,320,481,321,True,35.374764340596386,0.9498907537419535,34.003517532014975,0.944840017980188,17.93331184387207,17.916784286499023,0.16570714207373494,17.745376586914062,18.207584381103516,3,10,481,321,240,160,2.11.0+cu128,12.8,2026-08-30T20:08:10.805996+00:00,3.13.15,2.1.3,11.3.0,0.25.2,Linux-6.6.122+-x86_64-with-glibc2.35,x86_64
BSD100,126007.png,x2,imdn,prepared_bicubic_lr,126007.png,2,native_model_grid_then_full_target_size_adjustment,gaussian_11x11_sigma_1.5_population_covariance,rgb_model,gpu,model_forward_only_cuda_events,Tesla T4,14912.6875,136.1103515625,694404,IMDN_x2.pth,740b39653592bd3f49955a21cd9e16f2d37f2c413368cc09327601b8fbe42ce1,https://raw.githubusercontent.com/Zheng222/IMDN/master/checkpoints/IMDN_x2.pth,DIV2K,bicubic,480,320,481,321,True,34.24946780178903,0.9361540009978568,32.86239038673808,0.9261483392713096,17.847664070129394,17.804287910461426,0.15436657108199694,17.479328155517578,18.0183048248291,3,10,481,321,240,160,2.11.0+cu128,12.8,2026-08-30T20:08:11.311114+00:00,3.13.15,2.1.3,11.3.0,0.25.2,Linux-6.6.122+-x86_64-with-glibc2.35,x86_64
BSD100,130026.png,x2,imdn,prepared_bicubic_lr,130026.png,2,native_model_grid_then_full_target_size_adjustment,gaussian_11x11_sigma_1.5_population_covariance,rgb_model,gpu,model_forward_only_cuda_events,Tesla T4,14912.6875,136.1103515625,694404,IMDN_x2.pth,740b39653592bd3f49955a21cd9e16f2d37f2c413368cc09327601b8fbe42ce1,https://raw.githubusercontent.com/Zheng222/IMDN/master/checkpoints/IMDN_x2.pth,DIV2K,bicubic,480,320,481,321,True,29.273670168249023,0.8846841559585849,27.944454973717004,0.873723183688068,17.886140823364258,17.822367668151855,0.20805483019632992,17.46124839782715,18.194751739501953,3,10,481,321,240,160,2.11.0+cu128,12.8,2026-08-30T20:08:11.808238+00:00,3.13.15,2.1.3,11.3.0,0.25.2,Linux-6.6.122+-x86_64-with-glibc2.35,x86_64
BSD100,134035.png,x2,imdn,prepared_bicubic_lr,134035.png,2,native_model_grid_then_full_target_size_adjustment,gaussian_11x11_sigma_1.5_population_covariance,rgb_model,gpu,model_forward_only_cuda_events,Tesla T4,14912.6875,136.1103515625,694404,IMDN_x2.pth,740b39653592bd3f49955a21cd9e16f2d37f2c413368cc09327601b8fbe42ce1,https://raw.githubusercontent.com/Zheng222/IMDN/master/checkpoints/IMDN_x2.pth,DIV2K,bicubic,480,320,481,321,True,32.07891375843651,0.941964883976776,30.7176427804528,0.9371367890867294,17.946809387207033,17.973567962646484,0.21100976175674419,17.563583374023438,18.225759506225586,3,10,481,321,240,160,2.11.0+cu128,12.8,2026-08-30T20:08:12.236249+00:00,3.13.15,2.1.3,11.3.0,0.25.2,Linux-6.6.122+-x86_64-with-glibc2.35,x86_64
BSD100,14037.png,x2,imdn,prepared_bicubic_lr,14037.png,2,native_model_grid_then_full_target_size_adjustment,gaussian_11x11_sigma_1.5_population_covariance,rgb_model,gpu,model_forward_only_cuda_events,Tesla T4,14912.6875,136.1103515625,694404,IMDN_x2.pth,740b39653592bd3f49955a21cd9e16f2d37f2c413368cc09327601b8fbe42ce1,https://raw.githubusercontent.com/Zheng222/IMDN/master/checkpoints/IMDN_x2.pth,DIV2K,bicubic,480,320,481,321,True,38.77386567532385,0.9577179288102939,37.35231119041027,0.9489899566069752,17.92138557434082,17.810864448547363,0.19732122151088966,17.661951065063477,18.221343994140625,3,10,481,321,240,160,2.11.0+cu128,12.8,2026-08-30T20:08:12.648112+00:00,3.13.15,2.1.3,11.3.0,0.25.2,Linux-6.6.122+-x86_64-with-glibc2.35,x86_64
BSD100,143090.png,x2,imdn,prepared_bicubic_lr,143090.png,2,native_model_grid_then_full_target_size_adjustment,gaussian_11x11_sigma_1.5_population_covariance,rgb_model,gpu,model_forward_only_cuda_events,Tesla T4,14912.6875,136.1103515625,694404,IMDN_x2.pth,740b39653592bd3f49955a21cd9e16f2d37f2c413368cc09327601b8fbe42ce1,https://raw.githubusercontent.com/Zheng222/IMDN/master/checkpoints/IMDN_x2.pth,DIV2K,bicubic,480,320,481,321,True,37.11671755879249,0.9582746482650144,35.69381810575834,0.9523849481692257,17.92580165863037,17.880064010620117,0.1613016510553269,17.721439361572266,18.229312896728516,3,10,481,321,240,160,2.11.0+cu128,12.8,2026-08-30T20:08:13.082520+00:00,3.13.15,2.1.3,11.3.0,0.25.2,Linux-6.6.122+-x86_64-with-glibc2.35,x86_64
BSD100,145086.png,x2,imdn,prepared_bicubic_lr,145086.png,2,native_model_grid_then_full_target_size_adjustment,gaussian_11x11_sigma_1.5_population_covariance,rgb_model,gpu,model_forward_only_cuda_events,Tesla T4,14912.6875,136.1103515625,694404,IMDN_x2.pth,740b39653592bd3f49955a21cd9e16f2d37f2c413368cc09327601b8fbe42ce1,https://raw.githubusercontent.com/Zheng222/IMDN/master/checkpoints/IMDN_x2.pth,DIV2K,bicubic,480,320,481,321,True,29.22601482130954,0.8728800453599237,27.88674011123365,0.8612723528879158,17.962818908691407,17.91708755493164,0.18584201131288644,17.773696899414062,18.3768310546875,3,10,481,321,240,160,2.11.0+cu128,12.8,2026-08-30T20:08:13.501285+00:00,3.13.15,2.1.3,11.3.0,0.25.2,Linux-6.6.122+-x86_64-with-glibc2.35,x86_64
BSD100,147091.png,x2,imdn,prepared_bicubic_lr,147091.png,2,native_model_grid_then_full_target_size_adjustment,gaussian_11x11_sigma_1.5_population_covariance,rgb_model,gpu,model_forward_only_cuda_events,Tesla T4,14912.6875,136.1103515625,694404,IMDN_x2.pth,740b39653592bd3f49955a21cd9e16f2d37f2c413368cc09327601b8fbe42ce1,https://raw.githubusercontent.com/Zheng222/IMDN/master/checkpoints/IMDN_x2.pth,DIV2K,bicubic,480,320,481,321,True,29.927140800458282,0.9107378799467577,28.583629941814497,0.8985075306831871,17.86917781829834,17.968368530273438,0.20729931034435398,17.362272262573242,18.087072372436523,3,10,481,321,240,160,2.11.0+cu128,12.8,2026-08-30T20:08:13.942190+00:00,3.13.15,2.1.3,11.3.0,0.25.2,Linux-6.6.122+-x86_64-with-glibc2.35,x86_64
BSD100,148026.png,x2,imdn,prepared_bicubic_lr,148026.png,2,native_model_grid_then_full_target_size_adjustment,gaussian_11x11_sigma_1.5_population_covariance,rgb_model,gpu,model_forward_only_cuda_events,Tesla T4,14912.6875,136.1103515625,694404,IMDN_x2.pth,740b39653592bd3f49955a21cd9e16f2d37f2c413368cc09327601b8fbe42ce1,https://raw.githubusercontent.com/Zheng222/IMDN/master/checkpoints/IMDN_x2.pth,DIV2K,bicubic,320,480,321,481,True,27.068847516676357,0.904801175931513,25.749864189266667,0.8965201263021768,17.870902252197265,17.84449577331543,0.09238548289992017,17.717248916625977,18.051584243774414,3,10,321,481,160,240,2.11.0+cu128,12.8,2026-08-30T20:08:14.374404+00:00,3.13.15,2.1.3,11.3.0,0.25.2,Linux-6.6.122+-x86_64-with-glibc2.35,x86_64
BSD100,148089.png,x2,imdn,prepared_bicubic_lr,148089.png,2,native_model_grid_then_full_target_size_adjustment,gaussian_11x11_sigma_1.5_population_covariance,rgb_model,gpu,model_forward_only_cuda_events,Tesla T4,14912.6875,136.1103515625,694404,IMDN_x2.pth,740b39653592bd3f49955a21cd9e16f2d37f2c413368cc09327601b8fbe42ce1,https://raw.githubusercontent.com/Zheng222/IMDN/master/checkpoints/IMDN_x2.pth,DIV2K,bicubic,480,320,481,321,True,29.074377451649408,0.8810071691523031,27.75989726552082,0.8707409106708264,17.98102741241455,17.99939250946045,0.2282447972696216,17.5097599029541,18.404159545898438,3,10,481,321,240,160,2.11.0+cu128,12.8,2026-08-30T20:08:14.792331+00:00,3.13.15,2.1.3,11.3.0,0.25.2,Linux-6.6.122+-x86_64-with-glibc2.35,x86_64
BSD100,156065.png,x2,imdn,prepared_bicubic_lr,156065.png,2,native_model_grid_then_full_target_size_adjustment,gaussian_11x11_sigma_1.5_population_covariance,rgb_model,gpu,model_forward_only_cuda_events,Tesla T4,14912.6875,136.1103515625,694404,IMDN_x2.pth,740b39653592bd3f49955a21cd9e16f2d37f2c413368cc09327601b8fbe42ce1,https://raw.githubusercontent.com/Zheng222/IMDN/master/checkpoints/IMDN_x2.pth,DIV2K,bicubic,480,320,481,321,True,27.586595429488348,0.7816948229342918,26.26444696285832,0.7654929004859318,17.911721801757814,17.944432258605957,0.08677604294940418,17.756032943725586,17.999679565429688,3,10,481,321,240,160,2.11.0+cu128,12.8,2026-08-30T20:08:15.203699+00:00,3.13.15,2.1.3,11.3.0,0.25.2,Linux-6.6.122+-x86_64-with-glibc2.35,x86_64
BSD100,157055.png,x2,imdn,prepared_bicubic_lr,157055.png,2,native_model_grid_then_full_target_size_adjustment,gaussian_11x11_sigma_1.5_population_covariance,rgb_model,gpu,model_forward_only_cuda_events,Tesla T4,14912.6875,136.1103515625,694404,IMDN_x2.pth,740b39653592bd3f49955a21cd9e16f2d37f2c413368cc09327601b8fbe42ce1,https://raw.githubusercontent.com/Zheng222/IMDN/master/checkpoints/IMDN_x2.pth,DIV2K,bicubic,480,320,481,321,True,31.256347646500053,0.940169008220131,29.889004733789495,0.9342494354001517,18.068467330932616,18.00716781616211,0.1262012148163272,17.968223571777344,18.377248764038086,3,10,481,321,240,160,2.11.0+cu128,12.8,2026-08-30T20:08:15.644698+00:00,3.13.15,2.1.3,11.3.0,0.25.2,Linux-6.6.122+-x86_64-with-glibc2.35,x86_64
BSD100,159008.png,x2,imdn,prepared_bicubic_lr,159008.png,2,native_model_grid_then_full_target_size_adjustment,gaussian_11x11_sigma_1.5_population_covariance,rgb_model,gpu,model_forward_only_cuda_events,Tesla T4,14912.6875,136.1103515625,694404,IMDN_x2.pth,740b39653592bd3f49955a21cd9e16f2d37f2c413368cc09327601b8fbe42ce1,https://raw.githubusercontent.com/Zheng222/IMDN/master/checkpoints/IMDN_x2.pth,DIV2K,bicubic,480,320,481,321,True,33.21753717419447,0.9502095117528988,31.868800722916127,0.9433213524903737,17.950819206237792,17.97321605682373,0.10488221315058739,17.64352035522461,18.023967742919922,3,10,481,321,240,160,2.11.0+cu128,12.8,2026-08-30T20:08:16.083752+00:00,3.13.15,2.1.3,11.3.0,0.25.2,Linux-6.6.122+-x86_64-with-glibc2.35,x86_64
BSD100,160068.png,x2,imdn,prepared_bicubic_lr,160068.png,2,native_model_grid_then_full_target_size_adjustment,gaussian_11x11_sigma_1.5_population_covariance,rgb_model,gpu,model_forward_only_cuda_events,Tesla T4,14912.6875,136.1103515625,694404,IMDN_x2.pth,740b39653592bd3f49955a21cd9e16f2d37f2c413368cc09327601b8fbe42ce1,https://raw.githubusercontent.com/Zheng222/IMDN/master/checkpoints/IMDN_x2.pth,DIV2K,bicubic,480,320,481,321,True,31.887284981488705,0.9420072623597309,30.543511567601197,0.9358796197890124,17.897795295715333,17.914496421813965,0.09455839179844362,17.770496368408203,18.005504608154297,3,10,481,321,240,160,2.11.0+cu128,12.8,2026-08-30T20:08:16.484478+00:00,3.13.15,2.1.3,11.3.0,0.25.2,Linux-6.6.122+-x86_64-with-glibc2.35,x86_64
BSD100,16077.png,x2,imdn,prepared_bicubic_lr,16077.png,2,native_model_grid_then_full_target_size_adjustment,gaussian_11x11_sigma_1.5_population_covariance,rgb_model,gpu,model_forward_only_cuda_events,Tesla T4,14912.6875,136.1103515625,694404,IMDN_x2.pth,740b39653592bd3f49955a21cd9e16f2d37f2c413368cc09327601b8fbe42ce1,https://raw.githubusercontent.com/Zheng222/IMDN/master/checkpoints/IMDN_x2.pth,DIV2K,bicubic,480,320,481,321,True,32.288602554553016,0.9023985417227683,30.927139566634935,0.8910656547400003,17.917539215087892,17.94871997833252,0.19013885368906458,17.478303909301758,18.187040328979492,3,10,481,321,240,160,2.11.0+cu128,12.8,2026-08-30T20:08:16.930179+00:00,3.13.15,2.1.3,11.3.0,0.25.2,Linux-6.6.122+-x86_64-with-glibc2.35,x86_64
BSD100,163085.png,x2,imdn,prepared_bicubic_lr,163085.png,2,native_model_grid_then_full_target_size_adjustment,gaussian_11x11_sigma_1.5_population_covariance,rgb_model,gpu,model_forward_only_cuda_events,Tesla T4,14912.6875,136.1103515625,694404,IMDN_x2.pth,740b39653592bd3f49955a21cd9e16f2d37f2c413368cc09327601b8fbe42ce1,https://raw.githubusercontent.com/Zheng222/IMDN/master/checkpoints/IMDN_x2.pth,DIV2K,bicubic,480,320,481,321,True,34.96687770197981,0.9368934664800813,33.61251643578746,0.930619050496312,17.982937622070313,17.98793601989746,0.08363736424800798,17.786880493164062,18.111520767211914,3,10,481,321,240,160,2.11.0+cu128,12.8,2026-08-30T20:08:17.356205+00:00,3.13.15,2.1.3,11.3.0,0.25.2,Linux-6.6.122+-x86_64-with-glibc2.35,x86_64
BSD100,167062.png,x2,imdn,prepared_bicubic_lr,167062.png,2,native_model_grid_then_full_target_size_adjustment,gaussian_11x11_sigma_1.5_population_covariance,rgb_model,gpu,model_forward_only_cuda_events,Tesla T4,14912.6875,136.1103515625,694404,IMDN_x2.pth,740b39653592bd3f49955a21cd9e16f2d37f2c413368cc09327601b8fbe42ce1,https://raw.githubusercontent.com/Zheng222/IMDN/master/checkpoints/IMDN_x2.pth,DIV2K,bicubic,480,320,481,321,True,36.785204164750304,0.9626799997289814,35.404229762414026,0.9553869743860445,18.136844444274903,18.006847381591797,0.2152595671522578,17.96188735961914,18.542848587036133,3,10,481,321,240,160,2.11.0+cu128,12.8,2026-08-30T20:08:17.771408+00:00,3.13.15,2.1.3,11.3.0,0.25.2,Linux-6.6.122+-x86_64-with-glibc2.35,x86_64
BSD100,167083.png,x2,imdn,prepared_bicubic_lr,167083.png,2,native_model_grid_then_full_target_size_adjustment,gaussian_11x11_sigma_1.5_population_covariance,rgb_model,gpu,model_forward_only_cuda_events,Tesla T4,14912.6875,136.1103515625,694404,IMDN_x2.pth,740b39653592bd3f49955a21cd9e16f2d37f2c413368cc09327601b8fbe42ce1,https://raw.githubusercontent.com/Zheng222/IMDN/master/checkpoints/IMDN_x2.pth,DIV2K,bicubic,320,480,321,481,True,23.11235258184802,0.772306770911489,21.799755243366988,0.7659786853246785,18.10814685821533,18.12222385406494,0.2109566390928371,17.711103439331055,18.37411117553711,3,10,321,481,160,240,2.11.0+cu128,12.8,2026-08-30T20:08:18.185486+00:00,3.13.15,2.1.3,11.3.0,0.25.2,Linux-6.6.122+-x86_64-with-glibc2.35,x86_64
BSD100,170057.png,x2,imdn,prepared_bicubic_lr,170057.png,2,native_model_grid_then_full_target_size_adjustment,gaussian_11x11_sigma_1.5_population_covariance,rgb_model,gpu,model_forward_only_cuda_events,Tesla T4,14912.6875,136.1103515625,694404,IMDN_x2.pth,740b39653592bd3f49955a21cd9e16f2d37f2c413368cc09327601b8fbe42ce1,https://raw.githubusercontent.com/Zheng222/IMDN/master/checkpoints/IMDN_x2.pth,DIV2K,bicubic,480,320,481,321,True,35.25952344888501,0.9478243908299168,33.883233529881224,0.9391529411356746,18.015773010253906,18.03264045715332,0.1000405564364714,17.771648406982422,18.154176712036133,3,10,481,321,240,160,2.11.0+cu128,12.8,2026-08-30T20:08:18.611951+00:00,3.13.15,2.1.3,11.3.0,0.25.2,Linux-6.6.122+-x86_64-with-glibc2.35,x86_64
BSD100,175032.png,x2,imdn,prepared_bicubic_lr,175032.png,2,native_model_grid_then_full_target_size_adjustment,gaussian_11x11_sigma_1.5_population_covariance,rgb_model,gpu,model_forward_only_cuda_events,Tesla T4,14912.6875,136.1103515625,694404,IMDN_x2.pth,740b39653592bd3f49955a21cd9e16f2d37f2c413368cc09327601b8fbe42ce1,https://raw.githubusercontent.com/Zheng222/IMDN/master/checkpoints/IMDN_x2.pth,DIV2K,bicubic,320,480,321,481,True,24.796366568949743,0.7845154665158739,23.48693301577115,0.7749978359907871,18.06778221130371,18.051119804382324,0.10401353995790645,17.85171127319336,18.237056732177734,3,10,321,481,160,240,2.11.0+cu128,12.8,2026-08-30T20:08:19.013508+00:00,3.13.15,2.1.3,11.3.0,0.25.2,Linux-6.6.122+-x86_64-with-glibc2.35,x86_64
BSD100,175043.png,x2,imdn,prepared_bicubic_lr,175043.png,2,native_model_grid_then_full_target_size_adjustment,gaussian_11x11_sigma_1.5_population_covariance,rgb_model,gpu,model_forward_only_cuda_events,Tesla T4,14912.6875,136.1103515625,694404,IMDN_x2.pth,740b39653592bd3f49955a21cd9e16f2d37f2c413368cc09327601b8fbe42ce1,https://raw.githubusercontent.com/Zheng222/IMDN/master/checkpoints/IMDN_x2.pth,DIV2K,bicubic,480,320,481,321,True,30.327675359370932,0.9040884233544827,28.981732124646854,0.89743820500043,18.11094722747803,18.113759994506836,0.14380302206282833,17.952768325805664,18.391904830932617,3,10,481,321,240,160,2.11.0+cu128,12.8,2026-08-30T20:08:19.417528+00:00,3.13.15,2.1.3,11.3.0,0.25.2,Linux-6.6.122+-x86_64-with-glibc2.35,x86_64
BSD100,182053.png,x2,imdn,prepared_bicubic_lr,182053.png,2,native_model_grid_then_full_target_size_adjustment,gaussian_11x11_sigma_1.5_population_covariance,rgb_model,gpu,model_forward_only_cuda_events,Tesla T4,14912.6875,136.1103515625,694404,IMDN_x2.pth,740b39653592bd3f49955a21cd9e16f2d37f2c413368cc09327601b8fbe42ce1,https://raw.githubusercontent.com/Zheng222/IMDN/master/checkpoints/IMDN_x2.pth,DIV2K,bicubic,480,320,481,321,True,27.98421692542246,0.8991370041083441,26.654101455187018,0.8920213784424217,18.096620559692383,17.984479904174805,0.28109364961589517,17.7728328704834,18.629791259765625,3,10,481,321,240,160,2.11.0+cu128,12.8,2026-08-30T20:08:19.843139+00:00,3.13.15,2.1.3,11.3.0,0.25.2,Linux-6.6.122+-x86_64-with-glibc2.35,x86_64
BSD100,189080.png,x2,imdn,prepared_bicubic_lr,189080.png,2,native_model_grid_then_full_target_size_adjustment,gaussian_11x11_sigma_1.5_population_covariance,rgb_model,gpu,model_forward_only_cuda_events,Tesla T4,14912.6875,136.1103515625,694404,IMDN_x2.pth,740b39653592bd3f49955a21cd9e16f2d37f2c413368cc09327601b8fbe42ce1,https://raw.githubusercontent.com/Zheng222/IMDN/master/checkpoints/IMDN_x2.pth,DIV2K,bicubic,320,480,321,481,True,39.83584290391353,0.952767195716109,38.390153658794425,0.9408903415043616,18.147513771057127,18.121712684631348,0.23479415399558481,17.833824157714844,18.64067268371582,3,10,321,481,160,240,2.11.0+cu128,12.8,2026-08-30T20:08:20.273685+00:00,3.13.15,2.1.3,11.3.0,0.25.2,Linux-6.6.122+-x86_64-with-glibc2.35,x86_64
BSD100,19021.png,x2,imdn,prepared_bicubic_lr,19021.png,2,native_model_grid_then_full_target_size_adjustment,gaussian_11x11_sigma_1.5_population_covariance,rgb_model,gpu,model_forward_only_cuda_events,Tesla T4,14912.6875,136.1103515625,694404,IMDN_x2.pth,740b39653592bd3f49955a21cd9e16f2d37f2c413368cc09327601b8fbe42ce1,https://raw.githubusercontent.com/Zheng222/IMDN/master/checkpoints/IMDN_x2.pth,DIV2K,bicubic,480,320,481,321,True,31.52679533848399,0.9030943191792181,30.17102081257797,0.893657422826887,18.10023365020752,18.011727333068848,0.18645293053305945,17.886207580566406,18.448640823364258,3,10,481,321,240,160,2.11.0+cu128,12.8,2026-08-30T20:08:20.697936+00:00,3.13.15,2.1.3,11.3.0,0.25.2,Linux-6.6.122+-x86_64-with-glibc2.35,x86_64
BSD100,196073.png,x2,imdn,prepared_bicubic_lr,196073.png,2,native_model_grid_then_full_target_size_adjustment,gaussian_11x11_sigma_1.5_population_covariance,rgb_model,gpu,model_forward_only_cuda_events,Tesla T4,14912.6875,136.1103515625,694404,IMDN_x2.pth,740b39653592bd3f49955a21cd9e16f2d37f2c413368cc09327601b8fbe42ce1,https://raw.githubusercontent.com/Zheng222/IMDN/master/checkpoints/IMDN_x2.pth,DIV2K,bicubic,480,320,481,321,True,30.055101119883993,0.721376555922372,28.723509259509612,0.6946628238978617,17.979692459106445,17.977503776550293,0.11859056200564529,17.686975479125977,18.20044708251953,3,10,481,321,240,160,2.11.0+cu128,12.8,2026-08-30T20:08:21.146320+00:00,3.13.15,2.1.3,11.3.0,0.25.2,Linux-6.6.122+-x86_64-with-glibc2.35,x86_64
BSD100,197017.png,x2,imdn,prepared_bicubic_lr,197017.png,2,native_model_grid_then_full_target_size_adjustment,gaussian_11x11_sigma_1.5_population_covariance,rgb_model,gpu,model_forward_only_cuda_events,Tesla T4,14912.6875,136.1103515625,694404,IMDN_x2.pth,740b39653592bd3f49955a21cd9e16f2d37f2c413368cc09327601b8fbe42ce1,https://raw.githubusercontent.com/Zheng222/IMDN/master/checkpoints/IMDN_x2.pth,DIV2K,bicubic,480,320,481,321,True,31.210960946316856,0.8610407495384759,29.869763089779614,0.8484792980551111,17.875523185729982,17.93075180053711,0.1235860774824993,17.587039947509766,18.00396728515625,3,10,481,321,240,160,2.11.0+cu128,12.8,2026-08-30T20:08:21.607571+00:00,3.13.15,2.1.3,11.3.0,0.25.2,Linux-6.6.122+-x86_64-with-glibc2.35,x86_64
BSD100,208001.png,x2,imdn,prepared_bicubic_lr,208001.png,2,native_model_grid_then_full_target_size_adjustment,gaussian_11x11_sigma_1.5_population_covariance,rgb_model,gpu,model_forward_only_cuda_events,Tesla T4,14912.6875,136.1103515625,694404,IMDN_x2.pth,740b39653592bd3f49955a21cd9e16f2d37f2c413368cc09327601b8fbe42ce1,https://raw.githubusercontent.com/Zheng222/IMDN/master/checkpoints/IMDN_x2.pth,DIV2K,bicubic,320,480,321,481,True,33.99909290209031,0.9346522322136565,32.620040156531644,0.9227786283429295,18.09455986022949,18.0787992477417,0.07671963249992154,17.989599227905273,18.252832412719727,3,10,321,481,160,240,2.11.0+cu128,12.8,2026-08-30T20:08:22.125267+00:00,3.13.15,2.1.3,11.3.0,0.25.2,Linux-6.6.122+-x86_64-with-glibc2.35,x86_64
BSD100,210088.png,x2,imdn,prepared_bicubic_lr,210088.png,2,native_model_grid_then_full_target_size_adjustment,gaussian_11x11_sigma_1.5_population_covariance,rgb_model,gpu,model_forward_only_cuda_events,Tesla T4,14912.6875,136.1103515625,694404,IMDN_x2.pth,740b39653592bd3f49955a21cd9e16f2d37f2c413368cc09327601b8fbe42ce1,https://raw.githubusercontent.com/Zheng222/IMDN/master/checkpoints/IMDN_x2.pth,DIV2K,bicubic,320,480,321,481,True,42.75045632954899,0.9879816022112492,40.977138485980305,0.9834442021972009,18.085452461242674,18.052047729492188,0.18595591714979173,17.854463577270508,18.485248565673828,3,10,321,481,160,240,2.11.0+cu128,12.8,2026-08-30T20:08:22.653366+00:00,3.13.15,2.1.3,11.3.0,0.25.2,Linux-6.6.122+-x86_64-with-glibc2.35,x86_64
BSD100,21077.png,x2,imdn,prepared_bicubic_lr,21077.png,2,native_model_grid_then_full_target_size_adjustment,gaussian_11x11_sigma_1.5_population_covariance,rgb_model,gpu,model_forward_only_cuda_events,Tesla T4,14912.6875,136.1103515625,694404,IMDN_x2.pth,740b39653592bd3f49955a21cd9e16f2d37f2c413368cc09327601b8fbe42ce1,https://raw.githubusercontent.com/Zheng222/IMDN/master/checkpoints/IMDN_x2.pth,DIV2K,bicubic,480,320,481,321,True,31.764997688873564,0.8899724587704075,30.40993347379616,0.8743981095016021,18.29543685913086,17.769712448120117,1.2375415202679545,17.730112075805664,21.9685115814209,3,10,481,321,240,160,2.11.0+cu128,12.8,2026-08-30T20:08:23.156129+00:00,3.13.15,2.1.3,11.3.0,0.25.2,Linux-6.6.122+-x86_64-with-glibc2.35,x86_64
BSD100,216081.png,x2,imdn,prepared_bicubic_lr,216081.png,2,native_model_grid_then_full_target_size_adjustment,gaussian_11x11_sigma_1.5_population_covariance,rgb_model,gpu,model_forward_only_cuda_events,Tesla T4,14912.6875,136.1103515625,694404,IMDN_x2.pth,740b39653592bd3f49955a21cd9e16f2d37f2c413368cc09327601b8fbe42ce1,https://raw.githubusercontent.com/Zheng222/IMDN/master/checkpoints/IMDN_x2.pth,DIV2K,bicubic,480,320,481,321,True,29.565537485565883,0.8790318750197964,28.292902570552663,0.8659114612793246,18.044505500793456,18.01041603088379,0.13036952698129226,17.79097557067871,18.268159866333008,3,10,481,321,240,160,2.11.0+cu128,12.8,2026-08-30T20:08:23.647775+00:00,3.13.15,2.1.3,11.3.0,0.25.2,Linux-6.6.122+-x86_64-with-glibc2.35,x86_64
BSD100,219090.png,x2,imdn,prepared_bicubic_lr,219090.png,2,native_model_grid_then_full_target_size_adjustment,gaussian_11x11_sigma_1.5_population_covariance,rgb_model,gpu,model_forward_only_cuda_events,Tesla T4,14912.6875,136.1103515625,694404,IMDN_x2.pth,740b39653592bd3f49955a21cd9e16f2d37f2c413368cc09327601b8fbe42ce1,https://raw.githubusercontent.com/Zheng222/IMDN/master/checkpoints/IMDN_x2.pth,DIV2K,bicubic,480,320,481,321,True,31.048589955508113,0.8898104944319193,29.71412896353857,0.8758426537702039,17.94567699432373,17.99951934814453,0.1870723404915747,17.518592834472656,18.21401596069336,3,10,481,321,240,160,2.11.0+cu128,12.8,2026-08-30T20:08:24.141123+00:00,3.13.15,2.1.3,11.3.0,0.25.2,Linux-6.6.122+-x86_64-with-glibc2.35,x86_64
BSD100,220075.png,x2,imdn,prepared_bicubic_lr,220075.png,2,native_model_grid_then_full_target_size_adjustment,gaussian_11x11_sigma_1.5_population_covariance,rgb_model,gpu,model_forward_only_cuda_events,Tesla T4,14912.6875,136.1103515625,694404,IMDN_x2.pth,740b39653592bd3f49955a21cd9e16f2d37f2c413368cc09327601b8fbe42ce1,https://raw.githubusercontent.com/Zheng222/IMDN/master/checkpoints/IMDN_x2.pth,DIV2K,bicubic,480,320,481,321,True,33.743448957303606,0.9663894120466489,32.367591720278405,0.960672773334225,18.257567977905275,18.02505588531494,0.6126236318076631,17.983295440673828,20.07859230041504,3,10,481,321,240,160,2.11.0+cu128,12.8,2026-08-30T20:08:24.644662+00:00,3.13.15,2.1.3,11.3.0,0.25.2,Linux-6.6.122+-x86_64-with-glibc2.35,x86_64
BSD100,223061.png,x2,imdn,prepared_bicubic_lr,223061.png,2,native_model_grid_then_full_target_size_adjustment,gaussian_11x11_sigma_1.5_population_covariance,rgb_model,gpu,model_forward_only_cuda_events,Tesla T4,14912.6875,136.1103515625,694404,IMDN_x2.pth,740b39653592bd3f49955a21cd9e16f2d37f2c413368cc09327601b8fbe42ce1,https://raw.githubusercontent.com/Zheng222/IMDN/master/checkpoints/IMDN_x2.pth,DIV2K,bicubic,480,320,481,321,True,29.240813635356147,0.8913983266350223,27.900880922305596,0.8847656516361769,18.242582321166992,18.250207901000977,0.2401298613013223,17.805343627929688,18.623680114746094,3,10,481,321,240,160,2.11.0+cu128,12.8,2026-08-30T20:08:25.136677+00:00,3.13.15,2.1.3,11.3.0,0.25.2,Linux-6.6.122+-x86_64-with-glibc2.35,x86_64
BSD100,227092.png,x2,imdn,prepared_bicubic_lr,227092.png,2,native_model_grid_then_full_target_size_adjustment,gaussian_11x11_sigma_1.5_population_covariance,rgb_model,gpu,model_forward_only_cuda_events,Tesla T4,14912.6875,136.1103515625,694404,IMDN_x2.pth,740b39653592bd3f49955a21cd9e16f2d37f2c413368cc09327601b8fbe42ce1,https://raw.githubusercontent.com/Zheng222/IMDN/master/checkpoints/IMDN_x2.pth,DIV2K,bicubic,320,480,321,481,True,38.8050004514584,0.9474335651773256,37.405313433658606,0.9391609938813681,18.118163108825684,18.05087947845459,0.1820110867049375,17.92304039001465,18.552095413208008,3,10,321,481,160,240,2.11.0+cu128,12.8,2026-08-30T20:08:25.653109+00:00,3.13.15,2.1.3,11.3.0,0.25.2,Linux-6.6.122+-x86_64-with-glibc2.35,x86_64
BSD100,229036.png,x2,imdn,prepared_bicubic_lr,229036.png,2,native_model_grid_then_full_target_size_adjustment,gaussian_11x11_sigma_1.5_population_covariance,rgb_model,gpu,model_forward_only_cuda_events,Tesla T4,14912.6875,136.1103515625,694404,IMDN_x2.pth,740b39653592bd3f49955a21cd9e16f2d37f2c413368cc09327601b8fbe42ce1,https://raw.githubusercontent.com/Zheng222/IMDN/master/checkpoints/IMDN_x2.pth,DIV2K,bicubic,480,320,481,321,True,27.62858318410338,0.8650798744314517,26.29675440557906,0.8555595531123142,18.064588928222655,18.0294246673584,0.137161199024052,17.814943313598633,18.37299156188965,3,10,481,321,240,160,2.11.0+cu128,12.8,2026-08-30T20:08:26.143267+00:00,3.13.15,2.1.3,11.3.0,0.25.2,Linux-6.6.122+-x86_64-with-glibc2.35,x86_64
BSD100,236037.png,x2,imdn,prepared_bicubic_lr,236037.png,2,native_model_grid_then_full_target_size_adjustment,gaussian_11x11_sigma_1.5_population_covariance,rgb_model,gpu,model_forward_only_cuda_events,Tesla T4,14912.6875,136.1103515625,694404,IMDN_x2.pth,740b39653592bd3f49955a21cd9e16f2d37f2c413368cc09327601b8fbe42ce1,https://raw.githubusercontent.com/Zheng222/IMDN/master/checkpoints/IMDN_x2.pth,DIV2K,bicubic,480,320,481,321,True,29.068426184856055,0.8670670449361667,27.729999122728067,0.8607763600820874,17.94767665863037,17.920000076293945,0.17085665203744105,17.74799919128418,18.19443130493164,3,10,481,321,240,160,2.11.0+cu128,12.8,2026-08-30T20:08:26.572949+00:00,3.13.15,2.1.3,11.3.0,0.25.2,Linux-6.6.122+-x86_64-with-glibc2.35,x86_64
BSD100,24077.png,x2,imdn,prepared_bicubic_lr,24077.png,2,native_model_grid_then_full_target_size_adjustment,gaussian_11x11_sigma_1.5_population_covariance,rgb_model,gpu,model_forward_only_cuda_events,Tesla T4,14912.6875,136.1103515625,694404,IMDN_x2.pth,740b39653592bd3f49955a21cd9e16f2d37f2c413368cc09327601b8fbe42ce1,https://raw.githubusercontent.com/Zheng222/IMDN/master/checkpoints/IMDN_x2.pth,DIV2K,bicubic,480,320,481,321,True,33.78114683346011,0.9698928287314262,32.31152741900172,0.9658279836574284,18.140540885925294,18.08529567718506,0.16275474511860977,17.993568420410156,18.46620750427246,3,10,481,321,240,160,2.11.0+cu128,12.8,2026-08-30T20:08:26.993244+00:00,3.13.15,2.1.3,11.3.0,0.25.2,Linux-6.6.122+-x86_64-with-glibc2.35,x86_64
BSD100,241004.png,x2,imdn,prepared_bicubic_lr,241004.png,2,native_model_grid_then_full_target_size_adjustment,gaussian_11x11_sigma_1.5_population_covariance,rgb_model,gpu,model_forward_only_cuda_events,Tesla T4,14912.6875,136.1103515625,694404,IMDN_x2.pth,740b39653592bd3f49955a21cd9e16f2d37f2c413368cc09327601b8fbe42ce1,https://raw.githubusercontent.com/Zheng222/IMDN/master/checkpoints/IMDN_x2.pth,DIV2K,bicubic,480,320,481,321,True,35.69274235394343,0.9270045557099195,34.327158852351886,0.9149666064915752,18.11641616821289,18.10651206970215,0.13765964151221421,17.85856056213379,18.415071487426758,3,10,481,321,240,160,2.11.0+cu128,12.8,2026-08-30T20:08:27.416501+00:00,3.13.15,2.1.3,11.3.0,0.25.2,Linux-6.6.122+-x86_64-with-glibc2.35,x86_64
BSD100,241048.png,x2,imdn,prepared_bicubic_lr,241048.png,2,native_model_grid_then_full_target_size_adjustment,gaussian_11x11_sigma_1.5_population_covariance,rgb_model,gpu,model_forward_only_cuda_events,Tesla T4,14912.6875,136.1103515625,694404,IMDN_x2.pth,740b39653592bd3f49955a21cd9e16f2d37f2c413368cc09327601b8fbe42ce1,https://raw.githubusercontent.com/Zheng222/IMDN/master/checkpoints/IMDN_x2.pth,DIV2K,bicubic,480,320,481,321,True,28.319930103714196,0.8325004530446292,26.98712984779549,0.8215009976796189,18.014565849304198,17.997807502746582,0.1331894854344801,17.706911087036133,18.19046401977539,3,10,481,321,240,160,2.11.0+cu128,12.8,2026-08-30T20:08:27.829011+00:00,3.13.15,2.1.3,11.3.0,0.25.2,Linux-6.6.122+-x86_64-with-glibc2.35,x86_64
BSD100,253027.png,x2,imdn,prepared_bicubic_lr,253027.png,2,native_model_grid_then_full_target_size_adjustment,gaussian_11x11_sigma_1.5_population_covariance,rgb_model,gpu,model_forward_only_cuda_events,Tesla T4,14912.6875,136.1103515625,694404,IMDN_x2.pth,740b39653592bd3f49955a21cd9e16f2d37f2c413368cc09327601b8fbe42ce1,https://raw.githubusercontent.com/Zheng222/IMDN/master/checkpoints/IMDN_x2.pth,DIV2K,bicubic,480,320,481,321,True,28.796947349326395,0.8944000264120612,27.457469718328554,0.8849840003141386,18.09530563354492,18.05460834503174,0.11797594690687033,17.963552474975586,18.370624542236328,3,10,481,321,240,160,2.11.0+cu128,12.8,2026-08-30T20:08:28.265013+00:00,3.13.15,2.1.3,11.3.0,0.25.2,Linux-6.6.122+-x86_64-with-glibc2.35,x86_64
BSD100,253055.png,x2,imdn,prepared_bicubic_lr,253055.png,2,native_model_grid_then_full_target_size_adjustment,gaussian_11x11_sigma_1.5_population_covariance,rgb_model,gpu,model_forward_only_cuda_events,Tesla T4,14912.6875,136.1103515625,694404,IMDN_x2.pth,740b39653592bd3f49955a21cd9e16f2d37f2c413368cc09327601b8fbe42ce1,https://raw.githubusercontent.com/Zheng222/IMDN/master/checkpoints/IMDN_x2.pth,DIV2K,bicubic,480,320,481,321,True,35.964754360430994,0.9276335694149486,34.595556901619815,0.9144944566944462,18.086166191101075,18.026912689208984,0.1555206858713549,17.82169532775879,18.405567169189453,3,10,481,321,240,160,2.11.0+cu128,12.8,2026-08-30T20:08:28.695276+00:00,3.13.15,2.1.3,11.3.0,0.25.2,Linux-6.6.122+-x86_64-with-glibc2.35,x86_64
BSD100,260058.png,x2,imdn,prepared_bicubic_lr,260058.png,2,native_model_grid_then_full_target_size_adjustment,gaussian_11x11_sigma_1.5_population_covariance,rgb_model,gpu,model_forward_only_cuda_events,Tesla T4,14912.6875,136.1103515625,694404,IMDN_x2.pth,740b39653592bd3f49955a21cd9e16f2d37f2c413368cc09327601b8fbe42ce1,https://raw.githubusercontent.com/Zheng222/IMDN/master/checkpoints/IMDN_x2.pth,DIV2K,bicubic,480,320,481,321,True,35.88392376851978,0.9065705910096876,34.51535673243265,0.8905983347268819,18.008486557006837,17.991536140441895,0.09923740863167113,17.819488525390625,18.182464599609375,3,10,481,321,240,160,2.11.0+cu128,12.8,2026-08-30T20:08:29.127488+00:00,3.13.15,2.1.3,11.3.0,0.25.2,Linux-6.6.122+-x86_64-with-glibc2.35,x86_64
BSD100,271035.png,x2,imdn,prepared_bicubic_lr,271035.png,2,native_model_grid_then_full_target_size_adjustment,gaussian_11x11_sigma_1.5_population_covariance,rgb_model,gpu,model_forward_only_cuda_events,Tesla T4,14912.6875,136.1103515625,694404,IMDN_x2.pth,740b39653592bd3f49955a21cd9e16f2d37f2c413368cc09327601b8fbe42ce1,https://raw.githubusercontent.com/Zheng222/IMDN/master/checkpoints/IMDN_x2.pth,DIV2K,bicubic,320,480,321,481,True,33.613920682027086,0.9342859677872094,32.23908542420261,0.9253038081327478,18.19950714111328,18.084640502929688,0.2122952929301227,18.02854347229004,18.679584503173828,3,10,321,481,160,240,2.11.0+cu128,12.8,2026-08-30T20:08:29.574675+00:00,3.13.15,2.1.3,11.3.0,0.25.2,Linux-6.6.122+-x86_64-with-glibc2.35,x86_64
BSD100,285079.png,x2,imdn,prepared_bicubic_lr,285079.png,2,native_model_grid_then_full_target_size_adjustment,gaussian_11x11_sigma_1.5_population_covariance,rgb_model,gpu,model_forward_only_cuda_events,Tesla T4,14912.6875,136.1103515625,694404,IMDN_x2.pth,740b39653592bd3f49955a21cd9e16f2d37f2c413368cc09327601b8fbe42ce1,https://raw.githubusercontent.com/Zheng222/IMDN/master/checkpoints/IMDN_x2.pth,DIV2K,bicubic,320,480,321,481,True,30.62362874736372,0.8993179983438644,29.269122565791825,0.8903241939858733,18.25759353637695,18.228032112121582,0.20533686892545228,18.02137565612793,18.666336059570312,3,10,321,481,160,240,2.11.0+cu128,12.8,2026-08-30T20:08:30.005162+00:00,3.13.15,2.1.3,11.3.0,0.25.2,Linux-6.6.122+-x86_64-with-glibc2.35,x86_64
BSD100,291000.png,x2,imdn,prepared_bicubic_lr,291000.png,2,native_model_grid_then_full_target_size_adjustment,gaussian_11x11_sigma_1.5_population_covariance,rgb_model,gpu,model_forward_only_cuda_events,Tesla T4,14912.6875,136.1103515625,694404,IMDN_x2.pth,740b39653592bd3f49955a21cd9e16f2d37f2c413368cc09327601b8fbe42ce1,https://raw.githubusercontent.com/Zheng222/IMDN/master/checkpoints/IMDN_x2.pth,DIV2K,bicubic,480,320,481,321,True,24.32755856906262,0.735844428728767,22.985250194817446,0.7261146671169394,18.205805015563964,18.08358383178711,0.2643504428791604,17.889856338500977,18.629119873046875,3,10,481,321,240,160,2.11.0+cu128,12.8,2026-08-30T20:08:30.407385+00:00,3.13.15,2.1.3,11.3.0,0.25.2,Linux-6.6.122+-x86_64-with-glibc2.35,x86_64
BSD100,295087.png,x2,imdn,prepared_bicubic_lr,295087.png,2,native_model_grid_then_full_target_size_adjustment,gaussian_11x11_sigma_1.5_population_covariance,rgb_model,gpu,model_forward_only_cuda_events,Tesla T4,14912.6875,136.1103515625,694404,IMDN_x2.pth,740b39653592bd3f49955a21cd9e16f2d37f2c413368cc09327601b8fbe42ce1,https://raw.githubusercontent.com/Zheng222/IMDN/master/checkpoints/IMDN_x2.pth,DIV2K,bicubic,480,320,481,321,True,30.90084609097942,0.87928018507524,29.559156914129304,0.8687775082620114,18.115260887145997,18.047712326049805,0.16859544610409619,17.89776039123535,18.402463912963867,3,10,481,321,240,160,2.11.0+cu128,12.8,2026-08-30T20:08:30.816954+00:00,3.13.15,2.1.3,11.3.0,0.25.2,Linux-6.6.122+-x86_64-with-glibc2.35,x86_64
BSD100,296007.png,x2,imdn,prepared_bicubic_lr,296007.png,2,native_model_grid_then_full_target_size_adjustment,gaussian_11x11_sigma_1.5_population_covariance,rgb_model,gpu,model_forward_only_cuda_events,Tesla T4,14912.6875,136.1103515625,694404,IMDN_x2.pth,740b39653592bd3f49955a21cd9e16f2d37f2c413368cc09327601b8fbe42ce1,https://raw.githubusercontent.com/Zheng222/IMDN/master/checkpoints/IMDN_x2.pth,DIV2K,bicubic,480,320,481,321,True,35.13239168416505,0.9032255346800787,33.769450018347655,0.8879918456348124,18.125328254699706,18.043439865112305,0.15377172840630488,17.990848541259766,18.40492820739746,3,10,481,321,240,160,2.11.0+cu128,12.8,2026-08-30T20:08:31.270398+00:00,3.13.15,2.1.3,11.3.0,0.25.2,Linux-6.6.122+-x86_64-with-glibc2.35,x86_64
BSD100,296059.png,x2,imdn,prepared_bicubic_lr,296059.png,2,native_model_grid_then_full_target_size_adjustment,gaussian_11x11_sigma_1.5_population_covariance,rgb_model,gpu,model_forward_only_cuda_events,Tesla T4,14912.6875,136.1103515625,694404,IMDN_x2.pth,740b39653592bd3f49955a21cd9e16f2d37f2c413368cc09327601b8fbe42ce1,https://raw.githubusercontent.com/Zheng222/IMDN/master/checkpoints/IMDN_x2.pth,DIV2K,bicubic,480,320,481,321,True,34.071712863797345,0.8934307045936757,32.714759891127684,0.879025269296684,18.100198364257814,18.071311950683594,0.13188737903989683,17.94259262084961,18.350080490112305,3,10,481,321,240,160,2.11.0+cu128,12.8,2026-08-30T20:08:31.706312+00:00,3.13.15,2.1.3,11.3.0,0.25.2,Linux-6.6.122+-x86_64-with-glibc2.35,x86_64
BSD100,299086.png,x2,imdn,prepared_bicubic_lr,299086.png,2,native_model_grid_then_full_target_size_adjustment,gaussian_11x11_sigma_1.5_population_covariance,rgb_model,gpu,model_forward_only_cuda_events,Tesla T4,14912.6875,136.1103515625,694404,IMDN_x2.pth,740b39653592bd3f49955a21cd9e16f2d37f2c413368cc09327601b8fbe42ce1,https://raw.githubusercontent.com/Zheng222/IMDN/master/checkpoints/IMDN_x2.pth,DIV2K,bicubic,480,320,481,321,True,35.08188585548894,0.9092250915471626,33.71006888179898,0.8950634735482915,18.106249618530274,18.062320709228516,0.13114102481274392,17.954816818237305,18.318944931030273,3,10,481,321,240,160,2.11.0+cu128,12.8,2026-08-30T20:08:32.137036+00:00,3.13.15,2.1.3,11.3.0,0.25.2,Linux-6.6.122+-x86_64-with-glibc2.35,x86_64
BSD100,300091.png,x2,imdn,prepared_bicubic_lr,300091.png,2,native_model_grid_then_full_target_size_adjustment,gaussian_11x11_sigma_1.5_population_covariance,rgb_model,gpu,model_forward_only_cuda_events,Tesla T4,14912.6875,136.1103515625,694404,IMDN_x2.pth,740b39653592bd3f49955a21cd9e16f2d37f2c413368cc09327601b8fbe42ce1,https://raw.githubusercontent.com/Zheng222/IMDN/master/checkpoints/IMDN_x2.pth,DIV2K,bicubic,480,320,481,321,True,33.273777778834955,0.914501370526489,31.92831820001452,0.9029164359481685,18.112643241882324,18.168511390686035,0.18656191182381793,17.64192008972168,18.309152603149414,3,10,481,321,240,160,2.11.0+cu128,12.8,2026-08-30T20:08:32.566174+00:00,3.13.15,2.1.3,11.3.0,0.25.2,Linux-6.6.122+-x86_64-with-glibc2.35,x86_64
BSD100,302008.png,x2,imdn,prepared_bicubic_lr,302008.png,2,native_model_grid_then_full_target_size_adjustment,gaussian_11x11_sigma_1.5_population_covariance,rgb_model,gpu,model_forward_only_cuda_events,Tesla T4,14912.6875,136.1103515625,694404,IMDN_x2.pth,740b39653592bd3f49955a21cd9e16f2d37f2c413368cc09327601b8fbe42ce1,https://raw.githubusercontent.com/Zheng222/IMDN/master/checkpoints/IMDN_x2.pth,DIV2K,bicubic,320,480,321,481,True,41.18871262908815,0.9814722966974292,39.723258668097344,0.9772278701136172,18.211219596862794,18.214192390441895,0.1307024591015996,18.03875160217285,18.417695999145508,3,10,321,481,160,240,2.11.0+cu128,12.8,2026-08-30T20:08:32.976235+00:00,3.13.15,2.1.3,11.3.0,0.25.2,Linux-6.6.122+-x86_64-with-glibc2.35,x86_64
BSD100,304034.png,x2,imdn,prepared_bicubic_lr,304034.png,2,native_model_grid_then_full_target_size_adjustment,gaussian_11x11_sigma_1.5_population_covariance,rgb_model,gpu,model_forward_only_cuda_events,Tesla T4,14912.6875,136.1103515625,694404,IMDN_x2.pth,740b39653592bd3f49955a21cd9e16f2d37f2c413368cc09327601b8fbe42ce1,https://raw.githubusercontent.com/Zheng222/IMDN/master/checkpoints/IMDN_x2.pth,DIV2K,bicubic,480,320,481,321,True,28.462762393613655,0.8938156438353521,27.137946071215325,0.8866094381615112,18.386800003051757,18.25385570526123,0.6038927421017297,17.6312313079834,19.929088592529297,3,10,481,321,240,160,2.11.0+cu128,12.8,2026-08-30T20:08:33.391451+00:00,3.13.15,2.1.3,11.3.0,0.25.2,Linux-6.6.122+-x86_64-with-glibc2.35,x86_64
BSD100,304074.png,x2,imdn,prepared_bicubic_lr,304074.png,2,native_model_grid_then_full_target_size_adjustment,gaussian_11x11_sigma_1.5_population_covariance,rgb_model,gpu,model_forward_only_cuda_events,Tesla T4,14912.6875,136.1103515625,694404,IMDN_x2.pth,740b39653592bd3f49955a21cd9e16f2d37f2c413368cc09327601b8fbe42ce1,https://raw.githubusercontent.com/Zheng222/IMDN/master/checkpoints/IMDN_x2.pth,DIV2K,bicubic,320,480,321,481,True,29.707913046600602,0.8368068929329416,28.370065222932656,0.8232036208995287,18.325395393371583,18.248000144958496,0.19106636101104793,18.108863830566406,18.747392654418945,3,10,321,481,160,240,2.11.0+cu128,12.8,2026-08-30T20:08:33.830302+00:00,3.13.15,2.1.3,11.3.0,0.25.2,Linux-6.6.122+-x86_64-with-glibc2.35,x86_64
BSD100,306005.png,x2,imdn,prepared_bicubic_lr,306005.png,2,native_model_grid_then_full_target_size_adjustment,gaussian_11x11_sigma_1.5_population_covariance,rgb_model,gpu,model_forward_only_cuda_events,Tesla T4,14912.6875,136.1103515625,694404,IMDN_x2.pth,740b39653592bd3f49955a21cd9e16f2d37f2c413368cc09327601b8fbe42ce1,https://raw.githubusercontent.com/Zheng222/IMDN/master/checkpoints/IMDN_x2.pth,DIV2K,bicubic,480,320,481,321,True,32.89394467978418,0.9254327867885749,31.52801426704526,0.9183813327674973,18.21164150238037,18.124815940856934,0.2359692148562744,17.965055465698242,18.630783081054688,3,10,481,321,240,160,2.11.0+cu128,12.8,2026-08-30T20:08:34.248311+00:00,3.13.15,2.1.3,11.3.0,0.25.2,Linux-6.6.122+-x86_64-with-glibc2.35,x86_64
BSD100,3096.png,x2,imdn,prepared_bicubic_lr,3096.png,2,native_model_grid_then_full_target_size_adjustment,gaussian_11x11_sigma_1.5_population_covariance,rgb_model,gpu,model_forward_only_cuda_events,Tesla T4,14912.6875,136.1103515625,694404,IMDN_x2.pth,740b39653592bd3f49955a21cd9e16f2d37f2c413368cc09327601b8fbe42ce1,https://raw.githubusercontent.com/Zheng222/IMDN/master/checkpoints/IMDN_x2.pth,DIV2K,bicubic,480,320,481,321,True,45.37392509245119,0.9911080648425897,43.80665069278356,0.9869415573517029,18.235017585754395,18.163071632385254,0.22042023247380674,17.995328903198242,18.65113639831543,3,10,481,321,240,160,2.11.0+cu128,12.8,2026-08-30T20:08:34.661841+00:00,3.13.15,2.1.3,11.3.0,0.25.2,Linux-6.6.122+-x86_64-with-glibc2.35,x86_64
BSD100,33039.png,x2,imdn,prepared_bicubic_lr,33039.png,2,native_model_grid_then_full_target_size_adjustment,gaussian_11x11_sigma_1.5_population_covariance,rgb_model,gpu,model_forward_only_cuda_events,Tesla T4,14912.6875,136.1103515625,694404,IMDN_x2.pth,740b39653592bd3f49955a21cd9e16f2d37f2c413368cc09327601b8fbe42ce1,https://raw.githubusercontent.com/Zheng222/IMDN/master/checkpoints/IMDN_x2.pth,DIV2K,bicubic,320,480,321,481,True,25.446606824702766,0.8508637091030552,24.120369032990535,0.8449332642010048,18.300572776794432,18.243295669555664,0.1784991124479865,18.03673553466797,18.6760311126709,3,10,321,481,160,240,2.11.0+cu128,12.8,2026-08-30T20:08:35.074630+00:00,3.13.15,2.1.3,11.3.0,0.25.2,Linux-6.6.122+-x86_64-with-glibc2.35,x86_64
BSD100,351093.png,x2,imdn,prepared_bicubic_lr,351093.png,2,native_model_grid_then_full_target_size_adjustment,gaussian_11x11_sigma_1.5_population_covariance,rgb_model,gpu,model_forward_only_cuda_events,Tesla T4,14912.6875,136.1103515625,694404,IMDN_x2.pth,740b39653592bd3f49955a21cd9e16f2d37f2c413368cc09327601b8fbe42ce1,https://raw.githubusercontent.com/Zheng222/IMDN/master/checkpoints/IMDN_x2.pth,DIV2K,bicubic,480,320,481,321,True,26.172420315088836,0.8521202052040969,24.84157111389438,0.8431996570748206,18.16249942779541,18.10527992248535,0.19993733174195852,17.97769546508789,18.612960815429688,3,10,481,321,240,160,2.11.0+cu128,12.8,2026-08-30T20:08:35.474167+00:00,3.13.15,2.1.3,11.3.0,0.25.2,Linux-6.6.122+-x86_64-with-glibc2.35,x86_64
BSD100,361010.png,x2,imdn,prepared_bicubic_lr,361010.png,2,native_model_grid_then_full_target_size_adjustment,gaussian_11x11_sigma_1.5_population_covariance,rgb_model,gpu,model_forward_only_cuda_events,Tesla T4,14912.6875,136.1103515625,694404,IMDN_x2.pth,740b39653592bd3f49955a21cd9e16f2d37f2c413368cc09327601b8fbe42ce1,https://raw.githubusercontent.com/Zheng222/IMDN/master/checkpoints/IMDN_x2.pth,DIV2K,bicubic,480,320,481,321,True,35.00506739907771,0.940741704479202,33.62579839324502,0.9295017652125526,18.33061752319336,18.266112327575684,0.19952105561335098,18.021408081054688,18.619455337524414,3,10,481,321,240,160,2.11.0+cu128,12.8,2026-08-30T20:08:35.907095+00:00,3.13.15,2.1.3,11.3.0,0.25.2,Linux-6.6.122+-x86_64-with-glibc2.35,x86_64
BSD100,37073.png,x2,imdn,prepared_bicubic_lr,37073.png,2,native_model_grid_then_full_target_size_adjustment,gaussian_11x11_sigma_1.5_population_covariance,rgb_model,gpu,model_forward_only_cuda_events,Tesla T4,14912.6875,136.1103515625,694404,IMDN_x2.pth,740b39653592bd3f49955a21cd9e16f2d37f2c413368cc09327601b8fbe42ce1,https://raw.githubusercontent.com/Zheng222/IMDN/master/checkpoints/IMDN_x2.pth,DIV2K,bicubic,480,320,481,321,True,35.54334073518929,0.9163762845921083,34.17726035092406,0.8987160175795162,18.34965114593506,18.236639976501465,0.2281813675595111,18.16851234436035,18.819103240966797,3,10,481,321,240,160,2.11.0+cu128,12.8,2026-08-30T20:08:36.421240+00:00,3.13.15,2.1.3,11.3.0,0.25.2,Linux-6.6.122+-x86_64-with-glibc2.35,x86_64
BSD100,376043.png,x2,imdn,prepared_bicubic_lr,376043.png,2,native_model_grid_then_full_target_size_adjustment,gaussian_11x11_sigma_1.5_population_covariance,rgb_model,gpu,model_forward_only_cuda_events,Tesla T4,14912.6875,136.1103515625,694404,IMDN_x2.pth,740b39653592bd3f49955a21cd9e16f2d37f2c413368cc09327601b8fbe42ce1,https://raw.githubusercontent.com/Zheng222/IMDN/master/checkpoints/IMDN_x2.pth,DIV2K,bicubic,320,480,321,481,True,29.907114260418794,0.8606123042900999,28.559662092528445,0.8548267692095076,18.292988777160645,18.24238395690918,0.15335715290398025,18.11497688293457,18.624704360961914,3,10,321,481,160,240,2.11.0+cu128,12.8,2026-08-30T20:08:36.918018+00:00,3.13.15,2.1.3,11.3.0,0.25.2,Linux-6.6.122+-x86_64-with-glibc2.35,x86_64
BSD100,38082.png,x2,imdn,prepared_bicubic_lr,38082.png,2,native_model_grid_then_full_target_size_adjustment,gaussian_11x11_sigma_1.5_population_covariance,rgb_model,gpu,model_forward_only_cuda_events,Tesla T4,14912.6875,136.1103515625,694404,IMDN_x2.pth,740b39653592bd3f49955a21cd9e16f2d37f2c413368cc09327601b8fbe42ce1,https://raw.githubusercontent.com/Zheng222/IMDN/master/checkpoints/IMDN_x2.pth,DIV2K,bicubic,480,320,481,321,True,30.822922817710747,0.8362132083169143,29.482344088311354,0.8237695077921642,18.295343971252443,18.163536071777344,0.35646225189374575,17.910560607910156,19.105920791625977,3,10,481,321,240,160,2.11.0+cu128,12.8,2026-08-30T20:08:37.396396+00:00,3.13.15,2.1.3,11.3.0,0.25.2,Linux-6.6.122+-x86_64-with-glibc2.35,x86_64
BSD100,38092.png,x2,imdn,prepared_bicubic_lr,38092.png,2,native_model_grid_then_full_target_size_adjustment,gaussian_11x11_sigma_1.5_population_covariance,rgb_model,gpu,model_forward_only_cuda_events,Tesla T4,14912.6875,136.1103515625,694404,IMDN_x2.pth,740b39653592bd3f49955a21cd9e16f2d37f2c413368cc09327601b8fbe42ce1,https://raw.githubusercontent.com/Zheng222/IMDN/master/checkpoints/IMDN_x2.pth,DIV2K,bicubic,480,320,481,321,True,29.71206719570091,0.8654765552838514,28.382675585292535,0.8545775573084824,18.151004791259766,18.17307186126709,0.11315086049259374,18.00908851623535,18.374271392822266,3,10,481,321,240,160,2.11.0+cu128,12.8,2026-08-30T20:08:37.878065+00:00,3.13.15,2.1.3,11.3.0,0.25.2,Linux-6.6.122+-x86_64-with-glibc2.35,x86_64
BSD100,385039.png,x2,imdn,prepared_bicubic_lr,385039.png,2,native_model_grid_then_full_target_size_adjustment,gaussian_11x11_sigma_1.5_population_covariance,rgb_model,gpu,model_forward_only_cuda_events,Tesla T4,14912.6875,136.1103515625,694404,IMDN_x2.pth,740b39653592bd3f49955a21cd9e16f2d37f2c413368cc09327601b8fbe42ce1,https://raw.githubusercontent.com/Zheng222/IMDN/master/checkpoints/IMDN_x2.pth,DIV2K,bicubic,480,320,481,321,True,28.547413802868775,0.8746832115506366,27.21278665826751,0.863236202854921,18.25874900817871,18.16928005218506,0.26302717729910824,17.99603271484375,18.682239532470703,3,10,481,321,240,160,2.11.0+cu128,12.8,2026-08-30T20:08:38.392563+00:00,3.13.15,2.1.3,11.3.0,0.25.2,Linux-6.6.122+-x86_64-with-glibc2.35,x86_64
BSD100,41033.png,x2,imdn,prepared_bicubic_lr,41033.png,2,native_model_grid_then_full_target_size_adjustment,gaussian_11x11_sigma_1.5_population_covariance,rgb_model,gpu,model_forward_only_cuda_events,Tesla T4,14912.6875,136.1103515625,694404,IMDN_x2.pth,740b39653592bd3f49955a21cd9e16f2d37f2c413368cc09327601b8fbe42ce1,https://raw.githubusercontent.com/Zheng222/IMDN/master/checkpoints/IMDN_x2.pth,DIV2K,bicubic,480,320,481,321,True,34.573677465044234,0.9156992193956971,33.21675463443835,0.9034598147595675,18.226761436462404,18.21121597290039,0.21355331564316904,17.762304306030273,18.546688079833984,3,10,481,321,240,160,2.11.0+cu128,12.8,2026-08-30T20:08:38.885605+00:00,3.13.15,2.1.3,11.3.0,0.25.2,Linux-6.6.122+-x86_64-with-glibc2.35,x86_64
BSD100,41069.png,x2,imdn,prepared_bicubic_lr,41069.png,2,native_model_grid_then_full_target_size_adjustment,gaussian_11x11_sigma_1.5_population_covariance,rgb_model,gpu,model_forward_only_cuda_events,Tesla T4,14912.6875,136.1103515625,694404,IMDN_x2.pth,740b39653592bd3f49955a21cd9e16f2d37f2c413368cc09327601b8fbe42ce1,https://raw.githubusercontent.com/Zheng222/IMDN/master/checkpoints/IMDN_x2.pth,DIV2K,bicubic,480,320,481,321,True,27.03347558730333,0.7927151301516502,25.704785230969968,0.7818233661347361,18.345231819152833,18.25931167602539,0.18561761218338732,18.16985511779785,18.696224212646484,3,10,481,321,240,160,2.11.0+cu128,12.8,2026-08-30T20:08:39.437556+00:00,3.13.15,2.1.3,11.3.0,0.25.2,Linux-6.6.122+-x86_64-with-glibc2.35,x86_64
BSD100,42012.png,x2,imdn,prepared_bicubic_lr,42012.png,2,native_model_grid_then_full_target_size_adjustment,gaussian_11x11_sigma_1.5_population_covariance,rgb_model,gpu,model_forward_only_cuda_events,Tesla T4,14912.6875,136.1103515625,694404,IMDN_x2.pth,740b39653592bd3f49955a21cd9e16f2d37f2c413368cc09327601b8fbe42ce1,https://raw.githubusercontent.com/Zheng222/IMDN/master/checkpoints/IMDN_x2.pth,DIV2K,bicubic,320,480,321,481,True,34.60388315026794,0.9375604938004907,33.24896731790484,0.9303628984196303,18.426380729675294,18.27177619934082,0.22608265598252106,18.219039916992188,18.8187198638916,3,10,321,481,160,240,2.11.0+cu128,12.8,2026-08-30T20:08:39.987012+00:00,3.13.15,2.1.3,11.3.0,0.25.2,Linux-6.6.122+-x86_64-with-glibc2.35,x86_64
BSD100,42049.png,x2,imdn,prepared_bicubic_lr,42049.png,2,native_model_grid_then_full_target_size_adjustment,gaussian_11x11_sigma_1.5_population_covariance,rgb_model,gpu,model_forward_only_cuda_events,Tesla T4,14912.6875,136.1103515625,694404,IMDN_x2.pth,740b39653592bd3f49955a21cd9e16f2d37f2c413368cc09327601b8fbe42ce1,https://raw.githubusercontent.com/Zheng222/IMDN/master/checkpoints/IMDN_x2.pth,DIV2K,bicubic,480,320,481,321,True,38.19390904752374,0.9809763480653797,36.79840469892286,0.9765000362149903,18.302102470397948,18.23684787750244,0.31438219010280644,18.002464294433594,19.021215438842773,3,10,481,321,240,160,2.11.0+cu128,12.8,2026-08-30T20:08:40.443132+00:00,3.13.15,2.1.3,11.3.0,0.25.2,Linux-6.6.122+-x86_64-with-glibc2.35,x86_64
BSD100,43074.png,x2,imdn,prepared_bicubic_lr,43074.png,2,native_model_grid_then_full_target_size_adjustment,gaussian_11x11_sigma_1.5_population_covariance,rgb_model,gpu,model_forward_only_cuda_events,Tesla T4,14912.6875,136.1103515625,694404,IMDN_x2.pth,740b39653592bd3f49955a21cd9e16f2d37f2c413368cc09327601b8fbe42ce1,https://raw.githubusercontent.com/Zheng222/IMDN/master/checkpoints/IMDN_x2.pth,DIV2K,bicubic,480,320,481,321,True,33.52972088261789,0.9323471381702146,32.23312018273278,0.9240486552923121,18.28754234313965,18.20121669769287,0.2023530420903533,18.064863204956055,18.670944213867188,3,10,481,321,240,160,2.11.0+cu128,12.8,2026-08-30T20:08:40.876385+00:00,3.13.15,2.1.3,11.3.0,0.25.2,Linux-6.6.122+-x86_64-with-glibc2.35,x86_64
BSD100,45096.png,x2,imdn,prepared_bicubic_lr,45096.png,2,native_model_grid_then_full_target_size_adjustment,gaussian_11x11_sigma_1.5_population_covariance,rgb_model,gpu,model_forward_only_cuda_events,Tesla T4,14912.6875,136.1103515625,694404,IMDN_x2.pth,740b39653592bd3f49955a21cd9e16f2d37f2c413368cc09327601b8fbe42ce1,https://raw.githubusercontent.com/Zheng222/IMDN/master/checkpoints/IMDN_x2.pth,DIV2K,bicubic,480,320,481,321,True,40.46570677124908,0.972892092554361,39.031736185822005,0.964923384123859,18.25239677429199,18.171968460083008,0.1911013474465509,17.964799880981445,18.627103805541992,3,10,481,321,240,160,2.11.0+cu128,12.8,2026-08-30T20:08:41.288449+00:00,3.13.15,2.1.3,11.3.0,0.25.2,Linux-6.6.122+-x86_64-with-glibc2.35,x86_64
BSD100,54082.png,x2,imdn,prepared_bicubic_lr,54082.png,2,native_model_grid_then_full_target_size_adjustment,gaussian_11x11_sigma_1.5_population_covariance,rgb_model,gpu,model_forward_only_cuda_events,Tesla T4,14912.6875,136.1103515625,694404,IMDN_x2.pth,740b39653592bd3f49955a21cd9e16f2d37f2c413368cc09327601b8fbe42ce1,https://raw.githubusercontent.com/Zheng222/IMDN/master/checkpoints/IMDN_x2.pth,DIV2K,bicubic,320,480,321,481,True,31.251029477297983,0.8509124103667143,29.917465643949235,0.8371187929711291,18.324051475524904,18.247840881347656,0.14840711622167901,18.202016830444336,18.687999725341797,3,10,321,481,160,240,2.11.0+cu128,12.8,2026-08-30T20:08:41.714180+00:00,3.13.15,2.1.3,11.3.0,0.25.2,Linux-6.6.122+-x86_64-with-glibc2.35,x86_64
BSD100,55073.png,x2,imdn,prepared_bicubic_lr,55073.png,2,native_model_grid_then_full_target_size_adjustment,gaussian_11x11_sigma_1.5_population_covariance,rgb_model,gpu,model_forward_only_cuda_events,Tesla T4,14912.6875,136.1103515625,694404,IMDN_x2.pth,740b39653592bd3f49955a21cd9e16f2d37f2c413368cc09327601b8fbe42ce1,https://raw.githubusercontent.com/Zheng222/IMDN/master/checkpoints/IMDN_x2.pth,DIV2K,bicubic,320,480,321,481,True,26.101533463369808,0.8148630144311851,24.822190763870058,0.7992997987705186,18.47573757171631,18.44657611846924,0.204973422541435,18.245759963989258,18.95199966430664,3,10,321,481,160,240,2.11.0+cu128,12.8,2026-08-30T20:08:42.137403+00:00,3.13.15,2.1.3,11.3.0,0.25.2,Linux-6.6.122+-x86_64-with-glibc2.35,x86_64
BSD100,58060.png,x2,imdn,prepared_bicubic_lr,58060.png,2,native_model_grid_then_full_target_size_adjustment,gaussian_11x11_sigma_1.5_population_covariance,rgb_model,gpu,model_forward_only_cuda_events,Tesla T4,14912.6875,136.1103515625,694404,IMDN_x2.pth,740b39653592bd3f49955a21cd9e16f2d37f2c413368cc09327601b8fbe42ce1,https://raw.githubusercontent.com/Zheng222/IMDN/master/checkpoints/IMDN_x2.pth,DIV2K,bicubic,480,320,481,321,True,25.162893032311167,0.8490408203028516,23.887811815176114,0.8395094003399531,18.239366340637208,18.231664657592773,0.10608122203810365,17.983295440673828,18.374399185180664,3,10,481,321,240,160,2.11.0+cu128,12.8,2026-08-30T20:08:42.567206+00:00,3.13.15,2.1.3,11.3.0,0.25.2,Linux-6.6.122+-x86_64-with-glibc2.35,x86_64
BSD100,62096.png,x2,imdn,prepared_bicubic_lr,62096.png,2,native_model_grid_then_full_target_size_adjustment,gaussian_11x11_sigma_1.5_population_covariance,rgb_model,gpu,model_forward_only_cuda_events,Tesla T4,14912.6875,136.1103515625,694404,IMDN_x2.pth,740b39653592bd3f49955a21cd9e16f2d37f2c413368cc09327601b8fbe42ce1,https://raw.githubusercontent.com/Zheng222/IMDN/master/checkpoints/IMDN_x2.pth,DIV2K,bicubic,480,320,481,321,True,29.64015831105933,0.924934497300955,28.259480110052063,0.9182959081088947,18.332931137084962,18.222447395324707,0.23603252695258956,18.08188819885254,18.835424423217773,3,10,481,321,240,160,2.11.0+cu128,12.8,2026-08-30T20:08:42.989402+00:00,3.13.15,2.1.3,11.3.0,0.25.2,Linux-6.6.122+-x86_64-with-glibc2.35,x86_64
BSD100,65033.png,x2,imdn,prepared_bicubic_lr,65033.png,2,native_model_grid_then_full_target_size_adjustment,gaussian_11x11_sigma_1.5_population_covariance,rgb_model,gpu,model_forward_only_cuda_events,Tesla T4,14912.6875,136.1103515625,694404,IMDN_x2.pth,740b39653592bd3f49955a21cd9e16f2d37f2c413368cc09327601b8fbe42ce1,https://raw.githubusercontent.com/Zheng222/IMDN/master/checkpoints/IMDN_x2.pth,DIV2K,bicubic,480,320,481,321,True,28.93347036611501,0.8508553397046964,27.60390814104867,0.8318630983556529,18.347872161865233,18.226192474365234,0.21904287512943213,18.18828773498535,18.869247436523438,3,10,481,321,240,160,2.11.0+cu128,12.8,2026-08-30T20:08:43.409599+00:00,3.13.15,2.1.3,11.3.0,0.25.2,Linux-6.6.122+-x86_64-with-glibc2.35,x86_64
BSD100,66053.png,x2,imdn,prepared_bicubic_lr,66053.png,2,native_model_grid_then_full_target_size_adjustment,gaussian_11x11_sigma_1.5_population_covariance,rgb_model,gpu,model_forward_only_cuda_events,Tesla T4,14912.6875,136.1103515625,694404,IMDN_x2.pth,740b39653592bd3f49955a21cd9e16f2d37f2c413368cc09327601b8fbe42ce1,https://raw.githubusercontent.com/Zheng222/IMDN/master/checkpoints/IMDN_x2.pth,DIV2K,bicubic,480,320,481,321,True,30.778043247043225,0.8798892310814664,29.48513755182963,0.8696686910117268,18.36528968811035,18.25864028930664,0.24443213212537682,18.151424407958984,18.91935920715332,3,10,481,321,240,160,2.11.0+cu128,12.8,2026-08-30T20:08:43.847379+00:00,3.13.15,2.1.3,11.3.0,0.25.2,Linux-6.6.122+-x86_64-with-glibc2.35,x86_64
BSD100,69015.png,x2,imdn,prepared_bicubic_lr,69015.png,2,native_model_grid_then_full_target_size_adjustment,gaussian_11x11_sigma_1.5_population_covariance,rgb_model,gpu,model_forward_only_cuda_events,Tesla T4,14912.6875,136.1103515625,694404,IMDN_x2.pth,740b39653592bd3f49955a21cd9e16f2d37f2c413368cc09327601b8fbe42ce1,https://raw.githubusercontent.com/Zheng222/IMDN/master/checkpoints/IMDN_x2.pth,DIV2K,bicubic,320,480,321,481,True,36.085462531286026,0.9440470364844845,34.70994809449557,0.938069608360293,18.340991973876953,18.222015380859375,0.2519083501809288,18.089984893798828,18.88256072998047,3,10,321,481,160,240,2.11.0+cu128,12.8,2026-08-30T20:08:44.301293+00:00,3.13.15,2.1.3,11.3.0,0.25.2,Linux-6.6.122+-x86_64-with-glibc2.35,x86_64
BSD100,69020.png,x2,imdn,prepared_bicubic_lr,69020.png,2,native_model_grid_then_full_target_size_adjustment,gaussian_11x11_sigma_1.5_population_covariance,rgb_model,gpu,model_forward_only_cuda_events,Tesla T4,14912.6875,136.1103515625,694404,IMDN_x2.pth,740b39653592bd3f49955a21cd9e16f2d37f2c413368cc09327601b8fbe42ce1,https://raw.githubusercontent.com/Zheng222/IMDN/master/checkpoints/IMDN_x2.pth,DIV2K,bicubic,480,320,481,321,True,30.139212083446957,0.790424723741867,28.800646846997115,0.7798119061215306,18.282950401306152,18.204784393310547,0.14260444622247914,18.17043113708496,18.605375289916992,3,10,481,321,240,160,2.11.0+cu128,12.8,2026-08-30T20:08:44.725055+00:00,3.13.15,2.1.3,11.3.0,0.25.2,Linux-6.6.122+-x86_64-with-glibc2.35,x86_64
BSD100,69040.png,x2,imdn,prepared_bicubic_lr,69040.png,2,native_model_grid_then_full_target_size_adjustment,gaussian_11x11_sigma_1.5_population_covariance,rgb_model,gpu,model_forward_only_cuda_events,Tesla T4,14912.6875,136.1103515625,694404,IMDN_x2.pth,740b39653592bd3f49955a21cd9e16f2d37f2c413368cc09327601b8fbe42ce1,https://raw.githubusercontent.com/Zheng222/IMDN/master/checkpoints/IMDN_x2.pth,DIV2K,bicubic,480,320,481,321,True,30.738879164613643,0.9035165289726231,29.396208249841468,0.8971277600697484,18.368761444091795,18.2883358001709,0.20847927885780757,18.186559677124023,18.866527557373047,3,10,481,321,240,160,2.11.0+cu128,12.8,2026-08-30T20:08:45.153200+00:00,3.13.15,2.1.3,11.3.0,0.25.2,Linux-6.6.122+-x86_64-with-glibc2.35,x86_64
BSD100,76053.png,x2,imdn,prepared_bicubic_lr,76053.png,2,native_model_grid_then_full_target_size_adjustment,gaussian_11x11_sigma_1.5_population_covariance,rgb_model,gpu,model_forward_only_cuda_events,Tesla T4,14912.6875,136.1103515625,694404,IMDN_x2.pth,740b39653592bd3f49955a21cd9e16f2d37f2c413368cc09327601b8fbe42ce1,https://raw.githubusercontent.com/Zheng222/IMDN/master/checkpoints/IMDN_x2.pth,DIV2K,bicubic,480,320,481,321,True,33.31034222320434,0.8895232373457477,31.951488382169817,0.8699569712863425,18.306687927246095,18.33145523071289,0.08027323235044839,18.181983947753906,18.394655227661133,3,10,481,321,240,160,2.11.0+cu128,12.8,2026-08-30T20:08:45.607222+00:00,3.13.15,2.1.3,11.3.0,0.25.2,Linux-6.6.122+-x86_64-with-glibc2.35,x86_64
BSD100,78004.png,x2,imdn,prepared_bicubic_lr,78004.png,2,native_model_grid_then_full_target_size_adjustment,gaussian_11x11_sigma_1.5_population_covariance,rgb_model,gpu,model_forward_only_cuda_events,Tesla T4,14912.6875,136.1103515625,694404,IMDN_x2.pth,740b39653592bd3f49955a21cd9e16f2d37f2c413368cc09327601b8fbe42ce1,https://raw.githubusercontent.com/Zheng222/IMDN/master/checkpoints/IMDN_x2.pth,DIV2K,bicubic,320,480,321,481,True,31.25981784865739,0.9051069029888184,29.917287671233296,0.8951329306253782,18.289244842529296,18.270448684692383,0.10236389776510757,18.105663299560547,18.448415756225586,3,10,321,481,160,240,2.11.0+cu128,12.8,2026-08-30T20:08:46.049182+00:00,3.13.15,2.1.3,11.3.0,0.25.2,Linux-6.6.122+-x86_64-with-glibc2.35,x86_64
BSD100,8023.png,x2,imdn,prepared_bicubic_lr,8023.png,2,native_model_grid_then_full_target_size_adjustment,gaussian_11x11_sigma_1.5_population_covariance,rgb_model,gpu,model_forward_only_cuda_events,Tesla T4,14912.6875,136.1103515625,694404,IMDN_x2.pth,740b39653592bd3f49955a21cd9e16f2d37f2c413368cc09327601b8fbe42ce1,https://raw.githubusercontent.com/Zheng222/IMDN/master/checkpoints/IMDN_x2.pth,DIV2K,bicubic,480,320,481,321,True,37.63701398471404,0.9715106441001763,36.203195482870605,0.9675176462086967,18.39102077484131,18.359135627746582,0.22499854719523243,18.03968048095703,18.66547203063965,3,10,481,321,240,160,2.11.0+cu128,12.8,2026-08-30T20:08:46.483063+00:00,3.13.15,2.1.3,11.3.0,0.25.2,Linux-6.6.122+-x86_64-with-glibc2.35,x86_64
BSD100,85048.png,x2,imdn,prepared_bicubic_lr,85048.png,2,native_model_grid_then_full_target_size_adjustment,gaussian_11x11_sigma_1.5_population_covariance,rgb_model,gpu,model_forward_only_cuda_events,Tesla T4,14912.6875,136.1103515625,694404,IMDN_x2.pth,740b39653592bd3f49955a21cd9e16f2d37f2c413368cc09327601b8fbe42ce1,https://raw.githubusercontent.com/Zheng222/IMDN/master/checkpoints/IMDN_x2.pth,DIV2K,bicubic,480,320,481,321,True,31.10087645038047,0.917122967844879,29.74255038838464,0.9107899656684619,18.460515213012695,18.444416046142578,0.23069642605388543,18.171968460083008,18.87068748474121,3,10,481,321,240,160,2.11.0+cu128,12.8,2026-08-30T20:08:46.917314+00:00,3.13.15,2.1.3,11.3.0,0.25.2,Linux-6.6.122+-x86_64-with-glibc2.35,x86_64
BSD100,86000.png,x2,imdn,prepared_bicubic_lr,86000.png,2,native_model_grid_then_full_target_size_adjustment,gaussian_11x11_sigma_1.5_population_covariance,rgb_model,gpu,model_forward_only_cuda_events,Tesla T4,14912.6875,136.1103515625,694404,IMDN_x2.pth,740b39653592bd3f49955a21cd9e16f2d37f2c413368cc09327601b8fbe42ce1,https://raw.githubusercontent.com/Zheng222/IMDN/master/checkpoints/IMDN_x2.pth,DIV2K,bicubic,320,480,321,481,True,32.3261544396035,0.9451196817184965,30.945192213447903,0.93876914261935,18.422271919250488,18.338111877441406,0.21013091206806295,18.147615432739258,18.724512100219727,3,10,321,481,160,240,2.11.0+cu128,12.8,2026-08-30T20:08:47.364429+00:00,3.13.15,2.1.3,11.3.0,0.25.2,Linux-6.6.122+-x86_64-with-glibc2.35,x86_64
BSD100,86016.png,x2,imdn,prepared_bicubic_lr,86016.png,2,native_model_grid_then_full_target_size_adjustment,gaussian_11x11_sigma_1.5_population_covariance,rgb_model,gpu,model_forward_only_cuda_events,Tesla T4,14912.6875,136.1103515625,694404,IMDN_x2.pth,740b39653592bd3f49955a21cd9e16f2d37f2c413368cc09327601b8fbe42ce1,https://raw.githubusercontent.com/Zheng222/IMDN/master/checkpoints/IMDN_x2.pth,DIV2K,bicubic,480,320,481,321,True,23.815913627767763,0.6169603795550892,22.490089431899705,0.6039691376605122,18.43494396209717,18.35856056213379,0.2582091353284202,18.17804718017578,18.931615829467773,3,10,481,321,240,160,2.11.0+cu128,12.8,2026-08-30T20:08:47.785065+00:00,3.13.15,2.1.3,11.3.0,0.25.2,Linux-6.6.122+-x86_64-with-glibc2.35,x86_64
BSD100,86068.png,x2,imdn,prepared_bicubic_lr,86068.png,2,native_model_grid_then_full_target_size_adjustment,gaussian_11x11_sigma_1.5_population_covariance,rgb_model,gpu,model_forward_only_cuda_events,Tesla T4,14912.6875,136.1103515625,694404,IMDN_x2.pth,740b39653592bd3f49955a21cd9e16f2d37f2c413368cc09327601b8fbe42ce1,https://raw.githubusercontent.com/Zheng222/IMDN/master/checkpoints/IMDN_x2.pth,DIV2K,bicubic,480,320,481,321,True,29.972767722668713,0.7866186934751428,28.635523732441634,0.7677431736649125,18.389897537231445,18.31623935699463,0.18503468982202412,18.17068862915039,18.67571258544922,3,10,481,321,240,160,2.11.0+cu128,12.8,2026-08-30T20:08:48.228292+00:00,3.13.15,2.1.3,11.3.0,0.25.2,Linux-6.6.122+-x86_64-with-glibc2.35,x86_64
BSD100,87046.png,x2,imdn,prepared_bicubic_lr,87046.png,2,native_model_grid_then_full_target_size_adjustment,gaussian_11x11_sigma_1.5_population_covariance,rgb_model,gpu,model_forward_only_cuda_events,Tesla T4,14912.6875,136.1103515625,694404,IMDN_x2.pth,740b39653592bd3f49955a21cd9e16f2d37f2c413368cc09327601b8fbe42ce1,https://raw.githubusercontent.com/Zheng222/IMDN/master/checkpoints/IMDN_x2.pth,DIV2K,bicubic,480,320,481,321,True,30.555813863939484,0.9218945282296144,29.20896546670584,0.9161367009290569,18.12838077545166,18.19742488861084,0.23947027374379581,17.57593536376953,18.40937614440918,3,10,481,321,240,160,2.11.0+cu128,12.8,2026-08-30T20:08:48.653990+00:00,3.13.15,2.1.3,11.3.0,0.25.2,Linux-6.6.122+-x86_64-with-glibc2.35,x86_64
BSD100,89072.png,x2,imdn,prepared_bicubic_lr,89072.png,2,native_model_grid_then_full_target_size_adjustment,gaussian_11x11_sigma_1.5_population_covariance,rgb_model,gpu,model_forward_only_cuda_events,Tesla T4,14912.6875,136.1103515625,694404,IMDN_x2.pth,740b39653592bd3f49955a21cd9e16f2d37f2c413368cc09327601b8fbe42ce1,https://raw.githubusercontent.com/Zheng222/IMDN/master/checkpoints/IMDN_x2.pth,DIV2K,bicubic,320,480,321,481,True,31.300784784366137,0.899727232706871,29.954870415974817,0.8891269802448148,18.32767696380615,18.262240409851074,0.13061825282921258,18.229280471801758,18.639455795288086,3,10,321,481,160,240,2.11.0+cu128,12.8,2026-08-30T20:08:49.096213+00:00,3.13.15,2.1.3,11.3.0,0.25.2,Linux-6.6.122+-x86_64-with-glibc2.35,x86_64
BSD100,97033.png,x2,imdn,prepared_bicubic_lr,97033.png,2,native_model_grid_then_full_target_size_adjustment,gaussian_11x11_sigma_1.5_population_covariance,rgb_model,gpu,model_forward_only_cuda_events,Tesla T4,14912.6875,136.1103515625,694404,IMDN_x2.pth,740b39653592bd3f49955a21cd9e16f2d37f2c413368cc09327601b8fbe42ce1,https://raw.githubusercontent.com/Zheng222/IMDN/master/checkpoints/IMDN_x2.pth,DIV2K,bicubic,480,320,481,321,True,29.85525394592528,0.9048708255446798,28.54102791712265,0.8961735238238026,18.393334197998048,18.41193675994873,0.21993337975925192,17.88287925720215,18.662656784057617,3,10,481,321,240,160,2.11.0+cu128,12.8,2026-08-30T20:08:49.530189+00:00,3.13.15,2.1.3,11.3.0,0.25.2,Linux-6.6.122+-x86_64-with-glibc2.35,x86_64
Urban100,img_001.png,x2,imdn,prepared_bicubic_lr,img_001.png,2,native_model_grid_then_full_target_size_adjustment,gaussian_11x11_sigma_1.5_population_covariance,rgb_model,gpu,model_forward_only_cuda_events,Tesla T4,14912.6875,576.50830078125,694404,IMDN_x2.pth,740b39653592bd3f49955a21cd9e16f2d37f2c413368cc09327601b8fbe42ce1,https://raw.githubusercontent.com/Zheng222/IMDN/master/checkpoints/IMDN_x2.pth,DIV2K,bicubic,1024,644,1024,644,False,33.845141904869365,0.916794671996821,32.41212277616584,0.9065001836017422,80.07045059204101,79.98372650146484,0.31765157519211223,79.6388168334961,80.54204559326172,3,10,1024,644,512,322,2.11.0+cu128,12.8,2026-08-30T20:08:51.756951+00:00,3.13.15,2.1.3,11.3.0,0.25.2,Linux-6.6.122+-x86_64-with-glibc2.35,x86_64
Urban100,img_002.png,x2,imdn,prepared_bicubic_lr,img_002.png,2,native_model_grid_then_full_target_size_adjustment,gaussian_11x11_sigma_1.5_population_covariance,rgb_model,gpu,model_forward_only_cuda_events,Tesla T4,14912.6875,685.91943359375,694404,IMDN_x2.pth,740b39653592bd3f49955a21cd9e16f2d37f2c413368cc09327601b8fbe42ce1,https://raw.githubusercontent.com/Zheng222/IMDN/master/checkpoints/IMDN_x2.pth,DIV2K,bicubic,1024,768,1024,768,False,33.36160407155835,0.9545853518034928,31.904732209985667,0.9486585082428083,95.14483795166015,95.20454406738281,0.553901087480206,93.95625305175781,95.79315185546875,3,10,1024,768,512,384,2.11.0+cu128,12.8,2026-08-30T20:08:54.332584+00:00,3.13.15,2.1.3,11.3.0,0.25.2,Linux-6.6.122+-x86_64-with-glibc2.35,x86_64
Urban100,img_003.png,x2,imdn,prepared_bicubic_lr,img_003.png,2,native_model_grid_then_full_target_size_adjustment,gaussian_11x11_sigma_1.5_population_covariance,rgb_model,gpu,model_forward_only_cuda_events,Tesla T4,14912.6875,607.6923828125,694404,IMDN_x2.pth,740b39653592bd3f49955a21cd9e16f2d37f2c413368cc09327601b8fbe42ce1,https://raw.githubusercontent.com/Zheng222/IMDN/master/checkpoints/IMDN_x2.pth,DIV2K,bicubic,1024,680,1024,680,False,28.492865113869506,0.890702561046659,26.822918794133667,0.8724354112036831,84.88535079956054,84.8856315612793,0.4056379084308705,84.03107452392578,85.4176025390625,3,10,1024,680,512,340,2.11.0+cu128,12.8,2026-08-30T20:08:56.269685+00:00,3.13.15,2.1.3,11.3.0,0.25.2,Linux-6.6.122+-x86_64-with-glibc2.35,x86_64
Urban100,img_004.png,x2,imdn,prepared_bicubic_lr,img_004.png,2,native_model_grid_then_full_target_size_adjustment,gaussian_11x11_sigma_1.5_population_covariance,rgb_model,gpu,model_forward_only_cuda_events,Tesla T4,14912.6875,607.6923828125,694404,IMDN_x2.pth,740b39653592bd3f49955a21cd9e16f2d37f2c413368cc09327601b8fbe42ce1,https://raw.githubusercontent.com/Zheng222/IMDN/master/checkpoints/IMDN_x2.pth,DIV2K,bicubic,1024,680,1024,680,False,31.37641442738857,0.9706047820762276,30.000778653099445,0.9666445673966902,84.82052078247071,84.7095832824707,0.3114124511840032,84.49823760986328,85.41986846923828,3,10,1024,680,512,340,2.11.0+cu128,12.8,2026-08-30T20:08:58.232778+00:00,3.13.15,2.1.3,11.3.0,0.25.2,Linux-6.6.122+-x86_64-with-glibc2.35,x86_64
Urban100,img_005.png,x2,imdn,prepared_bicubic_lr,img_005.png,2,native_model_grid_then_full_target_size_adjustment,gaussian_11x11_sigma_1.5_population_covariance,rgb_model,gpu,model_forward_only_cuda_events,Tesla T4,14912.6875,685.91943359375,694404,IMDN_x2.pth,740b39653592bd3f49955a21cd9e16f2d37f2c413368cc09327601b8fbe42ce1,https://raw.githubusercontent.com/Zheng222/IMDN/master/checkpoints/IMDN_x2.pth,DIV2K,bicubic,1024,768,1024,768,False,38.0511759493732,0.9885565347285018,36.4188450021124,0.9835165429992999,95.41113204956055,95.44721603393555,0.35254712282900025,94.70393371582031,95.91327667236328,3,10,1024,768,512,384,2.11.0+cu128,12.8,2026-08-30T20:09:00.364882+00:00,3.13.15,2.1.3,11.3.0,0.25.2,Linux-6.6.122+-x86_64-with-glibc2.35,x86_64
Urban100,img_006.png,x2,imdn,prepared_bicubic_lr,img_006.png,2,native_model_grid_then_full_target_size_adjustment,gaussian_11x11_sigma_1.5_population_covariance,rgb_model,gpu,model_forward_only_cuda_events,Tesla T4,14912.6875,913.67138671875,694404,IMDN_x2.pth,740b39653592bd3f49955a21cd9e16f2d37f2c413368cc09327601b8fbe42ce1,https://raw.githubusercontent.com/Zheng222/IMDN/master/checkpoints/IMDN_x2.pth,DIV2K,bicubic,1024,1024,1024,1024,False,25.906854054685816,0.817738049096373,24.56688615608676,0.8063950004954622,127.01471786499023,127.14281845092773,0.49151411315994664,126.19570922851562,127.70944213867188,3,10,1024,1024,512,512,2.11.0+cu128,12.8,2026-08-30T20:09:03.201476+00:00,3.13.15,2.1.3,11.3.0,0.25.2,Linux-6.6.122+-x86_64-with-glibc2.35,x86_64
Urban100,img_007.png,x2,imdn,prepared_bicubic_lr,img_007.png,2,native_model_grid_then_full_target_size_adjustment,gaussian_11x11_sigma_1.5_population_covariance,rgb_model,gpu,model_forward_only_cuda_events,Tesla T4,14912.6875,607.6923828125,694404,IMDN_x2.pth,740b39653592bd3f49955a21cd9e16f2d37f2c413368cc09327601b8fbe42ce1,https://raw.githubusercontent.com/Zheng222/IMDN/master/checkpoints/IMDN_x2.pth,DIV2K,bicubic,1024,680,1024,680,False,36.148886512266046,0.967868479293975,34.57691934093968,0.9622268730953393,85.52883834838867,85.48246383666992,0.23635533532943484,85.20038604736328,86.08963012695312,3,10,1024,680,512,340,2.11.0+cu128,12.8,2026-08-30T20:09:05.232453+00:00,3.13.15,2.1.3,11.3.0,0.25.2,Linux-6.6.122+-x86_64-with-glibc2.35,x86_64
Urban100,img_008.png,x2,imdn,prepared_bicubic_lr,img_008.png,2,native_model_grid_then_full_target_size_adjustment,gaussian_11x11_sigma_1.5_population_covariance,rgb_model,gpu,model_forward_only_cuda_events,Tesla T4,14912.6875,512.46484375,694404,IMDN_x2.pth,740b39653592bd3f49955a21cd9e16f2d37f2c413368cc09327601b8fbe42ce1,https://raw.githubusercontent.com/Zheng222/IMDN/master/checkpoints/IMDN_x2.pth,DIV2K,bicubic,1024,572,1024,572,False,27.022228423566673,0.9072942563972806,25.759245937261383,0.9023740013882154,71.61572494506837,71.39956665039062,0.45498737322661137,71.11609649658203,72.2889633178711,3,10,1024,572,512,286,2.11.0+cu128,12.8,2026-08-30T20:09:07.042256+00:00,3.13.15,2.1.3,11.3.0,0.25.2,Linux-6.6.122+-x86_64-with-glibc2.35,x86_64
Urban100,img_009.png,x2,imdn,prepared_bicubic_lr,img_009.png,2,native_model_grid_then_full_target_size_adjustment,gaussian_11x11_sigma_1.5_population_covariance,rgb_model,gpu,model_forward_only_cuda_events,Tesla T4,14912.6875,710.82958984375,694404,IMDN_x2.pth,740b39653592bd3f49955a21cd9e16f2d37f2c413368cc09327601b8fbe42ce1,https://raw.githubusercontent.com/Zheng222/IMDN/master/checkpoints/IMDN_x2.pth,DIV2K,bicubic,1024,796,1024,796,False,40.63717165959095,0.9779684388801761,38.33485870002927,0.9680148796998688,99.83321990966797,99.74054718017578,0.2870796681462922,99.44182586669922,100.43126678466797,3,10,1024,796,512,398,2.11.0+cu128,12.8,2026-08-30T20:09:09.509284+00:00,3.13.15,2.1.3,11.3.0,0.25.2,Linux-6.6.122+-x86_64-with-glibc2.35,x86_64
Urban100,img_010.png,x2,imdn,prepared_bicubic_lr,img_010.png,2,native_model_grid_then_full_target_size_adjustment,gaussian_11x11_sigma_1.5_population_covariance,rgb_model,gpu,model_forward_only_cuda_events,Tesla T4,14912.6875,728.623046875,694404,IMDN_x2.pth,740b39653592bd3f49955a21cd9e16f2d37f2c413368cc09327601b8fbe42ce1,https://raw.githubusercontent.com/Zheng222/IMDN/master/checkpoints/IMDN_x2.pth,DIV2K,bicubic,1024,816,1024,816,False,35.53809378386547,0.9696564891709456,33.9866710617811,0.9600625109373379,101.76927032470704,101.83451080322266,0.46526376224705746,101.08662414550781,102.36038208007812,3,10,1024,816,512,408,2.11.0+cu128,12.8,2026-08-30T20:09:11.812821+00:00,3.13.15,2.1.3,11.3.0,0.25.2,Linux-6.6.122+-x86_64-with-glibc2.35,x86_64
Urban100,img_011.png,x2,imdn,prepared_bicubic_lr,img_011.png,2,native_model_grid_then_full_target_size_adjustment,gaussian_11x11_sigma_1.5_population_covariance,rgb_model,gpu,model_forward_only_cuda_events,Tesla T4,14912.6875,504.5703125,694404,IMDN_x2.pth,740b39653592bd3f49955a21cd9e16f2d37f2c413368cc09327601b8fbe42ce1,https://raw.githubusercontent.com/Zheng222/IMDN/master/checkpoints/IMDN_x2.pth,DIV2K,bicubic,564,1024,564,1024,False,26.70319399568841,0.9539395838006256,25.36996950256285,0.9452539275872424,73.05430755615234,73.08073425292969,0.16168650101726137,72.78179168701172,73.32150268554688,3,10,564,1024,282,512,2.11.0+cu128,12.8,2026-08-30T20:09:13.404382+00:00,3.13.15,2.1.3,11.3.0,0.25.2,Linux-6.6.122+-x86_64-with-glibc2.35,x86_64
Urban100,img_012.png,x2,imdn,prepared_bicubic_lr,img_012.png,2,native_model_grid_then_full_target_size_adjustment,gaussian_11x11_sigma_1.5_population_covariance,rgb_model,gpu,model_forward_only_cuda_events,Tesla T4,14912.6875,685.91943359375,694404,IMDN_x2.pth,740b39653592bd3f49955a21cd9e16f2d37f2c413368cc09327601b8fbe42ce1,https://raw.githubusercontent.com/Zheng222/IMDN/master/checkpoints/IMDN_x2.pth,DIV2K,bicubic,1024,768,1024,768,False,29.076950102121447,0.9199304601878375,26.963020326769815,0.9064636019711578,97.01450576782227,96.91100692749023,0.5927573130660669,96.07151794433594,98.09292602539062,3,10,1024,768,512,384,2.11.0+cu128,12.8,2026-08-30T20:09:15.499566+00:00,3.13.15,2.1.3,11.3.0,0.25.2,Linux-6.6.122+-x86_64-with-glibc2.35,x86_64
Urban100,img_013.png,x2,imdn,prepared_bicubic_lr,img_013.png,2,native_model_grid_then_full_target_size_adjustment,gaussian_11x11_sigma_1.5_population_covariance,rgb_model,gpu,model_forward_only_cuda_events,Tesla T4,14912.6875,682.36083984375,694404,IMDN_x2.pth,740b39653592bd3f49955a21cd9e16f2d37f2c413368cc09327601b8fbe42ce1,https://raw.githubusercontent.com/Zheng222/IMDN/master/checkpoints/IMDN_x2.pth,DIV2K,bicubic,1024,764,1024,764,False,35.040117455423484,0.9464547500185281,33.564213607783536,0.929218153864506,96.25323181152343,96.34099197387695,0.4652333221460667,95.32377624511719,96.84361267089844,3,10,1024,764,512,382,2.11.0+cu128,12.8,2026-08-30T20:09:17.701552+00:00,3.13.15,2.1.3,11.3.0,0.25.2,Linux-6.6.122+-x86_64-with-glibc2.35,x86_64
Urban100,img_014.png,x2,imdn,prepared_bicubic_lr,img_014.png,2,native_model_grid_then_full_target_size_adjustment,gaussian_11x11_sigma_1.5_population_covariance,rgb_model,gpu,model_forward_only_cuda_events,Tesla T4,14912.6875,913.67138671875,694404,IMDN_x2.pth,740b39653592bd3f49955a21cd9e16f2d37f2c413368cc09327601b8fbe42ce1,https://raw.githubusercontent.com/Zheng222/IMDN/master/checkpoints/IMDN_x2.pth,DIV2K,bicubic,1024,1024,1024,1024,False,26.352059881851275,0.8873388361099117,25.045401343224007,0.8798852309963845,128.7267753601074,128.71683502197266,0.5934103516078795,127.93446350097656,130.02886962890625,3,10,1024,1024,512,512,2.11.0+cu128,12.8,2026-08-30T20:09:21.009376+00:00,3.13.15,2.1.3,11.3.0,0.25.2,Linux-6.6.122+-x86_64-with-glibc2.35,x86_64
Urban100,img_015.png,x2,imdn,prepared_bicubic_lr,img_015.png,2,native_model_grid_then_full_target_size_adjustment,gaussian_11x11_sigma_1.5_population_covariance,rgb_model,gpu,model_forward_only_cuda_events,Tesla T4,14912.6875,690.22802734375,694404,IMDN_x2.pth,740b39653592bd3f49955a21cd9e16f2d37f2c413368cc09327601b8fbe42ce1,https://raw.githubusercontent.com/Zheng222/IMDN/master/checkpoints/IMDN_x2.pth,DIV2K,bicubic,1024,772,1024,772,False,31.391578840067066,0.8626098120026916,29.83053533144272,0.839920533735634,98.12451477050782,98.04443359375,0.6446649118947717,97.00163269042969,99.1798095703125,3,10,1024,772,512,386,2.11.0+cu128,12.8,2026-08-30T20:09:23.532234+00:00,3.13.15,2.1.3,11.3.0,0.25.2,Linux-6.6.122+-x86_64-with-glibc2.35,x86_64
Urban100,img_016.png,x2,imdn,prepared_bicubic_lr,img_016.png,2,native_model_grid_then_full_target_size_adjustment,gaussian_11x11_sigma_1.5_population_covariance,rgb_model,gpu,model_forward_only_cuda_events,Tesla T4,14912.6875,913.67138671875,694404,IMDN_x2.pth,740b39653592bd3f49955a21cd9e16f2d37f2c413368cc09327601b8fbe42ce1,https://raw.githubusercontent.com/Zheng222/IMDN/master/checkpoints/IMDN_x2.pth,DIV2K,bicubic,1024,1024,1024,1024,False,37.9399460810308,0.9641284724963936,36.415914904964616,0.9571591137963731,126.22964096069336,126.25555038452148,0.3703936718038222,125.61625671386719,126.85968017578125,3,10,1024,1024,512,512,2.11.0+cu128,12.8,2026-08-30T20:09:26.222769+00:00,3.13.15,2.1.3,11.3.0,0.25.2,Linux-6.6.122+-x86_64-with-glibc2.35,x86_64
Urban100,img_017.png,x2,imdn,prepared_bicubic_lr,img_017.png,2,native_model_grid_then_full_target_size_adjustment,gaussian_11x11_sigma_1.5_population_covariance,rgb_model,gpu,model_forward_only_cuda_events,Tesla T4,14912.6875,618.3056640625,694404,IMDN_x2.pth,740b39653592bd3f49955a21cd9e16f2d37f2c413368cc09327601b8fbe42ce1,https://raw.githubusercontent.com/Zheng222/IMDN/master/checkpoints/IMDN_x2.pth,DIV2K,bicubic,1024,692,1024,692,False,32.01295204064715,0.959945766816497,30.400393182242343,0.9532776202881883,87.9791648864746,87.80289459228516,0.46108907327256937,87.48226928710938,88.98355102539062,3,10,1024,692,512,346,2.11.0+cu128,12.8,2026-08-30T20:09:28.163209+00:00,3.13.15,2.1.3,11.3.0,0.25.2,Linux-6.6.122+-x86_64-with-glibc2.35,x86_64
Urban100,img_018.png,x2,imdn,prepared_bicubic_lr,img_018.png,2,native_model_grid_then_full_target_size_adjustment,gaussian_11x11_sigma_1.5_population_covariance,rgb_model,gpu,model_forward_only_cuda_events,Tesla T4,14912.6875,685.91943359375,694404,IMDN_x2.pth,740b39653592bd3f49955a21cd9e16f2d37f2c413368cc09327601b8fbe42ce1,https://raw.githubusercontent.com/Zheng222/IMDN/master/checkpoints/IMDN_x2.pth,DIV2K,bicubic,1024,768,1024,768,False,29.885503279707272,0.8856117793190109,28.22875271615908,0.8682078890508854,97.7051170349121,97.46206283569336,0.4721885670304402,97.15507507324219,98.6644515991211,3,10,1024,768,512,384,2.11.0+cu128,12.8,2026-08-30T20:09:30.287688+00:00,3.13.15,2.1.3,11.3.0,0.25.2,Linux-6.6.122+-x86_64-with-glibc2.35,x86_64
Urban100,img_019.png,x2,imdn,prepared_bicubic_lr,img_019.png,2,native_model_grid_then_full_target_size_adjustment,gaussian_11x11_sigma_1.5_population_covariance,rgb_model,gpu,model_forward_only_cuda_events,Tesla T4,14912.6875,607.6923828125,694404,IMDN_x2.pth,740b39653592bd3f49955a21cd9e16f2d37f2c413368cc09327601b8fbe42ce1,https://raw.githubusercontent.com/Zheng222/IMDN/master/checkpoints/IMDN_x2.pth,DIV2K,bicubic,1024,680,1024,680,False,29.01572483541639,0.9504669046963155,27.10144806187258,0.9225724011504535,86.83033905029296,86.86419296264648,0.3226300838277108,86.12035369873047,87.46598052978516,3,10,1024,680,512,340,2.11.0+cu128,12.8,2026-08-30T20:09:32.257862+00:00,3.13.15,2.1.3,11.3.0,0.25.2,Linux-6.6.122+-x86_64-with-glibc2.35,x86_64
Urban100,img_020.png,x2,imdn,prepared_bicubic_lr,img_020.png,2,native_model_grid_then_full_target_size_adjustment,gaussian_11x11_sigma_1.5_population_covariance,rgb_model,gpu,model_forward_only_cuda_events,Tesla T4,14912.6875,1070.2509765625,694404,IMDN_x2.pth,740b39653592bd3f49955a21cd9e16f2d37f2c413368cc09327601b8fbe42ce1,https://raw.githubusercontent.com/Zheng222/IMDN/master/checkpoints/IMDN_x2.pth,DIV2K,bicubic,1280,960,1280,960,False,27.47893889998239,0.9150596365032425,26.10098643227417,0.9094914397262706,152.87820281982422,153.0455093383789,0.8766752699307918,151.31280517578125,153.9622344970703,3,10,1280,960,640,480,2.11.0+cu128,12.8,2026-08-30T20:09:36.075807+00:00,3.13.15,2.1.3,11.3.0,0.25.2,Linux-6.6.122+-x86_64-with-glibc2.35,x86_64
Urban100,img_021.png,x2,imdn,prepared_bicubic_lr,img_021.png,2,native_model_grid_then_full_target_size_adjustment,gaussian_11x11_sigma_1.5_population_covariance,rgb_model,gpu,model_forward_only_cuda_events,Tesla T4,14912.6875,832.54638671875,694404,IMDN_x2.pth,740b39653592bd3f49955a21cd9e16f2d37f2c413368cc09327601b8fbe42ce1,https://raw.githubusercontent.com/Zheng222/IMDN/master/checkpoints/IMDN_x2.pth,DIV2K,bicubic,796,1200,796,1200,False,34.34746668436488,0.921991484736771,32.988854750612646,0.9125388550617869,121.96622695922852,122.05849838256836,0.4752215950310841,121.2457275390625,122.67948913574219,3,10,796,1200,398,600,2.11.0+cu128,12.8,2026-08-30T20:09:38.844866+00:00,3.13.15,2.1.3,11.3.0,0.25.2,Linux-6.6.122+-x86_64-with-glibc2.35,x86_64
Urban100,img_022.png,x2,imdn,prepared_bicubic_lr,img_022.png,2,native_model_grid_then_full_target_size_adjustment,gaussian_11x11_sigma_1.5_population_covariance,rgb_model,gpu,model_forward_only_cuda_events,Tesla T4,14912.6875,607.6923828125,694404,IMDN_x2.pth,740b39653592bd3f49955a21cd9e16f2d37f2c413368cc09327601b8fbe42ce1,https://raw.githubusercontent.com/Zheng222/IMDN/master/checkpoints/IMDN_x2.pth,DIV2K,bicubic,1024,680,1024,680,False,29.877083482458737,0.9025097843034746,28.513992267581486,0.8920772291591345,87.41794052124024,87.4935531616211,0.39279571733105945,86.63900756835938,88.05436706542969,3,10,1024,680,512,340,2.11.0+cu128,12.8,2026-08-30T20:09:40.732609+00:00,3.13.15,2.1.3,11.3.0,0.25.2,Linux-6.6.122+-x86_64-with-glibc2.35,x86_64
Urban100,img_023.png,x2,imdn,prepared_bicubic_lr,img_023.png,2,native_model_grid_then_full_target_size_adjustment,gaussian_11x11_sigma_1.5_population_covariance,rgb_model,gpu,model_forward_only_cuda_events,Tesla T4,14912.6875,913.67138671875,694404,IMDN_x2.pth,740b39653592bd3f49955a21cd9e16f2d37f2c413368cc09327601b8fbe42ce1,https://raw.githubusercontent.com/Zheng222/IMDN/master/checkpoints/IMDN_x2.pth,DIV2K,bicubic,1024,1024,1024,1024,False,38.07448747783439,0.9822374898445579,36.09027328756267,0.9772733620699953,129.19683990478515,129.2039566040039,0.658245282508631,128.16793823242188,130.44735717773438,3,10,1024,1024,512,512,2.11.0+cu128,12.8,2026-08-30T20:09:43.494579+00:00,3.13.15,2.1.3,11.3.0,0.25.2,Linux-6.6.122+-x86_64-with-glibc2.35,x86_64
Urban100,img_024.png,x2,imdn,prepared_bicubic_lr,img_024.png,2,native_model_grid_then_full_target_size_adjustment,gaussian_11x11_sigma_1.5_population_covariance,rgb_model,gpu,model_forward_only_cuda_events,Tesla T4,14912.6875,590.58642578125,694404,IMDN_x2.pth,740b39653592bd3f49955a21cd9e16f2d37f2c413368cc09327601b8fbe42ce1,https://raw.githubusercontent.com/Zheng222/IMDN/master/checkpoints/IMDN_x2.pth,DIV2K,bicubic,1024,660,1024,660,False,26.54510785894651,0.8961092436705228,25.15611832194161,0.8899252347999922,85.40426559448242,85.38832092285156,0.32295729041304133,84.84451293945312,85.97382354736328,3,10,1024,660,512,330,2.11.0+cu128,12.8,2026-08-30T20:09:45.406219+00:00,3.13.15,2.1.3,11.3.0,0.25.2,Linux-6.6.122+-x86_64-with-glibc2.35,x86_64
Urban100,img_025.png,x2,imdn,prepared_bicubic_lr,img_025.png,2,native_model_grid_then_full_target_size_adjustment,gaussian_11x11_sigma_1.5_population_covariance,rgb_model,gpu,model_forward_only_cuda_events,Tesla T4,14912.6875,657.4501953125,694404,IMDN_x2.pth,740b39653592bd3f49955a21cd9e16f2d37f2c413368cc09327601b8fbe42ce1,https://raw.githubusercontent.com/Zheng222/IMDN/master/checkpoints/IMDN_x2.pth,DIV2K,bicubic,1024,736,1024,736,False,38.57883813663124,0.9641364274139108,36.999769692643845,0.9547952122612225,94.69871597290039,94.7452621459961,0.34187941263852784,93.86105346679688,95.11529541015625,3,10,1024,736,512,368,2.11.0+cu128,12.8,2026-08-30T20:09:47.554214+00:00,3.13.15,2.1.3,11.3.0,0.25.2,Linux-6.6.122+-x86_64-with-glibc2.35,x86_64
Urban100,img_026.png,x2,imdn,prepared_bicubic_lr,img_026.png,2,native_model_grid_then_full_target_size_adjustment,gaussian_11x11_sigma_1.5_population_covariance,rgb_model,gpu,model_forward_only_cuda_events,Tesla T4,14912.6875,685.91943359375,694404,IMDN_x2.pth,740b39653592bd3f49955a21cd9e16f2d37f2c413368cc09327601b8fbe42ce1,https://raw.githubusercontent.com/Zheng222/IMDN/master/checkpoints/IMDN_x2.pth,DIV2K,bicubic,1024,768,1024,768,False,31.548529958015802,0.7996004736188441,30.060349698388574,0.7718065975068319,99.3471923828125,99.39995193481445,0.36907423875366724,98.50003051757812,99.76009368896484,3,10,1024,768,512,384,2.11.0+cu128,12.8,2026-08-30T20:09:50.176392+00:00,3.13.15,2.1.3,11.3.0,0.25.2,Linux-6.6.122+-x86_64-with-glibc2.35,x86_64
Urban100,img_027.png,x2,imdn,prepared_bicubic_lr,img_027.png,2,native_model_grid_then_full_target_size_adjustment,gaussian_11x11_sigma_1.5_population_covariance,rgb_model,gpu,model_forward_only_cuda_events,Tesla T4,14912.6875,742.857421875,694404,IMDN_x2.pth,740b39653592bd3f49955a21cd9e16f2d37f2c413368cc09327601b8fbe42ce1,https://raw.githubusercontent.com/Zheng222/IMDN/master/checkpoints/IMDN_x2.pth,DIV2K,bicubic,1024,832,1024,832,False,33.052776728014976,0.9225057024350926,31.8020654586865,0.9117227232377704,107.232666015625,107.23961639404297,0.4791152590628118,106.43312072753906,108.02566528320312,3,10,1024,832,512,416,2.11.0+cu128,12.8,2026-08-30T20:09:52.709372+00:00,3.13.15,2.1.3,11.3.0,0.25.2,Linux-6.6.122+-x86_64-with-glibc2.35,x86_64
Urban100,img_028.png,x2,imdn,prepared_bicubic_lr,img_028.png,2,native_model_grid_then_full_target_size_adjustment,gaussian_11x11_sigma_1.5_population_covariance,rgb_model,gpu,model_forward_only_cuda_events,Tesla T4,14912.6875,607.6923828125,694404,IMDN_x2.pth,740b39653592bd3f49955a21cd9e16f2d37f2c413368cc09327601b8fbe42ce1,https://raw.githubusercontent.com/Zheng222/IMDN/master/checkpoints/IMDN_x2.pth,DIV2K,bicubic,1024,680,1024,680,False,37.12126335293794,0.9486923788923808,35.787681526094744,0.9405750487944298,88.06170043945312,88.1041145324707,0.4506279367371129,87.53648376464844,88.93529510498047,3,10,1024,680,512,340,2.11.0+cu128,12.8,2026-08-30T20:09:54.590348+00:00,3.13.15,2.1.3,11.3.0,0.25.2,Linux-6.6.122+-x86_64-with-glibc2.35,x86_64
Urban100,img_029.png,x2,imdn,prepared_bicubic_lr,img_029.png,2,native_model_grid_then_full_target_size_adjustment,gaussian_11x11_sigma_1.5_population_covariance,rgb_model,gpu,model_forward_only_cuda_events,Tesla T4,14912.6875,604.2275390625,694404,IMDN_x2.pth,740b39653592bd3f49955a21cd9e16f2d37f2c413368cc09327601b8fbe42ce1,https://raw.githubusercontent.com/Zheng222/IMDN/master/checkpoints/IMDN_x2.pth,DIV2K,bicubic,1024,676,1024,676,False,34.07715517912392,0.9703621384954484,32.5510596247367,0.9626408454421117,88.22557754516602,88.1857795715332,0.4130794180876685,87.50956726074219,88.96304321289062,3,10,1024,676,512,338,2.11.0+cu128,12.8,2026-08-30T20:09:56.573648+00:00,3.13.15,2.1.3,11.3.0,0.25.2,Linux-6.6.122+-x86_64-with-glibc2.35,x86_64
Urban100,img_030.png,x2,imdn,prepared_bicubic_lr,img_030.png,2,native_model_grid_then_full_target_size_adjustment,gaussian_11x11_sigma_1.5_population_covariance,rgb_model,gpu,model_forward_only_cuda_events,Tesla T4,14912.6875,607.6923828125,694404,IMDN_x2.pth,740b39653592bd3f49955a21cd9e16f2d37f2c413368cc09327601b8fbe42ce1,https://raw.githubusercontent.com/Zheng222/IMDN/master/checkpoints/IMDN_x2.pth,DIV2K,bicubic,680,1024,680,1024,False,31.865475732027715,0.9622173166126979,29.61129693283997,0.9512816046451039,90.29300842285156,90.16856002807617,0.5911660827972026,89.40428924560547,91.07913970947266,3,10,680,1024,340,512,2.11.0+cu128,12.8,2026-08-30T20:09:58.531332+00:00,3.13.15,2.1.3,11.3.0,0.25.2,Linux-6.6.122+-x86_64-with-glibc2.35,x86_64
Urban100,img_031.png,x2,imdn,prepared_bicubic_lr,img_031.png,2,native_model_grid_then_full_target_size_adjustment,gaussian_11x11_sigma_1.5_population_covariance,rgb_model,gpu,model_forward_only_cuda_events,Tesla T4,14912.6875,607.6923828125,694404,IMDN_x2.pth,740b39653592bd3f49955a21cd9e16f2d37f2c413368cc09327601b8fbe42ce1,https://raw.githubusercontent.com/Zheng222/IMDN/master/checkpoints/IMDN_x2.pth,DIV2K,bicubic,1024,680,1024,680,False,28.8225949820853,0.937458849592445,27.2976851536823,0.9299651721741844,88.70346603393554,88.41780853271484,0.49014613452904005,88.37337493896484,89.93305969238281,3,10,1024,680,512,340,2.11.0+cu128,12.8,2026-08-30T20:10:00.461083+00:00,3.13.15,2.1.3,11.3.0,0.25.2,Linux-6.6.122+-x86_64-with-glibc2.35,x86_64
Urban100,img_032.png,x2,imdn,prepared_bicubic_lr,img_032.png,2,native_model_grid_then_full_target_size_adjustment,gaussian_11x11_sigma_1.5_population_covariance,rgb_model,gpu,model_forward_only_cuda_events,Tesla T4,14912.6875,607.6923828125,694404,IMDN_x2.pth,740b39653592bd3f49955a21cd9e16f2d37f2c413368cc09327601b8fbe42ce1,https://raw.githubusercontent.com/Zheng222/IMDN/master/checkpoints/IMDN_x2.pth,DIV2K,bicubic,1024,680,1024,680,False,35.19245036970493,0.9599856772381078,33.436087114984026,0.9517846337874901,88.78683166503906,88.75998306274414,0.43005737182397336,88.18450927734375,89.52777862548828,3,10,1024,680,512,340,2.11.0+cu128,12.8,2026-08-30T20:10:02.551443+00:00,3.13.15,2.1.3,11.3.0,0.25.2,Linux-6.6.122+-x86_64-with-glibc2.35,x86_64
Urban100,img_033.png,x2,imdn,prepared_bicubic_lr,img_033.png,2,native_model_grid_then_full_target_size_adjustment,gaussian_11x11_sigma_1.5_population_covariance,rgb_model,gpu,model_forward_only_cuda_events,Tesla T4,14912.6875,607.6923828125,694404,IMDN_x2.pth,740b39653592bd3f49955a21cd9e16f2d37f2c413368cc09327601b8fbe42ce1,https://raw.githubusercontent.com/Zheng222/IMDN/master/checkpoints/IMDN_x2.pth,DIV2K,bicubic,1024,680,1024,680,False,33.296516103974284,0.9484796687113584,31.42740363431428,0.9347156587754388,89.12876205444336,89.15510559082031,0.34680334730717255,88.59375762939453,89.8186264038086,3,10,1024,680,512,340,2.11.0+cu128,12.8,2026-08-30T20:10:04.842510+00:00,3.13.15,2.1.3,11.3.0,0.25.2,Linux-6.6.122+-x86_64-with-glibc2.35,x86_64
Urban100,img_034.png,x2,imdn,prepared_bicubic_lr,img_034.png,2,native_model_grid_then_full_target_size_adjustment,gaussian_11x11_sigma_1.5_population_covariance,rgb_model,gpu,model_forward_only_cuda_events,Tesla T4,14912.6875,607.6923828125,694404,IMDN_x2.pth,740b39653592bd3f49955a21cd9e16f2d37f2c413368cc09327601b8fbe42ce1,https://raw.githubusercontent.com/Zheng222/IMDN/master/checkpoints/IMDN_x2.pth,DIV2K,bicubic,1024,680,1024,680,False,26.81623047710112,0.8113787771651165,25.014310265987213,0.8164988925360115,89.2137321472168,89.32614517211914,0.4257892655195869,88.5492172241211,89.84556579589844,3,10,1024,680,512,340,2.11.0+cu128,12.8,2026-08-30T20:10:06.849374+00:00,3.13.15,2.1.3,11.3.0,0.25.2,Linux-6.6.122+-x86_64-with-glibc2.35,x86_64
Urban100,img_035.png,x2,imdn,prepared_bicubic_lr,img_035.png,2,native_model_grid_then_full_target_size_adjustment,gaussian_11x11_sigma_1.5_population_covariance,rgb_model,gpu,model_forward_only_cuda_events,Tesla T4,14912.6875,614.7470703125,694404,IMDN_x2.pth,740b39653592bd3f49955a21cd9e16f2d37f2c413368cc09327601b8fbe42ce1,https://raw.githubusercontent.com/Zheng222/IMDN/master/checkpoints/IMDN_x2.pth,DIV2K,bicubic,1024,688,1024,688,False,35.67665847203251,0.9612165801206436,34.15320386916096,0.9520379491965624,90.14510726928711,89.88033294677734,0.5967495218561525,89.40313720703125,91.26707458496094,3,10,1024,688,512,344,2.11.0+cu128,12.8,2026-08-30T20:10:08.829987+00:00,3.13.15,2.1.3,11.3.0,0.25.2,Linux-6.6.122+-x86_64-with-glibc2.35,x86_64
Urban100,img_036.png,x2,imdn,prepared_bicubic_lr,img_036.png,2,native_model_grid_then_full_target_size_adjustment,gaussian_11x11_sigma_1.5_population_covariance,rgb_model,gpu,model_forward_only_cuda_events,Tesla T4,14912.6875,625.4228515625,694404,IMDN_x2.pth,740b39653592bd3f49955a21cd9e16f2d37f2c413368cc09327601b8fbe42ce1,https://raw.githubusercontent.com/Zheng222/IMDN/master/checkpoints/IMDN_x2.pth,DIV2K,bicubic,700,1024,700,1024,False,35.75939274355052,0.9665696605421971,34.42861910198279,0.9612266091595855,94.2764503479004,94.34736251831055,0.5155043218677654,93.33586883544922,94.91871643066406,3,10,700,1024,350,512,2.11.0+cu128,12.8,2026-08-30T20:10:10.866889+00:00,3.13.15,2.1.3,11.3.0,0.25.2,Linux-6.6.122+-x86_64-with-glibc2.35,x86_64
Urban100,img_037.png,x2,imdn,prepared_bicubic_lr,img_037.png,2,native_model_grid_then_full_target_size_adjustment,gaussian_11x11_sigma_1.5_population_covariance,rgb_model,gpu,model_forward_only_cuda_events,Tesla T4,14912.6875,661.00927734375,694404,IMDN_x2.pth,740b39653592bd3f49955a21cd9e16f2d37f2c413368cc09327601b8fbe42ce1,https://raw.githubusercontent.com/Zheng222/IMDN/master/checkpoints/IMDN_x2.pth,DIV2K,bicubic,740,1024,740,1024,False,33.94916529006388,0.9555013382993407,32.40255804620135,0.946005505954917,100.92824020385743,100.98089599609375,0.37035783295893304,100.34025573730469,101.52422332763672,3,10,740,1024,370,512,2.11.0+cu128,12.8,2026-08-30T20:10:13.086542+00:00,3.13.15,2.1.3,11.3.0,0.25.2,Linux-6.6.122+-x86_64-with-glibc2.35,x86_64
Urban100,img_038.png,x2,imdn,prepared_bicubic_lr,img_038.png,2,native_model_grid_then_full_target_size_adjustment,gaussian_11x11_sigma_1.5_population_covariance,rgb_model,gpu,model_forward_only_cuda_events,Tesla T4,14912.6875,685.91943359375,694404,IMDN_x2.pth,740b39653592bd3f49955a21cd9e16f2d37f2c413368cc09327601b8fbe42ce1,https://raw.githubusercontent.com/Zheng222/IMDN/master/checkpoints/IMDN_x2.pth,DIV2K,bicubic,768,1024,768,1024,False,32.04492408423547,0.8811798318679489,30.4072632805319,0.8572455125447046,98.9110107421875,98.99854278564453,0.4759825024901374,97.94185638427734,99.72499084472656,3,10,768,1024,384,512,2.11.0+cu128,12.8,2026-08-30T20:10:15.272935+00:00,3.13.15,2.1.3,11.3.0,0.25.2,Linux-6.6.122+-x86_64-with-glibc2.35,x86_64
Urban100,img_039.png,x2,imdn,prepared_bicubic_lr,img_039.png,2,native_model_grid_then_full_target_size_adjustment,gaussian_11x11_sigma_1.5_population_covariance,rgb_model,gpu,model_forward_only_cuda_events,Tesla T4,14912.6875,685.91943359375,694404,IMDN_x2.pth,740b39653592bd3f49955a21cd9e16f2d37f2c413368cc09327601b8fbe42ce1,https://raw.githubusercontent.com/Zheng222/IMDN/master/checkpoints/IMDN_x2.pth,DIV2K,bicubic,768,1024,768,1024,False,29.31253504887879,0.93529883203097,27.783506427924316,0.926545082392099,99.47106704711913,99.55169677734375,0.37044770010742967,98.8166732788086,99.94854736328125,3,10,768,1024,384,512,2.11.0+cu128,12.8,2026-08-30T20:10:17.808735+00:00,3.13.15,2.1.3,11.3.0,0.25.2,Linux-6.6.122+-x86_64-with-glibc2.35,x86_64
Urban100,img_040.png,x2,imdn,prepared_bicubic_lr,img_040.png,2,native_model_grid_then_full_target_size_adjustment,gaussian_11x11_sigma_1.5_population_covariance,rgb_model,gpu,model_forward_only_cuda_events,Tesla T4,14912.6875,515.91796875,694404,IMDN_x2.pth,740b39653592bd3f49955a21cd9e16f2d37f2c413368cc09327601b8fbe42ce1,https://raw.githubusercontent.com/Zheng222/IMDN/master/checkpoints/IMDN_x2.pth,DIV2K,bicubic,1024,576,1024,576,False,37.35580950098996,0.9905101012646361,35.88708813839422,0.9881024284019144,76.02503051757813,76.1815185546875,0.29885850382252116,75.5179214477539,76.37808227539062,3,10,1024,576,512,288,2.11.0+cu128,12.8,2026-08-30T20:10:19.727880+00:00,3.13.15,2.1.3,11.3.0,0.25.2,Linux-6.6.122+-x86_64-with-glibc2.35,x86_64
Urban100,img_041.png,x2,imdn,prepared_bicubic_lr,img_041.png,2,native_model_grid_then_full_target_size_adjustment,gaussian_11x11_sigma_1.5_population_covariance,rgb_model,gpu,model_forward_only_cuda_events,Tesla T4,14912.6875,607.6923828125,694404,IMDN_x2.pth,740b39653592bd3f49955a21cd9e16f2d37f2c413368cc09327601b8fbe42ce1,https://raw.githubusercontent.com/Zheng222/IMDN/master/checkpoints/IMDN_x2.pth,DIV2K,bicubic,1024,680,1024,680,False,35.00345899575055,0.9749747237568802,33.27880115469336,0.9685739819756881,90.07742080688476,90.17780685424805,0.44691470487905055,89.26134490966797,90.72434997558594,3,10,1024,680,512,340,2.11.0+cu128,12.8,2026-08-30T20:10:21.696089+00:00,3.13.15,2.1.3,11.3.0,0.25.2,Linux-6.6.122+-x86_64-with-glibc2.35,x86_64
Urban100,img_042.png,x2,imdn,prepared_bicubic_lr,img_042.png,2,native_model_grid_then_full_target_size_adjustment,gaussian_11x11_sigma_1.5_population_covariance,rgb_model,gpu,model_forward_only_cuda_events,Tesla T4,14912.6875,607.6923828125,694404,IMDN_x2.pth,740b39653592bd3f49955a21cd9e16f2d37f2c413368cc09327601b8fbe42ce1,https://raw.githubusercontent.com/Zheng222/IMDN/master/checkpoints/IMDN_x2.pth,DIV2K,bicubic,1024,680,1024,680,False,37.435877336123966,0.9808684082420763,36.09819306411378,0.9785473792542964,90.1765365600586,90.24585342407227,0.31263118151190605,89.43817901611328,90.47039794921875,3,10,1024,680,512,340,2.11.0+cu128,12.8,2026-08-30T20:10:23.624516+00:00,3.13.15,2.1.3,11.3.0,0.25.2,Linux-6.6.122+-x86_64-with-glibc2.35,x86_64
Urban100,img_043.png,x2,imdn,prepared_bicubic_lr,img_043.png,2,native_model_grid_then_full_target_size_adjustment,gaussian_11x11_sigma_1.5_population_covariance,rgb_model,gpu,model_forward_only_cuda_events,Tesla T4,14912.6875,600.51220703125,694404,IMDN_x2.pth,740b39653592bd3f49955a21cd9e16f2d37f2c413368cc09327601b8fbe42ce1,https://raw.githubusercontent.com/Zheng222/IMDN/master/checkpoints/IMDN_x2.pth,DIV2K,bicubic,1024,672,1024,672,False,39.37561405602223,0.9769137034842903,37.16896580564935,0.9661380423986085,88.98647003173828,89.06847763061523,0.2611485272576147,88.54605102539062,89.27040100097656,3,10,1024,672,512,336,2.11.0+cu128,12.8,2026-08-30T20:10:25.648209+00:00,3.13.15,2.1.3,11.3.0,0.25.2,Linux-6.6.122+-x86_64-with-glibc2.35,x86_64
Urban100,img_044.png,x2,imdn,prepared_bicubic_lr,img_044.png,2,native_model_grid_then_full_target_size_adjustment,gaussian_11x11_sigma_1.5_population_covariance,rgb_model,gpu,model_forward_only_cuda_events,Tesla T4,14912.6875,607.6923828125,694404,IMDN_x2.pth,740b39653592bd3f49955a21cd9e16f2d37f2c413368cc09327601b8fbe42ce1,https://raw.githubusercontent.com/Zheng222/IMDN/master/checkpoints/IMDN_x2.pth,DIV2K,bicubic,1024,680,1024,680,False,42.67201166979439,0.9871496449394768,39.86784132883446,0.9799811600184491,90.49048919677735,90.50601959228516,0.12868023095100986,90.31526184082031,90.68576049804688,3,10,1024,680,512,340,2.11.0+cu128,12.8,2026-08-30T20:10:27.691862+00:00,3.13.15,2.1.3,11.3.0,0.25.2,Linux-6.6.122+-x86_64-with-glibc2.35,x86_64
Urban100,img_045.png,x2,imdn,prepared_bicubic_lr,img_045.png,2,native_model_grid_then_full_target_size_adjustment,gaussian_11x11_sigma_1.5_population_covariance,rgb_model,gpu,model_forward_only_cuda_events,Tesla T4,14912.6875,685.91943359375,694404,IMDN_x2.pth,740b39653592bd3f49955a21cd9e16f2d37f2c413368cc09327601b8fbe42ce1,https://raw.githubusercontent.com/Zheng222/IMDN/master/checkpoints/IMDN_x2.pth,DIV2K,bicubic,1024,768,1024,768,False,32.98236146890061,0.9586408457804226,31.64918552577943,0.956442125129129,101.63642578125,101.58321380615234,0.11739419982662058,101.51641845703125,101.85552215576172,3,10,1024,768,512,384,2.11.0+cu128,12.8,2026-08-30T20:10:29.945208+00:00,3.13.15,2.1.3,11.3.0,0.25.2,Linux-6.6.122+-x86_64-with-glibc2.35,x86_64
Urban100,img_046.png,x2,imdn,prepared_bicubic_lr,img_046.png,2,native_model_grid_then_full_target_size_adjustment,gaussian_11x11_sigma_1.5_population_covariance,rgb_model,gpu,model_forward_only_cuda_events,Tesla T4,14912.6875,618.3056640625,694404,IMDN_x2.pth,740b39653592bd3f49955a21cd9e16f2d37f2c413368cc09327601b8fbe42ce1,https://raw.githubusercontent.com/Zheng222/IMDN/master/checkpoints/IMDN_x2.pth,DIV2K,bicubic,692,1024,692,1024,False,27.928338706924023,0.9271318859880903,26.73489065641933,0.9234672048696307,95.15058898925781,95.1988296508789,0.5242674427590982,94.00931549072266,96.01875305175781,3,10,692,1024,346,512,2.11.0+cu128,12.8,2026-08-30T20:10:32.248945+00:00,3.13.15,2.1.3,11.3.0,0.25.2,Linux-6.6.122+-x86_64-with-glibc2.35,x86_64
Urban100,img_047.png,x2,imdn,prepared_bicubic_lr,img_047.png,2,native_model_grid_then_full_target_size_adjustment,gaussian_11x11_sigma_1.5_population_covariance,rgb_model,gpu,model_forward_only_cuda_events,Tesla T4,14912.6875,550.69189453125,694404,IMDN_x2.pth,740b39653592bd3f49955a21cd9e16f2d37f2c413368cc09327601b8fbe42ce1,https://raw.githubusercontent.com/Zheng222/IMDN/master/checkpoints/IMDN_x2.pth,DIV2K,bicubic,1024,616,1024,616,False,27.446185810188837,0.9433855666024742,25.980662793111367,0.938841548283349,82.02578201293946,82.00035095214844,0.19129537268020472,81.64966583251953,82.25804901123047,3,10,1024,616,512,308,2.11.0+cu128,12.8,2026-08-30T20:10:34.255744+00:00,3.13.15,2.1.3,11.3.0,0.25.2,Linux-6.6.122+-x86_64-with-glibc2.35,x86_64
Urban100,img_048.png,x2,imdn,prepared_bicubic_lr,img_048.png,2,native_model_grid_then_full_target_size_adjustment,gaussian_11x11_sigma_1.5_population_covariance,rgb_model,gpu,model_forward_only_cuda_events,Tesla T4,14912.6875,611.1884765625,694404,IMDN_x2.pth,740b39653592bd3f49955a21cd9e16f2d37f2c413368cc09327601b8fbe42ce1,https://raw.githubusercontent.com/Zheng222/IMDN/master/checkpoints/IMDN_x2.pth,DIV2K,bicubic,684,1024,684,1024,False,27.20713940208956,0.9635462816731256,25.892518044615755,0.9607368426244051,94.28008346557617,94.21311950683594,0.38589430448036527,93.79539489746094,95.06768035888672,3,10,684,1024,342,512,2.11.0+cu128,12.8,2026-08-30T20:10:36.245452+00:00,3.13.15,2.1.3,11.3.0,0.25.2,Linux-6.6.122+-x86_64-with-glibc2.35,x86_64
Urban100,img_049.png,x2,imdn,prepared_bicubic_lr,img_049.png,2,native_model_grid_then_full_target_size_adjustment,gaussian_11x11_sigma_1.5_population_covariance,rgb_model,gpu,model_forward_only_cuda_events,Tesla T4,14912.6875,607.6923828125,694404,IMDN_x2.pth,740b39653592bd3f49955a21cd9e16f2d37f2c413368cc09327601b8fbe42ce1,https://raw.githubusercontent.com/Zheng222/IMDN/master/checkpoints/IMDN_x2.pth,DIV2K,bicubic,1024,680,1024,680,False,29.416833429466447,0.9222174021785071,27.676520112385536,0.9096308201219769,90.79893035888672,90.82473754882812,0.3154377214616236,90.41295623779297,91.47235107421875,3,10,1024,680,512,340,2.11.0+cu128,12.8,2026-08-30T20:10:38.235745+00:00,3.13.15,2.1.3,11.3.0,0.25.2,Linux-6.6.122+-x86_64-with-glibc2.35,x86_64
Urban100,img_050.png,x2,imdn,prepared_bicubic_lr,img_050.png,2,native_model_grid_then_full_target_size_adjustment,gaussian_11x11_sigma_1.5_population_covariance,rgb_model,gpu,model_forward_only_cuda_events,Tesla T4,14912.6875,607.6923828125,694404,IMDN_x2.pth,740b39653592bd3f49955a21cd9e16f2d37f2c413368cc09327601b8fbe42ce1,https://raw.githubusercontent.com/Zheng222/IMDN/master/checkpoints/IMDN_x2.pth,DIV2K,bicubic,680,1024,680,1024,False,30.435613935405115,0.928665705402102,28.993886987365258,0.9185044207352392,93.22626113891602,92.9771499633789,0.6555133586375685,92.28345489501953,94.60985565185547,3,10,680,1024,340,512,2.11.0+cu128,12.8,2026-08-30T20:10:40.163421+00:00,3.13.15,2.1.3,11.3.0,0.25.2,Linux-6.6.122+-x86_64-with-glibc2.35,x86_64
Urban100,img_051.png,x2,imdn,prepared_bicubic_lr,img_051.png,2,native_model_grid_then_full_target_size_adjustment,gaussian_11x11_sigma_1.5_population_covariance,rgb_model,gpu,model_forward_only_cuda_events,Tesla T4,14912.6875,607.6923828125,694404,IMDN_x2.pth,740b39653592bd3f49955a21cd9e16f2d37f2c413368cc09327601b8fbe42ce1,https://raw.githubusercontent.com/Zheng222/IMDN/master/checkpoints/IMDN_x2.pth,DIV2K,bicubic,1024,680,1024,680,False,33.678300907136766,0.9606140914971139,32.107553201381286,0.9522006097200973,90.90524368286133,90.80942153930664,0.3131331141686102,90.53036499023438,91.67257690429688,3,10,1024,680,512,340,2.11.0+cu128,12.8,2026-08-30T20:10:42.146208+00:00,3.13.15,2.1.3,11.3.0,0.25.2,Linux-6.6.122+-x86_64-with-glibc2.35,x86_64
Urban100,img_052.png,x2,imdn,prepared_bicubic_lr,img_052.png,2,native_model_grid_then_full_target_size_adjustment,gaussian_11x11_sigma_1.5_population_covariance,rgb_model,gpu,model_forward_only_cuda_events,Tesla T4,14912.6875,607.6923828125,694404,IMDN_x2.pth,740b39653592bd3f49955a21cd9e16f2d37f2c413368cc09327601b8fbe42ce1,https://raw.githubusercontent.com/Zheng222/IMDN/master/checkpoints/IMDN_x2.pth,DIV2K,bicubic,1024,680,1024,680,False,36.61013920170605,0.9791834204517837,35.17954976076926,0.9742196448075447,90.97741775512695,90.88627243041992,0.45808551214721727,90.36796569824219,91.652099609375,3,10,1024,680,512,340,2.11.0+cu128,12.8,2026-08-30T20:10:44.165690+00:00,3.13.15,2.1.3,11.3.0,0.25.2,Linux-6.6.122+-x86_64-with-glibc2.35,x86_64
Urban100,img_053.png,x2,imdn,prepared_bicubic_lr,img_053.png,2,native_model_grid_then_full_target_size_adjustment,gaussian_11x11_sigma_1.5_population_covariance,rgb_model,gpu,model_forward_only_cuda_events,Tesla T4,14912.6875,587.27783203125,694404,IMDN_x2.pth,740b39653592bd3f49955a21cd9e16f2d37f2c413368cc09327601b8fbe42ce1,https://raw.githubusercontent.com/Zheng222/IMDN/master/checkpoints/IMDN_x2.pth,DIV2K,bicubic,1024,656,1024,656,False,27.919320420195596,0.916233410406368,26.577509497049483,0.9114722640760601,87.60017852783203,87.55387115478516,0.37801724491608774,86.9158706665039,88.2242202758789,3,10,1024,656,512,328,2.11.0+cu128,12.8,2026-08-30T20:10:46.392990+00:00,3.13.15,2.1.3,11.3.0,0.25.2,Linux-6.6.122+-x86_64-with-glibc2.35,x86_64
Urban100,img_054.png,x2,imdn,prepared_bicubic_lr,img_054.png,2,native_model_grid_then_full_target_size_adjustment,gaussian_11x11_sigma_1.5_population_covariance,rgb_model,gpu,model_forward_only_cuda_events,Tesla T4,14912.6875,607.6923828125,694404,IMDN_x2.pth,740b39653592bd3f49955a21cd9e16f2d37f2c413368cc09327601b8fbe42ce1,https://raw.githubusercontent.com/Zheng222/IMDN/master/checkpoints/IMDN_x2.pth,DIV2K,bicubic,1024,680,1024,680,False,25.65155487543999,0.8691803410124107,24.144885742795022,0.8597690878850872,92.03421096801758,91.88436889648438,0.7810479331545006,91.01017761230469,93.8707504272461,3,10,1024,680,512,340,2.11.0+cu128,12.8,2026-08-30T20:10:48.748503+00:00,3.13.15,2.1.3,11.3.0,0.25.2,Linux-6.6.122+-x86_64-with-glibc2.35,x86_64
Urban100,img_055.png,x2,imdn,prepared_bicubic_lr,img_055.png,2,native_model_grid_then_full_target_size_adjustment,gaussian_11x11_sigma_1.5_population_covariance,rgb_model,gpu,model_forward_only_cuda_events,Tesla T4,14912.6875,685.91943359375,694404,IMDN_x2.pth,740b39653592bd3f49955a21cd9e16f2d37f2c413368cc09327601b8fbe42ce1,https://raw.githubusercontent.com/Zheng222/IMDN/master/checkpoints/IMDN_x2.pth,DIV2K,bicubic,1024,768,1024,768,False,38.55048266110765,0.9803991625925378,36.41664493758276,0.965955382025106,103.72334060668945,103.6281623840332,0.5748010127783596,103.05538940429688,104.83712005615234,3,10,1024,768,512,384,2.11.0+cu128,12.8,2026-08-30T20:10:51.157546+00:00,3.13.15,2.1.3,11.3.0,0.25.2,Linux-6.6.122+-x86_64-with-glibc2.35,x86_64
Urban100,img_056.png,x2,imdn,prepared_bicubic_lr,img_056.png,2,native_model_grid_then_full_target_size_adjustment,gaussian_11x11_sigma_1.5_population_covariance,rgb_model,gpu,model_forward_only_cuda_events,Tesla T4,14912.6875,685.91943359375,694404,IMDN_x2.pth,740b39653592bd3f49955a21cd9e16f2d37f2c413368cc09327601b8fbe42ce1,https://raw.githubusercontent.com/Zheng222/IMDN/master/checkpoints/IMDN_x2.pth,DIV2K,bicubic,1024,768,1024,768,False,31.133560618923063,0.9453742555613691,29.704005460525558,0.9391624967331205,103.926611328125,103.84168243408203,0.5020855544760828,103.0709457397461,104.9697265625,3,10,1024,768,512,384,2.11.0+cu128,12.8,2026-08-30T20:10:53.442073+00:00,3.13.15,2.1.3,11.3.0,0.25.2,Linux-6.6.122+-x86_64-with-glibc2.35,x86_64
Urban100,img_057.png,x2,imdn,prepared_bicubic_lr,img_057.png,2,native_model_grid_then_full_target_size_adjustment,gaussian_11x11_sigma_1.5_population_covariance,rgb_model,gpu,model_forward_only_cuda_events,Tesla T4,14912.6875,646.7744140625,694404,IMDN_x2.pth,740b39653592bd3f49955a21cd9e16f2d37f2c413368cc09327601b8fbe42ce1,https://raw.githubusercontent.com/Zheng222/IMDN/master/checkpoints/IMDN_x2.pth,DIV2K,bicubic,1024,724,1024,724,False,38.58489584050785,0.9759127104343076,36.88887051456859,0.9692147932396704,98.13628158569335,98.01129531860352,0.5784326484566342,97.46672058105469,99.47731018066406,3,10,1024,724,512,362,2.11.0+cu128,12.8,2026-08-30T20:10:55.619658+00:00,3.13.15,2.1.3,11.3.0,0.25.2,Linux-6.6.122+-x86_64-with-glibc2.35,x86_64
Urban100,img_058.png,x2,imdn,prepared_bicubic_lr,img_058.png,2,native_model_grid_then_full_target_size_adjustment,gaussian_11x11_sigma_1.5_population_covariance,rgb_model,gpu,model_forward_only_cuda_events,Tesla T4,14912.6875,618.3056640625,694404,IMDN_x2.pth,740b39653592bd3f49955a21cd9e16f2d37f2c413368cc09327601b8fbe42ce1,https://raw.githubusercontent.com/Zheng222/IMDN/master/checkpoints/IMDN_x2.pth,DIV2K,bicubic,1024,692,1024,692,False,34.86752637576329,0.9773671893431316,33.173747134797296,0.9732585337752949,93.76938858032227,93.60025787353516,0.675813562017002,92.76863861083984,95.28006744384766,3,10,1024,692,512,346,2.11.0+cu128,12.8,2026-08-30T20:10:57.644363+00:00,3.13.15,2.1.3,11.3.0,0.25.2,Linux-6.6.122+-x86_64-with-glibc2.35,x86_64
Urban100,img_059.png,x2,imdn,prepared_bicubic_lr,img_059.png,2,native_model_grid_then_full_target_size_adjustment,gaussian_11x11_sigma_1.5_population_covariance,rgb_model,gpu,model_forward_only_cuda_events,Tesla T4,14912.6875,593.89501953125,694404,IMDN_x2.pth,740b39653592bd3f49955a21cd9e16f2d37f2c413368cc09327601b8fbe42ce1,https://raw.githubusercontent.com/Zheng222/IMDN/master/checkpoints/IMDN_x2.pth,DIV2K,bicubic,1024,664,1024,664,False,29.401346620490024,0.9201303438049819,28.01434576103869,0.911451073792063,90.0003288269043,89.93793487548828,0.5637409821907718,89.09785461425781,91.34483337402344,3,10,1024,664,512,332,2.11.0+cu128,12.8,2026-08-30T20:10:59.773321+00:00,3.13.15,2.1.3,11.3.0,0.25.2,Linux-6.6.122+-x86_64-with-glibc2.35,x86_64
Urban100,img_060.png,x2,imdn,prepared_bicubic_lr,img_060.png,2,native_model_grid_then_full_target_size_adjustment,gaussian_11x11_sigma_1.5_population_covariance,rgb_model,gpu,model_forward_only_cuda_events,Tesla T4,14912.6875,607.6923828125,694404,IMDN_x2.pth,740b39653592bd3f49955a21cd9e16f2d37f2c413368cc09327601b8fbe42ce1,https://raw.githubusercontent.com/Zheng222/IMDN/master/checkpoints/IMDN_x2.pth,DIV2K,bicubic,1024,680,1024,680,False,26.38989324204048,0.8207208872754709,25.100690915747737,0.8112302257233819,92.78302459716797,92.57344055175781,0.6603973260374761,91.9695053100586,94.22441864013672,3,10,1024,680,512,340,2.11.0+cu128,12.8,2026-08-30T20:11:02.046171+00:00,3.13.15,2.1.3,11.3.0,0.25.2,Linux-6.6.122+-x86_64-with-glibc2.35,x86_64
Urban100,img_061.png,x2,imdn,prepared_bicubic_lr,img_061.png,2,native_model_grid_then_full_target_size_adjustment,gaussian_11x11_sigma_1.5_population_covariance,rgb_model,gpu,model_forward_only_cuda_events,Tesla T4,14912.6875,600.51220703125,694404,IMDN_x2.pth,740b39653592bd3f49955a21cd9e16f2d37f2c413368cc09327601b8fbe42ce1,https://raw.githubusercontent.com/Zheng222/IMDN/master/checkpoints/IMDN_x2.pth,DIV2K,bicubic,1024,672,1024,672,False,30.39827738471265,0.9397276328829325,28.68551113197406,0.9322086631901892,91.74665069580078,91.88067245483398,0.7390305944776127,90.70063781738281,92.7509765625,3,10,1024,672,512,336,2.11.0+cu128,12.8,2026-08-30T20:11:04.116252+00:00,3.13.15,2.1.3,11.3.0,0.25.2,Linux-6.6.122+-x86_64-with-glibc2.35,x86_64
Urban100,img_062.png,x2,imdn,prepared_bicubic_lr,img_062.png,2,native_model_grid_then_full_target_size_adjustment,gaussian_11x11_sigma_1.5_population_covariance,rgb_model,gpu,model_forward_only_cuda_events,Tesla T4,14912.6875,607.6923828125,694404,IMDN_x2.pth,740b39653592bd3f49955a21cd9e16f2d37f2c413368cc09327601b8fbe42ce1,https://raw.githubusercontent.com/Zheng222/IMDN/master/checkpoints/IMDN_x2.pth,DIV2K,bicubic,1024,680,1024,680,False,29.384645448823186,0.9670223515542155,27.896857355178973,0.9612010462529273,91.1451515197754,90.897216796875,0.6112055600894575,90.53030395507812,92.62255859375,3,10,1024,680,512,340,2.11.0+cu128,12.8,2026-08-30T20:11:06.034419+00:00,3.13.15,2.1.3,11.3.0,0.25.2,Linux-6.6.122+-x86_64-with-glibc2.35,x86_64
Urban100,img_063.png,x2,imdn,prepared_bicubic_lr,img_063.png,2,native_model_grid_then_full_target_size_adjustment,gaussian_11x11_sigma_1.5_population_covariance,rgb_model,gpu,model_forward_only_cuda_events,Tesla T4,14912.6875,854.0927734375,694404,IMDN_x2.pth,740b39653592bd3f49955a21cd9e16f2d37f2c413368cc09327601b8fbe42ce1,https://raw.githubusercontent.com/Zheng222/IMDN/master/checkpoints/IMDN_x2.pth,DIV2K,bicubic,1000,980,1000,980,False,26.32025290022641,0.7472023501325771,24.82491297777656,0.7221892774762395,138.37934417724608,138.6696014404297,1.2485971656585173,136.04678344726562,139.9014434814453,3,10,1000,980,500,490,2.11.0+cu128,12.8,2026-08-30T20:11:08.979412+00:00,3.13.15,2.1.3,11.3.0,0.25.2,Linux-6.6.122+-x86_64-with-glibc2.35,x86_64
Urban100,img_064.png,x2,imdn,prepared_bicubic_lr,img_064.png,2,native_model_grid_then_full_target_size_adjustment,gaussian_11x11_sigma_1.5_population_covariance,rgb_model,gpu,model_forward_only_cuda_events,Tesla T4,14912.6875,607.6923828125,694404,IMDN_x2.pth,740b39653592bd3f49955a21cd9e16f2d37f2c413368cc09327601b8fbe42ce1,https://raw.githubusercontent.com/Zheng222/IMDN/master/checkpoints/IMDN_x2.pth,DIV2K,bicubic,1024,680,1024,680,False,32.65440755715338,0.941472652057965,31.22446716717995,0.9357173494537366,92.43378829956055,92.10023880004883,0.7242301810860373,91.6324462890625,93.84716796875,3,10,1024,680,512,340,2.11.0+cu128,12.8,2026-08-30T20:11:11.059938+00:00,3.13.15,2.1.3,11.3.0,0.25.2,Linux-6.6.122+-x86_64-with-glibc2.35,x86_64
Urban100,img_065.png,x2,imdn,prepared_bicubic_lr,img_065.png,2,native_model_grid_then_full_target_size_adjustment,gaussian_11x11_sigma_1.5_population_covariance,rgb_model,gpu,model_forward_only_cuda_events,Tesla T4,14912.6875,607.6923828125,694404,IMDN_x2.pth,740b39653592bd3f49955a21cd9e16f2d37f2c413368cc09327601b8fbe42ce1,https://raw.githubusercontent.com/Zheng222/IMDN/master/checkpoints/IMDN_x2.pth,DIV2K,bicubic,1024,680,1024,680,False,31.521578221472645,0.9378354784554228,29.883213170609896,0.9304996827230537,92.27569580078125,92.15110397338867,0.7302778499217586,90.93033599853516,93.3629150390625,3,10,1024,680,512,340,2.11.0+cu128,12.8,2026-08-30T20:11:13.136152+00:00,3.13.15,2.1.3,11.3.0,0.25.2,Linux-6.6.122+-x86_64-with-glibc2.35,x86_64
Urban100,img_066.png,x2,imdn,prepared_bicubic_lr,img_066.png,2,native_model_grid_then_full_target_size_adjustment,gaussian_11x11_sigma_1.5_population_covariance,rgb_model,gpu,model_forward_only_cuda_events,Tesla T4,14912.6875,771.326171875,694404,IMDN_x2.pth,740b39653592bd3f49955a21cd9e16f2d37f2c413368cc09327601b8fbe42ce1,https://raw.githubusercontent.com/Zheng222/IMDN/master/checkpoints/IMDN_x2.pth,DIV2K,bicubic,1024,864,1024,864,False,26.076776766664832,0.85769212060874,24.754583006779825,0.8474880485317557,116.79458618164062,116.93380737304688,0.7836512620468994,115.71817779541016,118.11727905273438,3,10,1024,864,512,432,2.11.0+cu128,12.8,2026-08-30T20:11:16.014325+00:00,3.13.15,2.1.3,11.3.0,0.25.2,Linux-6.6.122+-x86_64-with-glibc2.35,x86_64
Urban100,img_067.png,x2,imdn,prepared_bicubic_lr,img_067.png,2,native_model_grid_then_full_target_size_adjustment,gaussian_11x11_sigma_1.5_population_covariance,rgb_model,gpu,model_forward_only_cuda_events,Tesla T4,14912.6875,607.6923828125,694404,IMDN_x2.pth,740b39653592bd3f49955a21cd9e16f2d37f2c413368cc09327601b8fbe42ce1,https://raw.githubusercontent.com/Zheng222/IMDN/master/checkpoints/IMDN_x2.pth,DIV2K,bicubic,1024,680,1024,680,False,27.775559462438792,0.97736821773232,26.021856056918466,0.9691038094853327,91.95637741088868,91.90534210205078,0.7392867255418842,91.00303649902344,93.28886413574219,3,10,1024,680,512,340,2.11.0+cu128,12.8,2026-08-30T20:11:18.155301+00:00,3.13.15,2.1.3,11.3.0,0.25.2,Linux-6.6.122+-x86_64-with-glibc2.35,x86_64
Urban100,img_068.png,x2,imdn,prepared_bicubic_lr,img_068.png,2,native_model_grid_then_full_target_size_adjustment,gaussian_11x11_sigma_1.5_population_covariance,rgb_model,gpu,model_forward_only_cuda_events,Tesla T4,14912.6875,913.67138671875,694404,IMDN_x2.pth,740b39653592bd3f49955a21cd9e16f2d37f2c413368cc09327601b8fbe42ce1,https://raw.githubusercontent.com/Zheng222/IMDN/master/checkpoints/IMDN_x2.pth,DIV2K,bicubic,1024,1024,1024,1024,False,38.819586238580975,0.9780416727193514,37.30988167255476,0.9734521877452168,137.43641052246093,137.5822525024414,0.9571049010926389,135.91757202148438,138.6643829345703,3,10,1024,1024,512,512,2.11.0+cu128,12.8,2026-08-30T20:11:21.115856+00:00,3.13.15,2.1.3,11.3.0,0.25.2,Linux-6.6.122+-x86_64-with-glibc2.35,x86_64
Urban100,img_069.png,x2,imdn,prepared_bicubic_lr,img_069.png,2,native_model_grid_then_full_target_size_adjustment,gaussian_11x11_sigma_1.5_population_covariance,rgb_model,gpu,model_forward_only_cuda_events,Tesla T4,14912.6875,861.73779296875,694404,IMDN_x2.pth,740b39653592bd3f49955a21cd9e16f2d37f2c413368cc09327601b8fbe42ce1,https://raw.githubusercontent.com/Zheng222/IMDN/master/checkpoints/IMDN_x2.pth,DIV2K,bicubic,1200,824,1200,824,False,29.68535807479585,0.923479749128545,28.370159911356133,0.9177087885984379,131.35274353027344,131.610107421875,0.9562342986246763,129.26829528808594,132.59152221679688,3,10,1200,824,600,412,2.11.0+cu128,12.8,2026-08-30T20:11:24.031434+00:00,3.13.15,2.1.3,11.3.0,0.25.2,Linux-6.6.122+-x86_64-with-glibc2.35,x86_64
Urban100,img_070.png,x2,imdn,prepared_bicubic_lr,img_070.png,2,native_model_grid_then_full_target_size_adjustment,gaussian_11x11_sigma_1.5_population_covariance,rgb_model,gpu,model_forward_only_cuda_events,Tesla T4,14912.6875,685.91943359375,694404,IMDN_x2.pth,740b39653592bd3f49955a21cd9e16f2d37f2c413368cc09327601b8fbe42ce1,https://raw.githubusercontent.com/Zheng222/IMDN/master/checkpoints/IMDN_x2.pth,DIV2K,bicubic,1024,768,1024,768,False,24.95185082394307,0.8033138693764029,23.627741881541034,0.7949141187066596,102.55843505859374,102.74086380004883,0.47800838562425324,101.834716796875,103.2089614868164,3,10,1024,768,512,384,2.11.0+cu128,12.8,2026-08-30T20:11:26.291243+00:00,3.13.15,2.1.3,11.3.0,0.25.2,Linux-6.6.122+-x86_64-with-glibc2.35,x86_64
Urban100,img_071.png,x2,imdn,prepared_bicubic_lr,img_071.png,2,native_model_grid_then_full_target_size_adjustment,gaussian_11x11_sigma_1.5_population_covariance,rgb_model,gpu,model_forward_only_cuda_events,Tesla T4,14912.6875,685.91943359375,694404,IMDN_x2.pth,740b39653592bd3f49955a21cd9e16f2d37f2c413368cc09327601b8fbe42ce1,https://raw.githubusercontent.com/Zheng222/IMDN/master/checkpoints/IMDN_x2.pth,DIV2K,bicubic,1024,768,1024,768,False,32.22728970561955,0.8572145077199677,30.8879835748086,0.8415433621369748,102.1629768371582,102.05960083007812,0.3934688303495347,101.7155532836914,103.16595458984375,3,10,1024,768,512,384,2.11.0+cu128,12.8,2026-08-30T20:11:28.899737+00:00,3.13.15,2.1.3,11.3.0,0.25.2,Linux-6.6.122+-x86_64-with-glibc2.35,x86_64
Urban100,img_072.png,x2,imdn,prepared_bicubic_lr,img_072.png,2,native_model_grid_then_full_target_size_adjustment,gaussian_11x11_sigma_1.5_population_covariance,rgb_model,gpu,model_forward_only_cuda_events,Tesla T4,14912.6875,607.6923828125,694404,IMDN_x2.pth,740b39653592bd3f49955a21cd9e16f2d37f2c413368cc09327601b8fbe42ce1,https://raw.githubusercontent.com/Zheng222/IMDN/master/checkpoints/IMDN_x2.pth,DIV2K,bicubic,680,1024,680,1024,False,27.504223640151896,0.9638553715455765,26.176003219695172,0.9624023079635234,93.95255126953126,93.953857421875,0.4833250673417894,92.87474822998047,94.7129898071289,3,10,680,1024,340,512,2.11.0+cu128,12.8,2026-08-30T20:11:31.172391+00:00,3.13.15,2.1.3,11.3.0,0.25.2,Linux-6.6.122+-x86_64-with-glibc2.35,x86_64
Urban100,img_073.png,x2,imdn,prepared_bicubic_lr,img_073.png,2,native_model_grid_then_full_target_size_adjustment,gaussian_11x11_sigma_1.5_population_covariance,rgb_model,gpu,model_forward_only_cuda_events,Tesla T4,14912.6875,682.36083984375,694404,IMDN_x2.pth,740b39653592bd3f49955a21cd9e16f2d37f2c413368cc09327601b8fbe42ce1,https://raw.githubusercontent.com/Zheng222/IMDN/master/checkpoints/IMDN_x2.pth,DIV2K,bicubic,1024,764,1024,764,False,26.0547027915353,0.8734407422709972,24.695853325716843,0.8632310314214334,101.45102462768554,101.37982177734375,0.3564472767378954,101.01878356933594,102.25936126708984,3,10,1024,764,512,382,2.11.0+cu128,12.8,2026-08-30T20:11:33.329858+00:00,3.13.15,2.1.3,11.3.0,0.25.2,Linux-6.6.122+-x86_64-with-glibc2.35,x86_64
Urban100,img_074.png,x2,imdn,prepared_bicubic_lr,img_074.png,2,native_model_grid_then_full_target_size_adjustment,gaussian_11x11_sigma_1.5_population_covariance,rgb_model,gpu,model_forward_only_cuda_events,Tesla T4,14912.6875,607.6923828125,694404,IMDN_x2.pth,740b39653592bd3f49955a21cd9e16f2d37f2c413368cc09327601b8fbe42ce1,https://raw.githubusercontent.com/Zheng222/IMDN/master/checkpoints/IMDN_x2.pth,DIV2K,bicubic,680,1024,680,1024,False,29.5507498793682,0.9282899572496964,28.108584935601407,0.9250715595693387,93.21851119995117,93.23094177246094,0.7039956947908368,92.07689666748047,94.4695053100586,3,10,680,1024,340,512,2.11.0+cu128,12.8,2026-08-30T20:11:35.236183+00:00,3.13.15,2.1.3,11.3.0,0.25.2,Linux-6.6.122+-x86_64-with-glibc2.35,x86_64
Urban100,img_075.png,x2,imdn,prepared_bicubic_lr,img_075.png,2,native_model_grid_then_full_target_size_adjustment,gaussian_11x11_sigma_1.5_population_covariance,rgb_model,gpu,model_forward_only_cuda_events,Tesla T4,14912.6875,607.6923828125,694404,IMDN_x2.pth,740b39653592bd3f49955a21cd9e16f2d37f2c413368cc09327601b8fbe42ce1,https://raw.githubusercontent.com/Zheng222/IMDN/master/checkpoints/IMDN_x2.pth,DIV2K,bicubic,1024,680,1024,680,False,38.59845710271883,0.9576560107791747,36.48559275567662,0.9456575821257428,90.60314865112305,90.48020935058594,0.3696935879518203,90.2699203491211,91.43241882324219,3,10,1024,680,512,340,2.11.0+cu128,12.8,2026-08-30T20:11:37.221163+00:00,3.13.15,2.1.3,11.3.0,0.25.2,Linux-6.6.122+-x86_64-with-glibc2.35,x86_64
Urban100,img_076.png,x2,imdn,prepared_bicubic_lr,img_076.png,2,native_model_grid_then_full_target_size_adjustment,gaussian_11x11_sigma_1.5_population_covariance,rgb_model,gpu,model_forward_only_cuda_events,Tesla T4,14912.6875,604.2275390625,694404,IMDN_x2.pth,740b39653592bd3f49955a21cd9e16f2d37f2c413368cc09327601b8fbe42ce1,https://raw.githubusercontent.com/Zheng222/IMDN/master/checkpoints/IMDN_x2.pth,DIV2K,bicubic,1024,676,1024,676,False,31.340771170247855,0.9561720455661361,29.61182607011189,0.9440126351716943,90.56575622558594,90.37956619262695,0.5472191739032837,90.06134033203125,91.842529296875,3,10,1024,676,512,338,2.11.0+cu128,12.8,2026-08-30T20:11:39.179255+00:00,3.13.15,2.1.3,11.3.0,0.25.2,Linux-6.6.122+-x86_64-with-glibc2.35,x86_64
Urban100,img_077.png,x2,imdn,prepared_bicubic_lr,img_077.png,2,native_model_grid_then_full_target_size_adjustment,gaussian_11x11_sigma_1.5_population_covariance,rgb_model,gpu,model_forward_only_cuda_events,Tesla T4,14912.6875,607.6923828125,694404,IMDN_x2.pth,740b39653592bd3f49955a21cd9e16f2d37f2c413368cc09327601b8fbe42ce1,https://raw.githubusercontent.com/Zheng222/IMDN/master/checkpoints/IMDN_x2.pth,DIV2K,bicubic,1024,680,1024,680,False,26.099104205645332,0.8671089072606025,24.73542854293719,0.8577717972676687,90.65851516723633,90.71718215942383,0.169360730572692,90.3280029296875,90.85260772705078,3,10,1024,680,512,340,2.11.0+cu128,12.8,2026-08-30T20:11:41.133909+00:00,3.13.15,2.1.3,11.3.0,0.25.2,Linux-6.6.122+-x86_64-with-glibc2.35,x86_64
Urban100,img_078.png,x2,imdn,prepared_bicubic_lr,img_078.png,2,native_model_grid_then_full_target_size_adjustment,gaussian_11x11_sigma_1.5_population_covariance,rgb_model,gpu,model_forward_only_cuda_events,Tesla T4,14912.6875,653.8916015625,694404,IMDN_x2.pth,740b39653592bd3f49955a21cd9e16f2d37f2c413368cc09327601b8fbe42ce1,https://raw.githubusercontent.com/Zheng222/IMDN/master/checkpoints/IMDN_x2.pth,DIV2K,bicubic,1024,732,1024,732,False,34.25190347855864,0.9367512393670494,32.92777516933964,0.9267539013084974,97.3996955871582,97.25764846801758,0.39146008079778233,96.96662139892578,98.072509765625,3,10,1024,732,512,366,2.11.0+cu128,12.8,2026-08-30T20:11:43.613609+00:00,3.13.15,2.1.3,11.3.0,0.25.2,Linux-6.6.122+-x86_64-with-glibc2.35,x86_64
Urban100,img_079.png,x2,imdn,prepared_bicubic_lr,img_079.png,2,native_model_grid_then_full_target_size_adjustment,gaussian_11x11_sigma_1.5_population_covariance,rgb_model,gpu,model_forward_only_cuda_events,Tesla T4,14912.6875,685.91943359375,694404,IMDN_x2.pth,740b39653592bd3f49955a21cd9e16f2d37f2c413368cc09327601b8fbe42ce1,https://raw.githubusercontent.com/Zheng222/IMDN/master/checkpoints/IMDN_x2.pth,DIV2K,bicubic,1024,768,1024,768,False,29.834265142432255,0.8728167865837496,28.376895273087683,0.8566041734361641,102.06946105957032,102.01708602905273,0.4116650683047106,101.67193603515625,103.0968017578125,3,10,1024,768,512,384,2.11.0+cu128,12.8,2026-08-30T20:11:46.297284+00:00,3.13.15,2.1.3,11.3.0,0.25.2,Linux-6.6.122+-x86_64-with-glibc2.35,x86_64
Urban100,img_080.png,x2,imdn,prepared_bicubic_lr,img_080.png,2,native_model_grid_then_full_target_size_adjustment,gaussian_11x11_sigma_1.5_population_covariance,rgb_model,gpu,model_forward_only_cuda_events,Tesla T4,14912.6875,701.12744140625,694404,IMDN_x2.pth,740b39653592bd3f49955a21cd9e16f2d37f2c413368cc09327601b8fbe42ce1,https://raw.githubusercontent.com/Zheng222/IMDN/master/checkpoints/IMDN_x2.pth,DIV2K,bicubic,776,1036,776,1036,False,41.488014860026716,0.9860649928722816,39.90514784213497,0.9810567095361846,107.5595100402832,107.45926284790039,0.6545580773373544,106.57177734375,109.17151641845703,3,10,776,1036,388,518,2.11.0+cu128,12.8,2026-08-30T20:11:48.638687+00:00,3.13.15,2.1.3,11.3.0,0.25.2,Linux-6.6.122+-x86_64-with-glibc2.35,x86_64
Urban100,img_081.png,x2,imdn,prepared_bicubic_lr,img_081.png,2,native_model_grid_then_full_target_size_adjustment,gaussian_11x11_sigma_1.5_population_covariance,rgb_model,gpu,model_forward_only_cuda_events,Tesla T4,14912.6875,913.67138671875,694404,IMDN_x2.pth,740b39653592bd3f49955a21cd9e16f2d37f2c413368cc09327601b8fbe42ce1,https://raw.githubusercontent.com/Zheng222/IMDN/master/checkpoints/IMDN_x2.pth,DIV2K,bicubic,1024,1024,1024,1024,False,44.3243536725089,0.9910779662606601,40.723717215332975,0.9802385429420862,135.76506500244142,135.6558380126953,1.0842635338053779,134.11123657226562,137.32044982910156,3,10,1024,1024,512,512,2.11.0+cu128,12.8,2026-08-30T20:11:51.619264+00:00,3.13.15,2.1.3,11.3.0,0.25.2,Linux-6.6.122+-x86_64-with-glibc2.35,x86_64
Urban100,img_082.png,x2,imdn,prepared_bicubic_lr,img_082.png,2,native_model_grid_then_full_target_size_adjustment,gaussian_11x11_sigma_1.5_population_covariance,rgb_model,gpu,model_forward_only_cuda_events,Tesla T4,14912.6875,913.67138671875,694404,IMDN_x2.pth,740b39653592bd3f49955a21cd9e16f2d37f2c413368cc09327601b8fbe42ce1,https://raw.githubusercontent.com/Zheng222/IMDN/master/checkpoints/IMDN_x2.pth,DIV2K,bicubic,1024,1024,1024,1024,False,39.139260630713764,0.9764832656872804,37.59081751042192,0.9686884705495346,136.4722702026367,136.62560272216797,1.1053085908704452,134.270751953125,138.27352905273438,3,10,1024,1024,512,512,2.11.0+cu128,12.8,2026-08-30T20:11:54.658155+00:00,3.13.15,2.1.3,11.3.0,0.25.2,Linux-6.6.122+-x86_64-with-glibc2.35,x86_64
Urban100,img_083.png,x2,imdn,prepared_bicubic_lr,img_083.png,2,native_model_grid_then_full_target_size_adjustment,gaussian_11x11_sigma_1.5_population_covariance,rgb_model,gpu,model_forward_only_cuda_events,Tesla T4,14912.6875,895.87841796875,694404,IMDN_x2.pth,740b39653592bd3f49955a21cd9e16f2d37f2c413368cc09327601b8fbe42ce1,https://raw.githubusercontent.com/Zheng222/IMDN/master/checkpoints/IMDN_x2.pth,DIV2K,bicubic,1004,1024,1004,1024,False,27.16817287370313,0.9094124955124883,25.873317717022534,0.9036226750893271,141.2711441040039,141.3335189819336,0.8898670014956213,139.79769897460938,142.56271362304688,3,10,1004,1024,502,512,2.11.0+cu128,12.8,2026-08-30T20:11:58.059064+00:00,3.13.15,2.1.3,11.3.0,0.25.2,Linux-6.6.122+-x86_64-with-glibc2.35,x86_64
Urban100,img_084.png,x2,imdn,prepared_bicubic_lr,img_084.png,2,native_model_grid_then_full_target_size_adjustment,gaussian_11x11_sigma_1.5_population_covariance,rgb_model,gpu,model_forward_only_cuda_events,Tesla T4,14912.6875,913.67138671875,694404,IMDN_x2.pth,740b39653592bd3f49955a21cd9e16f2d37f2c413368cc09327601b8fbe42ce1,https://raw.githubusercontent.com/Zheng222/IMDN/master/checkpoints/IMDN_x2.pth,DIV2K,bicubic,1024,1024,1024,1024,False,34.640218204314785,0.9409471714041386,32.62869669589053,0.9249216178630991,136.43609771728515,136.52511596679688,1.201970060256207,134.48355102539062,138.09552001953125,3,10,1024,1024,512,512,2.11.0+cu128,12.8,2026-08-30T20:12:01.279553+00:00,3.13.15,2.1.3,11.3.0,0.25.2,Linux-6.6.122+-x86_64-with-glibc2.35,x86_64
Urban100,img_085.png,x2,imdn,prepared_bicubic_lr,img_085.png,2,native_model_grid_then_full_target_size_adjustment,gaussian_11x11_sigma_1.5_population_covariance,rgb_model,gpu,model_forward_only_cuda_events,Tesla T4,14912.6875,604.2275390625,694404,IMDN_x2.pth,740b39653592bd3f49955a21cd9e16f2d37f2c413368cc09327601b8fbe42ce1,https://raw.githubusercontent.com/Zheng222/IMDN/master/checkpoints/IMDN_x2.pth,DIV2K,bicubic,1024,676,1024,676,False,35.10285097540391,0.9789437580295348,33.321655786636434,0.9715315388288297,90.86928939819336,90.78617477416992,0.4798585147446312,90.18291473388672,91.787841796875,3,10,1024,676,512,338,2.11.0+cu128,12.8,2026-08-30T20:12:03.260608+00:00,3.13.15,2.1.3,11.3.0,0.25.2,Linux-6.6.122+-x86_64-with-glibc2.35,x86_64
Urban100,img_086.png,x2,imdn,prepared_bicubic_lr,img_086.png,2,native_model_grid_then_full_target_size_adjustment,gaussian_11x11_sigma_1.5_population_covariance,rgb_model,gpu,model_forward_only_cuda_events,Tesla T4,14912.6875,685.91943359375,694404,IMDN_x2.pth,740b39653592bd3f49955a21cd9e16f2d37f2c413368cc09327601b8fbe42ce1,https://raw.githubusercontent.com/Zheng222/IMDN/master/checkpoints/IMDN_x2.pth,DIV2K,bicubic,1024,768,1024,768,False,37.24701834608506,0.9713136261360649,35.86041021166267,0.9672787213674395,102.76659469604492,102.61332702636719,0.6147284633091624,101.84496307373047,103.9339828491211,3,10,1024,768,512,384,2.11.0+cu128,12.8,2026-08-30T20:12:05.488792+00:00,3.13.15,2.1.3,11.3.0,0.25.2,Linux-6.6.122+-x86_64-with-glibc2.35,x86_64
Urban100,img_087.png,x2,imdn,prepared_bicubic_lr,img_087.png,2,native_model_grid_then_full_target_size_adjustment,gaussian_11x11_sigma_1.5_population_covariance,rgb_model,gpu,model_forward_only_cuda_events,Tesla T4,14912.6875,913.67138671875,694404,IMDN_x2.pth,740b39653592bd3f49955a21cd9e16f2d37f2c413368cc09327601b8fbe42ce1,https://raw.githubusercontent.com/Zheng222/IMDN/master/checkpoints/IMDN_x2.pth,DIV2K,bicubic,1024,1024,1024,1024,False,36.28751636397305,0.9763444711363936,34.35624591369937,0.9633862606016749,137.5487823486328,137.16478729248047,1.4259452608241865,135.48281860351562,139.60557556152344,3,10,1024,1024,512,512,2.11.0+cu128,12.8,2026-08-30T20:12:08.531326+00:00,3.13.15,2.1.3,11.3.0,0.25.2,Linux-6.6.122+-x86_64-with-glibc2.35,x86_64
Urban100,img_088.png,x2,imdn,prepared_bicubic_lr,img_088.png,2,native_model_grid_then_full_target_size_adjustment,gaussian_11x11_sigma_1.5_population_covariance,rgb_model,gpu,model_forward_only_cuda_events,Tesla T4,14912.6875,600.51220703125,694404,IMDN_x2.pth,740b39653592bd3f49955a21cd9e16f2d37f2c413368cc09327601b8fbe42ce1,https://raw.githubusercontent.com/Zheng222/IMDN/master/checkpoints/IMDN_x2.pth,DIV2K,bicubic,1024,672,1024,672,False,24.4504022452479,0.848528500346985,23.15498581335826,0.841011552253927,90.36355743408203,89.96044540405273,0.8761172592531806,89.53180694580078,92.03584289550781,3,10,1024,672,512,336,2.11.0+cu128,12.8,2026-08-30T20:12:10.515491+00:00,3.13.15,2.1.3,11.3.0,0.25.2,Linux-6.6.122+-x86_64-with-glibc2.35,x86_64
Urban100,img_089.png,x2,imdn,prepared_bicubic_lr,img_089.png,2,native_model_grid_then_full_target_size_adjustment,gaussian_11x11_sigma_1.5_population_covariance,rgb_model,gpu,model_forward_only_cuda_events,Tesla T4,14912.6875,685.91943359375,694404,IMDN_x2.pth,740b39653592bd3f49955a21cd9e16f2d37f2c413368cc09327601b8fbe42ce1,https://raw.githubusercontent.com/Zheng222/IMDN/master/checkpoints/IMDN_x2.pth,DIV2K,bicubic,768,1024,768,1024,False,31.530016418605488,0.909511732418487,30.174682313987105,0.9025784613411704,101.6915771484375,101.4930534362793,0.49711940414057154,101.17123413085938,102.64374542236328,3,10,768,1024,384,512,2.11.0+cu128,12.8,2026-08-30T20:12:13.131516+00:00,3.13.15,2.1.3,11.3.0,0.25.2,Linux-6.6.122+-x86_64-with-glibc2.35,x86_64
Urban100,img_090.png,x2,imdn,prepared_bicubic_lr,img_090.png,2,native_model_grid_then_full_target_size_adjustment,gaussian_11x11_sigma_1.5_population_covariance,rgb_model,gpu,model_forward_only_cuda_events,Tesla T4,14912.6875,607.6923828125,694404,IMDN_x2.pth,740b39653592bd3f49955a21cd9e16f2d37f2c413368cc09327601b8fbe42ce1,https://raw.githubusercontent.com/Zheng222/IMDN/master/checkpoints/IMDN_x2.pth,DIV2K,bicubic,1024,680,1024,680,False,46.0888749162313,0.992735071193102,43.74799606899239,0.9877098201947424,91.5008445739746,91.43038558959961,0.562553280138734,90.90486145019531,92.74569702148438,3,10,1024,680,512,340,2.11.0+cu128,12.8,2026-08-30T20:12:15.245224+00:00,3.13.15,2.1.3,11.3.0,0.25.2,Linux-6.6.122+-x86_64-with-glibc2.35,x86_64
Urban100,img_091.png,x2,imdn,prepared_bicubic_lr,img_091.png,2,native_model_grid_then_full_target_size_adjustment,gaussian_11x11_sigma_1.5_population_covariance,rgb_model,gpu,model_forward_only_cuda_events,Tesla T4,14912.6875,607.6923828125,694404,IMDN_x2.pth,740b39653592bd3f49955a21cd9e16f2d37f2c413368cc09327601b8fbe42ce1,https://raw.githubusercontent.com/Zheng222/IMDN/master/checkpoints/IMDN_x2.pth,DIV2K,bicubic,1024,680,1024,680,False,28.844754372401496,0.8954183258587244,26.98976718595326,0.8784505271624546,92.41711654663087,92.52339172363281,0.7431789430935117,91.16876983642578,93.52275085449219,3,10,1024,680,512,340,2.11.0+cu128,12.8,2026-08-30T20:12:17.222945+00:00,3.13.15,2.1.3,11.3.0,0.25.2,Linux-6.6.122+-x86_64-with-glibc2.35,x86_64
Urban100,img_092.png,x2,imdn,prepared_bicubic_lr,img_092.png,2,native_model_grid_then_full_target_size_adjustment,gaussian_11x11_sigma_1.5_population_covariance,rgb_model,gpu,model_forward_only_cuda_events,Tesla T4,14912.6875,618.3056640625,694404,IMDN_x2.pth,740b39653592bd3f49955a21cd9e16f2d37f2c413368cc09327601b8fbe42ce1,https://raw.githubusercontent.com/Zheng222/IMDN/master/checkpoints/IMDN_x2.pth,DIV2K,bicubic,1024,692,1024,692,False,23.68432530850304,0.8513134274369727,22.360763545304557,0.8393752170054082,93.9825828552246,94.21424102783203,0.7399107056862272,92.82150268554688,95.09728240966797,3,10,1024,692,512,346,2.11.0+cu128,12.8,2026-08-30T20:12:19.230219+00:00,3.13.15,2.1.3,11.3.0,0.25.2,Linux-6.6.122+-x86_64-with-glibc2.35,x86_64
Urban100,img_093.png,x2,imdn,prepared_bicubic_lr,img_093.png,2,native_model_grid_then_full_target_size_adjustment,gaussian_11x11_sigma_1.5_population_covariance,rgb_model,gpu,model_forward_only_cuda_events,Tesla T4,14912.6875,685.91943359375,694404,IMDN_x2.pth,740b39653592bd3f49955a21cd9e16f2d37f2c413368cc09327601b8fbe42ce1,https://raw.githubusercontent.com/Zheng222/IMDN/master/checkpoints/IMDN_x2.pth,DIV2K,bicubic,1024,768,1024,768,False,38.072664558894175,0.977927262009196,36.46942087268129,0.9720990448669777,103.3242172241211,103.26172637939453,0.893673051799848,101.98585510253906,105.23020935058594,3,10,1024,768,512,384,2.11.0+cu128,12.8,2026-08-30T20:12:21.506157+00:00,3.13.15,2.1.3,11.3.0,0.25.2,Linux-6.6.122+-x86_64-with-glibc2.35,x86_64
Urban100,img_094.png,x2,imdn,prepared_bicubic_lr,img_094.png,2,native_model_grid_then_full_target_size_adjustment,gaussian_11x11_sigma_1.5_population_covariance,rgb_model,gpu,model_forward_only_cuda_events,Tesla T4,14912.6875,685.91943359375,694404,IMDN_x2.pth,740b39653592bd3f49955a21cd9e16f2d37f2c413368cc09327601b8fbe42ce1,https://raw.githubusercontent.com/Zheng222/IMDN/master/checkpoints/IMDN_x2.pth,DIV2K,bicubic,1024,768,1024,768,False,31.654935447952724,0.9162255294073817,30.23270964704629,0.9033816552561995,102.26576080322266,102.25363159179688,0.4098375997622019,101.67091369628906,102.87580871582031,3,10,1024,768,512,384,2.11.0+cu128,12.8,2026-08-30T20:12:23.787248+00:00,3.13.15,2.1.3,11.3.0,0.25.2,Linux-6.6.122+-x86_64-with-glibc2.35,x86_64
Urban100,img_095.png,x2,imdn,prepared_bicubic_lr,img_095.png,2,native_model_grid_then_full_target_size_adjustment,gaussian_11x11_sigma_1.5_population_covariance,rgb_model,gpu,model_forward_only_cuda_events,Tesla T4,14912.6875,685.91943359375,694404,IMDN_x2.pth,740b39653592bd3f49955a21cd9e16f2d37f2c413368cc09327601b8fbe42ce1,https://raw.githubusercontent.com/Zheng222/IMDN/master/checkpoints/IMDN_x2.pth,DIV2K,bicubic,1024,768,1024,768,False,24.000860404595574,0.765498200608321,22.677368455708642,0.7583593322184609,103.36964874267578,103.33184051513672,0.723570204227496,102.44707489013672,104.82592010498047,3,10,1024,768,512,384,2.11.0+cu128,12.8,2026-08-30T20:12:26.362372+00:00,3.13.15,2.1.3,11.3.0,0.25.2,Linux-6.6.122+-x86_64-with-glibc2.35,x86_64
Urban100,img_096.png,x2,imdn,prepared_bicubic_lr,img_096.png,2,native_model_grid_then_full_target_size_adjustment,gaussian_11x11_sigma_1.5_population_covariance,rgb_model,gpu,model_forward_only_cuda_events,Tesla T4,14912.6875,685.91943359375,694404,IMDN_x2.pth,740b39653592bd3f49955a21cd9e16f2d37f2c413368cc09327601b8fbe42ce1,https://raw.githubusercontent.com/Zheng222/IMDN/master/checkpoints/IMDN_x2.pth,DIV2K,bicubic,1024,768,1024,768,False,33.06468304970891,0.9768920929706416,31.592595712607473,0.9722019516295896,103.17130508422852,103.30111694335938,0.5636065244901928,101.95977783203125,104.0711669921875,3,10,1024,768,512,384,2.11.0+cu128,12.8,2026-08-30T20:12:28.935739+00:00,3.13.15,2.1.3,11.3.0,0.25.2,Linux-6.6.122+-x86_64-with-glibc2.35,x86_64
Urban100,img_097.png,x2,imdn,prepared_bicubic_lr,img_097.png,2,native_model_grid_then_full_target_size_adjustment,gaussian_11x11_sigma_1.5_population_covariance,rgb_model,gpu,model_forward_only_cuda_events,Tesla T4,14912.6875,607.6923828125,694404,IMDN_x2.pth,740b39653592bd3f49955a21cd9e16f2d37f2c413368cc09327601b8fbe42ce1,https://raw.githubusercontent.com/Zheng222/IMDN/master/checkpoints/IMDN_x2.pth,DIV2K,bicubic,1024,680,1024,680,False,29.9395182552469,0.9212661622131944,28.47879185286353,0.9141257139572206,91.36247024536132,91.31243133544922,0.6411855489849035,90.46784210205078,92.98416137695312,3,10,1024,680,512,340,2.11.0+cu128,12.8,2026-08-30T20:12:30.970902+00:00,3.13.15,2.1.3,11.3.0,0.25.2,Linux-6.6.122+-x86_64-with-glibc2.35,x86_64
Urban100,img_098.png,x2,imdn,prepared_bicubic_lr,img_098.png,2,native_model_grid_then_full_target_size_adjustment,gaussian_11x11_sigma_1.5_population_covariance,rgb_model,gpu,model_forward_only_cuda_events,Tesla T4,14912.6875,607.6923828125,694404,IMDN_x2.pth,740b39653592bd3f49955a21cd9e16f2d37f2c413368cc09327601b8fbe42ce1,https://raw.githubusercontent.com/Zheng222/IMDN/master/checkpoints/IMDN_x2.pth,DIV2K,bicubic,1024,680,1024,680,False,24.464857317953737,0.8113868622292254,23.098330210397897,0.8030204800049026,91.98865585327148,91.84566497802734,0.5510598133839449,91.33897399902344,92.71894073486328,3,10,1024,680,512,340,2.11.0+cu128,12.8,2026-08-30T20:12:32.936234+00:00,3.13.15,2.1.3,11.3.0,0.25.2,Linux-6.6.122+-x86_64-with-glibc2.35,x86_64
Urban100,img_099.png,x2,imdn,prepared_bicubic_lr,img_099.png,2,native_model_grid_then_full_target_size_adjustment,gaussian_11x11_sigma_1.5_population_covariance,rgb_model,gpu,model_forward_only_cuda_events,Tesla T4,14912.6875,717.947265625,694404,IMDN_x2.pth,740b39653592bd3f49955a21cd9e16f2d37f2c413368cc09327601b8fbe42ce1,https://raw.githubusercontent.com/Zheng222/IMDN/master/checkpoints/IMDN_x2.pth,DIV2K,bicubic,1024,804,1024,804,False,32.89690807423802,0.9525989905087203,29.51472769935052,0.9280856020183242,107.39530868530274,107.17127990722656,0.7078159712354914,106.491455078125,108.9454116821289,3,10,1024,804,512,402,2.11.0+cu128,12.8,2026-08-30T20:12:35.238496+00:00,3.13.15,2.1.3,11.3.0,0.25.2,Linux-6.6.122+-x86_64-with-glibc2.35,x86_64
Urban100,img_100.png,x2,imdn,prepared_bicubic_lr,img_100.png,2,native_model_grid_then_full_target_size_adjustment,gaussian_11x11_sigma_1.5_population_covariance,rgb_model,gpu,model_forward_only_cuda_events,Tesla T4,14912.6875,913.67138671875,694404,IMDN_x2.pth,740b39653592bd3f49955a21cd9e16f2d37f2c413368cc09327601b8fbe42ce1,https://raw.githubusercontent.com/Zheng222/IMDN/master/checkpoints/IMDN_x2.pth,DIV2K,bicubic,1024,1024,1024,1024,False,29.14741927234218,0.8602726049514772,24.764362446901774,0.8380865262134002,137.07855377197265,136.78582763671875,1.118541487946994,135.23519897460938,138.7888641357422,3,10,1024,1024,512,512,2.11.0+cu128,12.8,2026-08-30T20:12:38.199880+00:00,3.13.15,2.1.3,11.3.0,0.25.2,Linux-6.6.122+-x86_64-with-glibc2.35,x86_64
Set5,baby.png,x3,imdn,prepared_bicubic_lr,baby.png,3,native_model_grid_then_full_target_size_adjustment,gaussian_11x11_sigma_1.5_population_covariance,rgb_model,gpu,model_forward_only_cuda_events,Tesla T4,14912.6875,104.78369140625,703059,IMDN_x3.pth,11b1716a19bc16e5e353e1db798d476169338e631eb170c82d765559888cb028,https://raw.githubusercontent.com/Zheng222/IMDN/master/checkpoints/IMDN_x3.pth,DIV2K,bicubic,510,510,512,512,True,35.68436409940969,0.9297472440271178,34.15066629237852,0.9127253826534485,16.299964427947998,16.23974323272705,0.26633628118521446,15.732735633850098,16.72643280029297,3,10,512,512,170,170,2.11.0+cu128,12.8,2026-08-30T20:12:38.800264+00:00,3.13.15,2.1.3,11.3.0,0.25.2,Linux-6.6.122+-x86_64-with-glibc2.35,x86_64
Set5,bird.png,x3,imdn,prepared_bicubic_lr,bird.png,3,native_model_grid_then_full_target_size_adjustment,gaussian_11x11_sigma_1.5_population_covariance,rgb_model,gpu,model_forward_only_cuda_events,Tesla T4,14912.6875,35.2509765625,703059,IMDN_x3.pth,11b1716a19bc16e5e353e1db798d476169338e631eb170c82d765559888cb028,https://raw.githubusercontent.com/Zheng222/IMDN/master/checkpoints/IMDN_x3.pth,DIV2K,bicubic,288,288,288,288,False,38.193104453741746,0.9725596012115277,35.82300682516425,0.9589012950933166,4.46911039352417,4.4029600620269775,0.13780180006128534,4.317183971405029,4.693759918212891,3,10,288,288,96,96,2.11.0+cu128,12.8,2026-08-30T20:12:38.968011+00:00,3.13.15,2.1.3,11.3.0,0.25.2,Linux-6.6.122+-x86_64-with-glibc2.35,x86_64
Set5,butterfly.png,x3,imdn,prepared_bicubic_lr,butterfly.png,3,native_model_grid_then_full_target_size_adjustment,gaussian_11x11_sigma_1.5_population_covariance,rgb_model,gpu,model_forward_only_cuda_events,Tesla T4,14912.6875,28.220703125,703059,IMDN_x3.pth,11b1716a19bc16e5e353e1db798d476169338e631eb170c82d765559888cb028,https://raw.githubusercontent.com/Zheng222/IMDN/master/checkpoints/IMDN_x3.pth,DIV2K,bicubic,255,255,256,256,True,30.836729312630222,0.9500130530406881,29.355192724526262,0.9359714480696567,7.695097494125366,7.802464008331299,0.4768376981258411,6.899807929992676,8.516511917114258,3,10,256,256,85,85,2.11.0+cu128,12.8,2026-08-30T20:12:39.215613+00:00,3.13.15,2.1.3,11.3.0,0.25.2,Linux-6.6.122+-x86_64-with-glibc2.35,x86_64
Set5,head.png,x3,imdn,prepared_bicubic_lr,head.png,3,native_model_grid_then_full_target_size_adjustment,gaussian_11x11_sigma_1.5_population_covariance,rgb_model,gpu,model_forward_only_cuda_events,Tesla T4,14912.6875,33.25048828125,703059,IMDN_x3.pth,11b1716a19bc16e5e353e1db798d476169338e631eb170c82d765559888cb028,https://raw.githubusercontent.com/Zheng222/IMDN/master/checkpoints/IMDN_x3.pth,DIV2K,bicubic,279,279,280,280,True,34.1388010808813,0.8360948000397468,30.842630386396177,0.7646891874331038,6.7705151557922365,7.034447908401489,0.8082182560143395,5.796095848083496,8.052224159240723,3,10,280,280,93,93,2.11.0+cu128,12.8,2026-08-30T20:12:39.460368+00:00,3.13.15,2.1.3,11.3.0,0.25.2,Linux-6.6.122+-x86_64-with-glibc2.35,x86_64
Set5,woman.png,x3,imdn,prepared_bicubic_lr,woman.png,3,native_model_grid_then_full_target_size_adjustment,gaussian_11x11_sigma_1.5_population_covariance,rgb_model,gpu,model_forward_only_cuda_events,Tesla T4,14912.6875,45.99365234375,703059,IMDN_x3.pth,11b1716a19bc16e5e353e1db798d476169338e631eb170c82d765559888cb028,https://raw.githubusercontent.com/Zheng222/IMDN/master/checkpoints/IMDN_x3.pth,DIV2K,bicubic,228,342,228,344,True,32.964732481267056,0.9450315367622313,31.581401740816894,0.9372971540072413,6.352847909927368,5.8718719482421875,1.2131720302837385,5.539840221405029,9.719807624816895,3,10,228,344,76,114,2.11.0+cu128,12.8,2026-08-30T20:12:39.676780+00:00,3.13.15,2.1.3,11.3.0,0.25.2,Linux-6.6.122+-x86_64-with-glibc2.35,x86_64
Set14,baboon.png,x3,imdn,prepared_bicubic_lr,baboon.png,3,native_model_grid_then_full_target_size_adjustment,gaussian_11x11_sigma_1.5_population_covariance,rgb_model,gpu,model_forward_only_cuda_events,Tesla T4,14912.6875,97.064453125,703059,IMDN_x3.pth,11b1716a19bc16e5e353e1db798d476169338e631eb170c82d765559888cb028,https://raw.githubusercontent.com/Zheng222/IMDN/master/checkpoints/IMDN_x3.pth,DIV2K,bicubic,498,480,500,480,True,24.043605968215612,0.6400097005235055,21.927637177550523,0.5747777108354317,14.795807933807373,14.83296012878418,0.5106470900889013,13.361760139465332,15.298175811767578,3,10,500,480,166,160,2.11.0+cu128,12.8,2026-08-30T20:12:40.211813+00:00,3.13.15,2.1.3,11.3.0,0.25.2,Linux-6.6.122+-x86_64-with-glibc2.35,x86_64
Set14,barbara.png,x3,imdn,prepared_bicubic_lr,barbara.png,3,native_model_grid_then_full_target_size_adjustment,gaussian_11x11_sigma_1.5_population_covariance,rgb_model,gpu,model_forward_only_cuda_events,Tesla T4,14912.6875,166.7197265625,703059,IMDN_x3.pth,11b1716a19bc16e5e353e1db798d476169338e631eb170c82d765559888cb028,https://raw.githubusercontent.com/Zheng222/IMDN/master/checkpoints/IMDN_x3.pth,DIV2K,bicubic,720,576,720,576,False,26.955212500372546,0.7984345636082077,25.439073588682625,0.7706090131574953,24.20083522796631,23.99436855316162,0.541495572207766,23.50943946838379,25.225887298583984,3,10,720,576,240,192,2.11.0+cu128,12.8,2026-08-30T20:12:41.135530+00:00,3.13.15,2.1.3,11.3.0,0.25.2,Linux-6.6.122+-x86_64-with-glibc2.35,x86_64
Set14,bridge.png,x3,imdn,prepared_bicubic_lr,bridge.png,3,native_model_grid_then_full_target_size_adjustment,gaussian_11x11_sigma_1.5_population_covariance,rgb_model,gpu,model_forward_only_cuda_events,Tesla T4,14912.6875,104.78369140625,703059,IMDN_x3.pth,11b1716a19bc16e5e353e1db798d476169338e631eb170c82d765559888cb028,https://raw.githubusercontent.com/Zheng222/IMDN/master/checkpoints/IMDN_x3.pth,DIV2K,bicubic,510,510,512,512,True,26.768979516325707,0.738058847792066,25.444408893680652,0.7226113816879258,16.293603324890135,16.28894329071045,0.2809835394219512,15.71401596069336,16.697248458862305,3,10,512,512,170,170,2.11.0+cu128,12.8,2026-08-30T20:12:41.745413+00:00,3.13.15,2.1.3,11.3.0,0.25.2,Linux-6.6.122+-x86_64-with-glibc2.35,x86_64
Set14,coastguard.png,x3,imdn,prepared_bicubic_lr,coastguard.png,3,native_model_grid_then_full_target_size_adjustment,gaussian_11x11_sigma_1.5_population_covariance,rgb_model,gpu,model_forward_only_cuda_events,Tesla T4,14912.6875,42.80078125,703059,IMDN_x3.pth,11b1716a19bc16e5e353e1db798d476169338e631eb170c82d765559888cb028,https://raw.githubusercontent.com/Zheng222/IMDN/master/checkpoints/IMDN_x3.pth,DIV2K,bicubic,351,288,352,288,True,27.50026710469076,0.6762254685305171,26.169699647983713,0.6477530674411778,5.834182357788086,5.660415887832642,0.39161100808072663,5.527552127838135,6.879231929779053,3,10,352,288,117,96,2.11.0+cu128,12.8,2026-08-30T20:12:42.005232+00:00,3.13.15,2.1.3,11.3.0,0.25.2,Linux-6.6.122+-x86_64-with-glibc2.35,x86_64
Set14,comic.png,x3,imdn,prepared_bicubic_lr,comic.png,3,native_model_grid_then_full_target_size_adjustment,gaussian_11x11_sigma_1.5_population_covariance,rgb_model,gpu,model_forward_only_cuda_events,Tesla T4,14912.6875,38.10107421875,703059,IMDN_x3.pth,11b1716a19bc16e5e353e1db798d476169338e631eb170c82d765559888cb028,https://raw.githubusercontent.com/Zheng222/IMDN/master/checkpoints/IMDN_x3.pth,DIV2K,bicubic,249,360,250,361,True,25.595526220329873,0.8335105893859575,24.102991461741365,0.8200632579610431,7.65665283203125,7.71340799331665,1.107118361814414,5.343008041381836,9.162752151489258,3,10,250,361,83,120,2.11.0+cu128,12.8,2026-08-30T20:12:42.276918+00:00,3.13.15,2.1.3,11.3.0,0.25.2,Linux-6.6.122+-x86_64-with-glibc2.35,x86_64
Set14,face.png,x3,imdn,prepared_bicubic_lr,face.png,3,native_model_grid_then_full_target_size_adjustment,gaussian_11x11_sigma_1.5_population_covariance,rgb_model,gpu,model_forward_only_cuda_events,Tesla T4,14912.6875,32.59521484375,703059,IMDN_x3.pth,11b1716a19bc16e5e353e1db798d476169338e631eb170c82d765559888cb028,https://raw.githubusercontent.com/Zheng222/IMDN/master/checkpoints/IMDN_x3.pth,DIV2K,bicubic,276,276,276,276,False,34.11151457173585,0.8361624620597365,30.8224382974035,0.7653082176655562,5.435980701446534,5.360591888427734,0.19535957423583647,5.234687805175781,5.937151908874512,3,10,276,276,92,92,2.11.0+cu128,12.8,2026-08-30T20:12:42.493153+00:00,3.13.15,2.1.3,11.3.0,0.25.2,Linux-6.6.122+-x86_64-with-glibc2.35,x86_64
Set14,flowers.png,x3,imdn,prepared_bicubic_lr,flowers.png,3,native_model_grid_then_full_target_size_adjustment,gaussian_11x11_sigma_1.5_population_covariance,rgb_model,gpu,model_forward_only_cuda_events,Tesla T4,14912.6875,73.83056640625,703059,IMDN_x3.pth,11b1716a19bc16e5e353e1db798d476169338e631eb170c82d765559888cb028,https://raw.githubusercontent.com/Zheng222/IMDN/master/checkpoints/IMDN_x3.pth,DIV2K,bicubic,498,360,500,362,True,30.542421011084038,0.8821114813411364,28.437036247382203,0.8593912150673759,11.155660724639892,11.304751873016357,0.8577047695357645,9.221023559570312,12.571423530578613,3,10,500,362,166,120,2.11.0+cu128,12.8,2026-08-30T20:12:42.914606+00:00,3.13.15,2.1.3,11.3.0,0.25.2,Linux-6.6.122+-x86_64-with-glibc2.35,x86_64
Set14,foreman.png,x3,imdn,prepared_bicubic_lr,foreman.png,3,native_model_grid_then_full_target_size_adjustment,gaussian_11x11_sigma_1.5_population_covariance,rgb_model,gpu,model_forward_only_cuda_events,Tesla T4,14912.6875,42.80078125,703059,IMDN_x3.pth,11b1716a19bc16e5e353e1db798d476169338e631eb170c82d765559888cb028,https://raw.githubusercontent.com/Zheng222/IMDN/master/checkpoints/IMDN_x3.pth,DIV2K,bicubic,351,288,352,288,True,35.26131659637994,0.9495804834922774,33.55777699370816,0.9370581313902814,7.167158365249634,7.127311944961548,0.20023761984252594,6.952383995056152,7.688191890716553,3,10,352,288,117,96,2.11.0+cu128,12.8,2026-08-30T20:12:43.226610+00:00,3.13.15,2.1.3,11.3.0,0.25.2,Linux-6.6.122+-x86_64-with-glibc2.35,x86_64
Set14,lenna.png,x3,imdn,prepared_bicubic_lr,lenna.png,3,native_model_grid_then_full_target_size_adjustment,gaussian_11x11_sigma_1.5_population_covariance,rgb_model,gpu,model_forward_only_cuda_events,Tesla T4,14912.6875,104.78369140625,703059,IMDN_x3.pth,11b1716a19bc16e5e353e1db798d476169338e631eb170c82d765559888cb028,https://raw.githubusercontent.com/Zheng222/IMDN/master/checkpoints/IMDN_x3.pth,DIV2K,bicubic,510,510,512,512,True,34.449719806565035,0.8955870121196104,31.98669511589209,0.8259316452496582,16.43707208633423,16.58510398864746,0.3662691794320093,15.648159980773926,16.894176483154297,3,10,512,512,170,170,2.11.0+cu128,12.8,2026-08-30T20:12:43.767794+00:00,3.13.15,2.1.3,11.3.0,0.25.2,Linux-6.6.122+-x86_64-with-glibc2.35,x86_64
Set14,man.png,x3,imdn,prepared_bicubic_lr,man.png,3,native_model_grid_then_full_target_size_adjustment,gaussian_11x11_sigma_1.5_population_covariance,rgb_model,gpu,model_forward_only_cuda_events,Tesla T4,14912.6875,104.78369140625,703059,IMDN_x3.pth,11b1716a19bc16e5e353e1db798d476169338e631eb170c82d765559888cb028,https://raw.githubusercontent.com/Zheng222/IMDN/master/checkpoints/IMDN_x3.pth,DIV2K,bicubic,510,510,512,512,True,28.90685985152015,0.8163432697793273,27.580209092829726,0.7984318955544799,16.311664009094237,16.27932834625244,0.21163193669420063,15.799360275268555,16.567487716674805,3,10,512,512,170,170,2.11.0+cu128,12.8,2026-08-30T20:12:44.258908+00:00,3.13.15,2.1.3,11.3.0,0.25.2,Linux-6.6.122+-x86_64-with-glibc2.35,x86_64
Set14,monarch.png,x3,imdn,prepared_bicubic_lr,monarch.png,3,native_model_grid_then_full_target_size_adjustment,gaussian_11x11_sigma_1.5_population_covariance,rgb_model,gpu,model_forward_only_cuda_events,Tesla T4,14912.6875,156.8369140625,703059,IMDN_x3.pth,11b1716a19bc16e5e353e1db798d476169338e631eb170c82d765559888cb028,https://raw.githubusercontent.com/Zheng222/IMDN/master/checkpoints/IMDN_x3.pth,DIV2K,bicubic,768,510,768,512,True,35.582728002497824,0.9643259286667156,34.06739747334725,0.953736689086757,22.786733055114745,22.733248710632324,0.3249563552255877,22.33776092529297,23.308544158935547,3,10,768,512,256,170,2.11.0+cu128,12.8,2026-08-30T20:12:44.996250+00:00,3.13.15,2.1.3,11.3.0,0.25.2,Linux-6.6.122+-x86_64-with-glibc2.35,x86_64
Set14,pepper.png,x3,imdn,prepared_bicubic_lr,pepper.png,3,native_model_grid_then_full_target_size_adjustment,gaussian_11x11_sigma_1.5_population_covariance,rgb_model,gpu,model_forward_only_cuda_events,Tesla T4,14912.6875,104.78369140625,703059,IMDN_x3.pth,11b1716a19bc16e5e353e1db798d476169338e631eb170c82d765559888cb028,https://raw.githubusercontent.com/Zheng222/IMDN/master/checkpoints/IMDN_x3.pth,DIV2K,bicubic,510,510,512,512,True,35.64402499398133,0.8997114191126624,32.32768681819283,0.8194293253928472,16.452265548706055,16.527952194213867,0.41453217393425074,15.30838394165039,16.906784057617188,3,10,512,512,170,170,2.11.0+cu128,12.8,2026-08-30T20:12:45.536147+00:00,3.13.15,2.1.3,11.3.0,0.25.2,Linux-6.6.122+-x86_64-with-glibc2.35,x86_64
Set14,ppt3.png,x3,imdn,prepared_bicubic_lr,ppt3.png,3,native_model_grid_then_full_target_size_adjustment,gaussian_11x11_sigma_1.5_population_covariance,rgb_model,gpu,model_forward_only_cuda_events,Tesla T4,14912.6875,138.228515625,703059,IMDN_x3.pth,11b1716a19bc16e5e353e1db798d476169338e631eb170c82d765559888cb028,https://raw.githubusercontent.com/Zheng222/IMDN/master/checkpoints/IMDN_x3.pth,DIV2K,bicubic,528,654,529,656,True,28.677228963081618,0.9709538469432466,27.096576669301164,0.9604324897085137,20.262137603759765,20.110992431640625,0.2940186007302656,19.97702407836914,20.787456512451172,3,10,529,656,176,218,2.11.0+cu128,12.8,2026-08-30T20:12:46.103177+00:00,3.13.15,2.1.3,11.3.0,0.25.2,Linux-6.6.122+-x86_64-with-glibc2.35,x86_64
Set14,zebra.png,x3,imdn,prepared_bicubic_lr,zebra.png,3,native_model_grid_then_full_target_size_adjustment,gaussian_11x11_sigma_1.5_population_covariance,rgb_model,gpu,model_forward_only_cuda_events,Tesla T4,14912.6875,92.83203125,703059,IMDN_x3.pth,11b1716a19bc16e5e353e1db798d476169338e631eb170c82d765559888cb028,https://raw.githubusercontent.com/Zheng222/IMDN/master/checkpoints/IMDN_x3.pth,DIV2K,bicubic,585,390,586,391,True,30.272324597364175,0.864983711462736,28.884536106234897,0.8554336433138285,14.484131240844727,14.557360172271729,0.5099389547360768,13.219840049743652,15.351327896118164,3,10,586,391,195,130,2.11.0+cu128,12.8,2026-08-30T20:12:46.556090+00:00,3.13.15,2.1.3,11.3.0,0.25.2,Linux-6.6.122+-x86_64-with-glibc2.35,x86_64
BSD100,101085.png,x3,imdn,prepared_bicubic_lr,101085.png,3,native_model_grid_then_full_target_size_adjustment,gaussian_11x11_sigma_1.5_population_covariance,rgb_model,gpu,model_forward_only_cuda_events,Tesla T4,14912.6875,63.28515625,703059,IMDN_x3.pth,11b1716a19bc16e5e353e1db798d476169338e631eb170c82d765559888cb028,https://raw.githubusercontent.com/Zheng222/IMDN/master/checkpoints/IMDN_x3.pth,DIV2K,bicubic,321,480,321,481,True,25.034073909762963,0.6638675560500197,23.70633341938703,0.6379579146269979,9.110617733001709,9.540607929229736,0.7688203125557862,7.434080123901367,9.743391990661621,3,10,321,481,107,160,2.11.0+cu128,12.8,2026-08-30T20:12:46.922652+00:00,3.13.15,2.1.3,11.3.0,0.25.2,Linux-6.6.122+-x86_64-with-glibc2.35,x86_64
BSD100,101087.png,x3,imdn,prepared_bicubic_lr,101087.png,3,native_model_grid_then_full_target_size_adjustment,gaussian_11x11_sigma_1.5_population_covariance,rgb_model,gpu,model_forward_only_cuda_events,Tesla T4,14912.6875,63.28515625,703059,IMDN_x3.pth,11b1716a19bc16e5e353e1db798d476169338e631eb170c82d765559888cb028,https://raw.githubusercontent.com/Zheng222/IMDN/master/checkpoints/IMDN_x3.pth,DIV2K,bicubic,321,480,321,481,True,30.099756480874905,0.8586664374523301,28.78342132704192,0.8475474362784694,9.079693031311034,9.514400005340576,0.7739284128635472,7.477248191833496,9.73574447631836,3,10,321,481,107,160,2.11.0+cu128,12.8,2026-08-30T20:12:47.247251+00:00,3.13.15,2.1.3,11.3.0,0.25.2,Linux-6.6.122+-x86_64-with-glibc2.35,x86_64
BSD100,102061.png,x3,imdn,prepared_bicubic_lr,102061.png,3,native_model_grid_then_full_target_size_adjustment,gaussian_11x11_sigma_1.5_population_covariance,rgb_model,gpu,model_forward_only_cuda_events,Tesla T4,14912.6875,63.28515625,703059,IMDN_x3.pth,11b1716a19bc16e5e353e1db798d476169338e631eb170c82d765559888cb028,https://raw.githubusercontent.com/Zheng222/IMDN/master/checkpoints/IMDN_x3.pth,DIV2K,bicubic,321,480,321,481,True,27.686966909688444,0.8516264119865038,26.346562049948275,0.836791475515278,9.10509443283081,9.429088115692139,0.5853280606074484,8.013824462890625,9.592864036560059,3,10,321,481,107,160,2.11.0+cu128,12.8,2026-08-30T20:12:47.541262+00:00,3.13.15,2.1.3,11.3.0,0.25.2,Linux-6.6.122+-x86_64-with-glibc2.35,x86_64
BSD100,103070.png,x3,imdn,prepared_bicubic_lr,103070.png,3,native_model_grid_then_full_target_size_adjustment,gaussian_11x11_sigma_1.5_population_covariance,rgb_model,gpu,model_forward_only_cuda_events,Tesla T4,14912.6875,63.28515625,703059,IMDN_x3.pth,11b1716a19bc16e5e353e1db798d476169338e631eb170c82d765559888cb028,https://raw.githubusercontent.com/Zheng222/IMDN/master/checkpoints/IMDN_x3.pth,DIV2K,bicubic,480,321,481,321,True,32.20176698930736,0.8985463592606612,30.847870845617482,0.8885370099181039,8.719887971878052,8.745952129364014,0.6119973793824696,7.702400207519531,9.984000205993652,3,10,481,321,160,107,2.11.0+cu128,12.8,2026-08-30T20:12:47.841678+00:00,3.13.15,2.1.3,11.3.0,0.25.2,Linux-6.6.122+-x86_64-with-glibc2.35,x86_64
BSD100,105025.png,x3,imdn,prepared_bicubic_lr,105025.png,3,native_model_grid_then_full_target_size_adjustment,gaussian_11x11_sigma_1.5_population_covariance,rgb_model,gpu,model_forward_only_cuda_events,Tesla T4,14912.6875,63.28515625,703059,IMDN_x3.pth,11b1716a19bc16e5e353e1db798d476169338e631eb170c82d765559888cb028,https://raw.githubusercontent.com/Zheng222/IMDN/master/checkpoints/IMDN_x3.pth,DIV2K,bicubic,480,321,481,321,True,27.47327928926662,0.786071305304831,26.13942512384564,0.7713561321370711,8.60024003982544,9.0480637550354,0.7407258635329421,7.1063361167907715,9.238112449645996,3,10,481,321,160,107,2.11.0+cu128,12.8,2026-08-30T20:12:48.132826+00:00,3.13.15,2.1.3,11.3.0,0.25.2,Linux-6.6.122+-x86_64-with-glibc2.35,x86_64
BSD100,106024.png,x3,imdn,prepared_bicubic_lr,106024.png,3,native_model_grid_then_full_target_size_adjustment,gaussian_11x11_sigma_1.5_population_covariance,rgb_model,gpu,model_forward_only_cuda_events,Tesla T4,14912.6875,63.28515625,703059,IMDN_x3.pth,11b1716a19bc16e5e353e1db798d476169338e631eb170c82d765559888cb028,https://raw.githubusercontent.com/Zheng222/IMDN/master/checkpoints/IMDN_x3.pth,DIV2K,bicubic,480,321,481,321,True,35.243110535738225,0.9214537781341962,33.84448734793885,0.9113237986412027,8.631903791427613,8.964639663696289,0.6878936235896037,7.4048638343811035,9.24454402923584,3,10,481,321,160,107,2.11.0+cu128,12.8,2026-08-30T20:12:48.415911+00:00,3.13.15,2.1.3,11.3.0,0.25.2,Linux-6.6.122+-x86_64-with-glibc2.35,x86_64
BSD100,108005.png,x3,imdn,prepared_bicubic_lr,108005.png,3,native_model_grid_then_full_target_size_adjustment,gaussian_11x11_sigma_1.5_population_covariance,rgb_model,gpu,model_forward_only_cuda_events,Tesla T4,14912.6875,63.28515625,703059,IMDN_x3.pth,11b1716a19bc16e5e353e1db798d476169338e631eb170c82d765559888cb028,https://raw.githubusercontent.com/Zheng222/IMDN/master/checkpoints/IMDN_x3.pth,DIV2K,bicubic,480,321,481,321,True,28.542756771907033,0.8428016635852156,27.217429896035053,0.8230852104343577,8.455996799468995,8.695631980895996,0.6212981740371258,7.457087993621826,9.071968078613281,3,10,481,321,160,107,2.11.0+cu128,12.8,2026-08-30T20:12:48.702784+00:00,3.13.15,2.1.3,11.3.0,0.25.2,Linux-6.6.122+-x86_64-with-glibc2.35,x86_64
BSD100,108070.png,x3,imdn,prepared_bicubic_lr,108070.png,3,native_model_grid_then_full_target_size_adjustment,gaussian_11x11_sigma_1.5_population_covariance,rgb_model,gpu,model_forward_only_cuda_events,Tesla T4,14912.6875,63.28515625,703059,IMDN_x3.pth,11b1716a19bc16e5e353e1db798d476169338e631eb170c82d765559888cb028,https://raw.githubusercontent.com/Zheng222/IMDN/master/checkpoints/IMDN_x3.pth,DIV2K,bicubic,480,321,481,321,True,24.358501012224774,0.7032086676233912,23.051780267729672,0.6762991078543868,8.574428749084472,8.906847953796387,0.7007922917671588,7.379839897155762,9.234399795532227,3,10,481,321,160,107,2.11.0+cu128,12.8,2026-08-30T20:12:49.004846+00:00,3.13.15,2.1.3,11.3.0,0.25.2,Linux-6.6.122+-x86_64-with-glibc2.35,x86_64
BSD100,108082.png,x3,imdn,prepared_bicubic_lr,108082.png,3,native_model_grid_then_full_target_size_adjustment,gaussian_11x11_sigma_1.5_population_covariance,rgb_model,gpu,model_forward_only_cuda_events,Tesla T4,14912.6875,63.28515625,703059,IMDN_x3.pth,11b1716a19bc16e5e353e1db798d476169338e631eb170c82d765559888cb028,https://raw.githubusercontent.com/Zheng222/IMDN/master/checkpoints/IMDN_x3.pth,DIV2K,bicubic,480,321,481,321,True,28.90455488495356,0.8483035347792887,27.563254327446845,0.8331194845000717,8.526684713363647,8.820607662200928,0.6563436816524311,7.327328205108643,9.066847801208496,3,10,481,321,160,107,2.11.0+cu128,12.8,2026-08-30T20:12:49.294244+00:00,3.13.15,2.1.3,11.3.0,0.25.2,Linux-6.6.122+-x86_64-with-glibc2.35,x86_64
BSD100,109053.png,x3,imdn,prepared_bicubic_lr,109053.png,3,native_model_grid_then_full_target_size_adjustment,gaussian_11x11_sigma_1.5_population_covariance,rgb_model,gpu,model_forward_only_cuda_events,Tesla T4,14912.6875,63.28515625,703059,IMDN_x3.pth,11b1716a19bc16e5e353e1db798d476169338e631eb170c82d765559888cb028,https://raw.githubusercontent.com/Zheng222/IMDN/master/checkpoints/IMDN_x3.pth,DIV2K,bicubic,480,321,481,321,True,30.79654090189051,0.8591318176884359,29.449081745739555,0.8452101594775128,8.460995197296143,8.938496112823486,0.7815718174767051,7.026144027709961,9.103679656982422,3,10,481,321,160,107,2.11.0+cu128,12.8,2026-08-30T20:12:49.583354+00:00,3.13.15,2.1.3,11.3.0,0.25.2,Linux-6.6.122+-x86_64-with-glibc2.35,x86_64
BSD100,119082.png,x3,imdn,prepared_bicubic_lr,119082.png,3,native_model_grid_then_full_target_size_adjustment,gaussian_11x11_sigma_1.5_population_covariance,rgb_model,gpu,model_forward_only_cuda_events,Tesla T4,14912.6875,63.28515625,703059,IMDN_x3.pth,11b1716a19bc16e5e353e1db798d476169338e631eb170c82d765559888cb028,https://raw.githubusercontent.com/Zheng222/IMDN/master/checkpoints/IMDN_x3.pth,DIV2K,bicubic,480,321,481,321,True,26.386382353199735,0.8161926057231095,25.074735748302434,0.8002564014081018,8.602806282043456,9.148128032684326,0.933052797681466,6.8829121589660645,9.495871543884277,3,10,481,321,160,107,2.11.0+cu128,12.8,2026-08-30T20:12:49.883115+00:00,3.13.15,2.1.3,11.3.0,0.25.2,Linux-6.6.122+-x86_64-with-glibc2.35,x86_64
BSD100,12084.png,x3,imdn,prepared_bicubic_lr,12084.png,3,native_model_grid_then_full_target_size_adjustment,gaussian_11x11_sigma_1.5_population_covariance,rgb_model,gpu,model_forward_only_cuda_events,Tesla T4,14912.6875,63.28515625,703059,IMDN_x3.pth,11b1716a19bc16e5e353e1db798d476169338e631eb170c82d765559888cb028,https://raw.githubusercontent.com/Zheng222/IMDN/master/checkpoints/IMDN_x3.pth,DIV2K,bicubic,480,321,481,321,True,30.029633923029486,0.8396837211108881,28.599498227658792,0.8272230494554341,8.614086437225343,8.917167663574219,0.49826569787578046,7.665664196014404,9.066847801208496,3,10,481,321,160,107,2.11.0+cu128,12.8,2026-08-30T20:12:50.175135+00:00,3.13.15,2.1.3,11.3.0,0.25.2,Linux-6.6.122+-x86_64-with-glibc2.35,x86_64
BSD100,123074.png,x3,imdn,prepared_bicubic_lr,123074.png,3,native_model_grid_then_full_target_size_adjustment,gaussian_11x11_sigma_1.5_population_covariance,rgb_model,gpu,model_forward_only_cuda_events,Tesla T4,14912.6875,63.28515625,703059,IMDN_x3.pth,11b1716a19bc16e5e353e1db798d476169338e631eb170c82d765559888cb028,https://raw.githubusercontent.com/Zheng222/IMDN/master/checkpoints/IMDN_x3.pth,DIV2K,bicubic,480,321,481,321,True,31.854855321005676,0.8781846790155514,30.50158507039385,0.8673570875659541,8.537564754486084,8.818031787872314,0.6585961490749114,7.434080123901367,9.130399703979492,3,10,481,321,160,107,2.11.0+cu128,12.8,2026-08-30T20:12:50.470255+00:00,3.13.15,2.1.3,11.3.0,0.25.2,Linux-6.6.122+-x86_64-with-glibc2.35,x86_64
BSD100,126007.png,x3,imdn,prepared_bicubic_lr,126007.png,3,native_model_grid_then_full_target_size_adjustment,gaussian_11x11_sigma_1.5_population_covariance,rgb_model,gpu,model_forward_only_cuda_events,Tesla T4,14912.6875,63.28515625,703059,IMDN_x3.pth,11b1716a19bc16e5e353e1db798d476169338e631eb170c82d765559888cb028,https://raw.githubusercontent.com/Zheng222/IMDN/master/checkpoints/IMDN_x3.pth,DIV2K,bicubic,480,321,481,321,True,31.339499826707147,0.8799166059200318,29.936983534622364,0.8614940517561531,8.6192063331604,9.075968265533447,0.6887433847379388,7.283711910247803,9.24300765991211,3,10,481,321,160,107,2.11.0+cu128,12.8,2026-08-30T20:12:50.745471+00:00,3.13.15,2.1.3,11.3.0,0.25.2,Linux-6.6.122+-x86_64-with-glibc2.35,x86_64
BSD100,130026.png,x3,imdn,prepared_bicubic_lr,130026.png,3,native_model_grid_then_full_target_size_adjustment,gaussian_11x11_sigma_1.5_population_covariance,rgb_model,gpu,model_forward_only_cuda_events,Tesla T4,14912.6875,63.28515625,703059,IMDN_x3.pth,11b1716a19bc16e5e353e1db798d476169338e631eb170c82d765559888cb028,https://raw.githubusercontent.com/Zheng222/IMDN/master/checkpoints/IMDN_x3.pth,DIV2K,bicubic,480,321,481,321,True,26.378229943555866,0.7618059718824891,25.066781410542195,0.7397460967305931,8.598464059829713,9.06716775894165,0.8045549997576411,6.906112194061279,9.309280395507812,3,10,481,321,160,107,2.11.0+cu128,12.8,2026-08-30T20:12:51.048571+00:00,3.13.15,2.1.3,11.3.0,0.25.2,Linux-6.6.122+-x86_64-with-glibc2.35,x86_64
BSD100,134035.png,x3,imdn,prepared_bicubic_lr,134035.png,3,native_model_grid_then_full_target_size_adjustment,gaussian_11x11_sigma_1.5_population_covariance,rgb_model,gpu,model_forward_only_cuda_events,Tesla T4,14912.6875,63.28515625,703059,IMDN_x3.pth,11b1716a19bc16e5e353e1db798d476169338e631eb170c82d765559888cb028,https://raw.githubusercontent.com/Zheng222/IMDN/master/checkpoints/IMDN_x3.pth,DIV2K,bicubic,480,321,481,321,True,27.33418550607943,0.8524293977512426,25.9604933372298,0.8420616250104169,8.441308784484864,8.76913595199585,0.7256210127365715,7.159232139587402,9.082880020141602,3,10,481,321,160,107,2.11.0+cu128,12.8,2026-08-30T20:12:51.334417+00:00,3.13.15,2.1.3,11.3.0,0.25.2,Linux-6.6.122+-x86_64-with-glibc2.35,x86_64
BSD100,14037.png,x3,imdn,prepared_bicubic_lr,14037.png,3,native_model_grid_then_full_target_size_adjustment,gaussian_11x11_sigma_1.5_population_covariance,rgb_model,gpu,model_forward_only_cuda_events,Tesla T4,14912.6875,63.28515625,703059,IMDN_x3.pth,11b1716a19bc16e5e353e1db798d476169338e631eb170c82d765559888cb028,https://raw.githubusercontent.com/Zheng222/IMDN/master/checkpoints/IMDN_x3.pth,DIV2K,bicubic,480,321,481,321,True,36.07457989060115,0.9216970862410166,34.678648799398566,0.9063904412586415,8.49020471572876,8.77894401550293,0.6830835650677833,7.23967981338501,9.07583999633789,3,10,481,321,160,107,2.11.0+cu128,12.8,2026-08-30T20:12:51.624287+00:00,3.13.15,2.1.3,11.3.0,0.25.2,Linux-6.6.122+-x86_64-with-glibc2.35,x86_64
BSD100,143090.png,x3,imdn,prepared_bicubic_lr,143090.png,3,native_model_grid_then_full_target_size_adjustment,gaussian_11x11_sigma_1.5_population_covariance,rgb_model,gpu,model_forward_only_cuda_events,Tesla T4,14912.6875,63.28515625,703059,IMDN_x3.pth,11b1716a19bc16e5e353e1db798d476169338e631eb170c82d765559888cb028,https://raw.githubusercontent.com/Zheng222/IMDN/master/checkpoints/IMDN_x3.pth,DIV2K,bicubic,480,321,481,321,True,34.446761001907404,0.9206668218998961,32.96553314772305,0.9104940421741836,8.662703943252563,9.055311679840088,0.6962968448088362,7.162367820739746,9.252832412719727,3,10,481,321,160,107,2.11.0+cu128,12.8,2026-08-30T20:12:51.912347+00:00,3.13.15,2.1.3,11.3.0,0.25.2,Linux-6.6.122+-x86_64-with-glibc2.35,x86_64
BSD100,145086.png,x3,imdn,prepared_bicubic_lr,145086.png,3,native_model_grid_then_full_target_size_adjustment,gaussian_11x11_sigma_1.5_population_covariance,rgb_model,gpu,model_forward_only_cuda_events,Tesla T4,14912.6875,63.28515625,703059,IMDN_x3.pth,11b1716a19bc16e5e353e1db798d476169338e631eb170c82d765559888cb028,https://raw.githubusercontent.com/Zheng222/IMDN/master/checkpoints/IMDN_x3.pth,DIV2K,bicubic,480,321,481,321,True,27.226953088545383,0.7897033780756613,25.894050324603835,0.7689609465616262,8.567075252532959,8.870239734649658,0.681102322444345,7.3335041999816895,9.199584007263184,3,10,481,321,160,107,2.11.0+cu128,12.8,2026-08-30T20:12:52.202211+00:00,3.13.15,2.1.3,11.3.0,0.25.2,Linux-6.6.122+-x86_64-with-glibc2.35,x86_64
BSD100,147091.png,x3,imdn,prepared_bicubic_lr,147091.png,3,native_model_grid_then_full_target_size_adjustment,gaussian_11x11_sigma_1.5_population_covariance,rgb_model,gpu,model_forward_only_cuda_events,Tesla T4,14912.6875,63.28515625,703059,IMDN_x3.pth,11b1716a19bc16e5e353e1db798d476169338e631eb170c82d765559888cb028,https://raw.githubusercontent.com/Zheng222/IMDN/master/checkpoints/IMDN_x3.pth,DIV2K,bicubic,480,321,481,321,True,27.315929225075067,0.8434452600099772,25.973956636852755,0.8241113610624345,8.52317442893982,9.075712203979492,0.8908858820423059,6.891520023345947,9.286144256591797,3,10,481,321,160,107,2.11.0+cu128,12.8,2026-08-30T20:12:52.486198+00:00,3.13.15,2.1.3,11.3.0,0.25.2,Linux-6.6.122+-x86_64-with-glibc2.35,x86_64
BSD100,148026.png,x3,imdn,prepared_bicubic_lr,148026.png,3,native_model_grid_then_full_target_size_adjustment,gaussian_11x11_sigma_1.5_population_covariance,rgb_model,gpu,model_forward_only_cuda_events,Tesla T4,14912.6875,63.28515625,703059,IMDN_x3.pth,11b1716a19bc16e5e353e1db798d476169338e631eb170c82d765559888cb028,https://raw.githubusercontent.com/Zheng222/IMDN/master/checkpoints/IMDN_x3.pth,DIV2K,bicubic,321,480,321,481,True,23.806536416507463,0.7933998287869412,22.5129996537993,0.776373628183153,9.066985511779786,9.24671983718872,0.3821327141693613,8.268863677978516,9.377823829650879,3,10,321,481,107,160,2.11.0+cu128,12.8,2026-08-30T20:12:52.772324+00:00,3.13.15,2.1.3,11.3.0,0.25.2,Linux-6.6.122+-x86_64-with-glibc2.35,x86_64
BSD100,148089.png,x3,imdn,prepared_bicubic_lr,148089.png,3,native_model_grid_then_full_target_size_adjustment,gaussian_11x11_sigma_1.5_population_covariance,rgb_model,gpu,model_forward_only_cuda_events,Tesla T4,14912.6875,63.28515625,703059,IMDN_x3.pth,11b1716a19bc16e5e353e1db798d476169338e631eb170c82d765559888cb028,https://raw.githubusercontent.com/Zheng222/IMDN/master/checkpoints/IMDN_x3.pth,DIV2K,bicubic,480,321,481,321,True,25.51035320683276,0.7371709706125212,24.21818438392677,0.7162055554430232,8.567814302444457,9.058623790740967,0.7676907667634761,6.896895885467529,9.265952110290527,3,10,481,321,160,107,2.11.0+cu128,12.8,2026-08-30T20:12:53.073361+00:00,3.13.15,2.1.3,11.3.0,0.25.2,Linux-6.6.122+-x86_64-with-glibc2.35,x86_64
BSD100,156065.png,x3,imdn,prepared_bicubic_lr,156065.png,3,native_model_grid_then_full_target_size_adjustment,gaussian_11x11_sigma_1.5_population_covariance,rgb_model,gpu,model_forward_only_cuda_events,Tesla T4,14912.6875,63.28515625,703059,IMDN_x3.pth,11b1716a19bc16e5e353e1db798d476169338e631eb170c82d765559888cb028,https://raw.githubusercontent.com/Zheng222/IMDN/master/checkpoints/IMDN_x3.pth,DIV2K,bicubic,480,321,481,321,True,25.702373875405993,0.6474576289222042,24.390278783958998,0.6198770715463642,8.523072004318237,9.084415912628174,0.8585880846215274,6.87667179107666,9.270400047302246,3,10,481,321,160,107,2.11.0+cu128,12.8,2026-08-30T20:12:53.366911+00:00,3.13.15,2.1.3,11.3.0,0.25.2,Linux-6.6.122+-x86_64-with-glibc2.35,x86_64
BSD100,157055.png,x3,imdn,prepared_bicubic_lr,157055.png,3,native_model_grid_then_full_target_size_adjustment,gaussian_11x11_sigma_1.5_population_covariance,rgb_model,gpu,model_forward_only_cuda_events,Tesla T4,14912.6875,63.28515625,703059,IMDN_x3.pth,11b1716a19bc16e5e353e1db798d476169338e631eb170c82d765559888cb028,https://raw.githubusercontent.com/Zheng222/IMDN/master/checkpoints/IMDN_x3.pth,DIV2K,bicubic,480,321,481,321,True,28.139876483569125,0.8616815084907777,26.755951325710488,0.8491072455820251,8.758486366271972,8.763375759124756,0.7318409377930174,7.694399833679199,10.545120239257812,3,10,481,321,160,107,2.11.0+cu128,12.8,2026-08-30T20:12:53.762063+00:00,3.13.15,2.1.3,11.3.0,0.25.2,Linux-6.6.122+-x86_64-with-glibc2.35,x86_64
BSD100,159008.png,x3,imdn,prepared_bicubic_lr,159008.png,3,native_model_grid_then_full_target_size_adjustment,gaussian_11x11_sigma_1.5_population_covariance,rgb_model,gpu,model_forward_only_cuda_events,Tesla T4,14912.6875,63.28515625,703059,IMDN_x3.pth,11b1716a19bc16e5e353e1db798d476169338e631eb170c82d765559888cb028,https://raw.githubusercontent.com/Zheng222/IMDN/master/checkpoints/IMDN_x3.pth,DIV2K,bicubic,480,321,481,321,True,29.644543092701173,0.8867043476422616,28.328714935982156,0.8716023394132942,8.639468812942505,9.002480030059814,0.6873118337077674,7.533792018890381,9.596991539001465,3,10,481,321,160,107,2.11.0+cu128,12.8,2026-08-30T20:12:54.178762+00:00,3.13.15,2.1.3,11.3.0,0.25.2,Linux-6.6.122+-x86_64-with-glibc2.35,x86_64
BSD100,160068.png,x3,imdn,prepared_bicubic_lr,160068.png,3,native_model_grid_then_full_target_size_adjustment,gaussian_11x11_sigma_1.5_population_covariance,rgb_model,gpu,model_forward_only_cuda_events,Tesla T4,14912.6875,63.28515625,703059,IMDN_x3.pth,11b1716a19bc16e5e353e1db798d476169338e631eb170c82d765559888cb028,https://raw.githubusercontent.com/Zheng222/IMDN/master/checkpoints/IMDN_x3.pth,DIV2K,bicubic,480,321,481,321,True,28.77592059657537,0.8845443503814885,27.463409044642376,0.8734688136225852,8.622233533859253,9.02351999282837,0.6794163440983313,7.382847785949707,9.169504165649414,3,10,481,321,160,107,2.11.0+cu128,12.8,2026-08-30T20:12:54.562973+00:00,3.13.15,2.1.3,11.3.0,0.25.2,Linux-6.6.122+-x86_64-with-glibc2.35,x86_64
BSD100,16077.png,x3,imdn,prepared_bicubic_lr,16077.png,3,native_model_grid_then_full_target_size_adjustment,gaussian_11x11_sigma_1.5_population_covariance,rgb_model,gpu,model_forward_only_cuda_events,Tesla T4,14912.6875,63.28515625,703059,IMDN_x3.pth,11b1716a19bc16e5e353e1db798d476169338e631eb170c82d765559888cb028,https://raw.githubusercontent.com/Zheng222/IMDN/master/checkpoints/IMDN_x3.pth,DIV2K,bicubic,480,321,481,321,True,29.26137103720899,0.8060065743155088,27.909218437006203,0.7846666582240979,8.603254365921021,9.045392036437988,0.7010468890386307,7.3587517738342285,9.293824195861816,3,10,481,321,160,107,2.11.0+cu128,12.8,2026-08-30T20:12:54.912278+00:00,3.13.15,2.1.3,11.3.0,0.25.2,Linux-6.6.122+-x86_64-with-glibc2.35,x86_64
BSD100,163085.png,x3,imdn,prepared_bicubic_lr,163085.png,3,native_model_grid_then_full_target_size_adjustment,gaussian_11x11_sigma_1.5_population_covariance,rgb_model,gpu,model_forward_only_cuda_events,Tesla T4,14912.6875,63.28515625,703059,IMDN_x3.pth,11b1716a19bc16e5e353e1db798d476169338e631eb170c82d765559888cb028,https://raw.githubusercontent.com/Zheng222/IMDN/master/checkpoints/IMDN_x3.pth,DIV2K,bicubic,480,321,481,321,True,31.412342027803845,0.8616591515314715,30.06785705833801,0.8501485117975879,8.660643243789673,8.737855911254883,0.6845894564129433,7.447296142578125,10.113568305969238,3,10,481,321,160,107,2.11.0+cu128,12.8,2026-08-30T20:12:55.291582+00:00,3.13.15,2.1.3,11.3.0,0.25.2,Linux-6.6.122+-x86_64-with-glibc2.35,x86_64
BSD100,167062.png,x3,imdn,prepared_bicubic_lr,167062.png,3,native_model_grid_then_full_target_size_adjustment,gaussian_11x11_sigma_1.5_population_covariance,rgb_model,gpu,model_forward_only_cuda_events,Tesla T4,14912.6875,63.28515625,703059,IMDN_x3.pth,11b1716a19bc16e5e353e1db798d476169338e631eb170c82d765559888cb028,https://raw.githubusercontent.com/Zheng222/IMDN/master/checkpoints/IMDN_x3.pth,DIV2K,bicubic,480,321,481,321,True,34.48081485797615,0.9283037012170011,33.11874484961687,0.9153017592372503,8.604745626449585,8.986912250518799,0.8527358868991215,6.963200092315674,9.797663688659668,3,10,481,321,160,107,2.11.0+cu128,12.8,2026-08-30T20:12:55.644742+00:00,3.13.15,2.1.3,11.3.0,0.25.2,Linux-6.6.122+-x86_64-with-glibc2.35,x86_64
BSD100,167083.png,x3,imdn,prepared_bicubic_lr,167083.png,3,native_model_grid_then_full_target_size_adjustment,gaussian_11x11_sigma_1.5_population_covariance,rgb_model,gpu,model_forward_only_cuda_events,Tesla T4,14912.6875,63.28515625,703059,IMDN_x3.pth,11b1716a19bc16e5e353e1db798d476169338e631eb170c82d765559888cb028,https://raw.githubusercontent.com/Zheng222/IMDN/master/checkpoints/IMDN_x3.pth,DIV2K,bicubic,321,480,321,481,True,20.86503657795187,0.6034437758630466,19.55710705286265,0.5916775408618536,9.24399676322937,9.556928157806396,0.6649705076096124,7.995232105255127,9.850848197937012,3,10,321,481,107,160,2.11.0+cu128,12.8,2026-08-30T20:12:56.000944+00:00,3.13.15,2.1.3,11.3.0,0.25.2,Linux-6.6.122+-x86_64-with-glibc2.35,x86_64
BSD100,170057.png,x3,imdn,prepared_bicubic_lr,170057.png,3,native_model_grid_then_full_target_size_adjustment,gaussian_11x11_sigma_1.5_population_covariance,rgb_model,gpu,model_forward_only_cuda_events,Tesla T4,14912.6875,63.28515625,703059,IMDN_x3.pth,11b1716a19bc16e5e353e1db798d476169338e631eb170c82d765559888cb028,https://raw.githubusercontent.com/Zheng222/IMDN/master/checkpoints/IMDN_x3.pth,DIV2K,bicubic,480,321,481,321,True,31.693326980929317,0.8841706414065352,30.361363299081514,0.8669695194334489,8.634534311294555,8.909711837768555,0.6838823275814033,7.347519874572754,9.789152145385742,3,10,481,321,160,107,2.11.0+cu128,12.8,2026-08-30T20:12:56.388293+00:00,3.13.15,2.1.3,11.3.0,0.25.2,Linux-6.6.122+-x86_64-with-glibc2.35,x86_64
BSD100,175032.png,x3,imdn,prepared_bicubic_lr,175032.png,3,native_model_grid_then_full_target_size_adjustment,gaussian_11x11_sigma_1.5_population_covariance,rgb_model,gpu,model_forward_only_cuda_events,Tesla T4,14912.6875,63.28515625,703059,IMDN_x3.pth,11b1716a19bc16e5e353e1db798d476169338e631eb170c82d765559888cb028,https://raw.githubusercontent.com/Zheng222/IMDN/master/checkpoints/IMDN_x3.pth,DIV2K,bicubic,321,480,321,481,True,21.992258961096717,0.5686217947876393,20.696153382762073,0.5496298836475795,9.150153541564942,9.394991874694824,0.5080557053208564,8.145824432373047,9.503040313720703,3,10,321,481,107,160,2.11.0+cu128,12.8,2026-08-30T20:12:56.754445+00:00,3.13.15,2.1.3,11.3.0,0.25.2,Linux-6.6.122+-x86_64-with-glibc2.35,x86_64
BSD100,175043.png,x3,imdn,prepared_bicubic_lr,175043.png,3,native_model_grid_then_full_target_size_adjustment,gaussian_11x11_sigma_1.5_population_covariance,rgb_model,gpu,model_forward_only_cuda_events,Tesla T4,14912.6875,63.28515625,703059,IMDN_x3.pth,11b1716a19bc16e5e353e1db798d476169338e631eb170c82d765559888cb028,https://raw.githubusercontent.com/Zheng222/IMDN/master/checkpoints/IMDN_x3.pth,DIV2K,bicubic,480,321,481,321,True,26.86155142516028,0.7753657329865444,25.527167479910684,0.7590111667642292,8.484460735321045,8.803455829620361,0.7121473422548845,7.24838399887085,9.128191947937012,3,10,481,321,160,107,2.11.0+cu128,12.8,2026-08-30T20:12:57.119540+00:00,3.13.15,2.1.3,11.3.0,0.25.2,Linux-6.6.122+-x86_64-with-glibc2.35,x86_64
BSD100,182053.png,x3,imdn,prepared_bicubic_lr,182053.png,3,native_model_grid_then_full_target_size_adjustment,gaussian_11x11_sigma_1.5_population_covariance,rgb_model,gpu,model_forward_only_cuda_events,Tesla T4,14912.6875,63.28515625,703059,IMDN_x3.pth,11b1716a19bc16e5e353e1db798d476169338e631eb170c82d765559888cb028,https://raw.githubusercontent.com/Zheng222/IMDN/master/checkpoints/IMDN_x3.pth,DIV2K,bicubic,480,321,481,321,True,25.666125104255812,0.8199375013941589,24.343174220196147,0.8070070310732964,8.560486364364625,8.930991649627686,0.5870664885871472,7.627871990203857,9.137984275817871,3,10,481,321,160,107,2.11.0+cu128,12.8,2026-08-30T20:12:57.495330+00:00,3.13.15,2.1.3,11.3.0,0.25.2,Linux-6.6.122+-x86_64-with-glibc2.35,x86_64
BSD100,189080.png,x3,imdn,prepared_bicubic_lr,189080.png,3,native_model_grid_then_full_target_size_adjustment,gaussian_11x11_sigma_1.5_population_covariance,rgb_model,gpu,model_forward_only_cuda_events,Tesla T4,14912.6875,63.28515625,703059,IMDN_x3.pth,11b1716a19bc16e5e353e1db798d476169338e631eb170c82d765559888cb028,https://raw.githubusercontent.com/Zheng222/IMDN/master/checkpoints/IMDN_x3.pth,DIV2K,bicubic,321,480,321,481,True,36.96138707001133,0.9189463750487964,35.556742463720084,0.8993538497987519,9.196796798706055,9.438352108001709,0.5732001106346745,8.12332820892334,9.95740795135498,3,10,321,481,107,160,2.11.0+cu128,12.8,2026-08-30T20:12:57.856472+00:00,3.13.15,2.1.3,11.3.0,0.25.2,Linux-6.6.122+-x86_64-with-glibc2.35,x86_64
BSD100,19021.png,x3,imdn,prepared_bicubic_lr,19021.png,3,native_model_grid_then_full_target_size_adjustment,gaussian_11x11_sigma_1.5_population_covariance,rgb_model,gpu,model_forward_only_cuda_events,Tesla T4,14912.6875,63.28515625,703059,IMDN_x3.pth,11b1716a19bc16e5e353e1db798d476169338e631eb170c82d765559888cb028,https://raw.githubusercontent.com/Zheng222/IMDN/master/checkpoints/IMDN_x3.pth,DIV2K,bicubic,480,321,481,321,True,28.55073064033001,0.8101225294887628,27.188758951548557,0.7913455370865274,8.503558349609374,9.034192085266113,0.8046760339415115,6.891744136810303,9.24681568145752,3,10,481,321,160,107,2.11.0+cu128,12.8,2026-08-30T20:12:58.147434+00:00,3.13.15,2.1.3,11.3.0,0.25.2,Linux-6.6.122+-x86_64-with-glibc2.35,x86_64
BSD100,196073.png,x3,imdn,prepared_bicubic_lr,196073.png,3,native_model_grid_then_full_target_size_adjustment,gaussian_11x11_sigma_1.5_population_covariance,rgb_model,gpu,model_forward_only_cuda_events,Tesla T4,14912.6875,63.28515625,703059,IMDN_x3.pth,11b1716a19bc16e5e353e1db798d476169338e631eb170c82d765559888cb028,https://raw.githubusercontent.com/Zheng222/IMDN/master/checkpoints/IMDN_x3.pth,DIV2K,bicubic,480,321,481,321,True,28.551664274211078,0.5762358936378307,27.22042325779521,0.5316451730850179,8.568192100524902,8.66809606552124,0.3512667621397715,7.864319801330566,8.880096435546875,3,10,481,321,160,107,2.11.0+cu128,12.8,2026-08-30T20:12:58.454599+00:00,3.13.15,2.1.3,11.3.0,0.25.2,Linux-6.6.122+-x86_64-with-glibc2.35,x86_64
BSD100,197017.png,x3,imdn,prepared_bicubic_lr,197017.png,3,native_model_grid_then_full_target_size_adjustment,gaussian_11x11_sigma_1.5_population_covariance,rgb_model,gpu,model_forward_only_cuda_events,Tesla T4,14912.6875,63.28515625,703059,IMDN_x3.pth,11b1716a19bc16e5e353e1db798d476169338e631eb170c82d765559888cb028,https://raw.githubusercontent.com/Zheng222/IMDN/master/checkpoints/IMDN_x3.pth,DIV2K,bicubic,480,321,481,321,True,29.23674334114275,0.7725665079131266,27.90071183121638,0.7510892048270855,8.512076902389527,8.852320194244385,0.6652496801335887,7.316319942474365,9.074624061584473,3,10,481,321,160,107,2.11.0+cu128,12.8,2026-08-30T20:12:58.750175+00:00,3.13.15,2.1.3,11.3.0,0.25.2,Linux-6.6.122+-x86_64-with-glibc2.35,x86_64
BSD100,208001.png,x3,imdn,prepared_bicubic_lr,208001.png,3,native_model_grid_then_full_target_size_adjustment,gaussian_11x11_sigma_1.5_population_covariance,rgb_model,gpu,model_forward_only_cuda_events,Tesla T4,14912.6875,63.28515625,703059,IMDN_x3.pth,11b1716a19bc16e5e353e1db798d476169338e631eb170c82d765559888cb028,https://raw.githubusercontent.com/Zheng222/IMDN/master/checkpoints/IMDN_x3.pth,DIV2K,bicubic,321,480,321,481,True,30.232118869214204,0.836662453114627,28.92049969500591,0.8099054553054992,9.083203220367432,9.270416259765625,0.44280685473996373,8.32204818725586,9.545536041259766,3,10,321,481,107,160,2.11.0+cu128,12.8,2026-08-30T20:12:59.060224+00:00,3.13.15,2.1.3,11.3.0,0.25.2,Linux-6.6.122+-x86_64-with-glibc2.35,x86_64
BSD100,210088.png,x3,imdn,prepared_bicubic_lr,210088.png,3,native_model_grid_then_full_target_size_adjustment,gaussian_11x11_sigma_1.5_population_covariance,rgb_model,gpu,model_forward_only_cuda_events,Tesla T4,14912.6875,63.28515625,703059,IMDN_x3.pth,11b1716a19bc16e5e353e1db798d476169338e631eb170c82d765559888cb028,https://raw.githubusercontent.com/Zheng222/IMDN/master/checkpoints/IMDN_x3.pth,DIV2K,bicubic,321,480,321,481,True,39.36283486911152,0.9769665974307641,37.55384732576515,0.9688830222886273,9.118828868865966,9.534111976623535,0.6962047457189249,7.8297600746154785,9.803775787353516,3,10,321,481,107,160,2.11.0+cu128,12.8,2026-08-30T20:12:59.354306+00:00,3.13.15,2.1.3,11.3.0,0.25.2,Linux-6.6.122+-x86_64-with-glibc2.35,x86_64
BSD100,21077.png,x3,imdn,prepared_bicubic_lr,21077.png,3,native_model_grid_then_full_target_size_adjustment,gaussian_11x11_sigma_1.5_population_covariance,rgb_model,gpu,model_forward_only_cuda_events,Tesla T4,14912.6875,63.28515625,703059,IMDN_x3.pth,11b1716a19bc16e5e353e1db798d476169338e631eb170c82d765559888cb028,https://raw.githubusercontent.com/Zheng222/IMDN/master/checkpoints/IMDN_x3.pth,DIV2K,bicubic,480,321,481,321,True,28.657630046390903,0.8093008935382517,27.297344800347215,0.7832786912304782,8.903907203674317,8.349839687347412,1.5263881129437888,8.035584449768066,13.36291217803955,3,10,481,321,160,107,2.11.0+cu128,12.8,2026-08-30T20:12:59.651908+00:00,3.13.15,2.1.3,11.3.0,0.25.2,Linux-6.6.122+-x86_64-with-glibc2.35,x86_64
BSD100,216081.png,x3,imdn,prepared_bicubic_lr,216081.png,3,native_model_grid_then_full_target_size_adjustment,gaussian_11x11_sigma_1.5_population_covariance,rgb_model,gpu,model_forward_only_cuda_events,Tesla T4,14912.6875,63.28515625,703059,IMDN_x3.pth,11b1716a19bc16e5e353e1db798d476169338e631eb170c82d765559888cb028,https://raw.githubusercontent.com/Zheng222/IMDN/master/checkpoints/IMDN_x3.pth,DIV2K,bicubic,480,321,481,321,True,27.15546936117574,0.7864238255045072,25.904033569637942,0.7627101506479418,8.583171224594116,8.899199962615967,0.656895271690459,7.323296070098877,9.084927558898926,3,10,481,321,160,107,2.11.0+cu128,12.8,2026-08-30T20:12:59.957497+00:00,3.13.15,2.1.3,11.3.0,0.25.2,Linux-6.6.122+-x86_64-with-glibc2.35,x86_64
BSD100,219090.png,x3,imdn,prepared_bicubic_lr,219090.png,3,native_model_grid_then_full_target_size_adjustment,gaussian_11x11_sigma_1.5_population_covariance,rgb_model,gpu,model_forward_only_cuda_events,Tesla T4,14912.6875,63.28515625,703059,IMDN_x3.pth,11b1716a19bc16e5e353e1db798d476169338e631eb170c82d765559888cb028,https://raw.githubusercontent.com/Zheng222/IMDN/master/checkpoints/IMDN_x3.pth,DIV2K,bicubic,480,321,481,321,True,28.37438705678028,0.8132274293956588,27.050029789783416,0.7898805548564432,8.533225631713867,8.675039768218994,0.37807891089340645,7.833951950073242,8.9104642868042,3,10,481,321,160,107,2.11.0+cu128,12.8,2026-08-30T20:13:00.259594+00:00,3.13.15,2.1.3,11.3.0,0.25.2,Linux-6.6.122+-x86_64-with-glibc2.35,x86_64
BSD100,220075.png,x3,imdn,prepared_bicubic_lr,220075.png,3,native_model_grid_then_full_target_size_adjustment,gaussian_11x11_sigma_1.5_population_covariance,rgb_model,gpu,model_forward_only_cuda_events,Tesla T4,14912.6875,63.28515625,703059,IMDN_x3.pth,11b1716a19bc16e5e353e1db798d476169338e631eb170c82d765559888cb028,https://raw.githubusercontent.com/Zheng222/IMDN/master/checkpoints/IMDN_x3.pth,DIV2K,bicubic,480,321,481,321,True,29.843684533583957,0.9188537687191146,28.4917071700077,0.9066393752695189,8.418335962295533,8.885071754455566,0.7071953022195998,7.108607769012451,9.0665283203125,3,10,481,321,160,107,2.11.0+cu128,12.8,2026-08-30T20:13:00.563361+00:00,3.13.15,2.1.3,11.3.0,0.25.2,Linux-6.6.122+-x86_64-with-glibc2.35,x86_64
BSD100,223061.png,x3,imdn,prepared_bicubic_lr,223061.png,3,native_model_grid_then_full_target_size_adjustment,gaussian_11x11_sigma_1.5_population_covariance,rgb_model,gpu,model_forward_only_cuda_events,Tesla T4,14912.6875,63.28515625,703059,IMDN_x3.pth,11b1716a19bc16e5e353e1db798d476169338e631eb170c82d765559888cb028,https://raw.githubusercontent.com/Zheng222/IMDN/master/checkpoints/IMDN_x3.pth,DIV2K,bicubic,480,321,481,321,True,26.187668008757417,0.7736529517890526,24.850586683652004,0.760293084450698,8.562787199020386,8.933487892150879,0.7261208739482343,7.024032115936279,9.300352096557617,3,10,481,321,160,107,2.11.0+cu128,12.8,2026-08-30T20:13:00.863483+00:00,3.13.15,2.1.3,11.3.0,0.25.2,Linux-6.6.122+-x86_64-with-glibc2.35,x86_64
BSD100,227092.png,x3,imdn,prepared_bicubic_lr,227092.png,3,native_model_grid_then_full_target_size_adjustment,gaussian_11x11_sigma_1.5_population_covariance,rgb_model,gpu,model_forward_only_cuda_events,Tesla T4,14912.6875,63.28515625,703059,IMDN_x3.pth,11b1716a19bc16e5e353e1db798d476169338e631eb170c82d765559888cb028,https://raw.githubusercontent.com/Zheng222/IMDN/master/checkpoints/IMDN_x3.pth,DIV2K,bicubic,321,480,321,481,True,35.92484943705691,0.8987038903730094,34.53516311894673,0.8838155935624513,9.05862717628479,9.581920146942139,0.8106824227053296,7.491583824157715,9.714431762695312,3,10,321,481,107,160,2.11.0+cu128,12.8,2026-08-30T20:13:01.150774+00:00,3.13.15,2.1.3,11.3.0,0.25.2,Linux-6.6.122+-x86_64-with-glibc2.35,x86_64
BSD100,229036.png,x3,imdn,prepared_bicubic_lr,229036.png,3,native_model_grid_then_full_target_size_adjustment,gaussian_11x11_sigma_1.5_population_covariance,rgb_model,gpu,model_forward_only_cuda_events,Tesla T4,14912.6875,63.28515625,703059,IMDN_x3.pth,11b1716a19bc16e5e353e1db798d476169338e631eb170c82d765559888cb028,https://raw.githubusercontent.com/Zheng222/IMDN/master/checkpoints/IMDN_x3.pth,DIV2K,bicubic,480,321,481,321,True,24.416061660296787,0.726686763390996,23.08814313670418,0.707942448145,8.537737512588501,9.103103637695312,0.8597412042189669,6.897151947021484,9.27337646484375,3,10,481,321,160,107,2.11.0+cu128,12.8,2026-08-30T20:13:01.453508+00:00,3.13.15,2.1.3,11.3.0,0.25.2,Linux-6.6.122+-x86_64-with-glibc2.35,x86_64
BSD100,236037.png,x3,imdn,prepared_bicubic_lr,236037.png,3,native_model_grid_then_full_target_size_adjustment,gaussian_11x11_sigma_1.5_population_covariance,rgb_model,gpu,model_forward_only_cuda_events,Tesla T4,14912.6875,63.28515625,703059,IMDN_x3.pth,11b1716a19bc16e5e353e1db798d476169338e631eb170c82d765559888cb028,https://raw.githubusercontent.com/Zheng222/IMDN/master/checkpoints/IMDN_x3.pth,DIV2K,bicubic,480,321,481,321,True,26.27717154556386,0.734114858151222,24.932660277352422,0.7208599245319541,8.495318412780762,8.865024089813232,0.7427078669737132,7.2172160148620605,9.226240158081055,3,10,481,321,160,107,2.11.0+cu128,12.8,2026-08-30T20:13:01.750124+00:00,3.13.15,2.1.3,11.3.0,0.25.2,Linux-6.6.122+-x86_64-with-glibc2.35,x86_64
BSD100,24077.png,x3,imdn,prepared_bicubic_lr,24077.png,3,native_model_grid_then_full_target_size_adjustment,gaussian_11x11_sigma_1.5_population_covariance,rgb_model,gpu,model_forward_only_cuda_events,Tesla T4,14912.6875,63.28515625,703059,IMDN_x3.pth,11b1716a19bc16e5e353e1db798d476169338e631eb170c82d765559888cb028,https://raw.githubusercontent.com/Zheng222/IMDN/master/checkpoints/IMDN_x3.pth,DIV2K,bicubic,480,321,481,321,True,29.93688537507754,0.9263755815130543,28.470265974659654,0.9179881727958631,8.586412811279297,9.001840114593506,0.7897736213711967,7.155776023864746,9.24828815460205,3,10,481,321,160,107,2.11.0+cu128,12.8,2026-08-30T20:13:02.030475+00:00,3.13.15,2.1.3,11.3.0,0.25.2,Linux-6.6.122+-x86_64-with-glibc2.35,x86_64
BSD100,241004.png,x3,imdn,prepared_bicubic_lr,241004.png,3,native_model_grid_then_full_target_size_adjustment,gaussian_11x11_sigma_1.5_population_covariance,rgb_model,gpu,model_forward_only_cuda_events,Tesla T4,14912.6875,63.28515625,703059,IMDN_x3.pth,11b1716a19bc16e5e353e1db798d476169338e631eb170c82d765559888cb028,https://raw.githubusercontent.com/Zheng222/IMDN/master/checkpoints/IMDN_x3.pth,DIV2K,bicubic,480,321,481,321,True,33.387202848605774,0.8745652056100932,32.02423991981439,0.85342398702841,8.617244863510132,9.092591762542725,0.8109216334995988,7.14415979385376,9.290176391601562,3,10,481,321,160,107,2.11.0+cu128,12.8,2026-08-30T20:13:02.325724+00:00,3.13.15,2.1.3,11.3.0,0.25.2,Linux-6.6.122+-x86_64-with-glibc2.35,x86_64
BSD100,241048.png,x3,imdn,prepared_bicubic_lr,241048.png,3,native_model_grid_then_full_target_size_adjustment,gaussian_11x11_sigma_1.5_population_covariance,rgb_model,gpu,model_forward_only_cuda_events,Tesla T4,14912.6875,63.28515625,703059,IMDN_x3.pth,11b1716a19bc16e5e353e1db798d476169338e631eb170c82d765559888cb028,https://raw.githubusercontent.com/Zheng222/IMDN/master/checkpoints/IMDN_x3.pth,DIV2K,bicubic,480,321,481,321,True,25.959993085598583,0.7012019242738782,24.63669438183818,0.6810698995321429,8.563449573516845,9.079360008239746,0.7797766997110517,6.9403839111328125,9.266688346862793,3,10,481,321,160,107,2.11.0+cu128,12.8,2026-08-30T20:13:02.634091+00:00,3.13.15,2.1.3,11.3.0,0.25.2,Linux-6.6.122+-x86_64-with-glibc2.35,x86_64
BSD100,253027.png,x3,imdn,prepared_bicubic_lr,253027.png,3,native_model_grid_then_full_target_size_adjustment,gaussian_11x11_sigma_1.5_population_covariance,rgb_model,gpu,model_forward_only_cuda_events,Tesla T4,14912.6875,63.28515625,703059,IMDN_x3.pth,11b1716a19bc16e5e353e1db798d476169338e631eb170c82d765559888cb028,https://raw.githubusercontent.com/Zheng222/IMDN/master/checkpoints/IMDN_x3.pth,DIV2K,bicubic,480,321,481,321,True,24.45725449559733,0.7848238294138113,23.120014130117895,0.7671465536906923,8.681769561767577,8.859407901763916,0.7630684329370936,7.463647842407227,9.871808052062988,3,10,481,321,160,107,2.11.0+cu128,12.8,2026-08-30T20:13:02.937620+00:00,3.13.15,2.1.3,11.3.0,0.25.2,Linux-6.6.122+-x86_64-with-glibc2.35,x86_64
BSD100,253055.png,x3,imdn,prepared_bicubic_lr,253055.png,3,native_model_grid_then_full_target_size_adjustment,gaussian_11x11_sigma_1.5_population_covariance,rgb_model,gpu,model_forward_only_cuda_events,Tesla T4,14912.6875,63.28515625,703059,IMDN_x3.pth,11b1716a19bc16e5e353e1db798d476169338e631eb170c82d765559888cb028,https://raw.githubusercontent.com/Zheng222/IMDN/master/checkpoints/IMDN_x3.pth,DIV2K,bicubic,480,321,481,321,True,33.51536277806532,0.8777388524047752,32.16770909170098,0.8559191626203205,8.403974580764771,8.713776111602783,0.6081736849233753,7.3130879402160645,8.928192138671875,3,10,481,321,160,107,2.11.0+cu128,12.8,2026-08-30T20:13:03.232256+00:00,3.13.15,2.1.3,11.3.0,0.25.2,Linux-6.6.122+-x86_64-with-glibc2.35,x86_64
BSD100,260058.png,x3,imdn,prepared_bicubic_lr,260058.png,3,native_model_grid_then_full_target_size_adjustment,gaussian_11x11_sigma_1.5_population_covariance,rgb_model,gpu,model_forward_only_cuda_events,Tesla T4,14912.6875,63.28515625,703059,IMDN_x3.pth,11b1716a19bc16e5e353e1db798d476169338e631eb170c82d765559888cb028,https://raw.githubusercontent.com/Zheng222/IMDN/master/checkpoints/IMDN_x3.pth,DIV2K,bicubic,480,321,481,321,True,33.70215417973477,0.8424563964774395,32.34928591174443,0.8156476864576847,8.629027128219604,9.263199806213379,0.9604733895329087,6.913023948669434,9.43932819366455,3,10,481,321,160,107,2.11.0+cu128,12.8,2026-08-30T20:13:03.542116+00:00,3.13.15,2.1.3,11.3.0,0.25.2,Linux-6.6.122+-x86_64-with-glibc2.35,x86_64
BSD100,271035.png,x3,imdn,prepared_bicubic_lr,271035.png,3,native_model_grid_then_full_target_size_adjustment,gaussian_11x11_sigma_1.5_population_covariance,rgb_model,gpu,model_forward_only_cuda_events,Tesla T4,14912.6875,63.28515625,703059,IMDN_x3.pth,11b1716a19bc16e5e353e1db798d476169338e631eb170c82d765559888cb028,https://raw.githubusercontent.com/Zheng222/IMDN/master/checkpoints/IMDN_x3.pth,DIV2K,bicubic,321,480,321,481,True,29.844288143450342,0.8510598174671331,28.491312719648082,0.8323629310811373,9.224588775634766,9.51526403427124,0.6465595012011955,8.089599609375,9.798144340515137,3,10,321,481,107,160,2.11.0+cu128,12.8,2026-08-30T20:13:03.855336+00:00,3.13.15,2.1.3,11.3.0,0.25.2,Linux-6.6.122+-x86_64-with-glibc2.35,x86_64
BSD100,285079.png,x3,imdn,prepared_bicubic_lr,285079.png,3,native_model_grid_then_full_target_size_adjustment,gaussian_11x11_sigma_1.5_population_covariance,rgb_model,gpu,model_forward_only_cuda_events,Tesla T4,14912.6875,63.28515625,703059,IMDN_x3.pth,11b1716a19bc16e5e353e1db798d476169338e631eb170c82d765559888cb028,https://raw.githubusercontent.com/Zheng222/IMDN/master/checkpoints/IMDN_x3.pth,DIV2K,bicubic,321,480,321,481,True,27.337820970403808,0.7854103608802888,25.98567677571762,0.7661824818192721,9.121113634109497,9.562896251678467,0.7276529441099545,7.563168048858643,9.744383811950684,3,10,321,481,107,160,2.11.0+cu128,12.8,2026-08-30T20:13:04.160528+00:00,3.13.15,2.1.3,11.3.0,0.25.2,Linux-6.6.122+-x86_64-with-glibc2.35,x86_64
BSD100,291000.png,x3,imdn,prepared_bicubic_lr,291000.png,3,native_model_grid_then_full_target_size_adjustment,gaussian_11x11_sigma_1.5_population_covariance,rgb_model,gpu,model_forward_only_cuda_events,Tesla T4,14912.6875,63.28515625,703059,IMDN_x3.pth,11b1716a19bc16e5e353e1db798d476169338e631eb170c82d765559888cb028,https://raw.githubusercontent.com/Zheng222/IMDN/master/checkpoints/IMDN_x3.pth,DIV2K,bicubic,480,321,481,321,True,22.29631781639481,0.5426409197165067,20.944831239578665,0.5254583071777701,8.627692699432373,9.27131175994873,0.9419921264095625,6.88921594619751,9.445504188537598,3,10,481,321,160,107,2.11.0+cu128,12.8,2026-08-30T20:13:04.431839+00:00,3.13.15,2.1.3,11.3.0,0.25.2,Linux-6.6.122+-x86_64-with-glibc2.35,x86_64
BSD100,295087.png,x3,imdn,prepared_bicubic_lr,295087.png,3,native_model_grid_then_full_target_size_adjustment,gaussian_11x11_sigma_1.5_population_covariance,rgb_model,gpu,model_forward_only_cuda_events,Tesla T4,14912.6875,63.28515625,703059,IMDN_x3.pth,11b1716a19bc16e5e353e1db798d476169338e631eb170c82d765559888cb028,https://raw.githubusercontent.com/Zheng222/IMDN/master/checkpoints/IMDN_x3.pth,DIV2K,bicubic,480,321,481,321,True,28.58037588200437,0.7844615751713724,27.24722561878416,0.7651067253948193,8.611439943313599,9.023872375488281,0.747954153442508,7.2396159172058105,9.24403190612793,3,10,481,321,160,107,2.11.0+cu128,12.8,2026-08-30T20:13:04.733205+00:00,3.13.15,2.1.3,11.3.0,0.25.2,Linux-6.6.122+-x86_64-with-glibc2.35,x86_64
BSD100,296007.png,x3,imdn,prepared_bicubic_lr,296007.png,3,native_model_grid_then_full_target_size_adjustment,gaussian_11x11_sigma_1.5_population_covariance,rgb_model,gpu,model_forward_only_cuda_events,Tesla T4,14912.6875,63.28515625,703059,IMDN_x3.pth,11b1716a19bc16e5e353e1db798d476169338e631eb170c82d765559888cb028,https://raw.githubusercontent.com/Zheng222/IMDN/master/checkpoints/IMDN_x3.pth,DIV2K,bicubic,480,321,481,321,True,32.979199389370834,0.8336279054752053,31.631052433723355,0.8077548625920908,8.556339168548584,8.841871738433838,0.6387141561719121,7.478975772857666,9.13145637512207,3,10,481,321,160,107,2.11.0+cu128,12.8,2026-08-30T20:13:05.031133+00:00,3.13.15,2.1.3,11.3.0,0.25.2,Linux-6.6.122+-x86_64-with-glibc2.35,x86_64
BSD100,296059.png,x3,imdn,prepared_bicubic_lr,296059.png,3,native_model_grid_then_full_target_size_adjustment,gaussian_11x11_sigma_1.5_population_covariance,rgb_model,gpu,model_forward_only_cuda_events,Tesla T4,14912.6875,63.28515625,703059,IMDN_x3.pth,11b1716a19bc16e5e353e1db798d476169338e631eb170c82d765559888cb028,https://raw.githubusercontent.com/Zheng222/IMDN/master/checkpoints/IMDN_x3.pth,DIV2K,bicubic,480,321,481,321,True,32.11662872650681,0.8256939783840717,30.759939277286,0.8017069024695709,8.47711353302002,8.958911895751953,0.7654817980465248,7.0873918533325195,9.101759910583496,3,10,481,321,160,107,2.11.0+cu128,12.8,2026-08-30T20:13:05.333663+00:00,3.13.15,2.1.3,11.3.0,0.25.2,Linux-6.6.122+-x86_64-with-glibc2.35,x86_64
BSD100,299086.png,x3,imdn,prepared_bicubic_lr,299086.png,3,native_model_grid_then_full_target_size_adjustment,gaussian_11x11_sigma_1.5_population_covariance,rgb_model,gpu,model_forward_only_cuda_events,Tesla T4,14912.6875,63.28515625,703059,IMDN_x3.pth,11b1716a19bc16e5e353e1db798d476169338e631eb170c82d765559888cb028,https://raw.githubusercontent.com/Zheng222/IMDN/master/checkpoints/IMDN_x3.pth,DIV2K,bicubic,480,321,481,321,True,32.79927306613898,0.8487843399993225,31.432989991801136,0.8250164935942038,8.749228811264038,9.228367805480957,0.8047102729034288,6.90115213394165,9.451519966125488,3,10,481,321,160,107,2.11.0+cu128,12.8,2026-08-30T20:13:05.625195+00:00,3.13.15,2.1.3,11.3.0,0.25.2,Linux-6.6.122+-x86_64-with-glibc2.35,x86_64
BSD100,300091.png,x3,imdn,prepared_bicubic_lr,300091.png,3,native_model_grid_then_full_target_size_adjustment,gaussian_11x11_sigma_1.5_population_covariance,rgb_model,gpu,model_forward_only_cuda_events,Tesla T4,14912.6875,63.28515625,703059,IMDN_x3.pth,11b1716a19bc16e5e353e1db798d476169338e631eb170c82d765559888cb028,https://raw.githubusercontent.com/Zheng222/IMDN/master/checkpoints/IMDN_x3.pth,DIV2K,bicubic,480,321,481,321,True,30.507550729695296,0.8419964643980811,29.157187077003776,0.8212927708698926,8.514985656738281,8.741904258728027,0.5850527676888162,7.491680145263672,9.156160354614258,3,10,481,321,160,107,2.11.0+cu128,12.8,2026-08-30T20:13:05.918125+00:00,3.13.15,2.1.3,11.3.0,0.25.2,Linux-6.6.122+-x86_64-with-glibc2.35,x86_64
BSD100,302008.png,x3,imdn,prepared_bicubic_lr,302008.png,3,native_model_grid_then_full_target_size_adjustment,gaussian_11x11_sigma_1.5_population_covariance,rgb_model,gpu,model_forward_only_cuda_events,Tesla T4,14912.6875,63.28515625,703059,IMDN_x3.pth,11b1716a19bc16e5e353e1db798d476169338e631eb170c82d765559888cb028,https://raw.githubusercontent.com/Zheng222/IMDN/master/checkpoints/IMDN_x3.pth,DIV2K,bicubic,321,480,321,481,True,37.217245377537196,0.9663815323965648,35.75172052990821,0.9594175077723505,9.114377546310426,9.582719802856445,0.8092357362116503,7.478784084320068,9.820223808288574,3,10,321,481,107,160,2.11.0+cu128,12.8,2026-08-30T20:13:06.193783+00:00,3.13.15,2.1.3,11.3.0,0.25.2,Linux-6.6.122+-x86_64-with-glibc2.35,x86_64
BSD100,304034.png,x3,imdn,prepared_bicubic_lr,304034.png,3,native_model_grid_then_full_target_size_adjustment,gaussian_11x11_sigma_1.5_population_covariance,rgb_model,gpu,model_forward_only_cuda_events,Tesla T4,14912.6875,63.28515625,703059,IMDN_x3.pth,11b1716a19bc16e5e353e1db798d476169338e631eb170c82d765559888cb028,https://raw.githubusercontent.com/Zheng222/IMDN/master/checkpoints/IMDN_x3.pth,DIV2K,bicubic,480,321,481,321,True,25.747472042274083,0.7743266875990624,24.438316339099536,0.7574840372950858,8.599302387237548,8.90777587890625,0.6627200705471259,7.512320041656494,9.444319725036621,3,10,481,321,160,107,2.11.0+cu128,12.8,2026-08-30T20:13:06.497220+00:00,3.13.15,2.1.3,11.3.0,0.25.2,Linux-6.6.122+-x86_64-with-glibc2.35,x86_64
BSD100,304074.png,x3,imdn,prepared_bicubic_lr,304074.png,3,native_model_grid_then_full_target_size_adjustment,gaussian_11x11_sigma_1.5_population_covariance,rgb_model,gpu,model_forward_only_cuda_events,Tesla T4,14912.6875,63.28515625,703059,IMDN_x3.pth,11b1716a19bc16e5e353e1db798d476169338e631eb170c82d765559888cb028,https://raw.githubusercontent.com/Zheng222/IMDN/master/checkpoints/IMDN_x3.pth,DIV2K,bicubic,321,480,321,481,True,27.285661947635255,0.7089639428624319,25.950034050204522,0.6839667358184719,9.135395383834839,9.535184383392334,0.6954169449240211,7.809631824493408,9.730048179626465,3,10,321,481,107,160,2.11.0+cu128,12.8,2026-08-30T20:13:06.817002+00:00,3.13.15,2.1.3,11.3.0,0.25.2,Linux-6.6.122+-x86_64-with-glibc2.35,x86_64
BSD100,306005.png,x3,imdn,prepared_bicubic_lr,306005.png,3,native_model_grid_then_full_target_size_adjustment,gaussian_11x11_sigma_1.5_population_covariance,rgb_model,gpu,model_forward_only_cuda_events,Tesla T4,14912.6875,63.28515625,703059,IMDN_x3.pth,11b1716a19bc16e5e353e1db798d476169338e631eb170c82d765559888cb028,https://raw.githubusercontent.com/Zheng222/IMDN/master/checkpoints/IMDN_x3.pth,DIV2K,bicubic,480,321,481,321,True,29.83510937779512,0.8481958711558466,28.47830061309338,0.8342328395396628,8.598550271987914,8.952623844146729,0.721581368147652,7.3097920417785645,9.261792182922363,3,10,481,321,160,107,2.11.0+cu128,12.8,2026-08-30T20:13:07.123496+00:00,3.13.15,2.1.3,11.3.0,0.25.2,Linux-6.6.122+-x86_64-with-glibc2.35,x86_64
BSD100,3096.png,x3,imdn,prepared_bicubic_lr,3096.png,3,native_model_grid_then_full_target_size_adjustment,gaussian_11x11_sigma_1.5_population_covariance,rgb_model,gpu,model_forward_only_cuda_events,Tesla T4,14912.6875,63.28515625,703059,IMDN_x3.pth,11b1716a19bc16e5e353e1db798d476169338e631eb170c82d765559888cb028,https://raw.githubusercontent.com/Zheng222/IMDN/master/checkpoints/IMDN_x3.pth,DIV2K,bicubic,480,321,481,321,True,42.893897949722444,0.9864131312451472,41.36686530542529,0.9806453096933717,8.43136944770813,8.855551719665527,0.7468972454655356,7.112703800201416,9.067456245422363,3,10,481,321,160,107,2.11.0+cu128,12.8,2026-08-30T20:13:07.404316+00:00,3.13.15,2.1.3,11.3.0,0.25.2,Linux-6.6.122+-x86_64-with-glibc2.35,x86_64
BSD100,33039.png,x3,imdn,prepared_bicubic_lr,33039.png,3,native_model_grid_then_full_target_size_adjustment,gaussian_11x11_sigma_1.5_population_covariance,rgb_model,gpu,model_forward_only_cuda_events,Tesla T4,14912.6875,63.28515625,703059,IMDN_x3.pth,11b1716a19bc16e5e353e1db798d476169338e631eb170c82d765559888cb028,https://raw.githubusercontent.com/Zheng222/IMDN/master/checkpoints/IMDN_x3.pth,DIV2K,bicubic,321,480,321,481,True,22.42951072896327,0.6958170051245665,21.110082398384332,0.6836441684931378,9.238230323791504,9.633632183074951,0.7217134617119259,7.829504013061523,9.740960121154785,3,10,321,481,107,160,2.11.0+cu128,12.8,2026-08-30T20:13:07.700731+00:00,3.13.15,2.1.3,11.3.0,0.25.2,Linux-6.6.122+-x86_64-with-glibc2.35,x86_64
BSD100,351093.png,x3,imdn,prepared_bicubic_lr,351093.png,3,native_model_grid_then_full_target_size_adjustment,gaussian_11x11_sigma_1.5_population_covariance,rgb_model,gpu,model_forward_only_cuda_events,Tesla T4,14912.6875,63.28515625,703059,IMDN_x3.pth,11b1716a19bc16e5e353e1db798d476169338e631eb170c82d765559888cb028,https://raw.githubusercontent.com/Zheng222/IMDN/master/checkpoints/IMDN_x3.pth,DIV2K,bicubic,480,321,481,321,True,23.82423035598517,0.7282983731099593,22.503544526796006,0.7115043991868722,8.924393558502198,8.820831775665283,0.8599068245441671,7.351327896118164,10.878527641296387,3,10,481,321,160,107,2.11.0+cu128,12.8,2026-08-30T20:13:08.038271+00:00,3.13.15,2.1.3,11.3.0,0.25.2,Linux-6.6.122+-x86_64-with-glibc2.35,x86_64
BSD100,361010.png,x3,imdn,prepared_bicubic_lr,361010.png,3,native_model_grid_then_full_target_size_adjustment,gaussian_11x11_sigma_1.5_population_covariance,rgb_model,gpu,model_forward_only_cuda_events,Tesla T4,14912.6875,63.28515625,703059,IMDN_x3.pth,11b1716a19bc16e5e353e1db798d476169338e631eb170c82d765559888cb028,https://raw.githubusercontent.com/Zheng222/IMDN/master/checkpoints/IMDN_x3.pth,DIV2K,bicubic,480,321,481,321,True,30.968558396360383,0.8718565866259548,29.616841695757785,0.8484076826807411,8.871276950836181,8.802544116973877,1.548993685182789,7.245823860168457,13.134048461914062,3,10,481,321,160,107,2.11.0+cu128,12.8,2026-08-30T20:13:08.402198+00:00,3.13.15,2.1.3,11.3.0,0.25.2,Linux-6.6.122+-x86_64-with-glibc2.35,x86_64
BSD100,37073.png,x3,imdn,prepared_bicubic_lr,37073.png,3,native_model_grid_then_full_target_size_adjustment,gaussian_11x11_sigma_1.5_population_covariance,rgb_model,gpu,model_forward_only_cuda_events,Tesla T4,14912.6875,63.28515625,703059,IMDN_x3.pth,11b1716a19bc16e5e353e1db798d476169338e631eb170c82d765559888cb028,https://raw.githubusercontent.com/Zheng222/IMDN/master/checkpoints/IMDN_x3.pth,DIV2K,bicubic,480,321,481,321,True,32.518719827626654,0.8671468416235849,31.15070304051269,0.8400911577297686,8.66348476409912,9.036816120147705,0.7215741945643364,6.965375900268555,9.27337646484375,3,10,481,321,160,107,2.11.0+cu128,12.8,2026-08-30T20:13:08.747608+00:00,3.13.15,2.1.3,11.3.0,0.25.2,Linux-6.6.122+-x86_64-with-glibc2.35,x86_64
BSD100,376043.png,x3,imdn,prepared_bicubic_lr,376043.png,3,native_model_grid_then_full_target_size_adjustment,gaussian_11x11_sigma_1.5_population_covariance,rgb_model,gpu,model_forward_only_cuda_events,Tesla T4,14912.6875,63.28515625,703059,IMDN_x3.pth,11b1716a19bc16e5e353e1db798d476169338e631eb170c82d765559888cb028,https://raw.githubusercontent.com/Zheng222/IMDN/master/checkpoints/IMDN_x3.pth,DIV2K,bicubic,321,480,321,481,True,26.92240853322394,0.7072410263166048,25.56079068372153,0.693504944489033,9.204307222366333,9.552592277526855,0.6462676298975948,7.929440021514893,9.777119636535645,3,10,321,481,107,160,2.11.0+cu128,12.8,2026-08-30T20:13:09.173624+00:00,3.13.15,2.1.3,11.3.0,0.25.2,Linux-6.6.122+-x86_64-with-glibc2.35,x86_64
BSD100,38082.png,x3,imdn,prepared_bicubic_lr,38082.png,3,native_model_grid_then_full_target_size_adjustment,gaussian_11x11_sigma_1.5_population_covariance,rgb_model,gpu,model_forward_only_cuda_events,Tesla T4,14912.6875,63.28515625,703059,IMDN_x3.pth,11b1716a19bc16e5e353e1db798d476169338e631eb170c82d765559888cb028,https://raw.githubusercontent.com/Zheng222/IMDN/master/checkpoints/IMDN_x3.pth,DIV2K,bicubic,480,321,481,321,True,28.29888545213308,0.6921515170952527,26.96975158655524,0.6677896903745529,8.720342254638672,8.892560005187988,0.5892675751550149,7.575551986694336,9.484383583068848,3,10,481,321,160,107,2.11.0+cu128,12.8,2026-08-30T20:13:09.550656+00:00,3.13.15,2.1.3,11.3.0,0.25.2,Linux-6.6.122+-x86_64-with-glibc2.35,x86_64
BSD100,38092.png,x3,imdn,prepared_bicubic_lr,38092.png,3,native_model_grid_then_full_target_size_adjustment,gaussian_11x11_sigma_1.5_population_covariance,rgb_model,gpu,model_forward_only_cuda_events,Tesla T4,14912.6875,63.28515625,703059,IMDN_x3.pth,11b1716a19bc16e5e353e1db798d476169338e631eb170c82d765559888cb028,https://raw.githubusercontent.com/Zheng222/IMDN/master/checkpoints/IMDN_x3.pth,DIV2K,bicubic,480,321,481,321,True,27.39925649900895,0.7613682563134627,26.08704218818215,0.7413336934396649,8.612518310546875,8.935871601104736,0.6284670400391528,7.350880146026611,9.146143913269043,3,10,481,321,160,107,2.11.0+cu128,12.8,2026-08-30T20:13:09.923691+00:00,3.13.15,2.1.3,11.3.0,0.25.2,Linux-6.6.122+-x86_64-with-glibc2.35,x86_64
BSD100,385039.png,x3,imdn,prepared_bicubic_lr,385039.png,3,native_model_grid_then_full_target_size_adjustment,gaussian_11x11_sigma_1.5_population_covariance,rgb_model,gpu,model_forward_only_cuda_events,Tesla T4,14912.6875,63.28515625,703059,IMDN_x3.pth,11b1716a19bc16e5e353e1db798d476169338e631eb170c82d765559888cb028,https://raw.githubusercontent.com/Zheng222/IMDN/master/checkpoints/IMDN_x3.pth,DIV2K,bicubic,480,321,481,321,True,25.486645699599826,0.7708561091884059,24.152604648340553,0.751192001371889,8.581103992462157,8.850575923919678,0.6476773309216235,7.4727678298950195,9.19161605834961,3,10,481,321,160,107,2.11.0+cu128,12.8,2026-08-30T20:13:10.284430+00:00,3.13.15,2.1.3,11.3.0,0.25.2,Linux-6.6.122+-x86_64-with-glibc2.35,x86_64
BSD100,41033.png,x3,imdn,prepared_bicubic_lr,41033.png,3,native_model_grid_then_full_target_size_adjustment,gaussian_11x11_sigma_1.5_population_covariance,rgb_model,gpu,model_forward_only_cuda_events,Tesla T4,14912.6875,63.28515625,703059,IMDN_x3.pth,11b1716a19bc16e5e353e1db798d476169338e631eb170c82d765559888cb028,https://raw.githubusercontent.com/Zheng222/IMDN/master/checkpoints/IMDN_x3.pth,DIV2K,bicubic,480,321,481,321,True,31.89936975467527,0.8406168250461379,30.55382426065856,0.8173847660492951,8.57873272895813,8.858495712280273,0.6033217353589642,7.553023815155029,9.155712127685547,3,10,481,321,160,107,2.11.0+cu128,12.8,2026-08-30T20:13:10.661648+00:00,3.13.15,2.1.3,11.3.0,0.25.2,Linux-6.6.122+-x86_64-with-glibc2.35,x86_64
BSD100,41069.png,x3,imdn,prepared_bicubic_lr,41069.png,3,native_model_grid_then_full_target_size_adjustment,gaussian_11x11_sigma_1.5_population_covariance,rgb_model,gpu,model_forward_only_cuda_events,Tesla T4,14912.6875,63.28515625,703059,IMDN_x3.pth,11b1716a19bc16e5e353e1db798d476169338e631eb170c82d765559888cb028,https://raw.githubusercontent.com/Zheng222/IMDN/master/checkpoints/IMDN_x3.pth,DIV2K,bicubic,480,321,481,321,True,24.612261848772924,0.597706975220889,23.291868849992564,0.5750242521557443,9.279504108428956,8.905680179595947,1.1003008332054744,8.008352279663086,11.32636833190918,3,10,481,321,160,107,2.11.0+cu128,12.8,2026-08-30T20:13:11.092455+00:00,3.13.15,2.1.3,11.3.0,0.25.2,Linux-6.6.122+-x86_64-with-glibc2.35,x86_64
BSD100,42012.png,x3,imdn,prepared_bicubic_lr,42012.png,3,native_model_grid_then_full_target_size_adjustment,gaussian_11x11_sigma_1.5_population_covariance,rgb_model,gpu,model_forward_only_cuda_events,Tesla T4,14912.6875,63.28515625,703059,IMDN_x3.pth,11b1716a19bc16e5e353e1db798d476169338e631eb170c82d765559888cb028,https://raw.githubusercontent.com/Zheng222/IMDN/master/checkpoints/IMDN_x3.pth,DIV2K,bicubic,321,480,321,481,True,31.536660667208892,0.8714379308552377,30.194828225429884,0.857696159140502,9.192790365219116,9.506960391998291,0.7783534446730763,7.614719867706299,10.205727577209473,3,10,321,481,107,160,2.11.0+cu128,12.8,2026-08-30T20:13:11.505252+00:00,3.13.15,2.1.3,11.3.0,0.25.2,Linux-6.6.122+-x86_64-with-glibc2.35,x86_64
BSD100,42049.png,x3,imdn,prepared_bicubic_lr,42049.png,3,native_model_grid_then_full_target_size_adjustment,gaussian_11x11_sigma_1.5_population_covariance,rgb_model,gpu,model_forward_only_cuda_events,Tesla T4,14912.6875,63.28515625,703059,IMDN_x3.pth,11b1716a19bc16e5e353e1db798d476169338e631eb170c82d765559888cb028,https://raw.githubusercontent.com/Zheng222/IMDN/master/checkpoints/IMDN_x3.pth,DIV2K,bicubic,480,321,481,321,True,34.77416165505079,0.9650055118502939,33.383283965716764,0.957887804750445,8.848521614074707,8.830512046813965,0.3058142665997676,8.254655838012695,9.367775917053223,3,10,481,321,160,107,2.11.0+cu128,12.8,2026-08-30T20:13:11.850689+00:00,3.13.15,2.1.3,11.3.0,0.25.2,Linux-6.6.122+-x86_64-with-glibc2.35,x86_64
BSD100,43074.png,x3,imdn,prepared_bicubic_lr,43074.png,3,native_model_grid_then_full_target_size_adjustment,gaussian_11x11_sigma_1.5_population_covariance,rgb_model,gpu,model_forward_only_cuda_events,Tesla T4,14912.6875,63.28515625,703059,IMDN_x3.pth,11b1716a19bc16e5e353e1db798d476169338e631eb170c82d765559888cb028,https://raw.githubusercontent.com/Zheng222/IMDN/master/checkpoints/IMDN_x3.pth,DIV2K,bicubic,480,321,481,321,True,30.819891542766342,0.8639750331270639,29.555265339952697,0.8487955152105271,9.107526302337646,9.156735897064209,0.8709159555902128,7.411359786987305,10.918496131896973,3,10,481,321,160,107,2.11.0+cu128,12.8,2026-08-30T20:13:12.223960+00:00,3.13.15,2.1.3,11.3.0,0.25.2,Linux-6.6.122+-x86_64-with-glibc2.35,x86_64
BSD100,45096.png,x3,imdn,prepared_bicubic_lr,45096.png,3,native_model_grid_then_full_target_size_adjustment,gaussian_11x11_sigma_1.5_population_covariance,rgb_model,gpu,model_forward_only_cuda_events,Tesla T4,14912.6875,63.28515625,703059,IMDN_x3.pth,11b1716a19bc16e5e353e1db798d476169338e631eb170c82d765559888cb028,https://raw.githubusercontent.com/Zheng222/IMDN/master/checkpoints/IMDN_x3.pth,DIV2K,bicubic,480,321,481,321,True,37.711097543712214,0.9539064399239172,36.26912941279546,0.9406976151276493,8.62308177947998,9.046815872192383,0.72161715178353,7.112736225128174,9.248576164245605,3,10,481,321,160,107,2.11.0+cu128,12.8,2026-08-30T20:13:12.510198+00:00,3.13.15,2.1.3,11.3.0,0.25.2,Linux-6.6.122+-x86_64-with-glibc2.35,x86_64
BSD100,54082.png,x3,imdn,prepared_bicubic_lr,54082.png,3,native_model_grid_then_full_target_size_adjustment,gaussian_11x11_sigma_1.5_population_covariance,rgb_model,gpu,model_forward_only_cuda_events,Tesla T4,14912.6875,63.28515625,703059,IMDN_x3.pth,11b1716a19bc16e5e353e1db798d476169338e631eb170c82d765559888cb028,https://raw.githubusercontent.com/Zheng222/IMDN/master/checkpoints/IMDN_x3.pth,DIV2K,bicubic,321,480,321,481,True,29.36474461163926,0.7613519514666284,28.032994605854377,0.7385909825936369,9.160934543609619,9.542064189910889,0.6405998251833903,7.9514241218566895,9.718432426452637,3,10,321,481,107,160,2.11.0+cu128,12.8,2026-08-30T20:13:12.802134+00:00,3.13.15,2.1.3,11.3.0,0.25.2,Linux-6.6.122+-x86_64-with-glibc2.35,x86_64
BSD100,55073.png,x3,imdn,prepared_bicubic_lr,55073.png,3,native_model_grid_then_full_target_size_adjustment,gaussian_11x11_sigma_1.5_population_covariance,rgb_model,gpu,model_forward_only_cuda_events,Tesla T4,14912.6875,63.28515625,703059,IMDN_x3.pth,11b1716a19bc16e5e353e1db798d476169338e631eb170c82d765559888cb028,https://raw.githubusercontent.com/Zheng222/IMDN/master/checkpoints/IMDN_x3.pth,DIV2K,bicubic,321,480,321,481,True,23.343041490673894,0.6401290856591353,22.08538042292175,0.6111003054827076,9.134313678741455,9.548928260803223,0.7025573752374131,7.667840003967285,9.705439567565918,3,10,321,481,107,160,2.11.0+cu128,12.8,2026-08-30T20:13:13.123036+00:00,3.13.15,2.1.3,11.3.0,0.25.2,Linux-6.6.122+-x86_64-with-glibc2.35,x86_64
BSD100,58060.png,x3,imdn,prepared_bicubic_lr,58060.png,3,native_model_grid_then_full_target_size_adjustment,gaussian_11x11_sigma_1.5_population_covariance,rgb_model,gpu,model_forward_only_cuda_events,Tesla T4,14912.6875,63.28515625,703059,IMDN_x3.pth,11b1716a19bc16e5e353e1db798d476169338e631eb170c82d765559888cb028,https://raw.githubusercontent.com/Zheng222/IMDN/master/checkpoints/IMDN_x3.pth,DIV2K,bicubic,480,321,481,321,True,22.154904126005665,0.6996356138943602,20.90212510503156,0.6820060453697231,8.644191980361938,8.865823745727539,0.5113623175443924,7.407616138458252,9.088383674621582,3,10,481,321,160,107,2.11.0+cu128,12.8,2026-08-30T20:13:13.408636+00:00,3.13.15,2.1.3,11.3.0,0.25.2,Linux-6.6.122+-x86_64-with-glibc2.35,x86_64
BSD100,62096.png,x3,imdn,prepared_bicubic_lr,62096.png,3,native_model_grid_then_full_target_size_adjustment,gaussian_11x11_sigma_1.5_population_covariance,rgb_model,gpu,model_forward_only_cuda_events,Tesla T4,14912.6875,63.28515625,703059,IMDN_x3.pth,11b1716a19bc16e5e353e1db798d476169338e631eb170c82d765559888cb028,https://raw.githubusercontent.com/Zheng222/IMDN/master/checkpoints/IMDN_x3.pth,DIV2K,bicubic,480,321,481,321,True,26.9195369282779,0.85366381220023,25.525517691601088,0.8393886688496397,8.793215942382812,9.236207962036133,0.8328719302436729,6.958240032196045,9.463616371154785,3,10,481,321,160,107,2.11.0+cu128,12.8,2026-08-30T20:13:13.694131+00:00,3.13.15,2.1.3,11.3.0,0.25.2,Linux-6.6.122+-x86_64-with-glibc2.35,x86_64
BSD100,65033.png,x3,imdn,prepared_bicubic_lr,65033.png,3,native_model_grid_then_full_target_size_adjustment,gaussian_11x11_sigma_1.5_population_covariance,rgb_model,gpu,model_forward_only_cuda_events,Tesla T4,14912.6875,63.28515625,703059,IMDN_x3.pth,11b1716a19bc16e5e353e1db798d476169338e631eb170c82d765559888cb028,https://raw.githubusercontent.com/Zheng222/IMDN/master/checkpoints/IMDN_x3.pth,DIV2K,bicubic,480,321,481,321,True,26.299209669676628,0.7024793879861697,25.017337702249385,0.6661851840035973,8.684489631652832,8.985407829284668,0.6643673660986612,7.1943359375,9.617600440979004,3,10,481,321,160,107,2.11.0+cu128,12.8,2026-08-30T20:13:13.986494+00:00,3.13.15,2.1.3,11.3.0,0.25.2,Linux-6.6.122+-x86_64-with-glibc2.35,x86_64
BSD100,66053.png,x3,imdn,prepared_bicubic_lr,66053.png,3,native_model_grid_then_full_target_size_adjustment,gaussian_11x11_sigma_1.5_population_covariance,rgb_model,gpu,model_forward_only_cuda_events,Tesla T4,14912.6875,63.28515625,703059,IMDN_x3.pth,11b1716a19bc16e5e353e1db798d476169338e631eb170c82d765559888cb028,https://raw.githubusercontent.com/Zheng222/IMDN/master/checkpoints/IMDN_x3.pth,DIV2K,bicubic,480,321,481,321,True,28.496668632776778,0.7755132044317177,27.215002966155787,0.7542798410555416,8.588448095321656,8.820768356323242,0.5715685748191307,7.633376121520996,9.260543823242188,3,10,481,321,160,107,2.11.0+cu128,12.8,2026-08-30T20:13:14.286341+00:00,3.13.15,2.1.3,11.3.0,0.25.2,Linux-6.6.122+-x86_64-with-glibc2.35,x86_64
BSD100,69015.png,x3,imdn,prepared_bicubic_lr,69015.png,3,native_model_grid_then_full_target_size_adjustment,gaussian_11x11_sigma_1.5_population_covariance,rgb_model,gpu,model_forward_only_cuda_events,Tesla T4,14912.6875,63.28515625,703059,IMDN_x3.pth,11b1716a19bc16e5e353e1db798d476169338e631eb170c82d765559888cb028,https://raw.githubusercontent.com/Zheng222/IMDN/master/checkpoints/IMDN_x3.pth,DIV2K,bicubic,321,480,321,481,True,32.62465754453067,0.8717323364900968,31.268999798493002,0.8581895154677833,9.184217548370361,9.470943927764893,0.5868475590493707,8.052736282348633,9.730048179626465,3,10,321,481,107,160,2.11.0+cu128,12.8,2026-08-30T20:13:14.598395+00:00,3.13.15,2.1.3,11.3.0,0.25.2,Linux-6.6.122+-x86_64-with-glibc2.35,x86_64
BSD100,69020.png,x3,imdn,prepared_bicubic_lr,69020.png,3,native_model_grid_then_full_target_size_adjustment,gaussian_11x11_sigma_1.5_population_covariance,rgb_model,gpu,model_forward_only_cuda_events,Tesla T4,14912.6875,63.28515625,703059,IMDN_x3.pth,11b1716a19bc16e5e353e1db798d476169338e631eb170c82d765559888cb028,https://raw.githubusercontent.com/Zheng222/IMDN/master/checkpoints/IMDN_x3.pth,DIV2K,bicubic,480,321,481,321,True,28.117454469111426,0.6453888233248436,26.770081328726523,0.6252960874783237,8.592687940597534,8.848703861236572,0.6784888170832205,7.4319682121276855,9.250816345214844,3,10,481,321,160,107,2.11.0+cu128,12.8,2026-08-30T20:13:14.917601+00:00,3.13.15,2.1.3,11.3.0,0.25.2,Linux-6.6.122+-x86_64-with-glibc2.35,x86_64
BSD100,69040.png,x3,imdn,prepared_bicubic_lr,69040.png,3,native_model_grid_then_full_target_size_adjustment,gaussian_11x11_sigma_1.5_population_covariance,rgb_model,gpu,model_forward_only_cuda_events,Tesla T4,14912.6875,63.28515625,703059,IMDN_x3.pth,11b1716a19bc16e5e353e1db798d476169338e631eb170c82d765559888cb028,https://raw.githubusercontent.com/Zheng222/IMDN/master/checkpoints/IMDN_x3.pth,DIV2K,bicubic,480,321,481,321,True,26.861634681220377,0.7681012460817987,25.522467916343025,0.7540086429625811,8.509184122085571,8.793807983398438,0.4859607961048356,7.592480182647705,8.93337631225586,3,10,481,321,160,107,2.11.0+cu128,12.8,2026-08-30T20:13:15.243844+00:00,3.13.15,2.1.3,11.3.0,0.25.2,Linux-6.6.122+-x86_64-with-glibc2.35,x86_64
BSD100,76053.png,x3,imdn,prepared_bicubic_lr,76053.png,3,native_model_grid_then_full_target_size_adjustment,gaussian_11x11_sigma_1.5_population_covariance,rgb_model,gpu,model_forward_only_cuda_events,Tesla T4,14912.6875,63.28515625,703059,IMDN_x3.pth,11b1716a19bc16e5e353e1db798d476169338e631eb170c82d765559888cb028,https://raw.githubusercontent.com/Zheng222/IMDN/master/checkpoints/IMDN_x3.pth,DIV2K,bicubic,480,321,481,321,True,30.568539519334557,0.7890162080485965,29.25630440750211,0.7533992120569382,8.499408149719239,8.908096313476562,0.6340326641914846,7.154272079467773,9.083871841430664,3,10,481,321,160,107,2.11.0+cu128,12.8,2026-08-30T20:13:15.543404+00:00,3.13.15,2.1.3,11.3.0,0.25.2,Linux-6.6.122+-x86_64-with-glibc2.35,x86_64
BSD100,78004.png,x3,imdn,prepared_bicubic_lr,78004.png,3,native_model_grid_then_full_target_size_adjustment,gaussian_11x11_sigma_1.5_population_covariance,rgb_model,gpu,model_forward_only_cuda_events,Tesla T4,14912.6875,63.28515625,703059,IMDN_x3.pth,11b1716a19bc16e5e353e1db798d476169338e631eb170c82d765559888cb028,https://raw.githubusercontent.com/Zheng222/IMDN/master/checkpoints/IMDN_x3.pth,DIV2K,bicubic,321,480,321,481,True,28.116463380818683,0.8190526836388713,26.78452745995947,0.8005386653470357,9.146739196777343,9.576496124267578,0.7441274134655156,7.567359924316406,9.769696235656738,3,10,321,481,107,160,2.11.0+cu128,12.8,2026-08-30T20:13:15.851293+00:00,3.13.15,2.1.3,11.3.0,0.25.2,Linux-6.6.122+-x86_64-with-glibc2.35,x86_64
BSD100,8023.png,x3,imdn,prepared_bicubic_lr,8023.png,3,native_model_grid_then_full_target_size_adjustment,gaussian_11x11_sigma_1.5_population_covariance,rgb_model,gpu,model_forward_only_cuda_events,Tesla T4,14912.6875,63.28515625,703059,IMDN_x3.pth,11b1716a19bc16e5e353e1db798d476169338e631eb170c82d765559888cb028,https://raw.githubusercontent.com/Zheng222/IMDN/master/checkpoints/IMDN_x3.pth,DIV2K,bicubic,480,321,481,321,True,33.376291182944634,0.9258192216123512,31.96457772936515,0.9176818442548687,8.649849796295166,9.260480403900146,0.8960492061537345,6.907680034637451,9.457440376281738,3,10,481,321,160,107,2.11.0+cu128,12.8,2026-08-30T20:13:16.166808+00:00,3.13.15,2.1.3,11.3.0,0.25.2,Linux-6.6.122+-x86_64-with-glibc2.35,x86_64
BSD100,85048.png,x3,imdn,prepared_bicubic_lr,85048.png,3,native_model_grid_then_full_target_size_adjustment,gaussian_11x11_sigma_1.5_population_covariance,rgb_model,gpu,model_forward_only_cuda_events,Tesla T4,14912.6875,63.28515625,703059,IMDN_x3.pth,11b1716a19bc16e5e353e1db798d476169338e631eb170c82d765559888cb028,https://raw.githubusercontent.com/Zheng222/IMDN/master/checkpoints/IMDN_x3.pth,DIV2K,bicubic,480,321,481,321,True,27.679081441567135,0.8074395054280072,26.319562660189494,0.7926908501459965,8.530969524383545,8.886303901672363,0.670375031548638,7.273471832275391,9.076095581054688,3,10,481,321,160,107,2.11.0+cu128,12.8,2026-08-30T20:13:16.468145+00:00,3.13.15,2.1.3,11.3.0,0.25.2,Linux-6.6.122+-x86_64-with-glibc2.35,x86_64
BSD100,86000.png,x3,imdn,prepared_bicubic_lr,86000.png,3,native_model_grid_then_full_target_size_adjustment,gaussian_11x11_sigma_1.5_population_covariance,rgb_model,gpu,model_forward_only_cuda_events,Tesla T4,14912.6875,63.28515625,703059,IMDN_x3.pth,11b1716a19bc16e5e353e1db798d476169338e631eb170c82d765559888cb028,https://raw.githubusercontent.com/Zheng222/IMDN/master/checkpoints/IMDN_x3.pth,DIV2K,bicubic,321,480,321,481,True,28.361682040180188,0.8736830465539599,26.986160078041692,0.859694449446511,9.19938883781433,9.5622239112854,0.6780498188449938,7.866367816925049,9.736191749572754,3,10,321,481,107,160,2.11.0+cu128,12.8,2026-08-30T20:13:16.761134+00:00,3.13.15,2.1.3,11.3.0,0.25.2,Linux-6.6.122+-x86_64-with-glibc2.35,x86_64
BSD100,86016.png,x3,imdn,prepared_bicubic_lr,86016.png,3,native_model_grid_then_full_target_size_adjustment,gaussian_11x11_sigma_1.5_population_covariance,rgb_model,gpu,model_forward_only_cuda_events,Tesla T4,14912.6875,63.28515625,703059,IMDN_x3.pth,11b1716a19bc16e5e353e1db798d476169338e631eb170c82d765559888cb028,https://raw.githubusercontent.com/Zheng222/IMDN/master/checkpoints/IMDN_x3.pth,DIV2K,bicubic,480,321,481,321,True,22.432389945424127,0.4162141398110205,21.106573112305817,0.3944340593556488,8.562035322189331,9.048751831054688,0.7768197744856447,6.933728218078613,9.254048347473145,3,10,481,321,160,107,2.11.0+cu128,12.8,2026-08-30T20:13:17.071621+00:00,3.13.15,2.1.3,11.3.0,0.25.2,Linux-6.6.122+-x86_64-with-glibc2.35,x86_64
BSD100,86068.png,x3,imdn,prepared_bicubic_lr,86068.png,3,native_model_grid_then_full_target_size_adjustment,gaussian_11x11_sigma_1.5_population_covariance,rgb_model,gpu,model_forward_only_cuda_events,Tesla T4,14912.6875,63.28515625,703059,IMDN_x3.pth,11b1716a19bc16e5e353e1db798d476169338e631eb170c82d765559888cb028,https://raw.githubusercontent.com/Zheng222/IMDN/master/checkpoints/IMDN_x3.pth,DIV2K,bicubic,480,321,481,321,True,27.951405941263676,0.64283959140891,26.621669414392834,0.6095234075373418,8.694678497314452,8.84715223312378,0.4088214615985096,7.567008018493652,9.0283842086792,3,10,481,321,160,107,2.11.0+cu128,12.8,2026-08-30T20:13:17.382626+00:00,3.13.15,2.1.3,11.3.0,0.25.2,Linux-6.6.122+-x86_64-with-glibc2.35,x86_64
BSD100,87046.png,x3,imdn,prepared_bicubic_lr,87046.png,3,native_model_grid_then_full_target_size_adjustment,gaussian_11x11_sigma_1.5_population_covariance,rgb_model,gpu,model_forward_only_cuda_events,Tesla T4,14912.6875,63.28515625,703059,IMDN_x3.pth,11b1716a19bc16e5e353e1db798d476169338e631eb170c82d765559888cb028,https://raw.githubusercontent.com/Zheng222/IMDN/master/checkpoints/IMDN_x3.pth,DIV2K,bicubic,480,321,481,321,True,27.721809136024497,0.8425492979701191,26.381327867772345,0.8311588256815036,8.498771286010742,8.95192003250122,0.7672897839128725,7.077184200286865,9.15494441986084,3,10,481,321,160,107,2.11.0+cu128,12.8,2026-08-30T20:13:17.678874+00:00,3.13.15,2.1.3,11.3.0,0.25.2,Linux-6.6.122+-x86_64-with-glibc2.35,x86_64
BSD100,89072.png,x3,imdn,prepared_bicubic_lr,89072.png,3,native_model_grid_then_full_target_size_adjustment,gaussian_11x11_sigma_1.5_population_covariance,rgb_model,gpu,model_forward_only_cuda_events,Tesla T4,14912.6875,63.28515625,703059,IMDN_x3.pth,11b1716a19bc16e5e353e1db798d476169338e631eb170c82d765559888cb028,https://raw.githubusercontent.com/Zheng222/IMDN/master/checkpoints/IMDN_x3.pth,DIV2K,bicubic,321,480,321,481,True,28.410466607423835,0.8066203472915094,27.073231499477465,0.7866434649712396,9.166096019744874,9.446288108825684,0.5918107792755406,8.063776016235352,9.71555233001709,3,10,321,481,107,160,2.11.0+cu128,12.8,2026-08-30T20:13:17.980243+00:00,3.13.15,2.1.3,11.3.0,0.25.2,Linux-6.6.122+-x86_64-with-glibc2.35,x86_64
BSD100,97033.png,x3,imdn,prepared_bicubic_lr,97033.png,3,native_model_grid_then_full_target_size_adjustment,gaussian_11x11_sigma_1.5_population_covariance,rgb_model,gpu,model_forward_only_cuda_events,Tesla T4,14912.6875,63.28515625,703059,IMDN_x3.pth,11b1716a19bc16e5e353e1db798d476169338e631eb170c82d765559888cb028,https://raw.githubusercontent.com/Zheng222/IMDN/master/checkpoints/IMDN_x3.pth,DIV2K,bicubic,480,321,481,321,True,26.623235977038156,0.8061361683234712,25.316060092773505,0.7898104193886217,8.580863952636719,8.866159915924072,0.7036687689251563,7.468575954437256,9.290240287780762,3,10,481,321,160,107,2.11.0+cu128,12.8,2026-08-30T20:13:18.300234+00:00,3.13.15,2.1.3,11.3.0,0.25.2,Linux-6.6.122+-x86_64-with-glibc2.35,x86_64
Urban100,img_001.png,x3,imdn,prepared_bicubic_lr,img_001.png,3,native_model_grid_then_full_target_size_adjustment,gaussian_11x11_sigma_1.5_population_covariance,rgb_model,gpu,model_forward_only_cuda_events,Tesla T4,14912.6875,367.5537109375,703059,IMDN_x3.pth,11b1716a19bc16e5e353e1db798d476169338e631eb170c82d765559888cb028,https://raw.githubusercontent.com/Zheng222/IMDN/master/checkpoints/IMDN_x3.pth,DIV2K,bicubic,1023,642,1024,644,True,29.446395952622577,0.8284350340068259,28.028037362554443,0.8083816348657923,40.714125061035155,40.684207916259766,0.19455376872728616,40.48019027709961,41.240577697753906,3,10,1024,644,341,214,2.11.0+cu128,12.8,2026-08-30T20:13:19.672841+00:00,3.13.15,2.1.3,11.3.0,0.25.2,Linux-6.6.122+-x86_64-with-glibc2.35,x86_64
Urban100,img_002.png,x3,imdn,prepared_bicubic_lr,img_002.png,3,native_model_grid_then_full_target_size_adjustment,gaussian_11x11_sigma_1.5_population_covariance,rgb_model,gpu,model_forward_only_cuda_events,Tesla T4,14912.6875,439.1865234375,703059,IMDN_x3.pth,11b1716a19bc16e5e353e1db798d476169338e631eb170c82d765559888cb028,https://raw.githubusercontent.com/Zheng222/IMDN/master/checkpoints/IMDN_x3.pth,DIV2K,bicubic,1023,768,1024,768,True,29.01573473299374,0.890766043130877,27.579364758140045,0.8765769023351416,48.741763305664065,48.477439880371094,0.7831546695249045,47.63238525390625,50.022239685058594,3,10,1024,768,341,256,2.11.0+cu128,12.8,2026-08-30T20:13:21.341625+00:00,3.13.15,2.1.3,11.3.0,0.25.2,Linux-6.6.122+-x86_64-with-glibc2.35,x86_64
Urban100,img_003.png,x3,imdn,prepared_bicubic_lr,img_003.png,3,native_model_grid_then_full_target_size_adjustment,gaussian_11x11_sigma_1.5_population_covariance,rgb_model,gpu,model_forward_only_cuda_events,Tesla T4,14912.6875,387.81884765625,703059,IMDN_x3.pth,11b1716a19bc16e5e353e1db798d476169338e631eb170c82d765559888cb028,https://raw.githubusercontent.com/Zheng222/IMDN/master/checkpoints/IMDN_x3.pth,DIV2K,bicubic,1023,678,1024,680,True,25.207382040664527,0.7711715670633341,23.596597681288785,0.741859798082534,43.703046035766604,43.669294357299805,0.31739661554917187,43.07417678833008,44.30847930908203,3,10,1024,680,341,226,2.11.0+cu128,12.8,2026-08-30T20:13:23.042305+00:00,3.13.15,2.1.3,11.3.0,0.25.2,Linux-6.6.122+-x86_64-with-glibc2.35,x86_64
Urban100,img_004.png,x3,imdn,prepared_bicubic_lr,img_004.png,3,native_model_grid_then_full_target_size_adjustment,gaussian_11x11_sigma_1.5_population_covariance,rgb_model,gpu,model_forward_only_cuda_events,Tesla T4,14912.6875,387.81884765625,703059,IMDN_x3.pth,11b1716a19bc16e5e353e1db798d476169338e631eb170c82d765559888cb028,https://raw.githubusercontent.com/Zheng222/IMDN/master/checkpoints/IMDN_x3.pth,DIV2K,bicubic,1023,678,1024,680,True,26.054570910797352,0.9073133986040592,24.726521454783512,0.8986884057009424,43.58095703125,43.67600059509277,0.35946110503886664,42.928096771240234,44.27568054199219,3,10,1024,680,341,226,2.11.0+cu128,12.8,2026-08-30T20:13:24.876574+00:00,3.13.15,2.1.3,11.3.0,0.25.2,Linux-6.6.122+-x86_64-with-glibc2.35,x86_64
Urban100,img_005.png,x3,imdn,prepared_bicubic_lr,img_005.png,3,native_model_grid_then_full_target_size_adjustment,gaussian_11x11_sigma_1.5_population_covariance,rgb_model,gpu,model_forward_only_cuda_events,Tesla T4,14912.6875,439.1865234375,703059,IMDN_x3.pth,11b1716a19bc16e5e353e1db798d476169338e631eb170c82d765559888cb028,https://raw.githubusercontent.com/Zheng222/IMDN/master/checkpoints/IMDN_x3.pth,DIV2K,bicubic,1023,768,1024,768,True,31.21106785651478,0.9727036316387153,29.813971766663634,0.9643411575804106,48.751243591308594,48.532718658447266,0.5208522483314134,48.18531036376953,49.48783874511719,3,10,1024,768,341,256,2.11.0+cu128,12.8,2026-08-30T20:13:26.690555+00:00,3.13.15,2.1.3,11.3.0,0.25.2,Linux-6.6.122+-x86_64-with-glibc2.35,x86_64
Urban100,img_006.png,x3,imdn,prepared_bicubic_lr,img_006.png,3,native_model_grid_then_full_target_size_adjustment,gaussian_11x11_sigma_1.5_population_covariance,rgb_model,gpu,model_forward_only_cuda_events,Tesla T4,14912.6875,413.47802734375,703059,IMDN_x3.pth,11b1716a19bc16e5e353e1db798d476169338e631eb170c82d765559888cb028,https://raw.githubusercontent.com/Zheng222/IMDN/master/checkpoints/IMDN_x3.pth,DIV2K,bicubic,1023,1023,1024,1024,True,23.949723068301108,0.7060866280120196,22.605288291648588,0.6865079474945852,65.49558944702149,65.44612884521484,0.29497034886441825,64.85810852050781,65.94927978515625,3,10,1024,1024,341,341,2.11.0+cu128,12.8,2026-08-30T20:13:28.848313+00:00,3.13.15,2.1.3,11.3.0,0.25.2,Linux-6.6.122+-x86_64-with-glibc2.35,x86_64
Urban100,img_007.png,x3,imdn,prepared_bicubic_lr,img_007.png,3,native_model_grid_then_full_target_size_adjustment,gaussian_11x11_sigma_1.5_population_covariance,rgb_model,gpu,model_forward_only_cuda_events,Tesla T4,14912.6875,387.81884765625,703059,IMDN_x3.pth,11b1716a19bc16e5e353e1db798d476169338e631eb170c82d765559888cb028,https://raw.githubusercontent.com/Zheng222/IMDN/master/checkpoints/IMDN_x3.pth,DIV2K,bicubic,1023,678,1024,680,True,31.922105722764584,0.9182842923999908,30.366681231464124,0.9051479920698018,43.520489883422854,43.37113571166992,0.42799094217676326,43.0656623840332,44.45395278930664,3,10,1024,680,341,226,2.11.0+cu128,12.8,2026-08-30T20:13:30.339580+00:00,3.13.15,2.1.3,11.3.0,0.25.2,Linux-6.6.122+-x86_64-with-glibc2.35,x86_64
Urban100,img_008.png,x3,imdn,prepared_bicubic_lr,img_008.png,3,native_model_grid_then_full_target_size_adjustment,gaussian_11x11_sigma_1.5_population_covariance,rgb_model,gpu,model_forward_only_cuda_events,Tesla T4,14912.6875,326.47216796875,703059,IMDN_x3.pth,11b1716a19bc16e5e353e1db798d476169338e631eb170c82d765559888cb028,https://raw.githubusercontent.com/Zheng222/IMDN/master/checkpoints/IMDN_x3.pth,DIV2K,bicubic,1023,570,1024,572,True,23.127115110122126,0.7686734224445919,21.912223359993213,0.7613082854517063,35.95956115722656,35.88057518005371,0.25049354394093215,35.69865417480469,36.58755111694336,3,10,1024,572,341,190,2.11.0+cu128,12.8,2026-08-30T20:13:31.495532+00:00,3.13.15,2.1.3,11.3.0,0.25.2,Linux-6.6.122+-x86_64-with-glibc2.35,x86_64
Urban100,img_009.png,x3,imdn,prepared_bicubic_lr,img_009.png,3,native_model_grid_then_full_target_size_adjustment,gaussian_11x11_sigma_1.5_population_covariance,rgb_model,gpu,model_forward_only_cuda_events,Tesla T4,14912.6875,321.908203125,703059,IMDN_x3.pth,11b1716a19bc16e5e353e1db798d476169338e631eb170c82d765559888cb028,https://raw.githubusercontent.com/Zheng222/IMDN/master/checkpoints/IMDN_x3.pth,DIV2K,bicubic,1023,795,1024,796,True,36.29083366814276,0.9511509936593786,34.369872932693156,0.9360768877366495,51.00502738952637,50.94126319885254,0.32345593289164154,50.25379180908203,51.38838577270508,3,10,1024,796,341,265,2.11.0+cu128,12.8,2026-08-30T20:13:33.086154+00:00,3.13.15,2.1.3,11.3.0,0.25.2,Linux-6.6.122+-x86_64-with-glibc2.35,x86_64
Urban100,img_010.png,x3,imdn,prepared_bicubic_lr,img_010.png,3,native_model_grid_then_full_target_size_adjustment,gaussian_11x11_sigma_1.5_population_covariance,rgb_model,gpu,model_forward_only_cuda_events,Tesla T4,14912.6875,330.337890625,703059,IMDN_x3.pth,11b1716a19bc16e5e353e1db798d476169338e631eb170c82d765559888cb028,https://raw.githubusercontent.com/Zheng222/IMDN/master/checkpoints/IMDN_x3.pth,DIV2K,bicubic,1023,816,1024,816,True,29.392052778264542,0.9249454756160548,27.961991472700035,0.9085157553325378,51.98233985900879,52.02537727355957,0.5340792686031263,50.90745544433594,52.946529388427734,3,10,1024,816,341,272,2.11.0+cu128,12.8,2026-08-30T20:13:34.785993+00:00,3.13.15,2.1.3,11.3.0,0.25.2,Linux-6.6.122+-x86_64-with-glibc2.35,x86_64
Urban100,img_011.png,x3,imdn,prepared_bicubic_lr,img_011.png,3,native_model_grid_then_full_target_size_adjustment,gaussian_11x11_sigma_1.5_population_covariance,rgb_model,gpu,model_forward_only_cuda_events,Tesla T4,14912.6875,229.51953125,703059,IMDN_x3.pth,11b1716a19bc16e5e353e1db798d476169338e631eb170c82d765559888cb028,https://raw.githubusercontent.com/Zheng222/IMDN/master/checkpoints/IMDN_x3.pth,DIV2K,bicubic,564,1023,564,1024,True,20.00124843012015,0.8702436341770221,18.674923141500926,0.856496402927645,36.1796516418457,35.96793746948242,0.5287922562172778,35.66169738769531,37.4192008972168,3,10,564,1024,188,341,2.11.0+cu128,12.8,2026-08-30T20:13:35.953904+00:00,3.13.15,2.1.3,11.3.0,0.25.2,Linux-6.6.122+-x86_64-with-glibc2.35,x86_64
Urban100,img_012.png,x3,imdn,prepared_bicubic_lr,img_012.png,3,native_model_grid_then_full_target_size_adjustment,gaussian_11x11_sigma_1.5_population_covariance,rgb_model,gpu,model_forward_only_cuda_events,Tesla T4,14912.6875,439.1865234375,703059,IMDN_x3.pth,11b1716a19bc16e5e353e1db798d476169338e631eb170c82d765559888cb028,https://raw.githubusercontent.com/Zheng222/IMDN/master/checkpoints/IMDN_x3.pth,DIV2K,bicubic,1023,768,1024,768,True,25.044993029031907,0.8105864382114627,23.1947103848379,0.7904418485466426,49.04087371826172,49.01908874511719,0.6800160833765231,48.13568115234375,50.16838455200195,3,10,1024,768,341,256,2.11.0+cu128,12.8,2026-08-30T20:13:37.828482+00:00,3.13.15,2.1.3,11.3.0,0.25.2,Linux-6.6.122+-x86_64-with-glibc2.35,x86_64
Urban100,img_013.png,x3,imdn,prepared_bicubic_lr,img_013.png,3,native_model_grid_then_full_target_size_adjustment,gaussian_11x11_sigma_1.5_population_covariance,rgb_model,gpu,model_forward_only_cuda_events,Tesla T4,14912.6875,435.53271484375,703059,IMDN_x3.pth,11b1716a19bc16e5e353e1db798d476169338e631eb170c82d765559888cb028,https://raw.githubusercontent.com/Zheng222/IMDN/master/checkpoints/IMDN_x3.pth,DIV2K,bicubic,1023,762,1024,764,True,31.307890823265478,0.8872692172809341,29.93512037267369,0.8527259194584448,49.325779342651366,49.22070503234863,0.624030541706973,47.88835144042969,50.182430267333984,3,10,1024,764,341,254,2.11.0+cu128,12.8,2026-08-30T20:13:39.775880+00:00,3.13.15,2.1.3,11.3.0,0.25.2,Linux-6.6.122+-x86_64-with-glibc2.35,x86_64
Urban100,img_014.png,x3,imdn,prepared_bicubic_lr,img_014.png,3,native_model_grid_then_full_target_size_adjustment,gaussian_11x11_sigma_1.5_population_covariance,rgb_model,gpu,model_forward_only_cuda_events,Tesla T4,14912.6875,413.47802734375,703059,IMDN_x3.pth,11b1716a19bc16e5e353e1db798d476169338e631eb170c82d765559888cb028,https://raw.githubusercontent.com/Zheng222/IMDN/master/checkpoints/IMDN_x3.pth,DIV2K,bicubic,1023,1023,1024,1024,True,23.461933015629235,0.7672129169974571,22.160390836485476,0.7532792200636759,65.08671073913574,65.14094161987305,0.5067457239972687,63.88959884643555,65.80134582519531,3,10,1024,1024,341,341,2.11.0+cu128,12.8,2026-08-30T20:13:41.934750+00:00,3.13.15,2.1.3,11.3.0,0.25.2,Linux-6.6.122+-x86_64-with-glibc2.35,x86_64
Urban100,img_015.png,x3,imdn,prepared_bicubic_lr,img_015.png,3,native_model_grid_then_full_target_size_adjustment,gaussian_11x11_sigma_1.5_population_covariance,rgb_model,gpu,model_forward_only_cuda_events,Tesla T4,14912.6875,312.27099609375,703059,IMDN_x3.pth,11b1716a19bc16e5e353e1db798d476169338e631eb170c82d765559888cb028,https://raw.githubusercontent.com/Zheng222/IMDN/master/checkpoints/IMDN_x3.pth,DIV2K,bicubic,1023,771,1024,772,True,27.564746724606763,0.7841417822350211,26.128648869868144,0.7482056478440557,49.40007362365723,49.503408432006836,0.47521437757957485,48.535552978515625,50.089630126953125,3,10,1024,772,341,257,2.11.0+cu128,12.8,2026-08-30T20:13:43.528146+00:00,3.13.15,2.1.3,11.3.0,0.25.2,Linux-6.6.122+-x86_64-with-glibc2.35,x86_64
Urban100,img_016.png,x3,imdn,prepared_bicubic_lr,img_016.png,3,native_model_grid_then_full_target_size_adjustment,gaussian_11x11_sigma_1.5_population_covariance,rgb_model,gpu,model_forward_only_cuda_events,Tesla T4,14912.6875,413.47802734375,703059,IMDN_x3.pth,11b1716a19bc16e5e353e1db798d476169338e631eb170c82d765559888cb028,https://raw.githubusercontent.com/Zheng222/IMDN/master/checkpoints/IMDN_x3.pth,DIV2K,bicubic,1023,1023,1024,1024,True,33.19704975850283,0.9385885293531914,31.7260430825624,0.9275233741885148,63.53233604431152,63.46377754211426,0.421237378815228,63.0115852355957,64.57186889648438,3,10,1024,1024,341,341,2.11.0+cu128,12.8,2026-08-30T20:13:45.472492+00:00,3.13.15,2.1.3,11.3.0,0.25.2,Linux-6.6.122+-x86_64-with-glibc2.35,x86_64
Urban100,img_017.png,x3,imdn,prepared_bicubic_lr,img_017.png,3,native_model_grid_then_full_target_size_adjustment,gaussian_11x11_sigma_1.5_population_covariance,rgb_model,gpu,model_forward_only_cuda_events,Tesla T4,14912.6875,397.19091796875,703059,IMDN_x3.pth,11b1716a19bc16e5e353e1db798d476169338e631eb170c82d765559888cb028,https://raw.githubusercontent.com/Zheng222/IMDN/master/checkpoints/IMDN_x3.pth,DIV2K,bicubic,1023,690,1024,692,True,27.72232571012016,0.891154230620267,26.201215805617018,0.8795360211723638,44.00509452819824,44.06416130065918,0.3377630675054629,43.47903823852539,44.606048583984375,3,10,1024,692,341,230,2.11.0+cu128,12.8,2026-08-30T20:13:46.878807+00:00,3.13.15,2.1.3,11.3.0,0.25.2,Linux-6.6.122+-x86_64-with-glibc2.35,x86_64
Urban100,img_018.png,x3,imdn,prepared_bicubic_lr,img_018.png,3,native_model_grid_then_full_target_size_adjustment,gaussian_11x11_sigma_1.5_population_covariance,rgb_model,gpu,model_forward_only_cuda_events,Tesla T4,14912.6875,439.1865234375,703059,IMDN_x3.pth,11b1716a19bc16e5e353e1db798d476169338e631eb170c82d765559888cb028,https://raw.githubusercontent.com/Zheng222/IMDN/master/checkpoints/IMDN_x3.pth,DIV2K,bicubic,1023,768,1024,768,True,27.61019777514591,0.7865249901976883,25.869883991226455,0.7559451576279937,48.53775291442871,48.428768157958984,0.5299951920290741,47.81862258911133,49.50019073486328,3,10,1024,768,341,256,2.11.0+cu128,12.8,2026-08-30T20:13:48.477329+00:00,3.13.15,2.1.3,11.3.0,0.25.2,Linux-6.6.122+-x86_64-with-glibc2.35,x86_64
Urban100,img_019.png,x3,imdn,prepared_bicubic_lr,img_019.png,3,native_model_grid_then_full_target_size_adjustment,gaussian_11x11_sigma_1.5_population_covariance,rgb_model,gpu,model_forward_only_cuda_events,Tesla T4,14912.6875,387.81884765625,703059,IMDN_x3.pth,11b1716a19bc16e5e353e1db798d476169338e631eb170c82d765559888cb028,https://raw.githubusercontent.com/Zheng222/IMDN/master/checkpoints/IMDN_x3.pth,DIV2K,bicubic,1023,678,1024,680,True,24.290077843215894,0.8795569961796214,22.707864894968687,0.8364893965976573,43.308739471435544,43.36030387878418,0.2558341468570017,42.891265869140625,43.66844940185547,3,10,1024,680,341,226,2.11.0+cu128,12.8,2026-08-30T20:13:49.858625+00:00,3.13.15,2.1.3,11.3.0,0.25.2,Linux-6.6.122+-x86_64-with-glibc2.35,x86_64
Urban100,img_020.png,x3,imdn,prepared_bicubic_lr,img_020.png,3,native_model_grid_then_full_target_size_adjustment,gaussian_11x11_sigma_1.5_population_covariance,rgb_model,gpu,model_forward_only_cuda_events,Tesla T4,14912.6875,484.55126953125,703059,IMDN_x3.pth,11b1716a19bc16e5e353e1db798d476169338e631eb170c82d765559888cb028,https://raw.githubusercontent.com/Zheng222/IMDN/master/checkpoints/IMDN_x3.pth,DIV2K,bicubic,1278,960,1280,960,True,23.967912670455505,0.8109863804028113,22.596168210453136,0.7993486885689068,76.398193359375,76.38631820678711,0.5554889470166964,75.42227172851562,77.3220443725586,3,10,1280,960,426,320,2.11.0+cu128,12.8,2026-08-30T20:13:52.770279+00:00,3.13.15,2.1.3,11.3.0,0.25.2,Linux-6.6.122+-x86_64-with-glibc2.35,x86_64
Urban100,img_021.png,x3,imdn,prepared_bicubic_lr,img_021.png,3,native_model_grid_then_full_target_size_adjustment,gaussian_11x11_sigma_1.5_population_covariance,rgb_model,gpu,model_forward_only_cuda_events,Tesla T4,14912.6875,377.1357421875,703059,IMDN_x3.pth,11b1716a19bc16e5e353e1db798d476169338e631eb170c82d765559888cb028,https://raw.githubusercontent.com/Zheng222/IMDN/master/checkpoints/IMDN_x3.pth,DIV2K,bicubic,795,1200,796,1200,True,31.3383370257645,0.8420859605990083,29.963545654660816,0.8220294138895277,60.641558456420896,59.83406448364258,3.3583164949321858,57.98486328125,70.35494232177734,3,10,796,1200,265,400,2.11.0+cu128,12.8,2026-08-30T20:13:55.181478+00:00,3.13.15,2.1.3,11.3.0,0.25.2,Linux-6.6.122+-x86_64-with-glibc2.35,x86_64
Urban100,img_022.png,x3,imdn,prepared_bicubic_lr,img_022.png,3,native_model_grid_then_full_target_size_adjustment,gaussian_11x11_sigma_1.5_population_covariance,rgb_model,gpu,model_forward_only_cuda_events,Tesla T4,14912.6875,387.81884765625,703059,IMDN_x3.pth,11b1716a19bc16e5e353e1db798d476169338e631eb170c82d765559888cb028,https://raw.githubusercontent.com/Zheng222/IMDN/master/checkpoints/IMDN_x3.pth,DIV2K,bicubic,1023,678,1024,680,True,27.123376161349118,0.8106252837280864,25.78425566195712,0.7929380548061493,43.21842231750488,43.15328025817871,0.24929557704254462,42.84211349487305,43.626590728759766,3,10,1024,680,341,226,2.11.0+cu128,12.8,2026-08-30T20:13:56.526431+00:00,3.13.15,2.1.3,11.3.0,0.25.2,Linux-6.6.122+-x86_64-with-glibc2.35,x86_64
Urban100,img_023.png,x3,imdn,prepared_bicubic_lr,img_023.png,3,native_model_grid_then_full_target_size_adjustment,gaussian_11x11_sigma_1.5_population_covariance,rgb_model,gpu,model_forward_only_cuda_events,Tesla T4,14912.6875,413.47802734375,703059,IMDN_x3.pth,11b1716a19bc16e5e353e1db798d476169338e631eb170c82d765559888cb028,https://raw.githubusercontent.com/Zheng222/IMDN/master/checkpoints/IMDN_x3.pth,DIV2K,bicubic,1023,1023,1024,1024,True,33.2517842795273,0.953676683982408,31.390214207552532,0.9424425235051043,64.06500854492188,64.13800048828125,0.4469435832008495,63.40412902832031,64.70861053466797,3,10,1024,1024,341,341,2.11.0+cu128,12.8,2026-08-30T20:13:58.486326+00:00,3.13.15,2.1.3,11.3.0,0.25.2,Linux-6.6.122+-x86_64-with-glibc2.35,x86_64
Urban100,img_024.png,x3,imdn,prepared_bicubic_lr,img_024.png,3,native_model_grid_then_full_target_size_adjustment,gaussian_11x11_sigma_1.5_population_covariance,rgb_model,gpu,model_forward_only_cuda_events,Tesla T4,14912.6875,377.59130859375,703059,IMDN_x3.pth,11b1716a19bc16e5e353e1db798d476169338e631eb170c82d765559888cb028,https://raw.githubusercontent.com/Zheng222/IMDN/master/checkpoints/IMDN_x3.pth,DIV2K,bicubic,1023,660,1024,660,True,22.611031049552793,0.7658965013155382,21.232685617555052,0.7541702921656812,42.0140869140625,41.986175537109375,0.29445620995182936,41.61948776245117,42.71129608154297,3,10,1024,660,341,220,2.11.0+cu128,12.8,2026-08-30T20:13:59.878556+00:00,3.13.15,2.1.3,11.3.0,0.25.2,Linux-6.6.122+-x86_64-with-glibc2.35,x86_64
Urban100,img_025.png,x3,imdn,prepared_bicubic_lr,img_025.png,3,native_model_grid_then_full_target_size_adjustment,gaussian_11x11_sigma_1.5_population_covariance,rgb_model,gpu,model_forward_only_cuda_events,Tesla T4,14912.6875,420.19921875,703059,IMDN_x3.pth,11b1716a19bc16e5e353e1db798d476169338e631eb170c82d765559888cb028,https://raw.githubusercontent.com/Zheng222/IMDN/master/checkpoints/IMDN_x3.pth,DIV2K,bicubic,1023,735,1024,736,True,33.835927497263796,0.9306459971788739,32.318350777910084,0.9126208002664011,47.31711082458496,47.096336364746094,0.41814024711399567,46.920352935791016,48.210880279541016,3,10,1024,736,341,245,2.11.0+cu128,12.8,2026-08-30T20:14:01.411293+00:00,3.13.15,2.1.3,11.3.0,0.25.2,Linux-6.6.122+-x86_64-with-glibc2.35,x86_64
Urban100,img_026.png,x3,imdn,prepared_bicubic_lr,img_026.png,3,native_model_grid_then_full_target_size_adjustment,gaussian_11x11_sigma_1.5_population_covariance,rgb_model,gpu,model_forward_only_cuda_events,Tesla T4,14912.6875,439.1865234375,703059,IMDN_x3.pth,11b1716a19bc16e5e353e1db798d476169338e631eb170c82d765559888cb028,https://raw.githubusercontent.com/Zheng222/IMDN/master/checkpoints/IMDN_x3.pth,DIV2K,bicubic,1023,768,1024,768,True,29.513113790887555,0.7483438959760623,28.00110947143354,0.7023046039841653,48.541747665405275,48.246992111206055,0.5130724207311974,48.08124923706055,49.5382080078125,3,10,1024,768,341,256,2.11.0+cu128,12.8,2026-08-30T20:14:03.030801+00:00,3.13.15,2.1.3,11.3.0,0.25.2,Linux-6.6.122+-x86_64-with-glibc2.35,x86_64
Urban100,img_027.png,x3,imdn,prepared_bicubic_lr,img_027.png,3,native_model_grid_then_full_target_size_adjustment,gaussian_11x11_sigma_1.5_population_covariance,rgb_model,gpu,model_forward_only_cuda_events,Tesla T4,14912.6875,336.36279296875,703059,IMDN_x3.pth,11b1716a19bc16e5e353e1db798d476169338e631eb170c82d765559888cb028,https://raw.githubusercontent.com/Zheng222/IMDN/master/checkpoints/IMDN_x3.pth,DIV2K,bicubic,1023,831,1024,832,True,29.442820979776087,0.8451001568330166,28.217562978704148,0.8281679450494073,53.90240287780762,53.961679458618164,0.5192753267572594,53.04713439941406,54.75532913208008,3,10,1024,832,341,277,2.11.0+cu128,12.8,2026-08-30T20:14:04.756923+00:00,3.13.15,2.1.3,11.3.0,0.25.2,Linux-6.6.122+-x86_64-with-glibc2.35,x86_64
Urban100,img_028.png,x3,imdn,prepared_bicubic_lr,img_028.png,3,native_model_grid_then_full_target_size_adjustment,gaussian_11x11_sigma_1.5_population_covariance,rgb_model,gpu,model_forward_only_cuda_events,Tesla T4,14912.6875,387.81884765625,703059,IMDN_x3.pth,11b1716a19bc16e5e353e1db798d476169338e631eb170c82d765559888cb028,https://raw.githubusercontent.com/Zheng222/IMDN/master/checkpoints/IMDN_x3.pth,DIV2K,bicubic,1023,678,1024,680,True,33.50265669320868,0.9074991810828101,32.16856514430536,0.8942238838036448,43.56030693054199,43.60531234741211,0.38748601347281053,42.923614501953125,44.33715057373047,3,10,1024,680,341,226,2.11.0+cu128,12.8,2026-08-30T20:14:06.383418+00:00,3.13.15,2.1.3,11.3.0,0.25.2,Linux-6.6.122+-x86_64-with-glibc2.35,x86_64
Urban100,img_029.png,x3,imdn,prepared_bicubic_lr,img_029.png,3,native_model_grid_then_full_target_size_adjustment,gaussian_11x11_sigma_1.5_population_covariance,rgb_model,gpu,model_forward_only_cuda_events,Tesla T4,14912.6875,386.1181640625,703059,IMDN_x3.pth,11b1716a19bc16e5e353e1db798d476169338e631eb170c82d765559888cb028,https://raw.githubusercontent.com/Zheng222/IMDN/master/checkpoints/IMDN_x3.pth,DIV2K,bicubic,1023,675,1024,676,True,29.13983146394716,0.9161203724523693,27.729972620527953,0.9014171630770393,43.07619209289551,42.95332717895508,0.4283071187157514,42.58406448364258,43.937984466552734,3,10,1024,676,341,225,2.11.0+cu128,12.8,2026-08-30T20:14:08.090332+00:00,3.13.15,2.1.3,11.3.0,0.25.2,Linux-6.6.122+-x86_64-with-glibc2.35,x86_64
Urban100,img_030.png,x3,imdn,prepared_bicubic_lr,img_030.png,3,native_model_grid_then_full_target_size_adjustment,gaussian_11x11_sigma_1.5_population_covariance,rgb_model,gpu,model_forward_only_cuda_events,Tesla T4,14912.6875,275.3671875,703059,IMDN_x3.pth,11b1716a19bc16e5e353e1db798d476169338e631eb170c82d765559888cb028,https://raw.githubusercontent.com/Zheng222/IMDN/master/checkpoints/IMDN_x3.pth,DIV2K,bicubic,678,1023,680,1024,True,26.86469415033375,0.8848155216157234,24.953912200834854,0.8663625668200597,45.04628143310547,45.22529602050781,0.4473614436653438,44.25516891479492,45.652992248535156,3,10,680,1024,226,341,2.11.0+cu128,12.8,2026-08-30T20:14:09.751848+00:00,3.13.15,2.1.3,11.3.0,0.25.2,Linux-6.6.122+-x86_64-with-glibc2.35,x86_64
Urban100,img_031.png,x3,imdn,prepared_bicubic_lr,img_031.png,3,native_model_grid_then_full_target_size_adjustment,gaussian_11x11_sigma_1.5_population_covariance,rgb_model,gpu,model_forward_only_cuda_events,Tesla T4,14912.6875,387.81884765625,703059,IMDN_x3.pth,11b1716a19bc16e5e353e1db798d476169338e631eb170c82d765559888cb028,https://raw.githubusercontent.com/Zheng222/IMDN/master/checkpoints/IMDN_x3.pth,DIV2K,bicubic,1023,678,1024,680,True,25.59016016605087,0.8543905171250413,24.123156848028636,0.8414036175683801,43.59022979736328,43.669504165649414,0.24255595191060486,43.1387825012207,43.84975814819336,3,10,1024,680,341,226,2.11.0+cu128,12.8,2026-08-30T20:14:11.093897+00:00,3.13.15,2.1.3,11.3.0,0.25.2,Linux-6.6.122+-x86_64-with-glibc2.35,x86_64
Urban100,img_032.png,x3,imdn,prepared_bicubic_lr,img_032.png,3,native_model_grid_then_full_target_size_adjustment,gaussian_11x11_sigma_1.5_population_covariance,rgb_model,gpu,model_forward_only_cuda_events,Tesla T4,14912.6875,387.81884765625,703059,IMDN_x3.pth,11b1716a19bc16e5e353e1db798d476169338e631eb170c82d765559888cb028,https://raw.githubusercontent.com/Zheng222/IMDN/master/checkpoints/IMDN_x3.pth,DIV2K,bicubic,1023,678,1024,680,True,31.01771887241184,0.9042378430957604,29.404998861122703,0.8895289623411257,43.518931198120114,43.55904006958008,0.3163138804862228,42.92252731323242,44.12364959716797,3,10,1024,680,341,226,2.11.0+cu128,12.8,2026-08-30T20:14:12.462199+00:00,3.13.15,2.1.3,11.3.0,0.25.2,Linux-6.6.122+-x86_64-with-glibc2.35,x86_64
Urban100,img_033.png,x3,imdn,prepared_bicubic_lr,img_033.png,3,native_model_grid_then_full_target_size_adjustment,gaussian_11x11_sigma_1.5_population_covariance,rgb_model,gpu,model_forward_only_cuda_events,Tesla T4,14912.6875,387.81884765625,703059,IMDN_x3.pth,11b1716a19bc16e5e353e1db798d476169338e631eb170c82d765559888cb028,https://raw.githubusercontent.com/Zheng222/IMDN/master/checkpoints/IMDN_x3.pth,DIV2K,bicubic,1023,678,1024,680,True,29.025998824785848,0.8708451851871328,27.19854702899109,0.849181055826903,43.36065864562988,43.28043174743652,0.29338709886019293,42.939937591552734,43.86198425292969,3,10,1024,680,341,226,2.11.0+cu128,12.8,2026-08-30T20:14:13.838564+00:00,3.13.15,2.1.3,11.3.0,0.25.2,Linux-6.6.122+-x86_64-with-glibc2.35,x86_64
Urban100,img_034.png,x3,imdn,prepared_bicubic_lr,img_034.png,3,native_model_grid_then_full_target_size_adjustment,gaussian_11x11_sigma_1.5_population_covariance,rgb_model,gpu,model_forward_only_cuda_events,Tesla T4,14912.6875,387.81884765625,703059,IMDN_x3.pth,11b1716a19bc16e5e353e1db798d476169338e631eb170c82d765559888cb028,https://raw.githubusercontent.com/Zheng222/IMDN/master/checkpoints/IMDN_x3.pth,DIV2K,bicubic,1023,678,1024,680,True,24.38043740434945,0.6691731669397417,22.500317526326384,0.6685449958482291,43.52789154052734,43.34505653381348,0.37573601635948034,43.22819137573242,44.48739242553711,3,10,1024,680,341,226,2.11.0+cu128,12.8,2026-08-30T20:14:15.229972+00:00,3.13.15,2.1.3,11.3.0,0.25.2,Linux-6.6.122+-x86_64-with-glibc2.35,x86_64
Urban100,img_035.png,x3,imdn,prepared_bicubic_lr,img_035.png,3,native_model_grid_then_full_target_size_adjustment,gaussian_11x11_sigma_1.5_population_covariance,rgb_model,gpu,model_forward_only_cuda_events,Tesla T4,14912.6875,395.7392578125,703059,IMDN_x3.pth,11b1716a19bc16e5e353e1db798d476169338e631eb170c82d765559888cb028,https://raw.githubusercontent.com/Zheng222/IMDN/master/checkpoints/IMDN_x3.pth,DIV2K,bicubic,1023,687,1024,688,True,31.250616699934216,0.9167792798285239,29.78619417164444,0.9001999225474774,44.036428451538086,44.06353569030762,0.36201782275220584,43.45158386230469,44.601951599121094,3,10,1024,688,341,229,2.11.0+cu128,12.8,2026-08-30T20:14:16.629220+00:00,3.13.15,2.1.3,11.3.0,0.25.2,Linux-6.6.122+-x86_64-with-glibc2.35,x86_64
Urban100,img_036.png,x3,imdn,prepared_bicubic_lr,img_036.png,3,native_model_grid_then_full_target_size_adjustment,gaussian_11x11_sigma_1.5_population_covariance,rgb_model,gpu,model_forward_only_cuda_events,Tesla T4,14912.6875,285.62060546875,703059,IMDN_x3.pth,11b1716a19bc16e5e353e1db798d476169338e631eb170c82d765559888cb028,https://raw.githubusercontent.com/Zheng222/IMDN/master/checkpoints/IMDN_x3.pth,DIV2K,bicubic,699,1023,700,1024,True,30.915073162990637,0.92597674239798,29.585666880540614,0.916748932075491,46.269113540649414,46.13216018676758,0.567628488544341,45.8172492980957,47.90217590332031,3,10,700,1024,233,341,2.11.0+cu128,12.8,2026-08-30T20:14:18.030751+00:00,3.13.15,2.1.3,11.3.0,0.25.2,Linux-6.6.122+-x86_64-with-glibc2.35,x86_64
Urban100,img_037.png,x3,imdn,prepared_bicubic_lr,img_037.png,3,native_model_grid_then_full_target_size_adjustment,gaussian_11x11_sigma_1.5_population_covariance,rgb_model,gpu,model_forward_only_cuda_events,Tesla T4,14912.6875,299.4970703125,703059,IMDN_x3.pth,11b1716a19bc16e5e353e1db798d476169338e631eb170c82d765559888cb028,https://raw.githubusercontent.com/Zheng222/IMDN/master/checkpoints/IMDN_x3.pth,DIV2K,bicubic,738,1023,740,1024,True,28.88994022372092,0.8778813460965326,27.454197625260186,0.8599555905134891,49.41341094970703,49.7653751373291,0.8580413482307744,47.75932693481445,50.612159729003906,3,10,740,1024,246,341,2.11.0+cu128,12.8,2026-08-30T20:14:19.580325+00:00,3.13.15,2.1.3,11.3.0,0.25.2,Linux-6.6.122+-x86_64-with-glibc2.35,x86_64
Urban100,img_038.png,x3,imdn,prepared_bicubic_lr,img_038.png,3,native_model_grid_then_full_target_size_adjustment,gaussian_11x11_sigma_1.5_population_covariance,rgb_model,gpu,model_forward_only_cuda_events,Tesla T4,14912.6875,311.6865234375,703059,IMDN_x3.pth,11b1716a19bc16e5e353e1db798d476169338e631eb170c82d765559888cb028,https://raw.githubusercontent.com/Zheng222/IMDN/master/checkpoints/IMDN_x3.pth,DIV2K,bicubic,768,1023,768,1024,True,28.740066905821347,0.7708216924356386,27.239373826692677,0.7302843000218537,46.60447654724121,46.58961486816406,0.2568489368389538,46.2723503112793,47.07913589477539,3,10,768,1024,256,341,2.11.0+cu128,12.8,2026-08-30T20:14:21.511185+00:00,3.13.15,2.1.3,11.3.0,0.25.2,Linux-6.6.122+-x86_64-with-glibc2.35,x86_64
Urban100,img_039.png,x3,imdn,prepared_bicubic_lr,img_039.png,3,native_model_grid_then_full_target_size_adjustment,gaussian_11x11_sigma_1.5_population_covariance,rgb_model,gpu,model_forward_only_cuda_events,Tesla T4,14912.6875,311.6865234375,703059,IMDN_x3.pth,11b1716a19bc16e5e353e1db798d476169338e631eb170c82d765559888cb028,https://raw.githubusercontent.com/Zheng222/IMDN/master/checkpoints/IMDN_x3.pth,DIV2K,bicubic,768,1023,768,1024,True,24.98588853411414,0.8353235711686698,23.58017403643108,0.8207148828595544,46.26446723937988,46.115055084228516,0.3790579732763035,46.04528045654297,47.36614227294922,3,10,768,1024,256,341,2.11.0+cu128,12.8,2026-08-30T20:14:23.383336+00:00,3.13.15,2.1.3,11.3.0,0.25.2,Linux-6.6.122+-x86_64-with-glibc2.35,x86_64
Urban100,img_040.png,x3,imdn,prepared_bicubic_lr,img_040.png,3,native_model_grid_then_full_target_size_adjustment,gaussian_11x11_sigma_1.5_population_covariance,rgb_model,gpu,model_forward_only_cuda_events,Tesla T4,14912.6875,329.87744140625,703059,IMDN_x3.pth,11b1716a19bc16e5e353e1db798d476169338e631eb170c82d765559888cb028,https://raw.githubusercontent.com/Zheng222/IMDN/master/checkpoints/IMDN_x3.pth,DIV2K,bicubic,1023,576,1024,576,True,31.188404432916634,0.9717284513603431,29.743611651820437,0.966585931485669,35.9646240234375,36.004159927368164,0.15612591967172423,35.72342300415039,36.214561462402344,3,10,1024,576,341,192,2.11.0+cu128,12.8,2026-08-30T20:14:24.554614+00:00,3.13.15,2.1.3,11.3.0,0.25.2,Linux-6.6.122+-x86_64-with-glibc2.35,x86_64
Urban100,img_041.png,x3,imdn,prepared_bicubic_lr,img_041.png,3,native_model_grid_then_full_target_size_adjustment,gaussian_11x11_sigma_1.5_population_covariance,rgb_model,gpu,model_forward_only_cuda_events,Tesla T4,14912.6875,387.81884765625,703059,IMDN_x3.pth,11b1716a19bc16e5e353e1db798d476169338e631eb170c82d765559888cb028,https://raw.githubusercontent.com/Zheng222/IMDN/master/checkpoints/IMDN_x3.pth,DIV2K,bicubic,1023,678,1024,680,True,28.907125249788585,0.9295229751134697,27.374155216977293,0.9193412843943394,43.453836822509764,43.386911392211914,0.3060495784577822,43.0239372253418,44.04627227783203,3,10,1024,680,341,226,2.11.0+cu128,12.8,2026-08-30T20:14:25.955565+00:00,3.13.15,2.1.3,11.3.0,0.25.2,Linux-6.6.122+-x86_64-with-glibc2.35,x86_64
Urban100,img_042.png,x3,imdn,prepared_bicubic_lr,img_042.png,3,native_model_grid_then_full_target_size_adjustment,gaussian_11x11_sigma_1.5_population_covariance,rgb_model,gpu,model_forward_only_cuda_events,Tesla T4,14912.6875,387.81884765625,703059,IMDN_x3.pth,11b1716a19bc16e5e353e1db798d476169338e631eb170c82d765559888cb028,https://raw.githubusercontent.com/Zheng222/IMDN/master/checkpoints/IMDN_x3.pth,DIV2K,bicubic,1023,678,1024,680,True,31.53200047800553,0.9341849450045812,30.197839125823652,0.9280886689448478,43.50275497436523,43.497392654418945,0.256023493528831,43.151329040527344,43.9411506652832,3,10,1024,680,341,226,2.11.0+cu128,12.8,2026-08-30T20:14:27.294757+00:00,3.13.15,2.1.3,11.3.0,0.25.2,Linux-6.6.122+-x86_64-with-glibc2.35,x86_64
Urban100,img_043.png,x3,imdn,prepared_bicubic_lr,img_043.png,3,native_model_grid_then_full_target_size_adjustment,gaussian_11x11_sigma_1.5_population_covariance,rgb_model,gpu,model_forward_only_cuda_events,Tesla T4,14912.6875,384.40771484375,703059,IMDN_x3.pth,11b1716a19bc16e5e353e1db798d476169338e631eb170c82d765559888cb028,https://raw.githubusercontent.com/Zheng222/IMDN/master/checkpoints/IMDN_x3.pth,DIV2K,bicubic,1023,672,1024,672,True,34.805720240264534,0.9559504016366279,32.99784985781613,0.9382220093475685,42.047468948364255,41.862545013427734,0.4311290618882063,41.6129264831543,42.91116714477539,3,10,1024,672,341,224,2.11.0+cu128,12.8,2026-08-30T20:14:28.686986+00:00,3.13.15,2.1.3,11.3.0,0.25.2,Linux-6.6.122+-x86_64-with-glibc2.35,x86_64
Urban100,img_044.png,x3,imdn,prepared_bicubic_lr,img_044.png,3,native_model_grid_then_full_target_size_adjustment,gaussian_11x11_sigma_1.5_population_covariance,rgb_model,gpu,model_forward_only_cuda_events,Tesla T4,14912.6875,387.81884765625,703059,IMDN_x3.pth,11b1716a19bc16e5e353e1db798d476169338e631eb170c82d765559888cb028,https://raw.githubusercontent.com/Zheng222/IMDN/master/checkpoints/IMDN_x3.pth,DIV2K,bicubic,1023,678,1024,680,True,35.29710258687535,0.9296039594370725,33.16457769551561,0.9116343091746146,43.62292823791504,43.58342361450195,0.3045026190959369,42.9989128112793,44.109886169433594,3,10,1024,680,341,226,2.11.0+cu128,12.8,2026-08-30T20:14:30.084390+00:00,3.13.15,2.1.3,11.3.0,0.25.2,Linux-6.6.122+-x86_64-with-glibc2.35,x86_64
Urban100,img_045.png,x3,imdn,prepared_bicubic_lr,img_045.png,3,native_model_grid_then_full_target_size_adjustment,gaussian_11x11_sigma_1.5_population_covariance,rgb_model,gpu,model_forward_only_cuda_events,Tesla T4,14912.6875,439.1865234375,703059,IMDN_x3.pth,11b1716a19bc16e5e353e1db798d476169338e631eb170c82d765559888cb028,https://raw.githubusercontent.com/Zheng222/IMDN/master/checkpoints/IMDN_x3.pth,DIV2K,bicubic,1023,768,1024,768,True,27.949854925022684,0.8666826074883685,26.611718864707772,0.8596706568699676,49.26642837524414,49.44491195678711,0.5585477936531676,48.388126373291016,50.007198333740234,3,10,1024,768,341,256,2.11.0+cu128,12.8,2026-08-30T20:14:31.668296+00:00,3.13.15,2.1.3,11.3.0,0.25.2,Linux-6.6.122+-x86_64-with-glibc2.35,x86_64
Urban100,img_046.png,x3,imdn,prepared_bicubic_lr,img_046.png,3,native_model_grid_then_full_target_size_adjustment,gaussian_11x11_sigma_1.5_population_covariance,rgb_model,gpu,model_forward_only_cuda_events,Tesla T4,14912.6875,282.7490234375,703059,IMDN_x3.pth,11b1716a19bc16e5e353e1db798d476169338e631eb170c82d765559888cb028,https://raw.githubusercontent.com/Zheng222/IMDN/master/checkpoints/IMDN_x3.pth,DIV2K,bicubic,690,1023,692,1024,True,24.834205831587784,0.8258324438659286,23.552008195153256,0.8237034360146405,45.72814788818359,45.69032096862793,0.3492473221052674,45.09084701538086,46.42313766479492,3,10,692,1024,230,341,2.11.0+cu128,12.8,2026-08-30T20:14:33.067980+00:00,3.13.15,2.1.3,11.3.0,0.25.2,Linux-6.6.122+-x86_64-with-glibc2.35,x86_64
Urban100,img_047.png,x3,imdn,prepared_bicubic_lr,img_047.png,3,native_model_grid_then_full_target_size_adjustment,gaussian_11x11_sigma_1.5_population_covariance,rgb_model,gpu,model_forward_only_cuda_events,Tesla T4,14912.6875,352.9697265625,703059,IMDN_x3.pth,11b1716a19bc16e5e353e1db798d476169338e631eb170c82d765559888cb028,https://raw.githubusercontent.com/Zheng222/IMDN/master/checkpoints/IMDN_x3.pth,DIV2K,bicubic,1023,615,1024,616,True,23.41614833657465,0.8413008538429074,21.94432875077982,0.8333319516227706,38.99829788208008,38.88643264770508,0.44196295594674434,38.602752685546875,40.18531036376953,3,10,1024,616,341,205,2.11.0+cu128,12.8,2026-08-30T20:14:34.540434+00:00,3.13.15,2.1.3,11.3.0,0.25.2,Linux-6.6.122+-x86_64-with-glibc2.35,x86_64
Urban100,img_048.png,x3,imdn,prepared_bicubic_lr,img_048.png,3,native_model_grid_then_full_target_size_adjustment,gaussian_11x11_sigma_1.5_population_covariance,rgb_model,gpu,model_forward_only_cuda_events,Tesla T4,14912.6875,277.77978515625,703059,IMDN_x3.pth,11b1716a19bc16e5e353e1db798d476169338e631eb170c82d765559888cb028,https://raw.githubusercontent.com/Zheng222/IMDN/master/checkpoints/IMDN_x3.pth,DIV2K,bicubic,684,1023,684,1024,True,22.239229065554614,0.8844102073900408,20.936579981301232,0.877878320507241,44.31353912353516,44.32540702819824,0.37990170381896715,43.62460708618164,44.925567626953125,3,10,684,1024,228,341,2.11.0+cu128,12.8,2026-08-30T20:14:36.166661+00:00,3.13.15,2.1.3,11.3.0,0.25.2,Linux-6.6.122+-x86_64-with-glibc2.35,x86_64
Urban100,img_049.png,x3,imdn,prepared_bicubic_lr,img_049.png,3,native_model_grid_then_full_target_size_adjustment,gaussian_11x11_sigma_1.5_population_covariance,rgb_model,gpu,model_forward_only_cuda_events,Tesla T4,14912.6875,387.81884765625,703059,IMDN_x3.pth,11b1716a19bc16e5e353e1db798d476169338e631eb170c82d765559888cb028,https://raw.githubusercontent.com/Zheng222/IMDN/master/checkpoints/IMDN_x3.pth,DIV2K,bicubic,1023,678,1024,680,True,25.282315353669684,0.8254749028413447,23.707324298438696,0.808065026489989,43.515584564208986,43.567121505737305,0.19208099677156487,43.134944915771484,43.79062271118164,3,10,1024,680,341,226,2.11.0+cu128,12.8,2026-08-30T20:14:37.889114+00:00,3.13.15,2.1.3,11.3.0,0.25.2,Linux-6.6.122+-x86_64-with-glibc2.35,x86_64
Urban100,img_050.png,x3,imdn,prepared_bicubic_lr,img_050.png,3,native_model_grid_then_full_target_size_adjustment,gaussian_11x11_sigma_1.5_population_covariance,rgb_model,gpu,model_forward_only_cuda_events,Tesla T4,14912.6875,275.3671875,703059,IMDN_x3.pth,11b1716a19bc16e5e353e1db798d476169338e631eb170c82d765559888cb028,https://raw.githubusercontent.com/Zheng222/IMDN/master/checkpoints/IMDN_x3.pth,DIV2K,bicubic,678,1023,680,1024,True,26.8715656263511,0.8415013578803163,25.452244235982555,0.8273376885768241,45.287274551391604,45.288625717163086,0.47882227168653513,44.284481048583984,46.07088088989258,3,10,680,1024,226,341,2.11.0+cu128,12.8,2026-08-30T20:14:39.251865+00:00,3.13.15,2.1.3,11.3.0,0.25.2,Linux-6.6.122+-x86_64-with-glibc2.35,x86_64
Urban100,img_051.png,x3,imdn,prepared_bicubic_lr,img_051.png,3,native_model_grid_then_full_target_size_adjustment,gaussian_11x11_sigma_1.5_population_covariance,rgb_model,gpu,model_forward_only_cuda_events,Tesla T4,14912.6875,387.81884765625,703059,IMDN_x3.pth,11b1716a19bc16e5e353e1db798d476169338e631eb170c82d765559888cb028,https://raw.githubusercontent.com/Zheng222/IMDN/master/checkpoints/IMDN_x3.pth,DIV2K,bicubic,1023,678,1024,680,True,29.54445115987089,0.9037664820040175,28.024981597096428,0.8878386264991883,43.44640045166015,43.42784118652344,0.2937607322394695,43.057151794433594,44.071327209472656,3,10,1024,680,341,226,2.11.0+cu128,12.8,2026-08-30T20:14:40.654514+00:00,3.13.15,2.1.3,11.3.0,0.25.2,Linux-6.6.122+-x86_64-with-glibc2.35,x86_64
Urban100,img_052.png,x3,imdn,prepared_bicubic_lr,img_052.png,3,native_model_grid_then_full_target_size_adjustment,gaussian_11x11_sigma_1.5_population_covariance,rgb_model,gpu,model_forward_only_cuda_events,Tesla T4,14912.6875,387.81884765625,703059,IMDN_x3.pth,11b1716a19bc16e5e353e1db798d476169338e631eb170c82d765559888cb028,https://raw.githubusercontent.com/Zheng222/IMDN/master/checkpoints/IMDN_x3.pth,DIV2K,bicubic,1023,678,1024,680,True,31.08724717595715,0.9411372886514624,29.690888966153356,0.9309646487801454,43.53665885925293,43.54995155334473,0.24513276624881297,43.11449432373047,43.94976043701172,3,10,1024,680,341,226,2.11.0+cu128,12.8,2026-08-30T20:14:42.058154+00:00,3.13.15,2.1.3,11.3.0,0.25.2,Linux-6.6.122+-x86_64-with-glibc2.35,x86_64
Urban100,img_053.png,x3,imdn,prepared_bicubic_lr,img_053.png,3,native_model_grid_then_full_target_size_adjustment,gaussian_11x11_sigma_1.5_population_covariance,rgb_model,gpu,model_forward_only_cuda_events,Tesla T4,14912.6875,375.1435546875,703059,IMDN_x3.pth,11b1716a19bc16e5e353e1db798d476169338e631eb170c82d765559888cb028,https://raw.githubusercontent.com/Zheng222/IMDN/master/checkpoints/IMDN_x3.pth,DIV2K,bicubic,1023,654,1024,656,True,24.23476341798159,0.8174726110791152,22.89038107251786,0.8077971631400702,41.94805755615234,41.784048080444336,0.46028479197575445,41.367488861083984,43.07148742675781,3,10,1024,656,341,218,2.11.0+cu128,12.8,2026-08-30T20:14:43.433912+00:00,3.13.15,2.1.3,11.3.0,0.25.2,Linux-6.6.122+-x86_64-with-glibc2.35,x86_64
Urban100,img_054.png,x3,imdn,prepared_bicubic_lr,img_054.png,3,native_model_grid_then_full_target_size_adjustment,gaussian_11x11_sigma_1.5_population_covariance,rgb_model,gpu,model_forward_only_cuda_events,Tesla T4,14912.6875,387.81884765625,703059,IMDN_x3.pth,11b1716a19bc16e5e353e1db798d476169338e631eb170c82d765559888cb028,https://raw.githubusercontent.com/Zheng222/IMDN/master/checkpoints/IMDN_x3.pth,DIV2K,bicubic,1023,678,1024,680,True,22.597340920406417,0.7454616803539232,21.104629721401533,0.7296023656665535,43.59737930297852,43.77395248413086,0.5763106963710427,42.77043151855469,44.25116729736328,3,10,1024,680,341,226,2.11.0+cu128,12.8,2026-08-30T20:14:44.830386+00:00,3.13.15,2.1.3,11.3.0,0.25.2,Linux-6.6.122+-x86_64-with-glibc2.35,x86_64
Urban100,img_055.png,x3,imdn,prepared_bicubic_lr,img_055.png,3,native_model_grid_then_full_target_size_adjustment,gaussian_11x11_sigma_1.5_population_covariance,rgb_model,gpu,model_forward_only_cuda_events,Tesla T4,14912.6875,439.1865234375,703059,IMDN_x3.pth,11b1716a19bc16e5e353e1db798d476169338e631eb170c82d765559888cb028,https://raw.githubusercontent.com/Zheng222/IMDN/master/checkpoints/IMDN_x3.pth,DIV2K,bicubic,1023,768,1024,768,True,34.33348743175326,0.9618580923020819,32.496162542292254,0.936186933649045,48.844028854370116,48.75985527038574,0.5642582317084766,48.134273529052734,50.05753707885742,3,10,1024,768,341,256,2.11.0+cu128,12.8,2026-08-30T20:14:46.418748+00:00,3.13.15,2.1.3,11.3.0,0.25.2,Linux-6.6.122+-x86_64-with-glibc2.35,x86_64
Urban100,img_056.png,x3,imdn,prepared_bicubic_lr,img_056.png,3,native_model_grid_then_full_target_size_adjustment,gaussian_11x11_sigma_1.5_population_covariance,rgb_model,gpu,model_forward_only_cuda_events,Tesla T4,14912.6875,439.1865234375,703059,IMDN_x3.pth,11b1716a19bc16e5e353e1db798d476169338e631eb170c82d765559888cb028,https://raw.githubusercontent.com/Zheng222/IMDN/master/checkpoints/IMDN_x3.pth,DIV2K,bicubic,1023,768,1024,768,True,26.964611455483947,0.8610261988691247,25.589928715385525,0.8484443820548347,48.61151657104492,48.58777618408203,0.41938901331055983,48.004703521728516,49.116127014160156,3,10,1024,768,341,256,2.11.0+cu128,12.8,2026-08-30T20:14:47.994212+00:00,3.13.15,2.1.3,11.3.0,0.25.2,Linux-6.6.122+-x86_64-with-glibc2.35,x86_64
Urban100,img_057.png,x3,imdn,prepared_bicubic_lr,img_057.png,3,native_model_grid_then_full_target_size_adjustment,gaussian_11x11_sigma_1.5_population_covariance,rgb_model,gpu,model_forward_only_cuda_events,Tesla T4,14912.6875,413.38330078125,703059,IMDN_x3.pth,11b1716a19bc16e5e353e1db798d476169338e631eb170c82d765559888cb028,https://raw.githubusercontent.com/Zheng222/IMDN/master/checkpoints/IMDN_x3.pth,DIV2K,bicubic,1023,723,1024,724,True,33.36442765643226,0.9390584001512887,31.855900720566478,0.9265044282459738,46.45994606018066,46.22440147399902,0.698846789149926,45.78201675415039,48.3430061340332,3,10,1024,724,341,241,2.11.0+cu128,12.8,2026-08-30T20:14:49.792733+00:00,3.13.15,2.1.3,11.3.0,0.25.2,Linux-6.6.122+-x86_64-with-glibc2.35,x86_64
Urban100,img_058.png,x3,imdn,prepared_bicubic_lr,img_058.png,3,native_model_grid_then_full_target_size_adjustment,gaussian_11x11_sigma_1.5_population_covariance,rgb_model,gpu,model_forward_only_cuda_events,Tesla T4,14912.6875,397.19091796875,703059,IMDN_x3.pth,11b1716a19bc16e5e353e1db798d476169338e631eb170c82d765559888cb028,https://raw.githubusercontent.com/Zheng222/IMDN/master/checkpoints/IMDN_x3.pth,DIV2K,bicubic,1023,690,1024,692,True,28.587033418154153,0.9177116560178398,27.080624572874335,0.9092468761571942,44.192627334594725,44.17558288574219,0.2570357052514768,43.820064544677734,44.67020797729492,3,10,1024,692,341,230,2.11.0+cu128,12.8,2026-08-30T20:14:51.465004+00:00,3.13.15,2.1.3,11.3.0,0.25.2,Linux-6.6.122+-x86_64-with-glibc2.35,x86_64
Urban100,img_059.png,x3,imdn,prepared_bicubic_lr,img_059.png,3,native_model_grid_then_full_target_size_adjustment,gaussian_11x11_sigma_1.5_population_covariance,rgb_model,gpu,model_forward_only_cuda_events,Tesla T4,14912.6875,379.3017578125,703059,IMDN_x3.pth,11b1716a19bc16e5e353e1db798d476169338e631eb170c82d765559888cb028,https://raw.githubusercontent.com/Zheng222/IMDN/master/checkpoints/IMDN_x3.pth,DIV2K,bicubic,1023,663,1024,664,True,23.946400063341137,0.8295742427680557,22.575994830504165,0.8148135240378321,41.97357406616211,42.07168006896973,0.31860356927008926,41.477535247802734,42.463905334472656,3,10,1024,664,341,221,2.11.0+cu128,12.8,2026-08-30T20:14:52.891475+00:00,3.13.15,2.1.3,11.3.0,0.25.2,Linux-6.6.122+-x86_64-with-glibc2.35,x86_64
Urban100,img_060.png,x3,imdn,prepared_bicubic_lr,img_060.png,3,native_model_grid_then_full_target_size_adjustment,gaussian_11x11_sigma_1.5_population_covariance,rgb_model,gpu,model_forward_only_cuda_events,Tesla T4,14912.6875,387.81884765625,703059,IMDN_x3.pth,11b1716a19bc16e5e353e1db798d476169338e631eb170c82d765559888cb028,https://raw.githubusercontent.com/Zheng222/IMDN/master/checkpoints/IMDN_x3.pth,DIV2K,bicubic,1023,678,1024,680,True,23.606096195531812,0.661874338149712,22.266922499501778,0.6492630898158804,43.657884979248045,43.66926574707031,0.36286145323412844,42.97932815551758,44.33356857299805,3,10,1024,680,341,226,2.11.0+cu128,12.8,2026-08-30T20:14:54.333209+00:00,3.13.15,2.1.3,11.3.0,0.25.2,Linux-6.6.122+-x86_64-with-glibc2.35,x86_64
Urban100,img_061.png,x3,imdn,prepared_bicubic_lr,img_061.png,3,native_model_grid_then_full_target_size_adjustment,gaussian_11x11_sigma_1.5_population_covariance,rgb_model,gpu,model_forward_only_cuda_events,Tesla T4,14912.6875,384.40771484375,703059,IMDN_x3.pth,11b1716a19bc16e5e353e1db798d476169338e631eb170c82d765559888cb028,https://raw.githubusercontent.com/Zheng222/IMDN/master/checkpoints/IMDN_x3.pth,DIV2K,bicubic,1023,672,1024,672,True,26.554228042172593,0.8393785858988453,24.92507016569048,0.8274382758053479,42.358406448364256,42.30713653564453,0.2949346010939728,41.89263916015625,42.86467361450195,3,10,1024,672,341,224,2.11.0+cu128,12.8,2026-08-30T20:14:55.704541+00:00,3.13.15,2.1.3,11.3.0,0.25.2,Linux-6.6.122+-x86_64-with-glibc2.35,x86_64
Urban100,img_062.png,x3,imdn,prepared_bicubic_lr,img_062.png,3,native_model_grid_then_full_target_size_adjustment,gaussian_11x11_sigma_1.5_population_covariance,rgb_model,gpu,model_forward_only_cuda_events,Tesla T4,14912.6875,387.81884765625,703059,IMDN_x3.pth,11b1716a19bc16e5e353e1db798d476169338e631eb170c82d765559888cb028,https://raw.githubusercontent.com/Zheng222/IMDN/master/checkpoints/IMDN_x3.pth,DIV2K,bicubic,1023,678,1024,680,True,23.2932300208641,0.8822144464594619,21.877714531998013,0.8714966379668946,43.22194557189941,43.2229118347168,0.28325841702572896,42.84553527832031,43.68588638305664,3,10,1024,680,341,226,2.11.0+cu128,12.8,2026-08-30T20:14:57.010514+00:00,3.13.15,2.1.3,11.3.0,0.25.2,Linux-6.6.122+-x86_64-with-glibc2.35,x86_64
Urban100,img_063.png,x3,imdn,prepared_bicubic_lr,img_063.png,3,native_model_grid_then_full_target_size_adjustment,gaussian_11x11_sigma_1.5_population_covariance,rgb_model,gpu,model_forward_only_cuda_events,Tesla T4,14912.6875,386.99072265625,703059,IMDN_x3.pth,11b1716a19bc16e5e353e1db798d476169338e631eb170c82d765559888cb028,https://raw.githubusercontent.com/Zheng222/IMDN/master/checkpoints/IMDN_x3.pth,DIV2K,bicubic,999,978,1000,980,True,23.714788615263135,0.6701793949852479,22.374990688974425,0.6365681268503801,60.569388961791994,60.54017448425293,0.5406872492892416,59.76396942138672,61.3682861328125,3,10,1000,980,333,326,2.11.0+cu128,12.8,2026-08-30T20:14:58.972153+00:00,3.13.15,2.1.3,11.3.0,0.25.2,Linux-6.6.122+-x86_64-with-glibc2.35,x86_64
Urban100,img_064.png,x3,imdn,prepared_bicubic_lr,img_064.png,3,native_model_grid_then_full_target_size_adjustment,gaussian_11x11_sigma_1.5_population_covariance,rgb_model,gpu,model_forward_only_cuda_events,Tesla T4,14912.6875,387.81884765625,703059,IMDN_x3.pth,11b1716a19bc16e5e353e1db798d476169338e631eb170c82d765559888cb028,https://raw.githubusercontent.com/Zheng222/IMDN/master/checkpoints/IMDN_x3.pth,DIV2K,bicubic,1023,678,1024,680,True,28.562984364888592,0.8534306996141592,27.183625424063898,0.8415607919685081,43.658905792236325,43.649871826171875,0.22272729952939355,43.16569519042969,43.95100784301758,3,10,1024,680,341,226,2.11.0+cu128,12.8,2026-08-30T20:15:00.404873+00:00,3.13.15,2.1.3,11.3.0,0.25.2,Linux-6.6.122+-x86_64-with-glibc2.35,x86_64
Urban100,img_065.png,x3,imdn,prepared_bicubic_lr,img_065.png,3,native_model_grid_then_full_target_size_adjustment,gaussian_11x11_sigma_1.5_population_covariance,rgb_model,gpu,model_forward_only_cuda_events,Tesla T4,14912.6875,387.81884765625,703059,IMDN_x3.pth,11b1716a19bc16e5e353e1db798d476169338e631eb170c82d765559888cb028,https://raw.githubusercontent.com/Zheng222/IMDN/master/checkpoints/IMDN_x3.pth,DIV2K,bicubic,1023,678,1024,680,True,27.447242726662303,0.8290332303736954,25.80893284310271,0.8149955246659779,43.69602470397949,43.68764686584473,0.2617781415751766,43.227745056152344,44.11548614501953,3,10,1024,680,341,226,2.11.0+cu128,12.8,2026-08-30T20:15:01.879010+00:00,3.13.15,2.1.3,11.3.0,0.25.2,Linux-6.6.122+-x86_64-with-glibc2.35,x86_64
Urban100,img_066.png,x3,imdn,prepared_bicubic_lr,img_066.png,3,native_model_grid_then_full_target_size_adjustment,gaussian_11x11_sigma_1.5_population_covariance,rgb_model,gpu,model_forward_only_cuda_events,Tesla T4,14912.6875,349.61083984375,703059,IMDN_x3.pth,11b1716a19bc16e5e353e1db798d476169338e631eb170c82d765559888cb028,https://raw.githubusercontent.com/Zheng222/IMDN/master/checkpoints/IMDN_x3.pth,DIV2K,bicubic,1023,864,1024,864,True,23.43239777429261,0.7319219067736779,22.10964843476194,0.7141462569585432,54.94056015014648,55.00801658630371,0.43874799222077415,54.140926361083984,55.7606086730957,3,10,1024,864,341,288,2.11.0+cu128,12.8,2026-08-30T20:15:03.982248+00:00,3.13.15,2.1.3,11.3.0,0.25.2,Linux-6.6.122+-x86_64-with-glibc2.35,x86_64
Urban100,img_067.png,x3,imdn,prepared_bicubic_lr,img_067.png,3,native_model_grid_then_full_target_size_adjustment,gaussian_11x11_sigma_1.5_population_covariance,rgb_model,gpu,model_forward_only_cuda_events,Tesla T4,14912.6875,387.81884765625,703059,IMDN_x3.pth,11b1716a19bc16e5e353e1db798d476169338e631eb170c82d765559888cb028,https://raw.githubusercontent.com/Zheng222/IMDN/master/checkpoints/IMDN_x3.pth,DIV2K,bicubic,1023,678,1024,680,True,21.93936713407631,0.9199743808504277,20.42680883139154,0.9054389843088174,43.30839042663574,43.28470420837402,0.24751389692408682,42.89507293701172,43.72665786743164,3,10,1024,680,341,226,2.11.0+cu128,12.8,2026-08-30T20:15:05.621369+00:00,3.13.15,2.1.3,11.3.0,0.25.2,Linux-6.6.122+-x86_64-with-glibc2.35,x86_64
Urban100,img_068.png,x3,imdn,prepared_bicubic_lr,img_068.png,3,native_model_grid_then_full_target_size_adjustment,gaussian_11x11_sigma_1.5_population_covariance,rgb_model,gpu,model_forward_only_cuda_events,Tesla T4,14912.6875,413.47802734375,703059,IMDN_x3.pth,11b1716a19bc16e5e353e1db798d476169338e631eb170c82d765559888cb028,https://raw.githubusercontent.com/Zheng222/IMDN/master/checkpoints/IMDN_x3.pth,DIV2K,bicubic,1023,1023,1024,1024,True,34.00819922747119,0.94454807716814,32.5440418435033,0.9351087011003588,65.27082901000976,65.29444885253906,0.34304074299896203,64.70655822753906,65.87971496582031,3,10,1024,1024,341,341,2.11.0+cu128,12.8,2026-08-30T20:15:07.671359+00:00,3.13.15,2.1.3,11.3.0,0.25.2,Linux-6.6.122+-x86_64-with-glibc2.35,x86_64
Urban100,img_069.png,x3,imdn,prepared_bicubic_lr,img_069.png,3,native_model_grid_then_full_target_size_adjustment,gaussian_11x11_sigma_1.5_population_covariance,rgb_model,gpu,model_forward_only_cuda_events,Tesla T4,14912.6875,390.56396484375,703059,IMDN_x3.pth,11b1716a19bc16e5e353e1db798d476169338e631eb170c82d765559888cb028,https://raw.githubusercontent.com/Zheng222/IMDN/master/checkpoints/IMDN_x3.pth,DIV2K,bicubic,1200,822,1200,824,True,26.265124719238692,0.8280373283557824,24.948414376546097,0.8147501310985031,57.107459259033206,57.019775390625,0.28538543320869214,56.76076889038086,57.56806564331055,3,10,1200,824,400,274,2.11.0+cu128,12.8,2026-08-30T20:15:09.577572+00:00,3.13.15,2.1.3,11.3.0,0.25.2,Linux-6.6.122+-x86_64-with-glibc2.35,x86_64
Urban100,img_070.png,x3,imdn,prepared_bicubic_lr,img_070.png,3,native_model_grid_then_full_target_size_adjustment,gaussian_11x11_sigma_1.5_population_covariance,rgb_model,gpu,model_forward_only_cuda_events,Tesla T4,14912.6875,439.1865234375,703059,IMDN_x3.pth,11b1716a19bc16e5e353e1db798d476169338e631eb170c82d765559888cb028,https://raw.githubusercontent.com/Zheng222/IMDN/master/checkpoints/IMDN_x3.pth,DIV2K,bicubic,1023,768,1024,768,True,23.03362927491767,0.67169857411888,21.711685156445427,0.6564171067090024,48.94858894348145,48.89292907714844,0.6103957691812073,48.11161422729492,49.84627151489258,3,10,1024,768,341,256,2.11.0+cu128,12.8,2026-08-30T20:15:11.176408+00:00,3.13.15,2.1.3,11.3.0,0.25.2,Linux-6.6.122+-x86_64-with-glibc2.35,x86_64
Urban100,img_071.png,x3,imdn,prepared_bicubic_lr,img_071.png,3,native_model_grid_then_full_target_size_adjustment,gaussian_11x11_sigma_1.5_population_covariance,rgb_model,gpu,model_forward_only_cuda_events,Tesla T4,14912.6875,439.1865234375,703059,IMDN_x3.pth,11b1716a19bc16e5e353e1db798d476169338e631eb170c82d765559888cb028,https://raw.githubusercontent.com/Zheng222/IMDN/master/checkpoints/IMDN_x3.pth,DIV2K,bicubic,1023,768,1024,768,True,29.4803863823571,0.744061167837185,28.132284847484563,0.7155737064634603,48.639030838012694,48.44721603393555,0.4988153765268528,48.115360260009766,49.9015998840332,3,10,1024,768,341,256,2.11.0+cu128,12.8,2026-08-30T20:15:12.793515+00:00,3.13.15,2.1.3,11.3.0,0.25.2,Linux-6.6.122+-x86_64-with-glibc2.35,x86_64
Urban100,img_072.png,x3,imdn,prepared_bicubic_lr,img_072.png,3,native_model_grid_then_full_target_size_adjustment,gaussian_11x11_sigma_1.5_population_covariance,rgb_model,gpu,model_forward_only_cuda_events,Tesla T4,14912.6875,275.3671875,703059,IMDN_x3.pth,11b1716a19bc16e5e353e1db798d476169338e631eb170c82d765559888cb028,https://raw.githubusercontent.com/Zheng222/IMDN/master/checkpoints/IMDN_x3.pth,DIV2K,bicubic,678,1023,680,1024,True,22.731685703162498,0.8986322538894029,21.39665134884005,0.8951375124482492,45.15250854492187,45.19825553894043,0.466058891409575,44.45289611816406,46.035072326660156,3,10,680,1024,226,341,2.11.0+cu128,12.8,2026-08-30T20:15:14.175253+00:00,3.13.15,2.1.3,11.3.0,0.25.2,Linux-6.6.122+-x86_64-with-glibc2.35,x86_64
Urban100,img_073.png,x3,imdn,prepared_bicubic_lr,img_073.png,3,native_model_grid_then_full_target_size_adjustment,gaussian_11x11_sigma_1.5_population_covariance,rgb_model,gpu,model_forward_only_cuda_events,Tesla T4,14912.6875,435.53271484375,703059,IMDN_x3.pth,11b1716a19bc16e5e353e1db798d476169338e631eb170c82d765559888cb028,https://raw.githubusercontent.com/Zheng222/IMDN/master/checkpoints/IMDN_x3.pth,DIV2K,bicubic,1023,762,1024,764,True,22.578100931263627,0.7144677910780458,21.315765349536314,0.7003594664499025,48.881936645507814,48.70401573181152,0.4973712882673157,48.20671844482422,49.67446517944336,3,10,1024,764,341,254,2.11.0+cu128,12.8,2026-08-30T20:15:15.733187+00:00,3.13.15,2.1.3,11.3.0,0.25.2,Linux-6.6.122+-x86_64-with-glibc2.35,x86_64
Urban100,img_074.png,x3,imdn,prepared_bicubic_lr,img_074.png,3,native_model_grid_then_full_target_size_adjustment,gaussian_11x11_sigma_1.5_population_covariance,rgb_model,gpu,model_forward_only_cuda_events,Tesla T4,14912.6875,275.3671875,703059,IMDN_x3.pth,11b1716a19bc16e5e353e1db798d476169338e631eb170c82d765559888cb028,https://raw.githubusercontent.com/Zheng222/IMDN/master/checkpoints/IMDN_x3.pth,DIV2K,bicubic,678,1023,680,1024,True,25.39194533889677,0.8132520240781875,23.932736500159287,0.8054074809872085,44.76716194152832,44.69585609436035,0.31221358773985575,44.32691192626953,45.305152893066406,3,10,680,1024,226,341,2.11.0+cu128,12.8,2026-08-30T20:15:17.308976+00:00,3.13.15,2.1.3,11.3.0,0.25.2,Linux-6.6.122+-x86_64-with-glibc2.35,x86_64
Urban100,img_075.png,x3,imdn,prepared_bicubic_lr,img_075.png,3,native_model_grid_then_full_target_size_adjustment,gaussian_11x11_sigma_1.5_population_covariance,rgb_model,gpu,model_forward_only_cuda_events,Tesla T4,14912.6875,387.81884765625,703059,IMDN_x3.pth,11b1716a19bc16e5e353e1db798d476169338e631eb170c82d765559888cb028,https://raw.githubusercontent.com/Zheng222/IMDN/master/checkpoints/IMDN_x3.pth,DIV2K,bicubic,1023,678,1024,680,True,33.77722606687879,0.9161872510232172,31.873033883949628,0.8974541780329113,43.407494354248044,43.371232986450195,0.3852359957174444,42.802433013916016,44.29417419433594,3,10,1024,680,341,226,2.11.0+cu128,12.8,2026-08-30T20:15:19.003533+00:00,3.13.15,2.1.3,11.3.0,0.25.2,Linux-6.6.122+-x86_64-with-glibc2.35,x86_64
Urban100,img_076.png,x3,imdn,prepared_bicubic_lr,img_076.png,3,native_model_grid_then_full_target_size_adjustment,gaussian_11x11_sigma_1.5_population_covariance,rgb_model,gpu,model_forward_only_cuda_events,Tesla T4,14912.6875,386.1181640625,703059,IMDN_x3.pth,11b1716a19bc16e5e353e1db798d476169338e631eb170c82d765559888cb028,https://raw.githubusercontent.com/Zheng222/IMDN/master/checkpoints/IMDN_x3.pth,DIV2K,bicubic,1023,675,1024,676,True,25.98331805510459,0.856089609297757,24.410454918237757,0.8410773347967836,43.16771202087402,43.144704818725586,0.19257047646329134,42.950111389160156,43.562496185302734,3,10,1024,676,341,225,2.11.0+cu128,12.8,2026-08-30T20:15:20.692251+00:00,3.13.15,2.1.3,11.3.0,0.25.2,Linux-6.6.122+-x86_64-with-glibc2.35,x86_64
Urban100,img_077.png,x3,imdn,prepared_bicubic_lr,img_077.png,3,native_model_grid_then_full_target_size_adjustment,gaussian_11x11_sigma_1.5_population_covariance,rgb_model,gpu,model_forward_only_cuda_events,Tesla T4,14912.6875,387.81884765625,703059,IMDN_x3.pth,11b1716a19bc16e5e353e1db798d476169338e631eb170c82d765559888cb028,https://raw.githubusercontent.com/Zheng222/IMDN/master/checkpoints/IMDN_x3.pth,DIV2K,bicubic,1023,678,1024,680,True,23.64728650245869,0.7475120950479487,22.267769968161094,0.7335675396560363,43.49814033508301,43.42531204223633,0.49369850092430917,42.760833740234375,44.38639831542969,3,10,1024,680,341,226,2.11.0+cu128,12.8,2026-08-30T20:15:22.082175+00:00,3.13.15,2.1.3,11.3.0,0.25.2,Linux-6.6.122+-x86_64-with-glibc2.35,x86_64
Urban100,img_078.png,x3,imdn,prepared_bicubic_lr,img_078.png,3,native_model_grid_then_full_target_size_adjustment,gaussian_11x11_sigma_1.5_population_covariance,rgb_model,gpu,model_forward_only_cuda_events,Tesla T4,14912.6875,418.48876953125,703059,IMDN_x3.pth,11b1716a19bc16e5e353e1db798d476169338e631eb170c82d765559888cb028,https://raw.githubusercontent.com/Zheng222/IMDN/master/checkpoints/IMDN_x3.pth,DIV2K,bicubic,1023,732,1024,732,True,29.334972444714175,0.8423049020856975,28.087524534478728,0.819124442839876,46.631129837036134,46.647457122802734,0.33985402663789827,46.0898551940918,47.20256042480469,3,10,1024,732,341,244,2.11.0+cu128,12.8,2026-08-30T20:15:23.630189+00:00,3.13.15,2.1.3,11.3.0,0.25.2,Linux-6.6.122+-x86_64-with-glibc2.35,x86_64
Urban100,img_079.png,x3,imdn,prepared_bicubic_lr,img_079.png,3,native_model_grid_then_full_target_size_adjustment,gaussian_11x11_sigma_1.5_population_covariance,rgb_model,gpu,model_forward_only_cuda_events,Tesla T4,14912.6875,439.1865234375,703059,IMDN_x3.pth,11b1716a19bc16e5e353e1db798d476169338e631eb170c82d765559888cb028,https://raw.githubusercontent.com/Zheng222/IMDN/master/checkpoints/IMDN_x3.pth,DIV2K,bicubic,1023,768,1024,768,True,27.01429075824823,0.7746191924155424,25.555267740059683,0.7504828859339457,48.87428169250488,48.81780815124512,0.6313343833824109,47.97923278808594,49.80633544921875,3,10,1024,768,341,256,2.11.0+cu128,12.8,2026-08-30T20:15:25.267211+00:00,3.13.15,2.1.3,11.3.0,0.25.2,Linux-6.6.122+-x86_64-with-glibc2.35,x86_64
Urban100,img_080.png,x3,imdn,prepared_bicubic_lr,img_080.png,3,native_model_grid_then_full_target_size_adjustment,gaussian_11x11_sigma_1.5_population_covariance,rgb_model,gpu,model_forward_only_cuda_events,Tesla T4,14912.6875,317.62646484375,703059,IMDN_x3.pth,11b1716a19bc16e5e353e1db798d476169338e631eb170c82d765559888cb028,https://raw.githubusercontent.com/Zheng222/IMDN/master/checkpoints/IMDN_x3.pth,DIV2K,bicubic,774,1035,776,1036,True,37.268260357924575,0.9679120362903678,35.72826377111509,0.9575684873770266,51.726358032226564,51.820335388183594,0.3730932370244012,51.17241668701172,52.28585433959961,3,10,776,1036,258,345,2.11.0+cu128,12.8,2026-08-30T20:15:26.859961+00:00,3.13.15,2.1.3,11.3.0,0.25.2,Linux-6.6.122+-x86_64-with-glibc2.35,x86_64
Urban100,img_081.png,x3,imdn,prepared_bicubic_lr,img_081.png,3,native_model_grid_then_full_target_size_adjustment,gaussian_11x11_sigma_1.5_population_covariance,rgb_model,gpu,model_forward_only_cuda_events,Tesla T4,14912.6875,413.47802734375,703059,IMDN_x3.pth,11b1716a19bc16e5e353e1db798d476169338e631eb170c82d765559888cb028,https://raw.githubusercontent.com/Zheng222/IMDN/master/checkpoints/IMDN_x3.pth,DIV2K,bicubic,1023,1023,1024,1024,True,40.26312781749589,0.9835033808739766,37.083498346928735,0.9641834717275778,65.29037399291992,65.47737503051758,0.4525858686880462,64.56524658203125,65.8548812866211,3,10,1024,1024,341,341,2.11.0+cu128,12.8,2026-08-30T20:15:28.947328+00:00,3.13.15,2.1.3,11.3.0,0.25.2,Linux-6.6.122+-x86_64-with-glibc2.35,x86_64
Urban100,img_082.png,x3,imdn,prepared_bicubic_lr,img_082.png,3,native_model_grid_then_full_target_size_adjustment,gaussian_11x11_sigma_1.5_population_covariance,rgb_model,gpu,model_forward_only_cuda_events,Tesla T4,14912.6875,413.47802734375,703059,IMDN_x3.pth,11b1716a19bc16e5e353e1db798d476169338e631eb170c82d765559888cb028,https://raw.githubusercontent.com/Zheng222/IMDN/master/checkpoints/IMDN_x3.pth,DIV2K,bicubic,1023,1023,1024,1024,True,35.3662872128676,0.9590215880269948,33.83773079812823,0.9450659154010109,65.42692718505859,65.43468475341797,0.46050465211690667,64.80899047851562,66.35993957519531,3,10,1024,1024,341,341,2.11.0+cu128,12.8,2026-08-30T20:15:31.114217+00:00,3.13.15,2.1.3,11.3.0,0.25.2,Linux-6.6.122+-x86_64-with-glibc2.35,x86_64
Urban100,img_083.png,x3,imdn,prepared_bicubic_lr,img_083.png,3,native_model_grid_then_full_target_size_adjustment,gaussian_11x11_sigma_1.5_population_covariance,rgb_model,gpu,model_forward_only_cuda_events,Tesla T4,14912.6875,405.677734375,703059,IMDN_x3.pth,11b1716a19bc16e5e353e1db798d476169338e631eb170c82d765559888cb028,https://raw.githubusercontent.com/Zheng222/IMDN/master/checkpoints/IMDN_x3.pth,DIV2K,bicubic,1002,1023,1004,1024,True,23.698403569860954,0.7879000166187288,22.422879614271302,0.7761589761944486,63.09377250671387,63.091440200805664,0.3754103144944609,62.36934280395508,63.67967987060547,3,10,1004,1024,334,341,2.11.0+cu128,12.8,2026-08-30T20:15:33.593622+00:00,3.13.15,2.1.3,11.3.0,0.25.2,Linux-6.6.122+-x86_64-with-glibc2.35,x86_64
Urban100,img_084.png,x3,imdn,prepared_bicubic_lr,img_084.png,3,native_model_grid_then_full_target_size_adjustment,gaussian_11x11_sigma_1.5_population_covariance,rgb_model,gpu,model_forward_only_cuda_events,Tesla T4,14912.6875,413.47802734375,703059,IMDN_x3.pth,11b1716a19bc16e5e353e1db798d476169338e631eb170c82d765559888cb028,https://raw.githubusercontent.com/Zheng222/IMDN/master/checkpoints/IMDN_x3.pth,DIV2K,bicubic,1023,1023,1024,1024,True,30.751657221467884,0.8740951554047051,29.050862389379127,0.8504567358442148,65.35884170532226,65.34259414672852,0.5388472872355928,64.36630249023438,66.1032943725586,3,10,1024,1024,341,341,2.11.0+cu128,12.8,2026-08-30T20:15:35.870211+00:00,3.13.15,2.1.3,11.3.0,0.25.2,Linux-6.6.122+-x86_64-with-glibc2.35,x86_64
Urban100,img_085.png,x3,imdn,prepared_bicubic_lr,img_085.png,3,native_model_grid_then_full_target_size_adjustment,gaussian_11x11_sigma_1.5_population_covariance,rgb_model,gpu,model_forward_only_cuda_events,Tesla T4,14912.6875,386.1181640625,703059,IMDN_x3.pth,11b1716a19bc16e5e353e1db798d476169338e631eb170c82d765559888cb028,https://raw.githubusercontent.com/Zheng222/IMDN/master/checkpoints/IMDN_x3.pth,DIV2K,bicubic,1023,675,1024,676,True,30.250568644689242,0.9366076469973903,28.646333366027832,0.9262911921523131,42.991078567504886,42.87188720703125,0.4136016306089943,42.505760192871094,43.78217697143555,3,10,1024,676,341,225,2.11.0+cu128,12.8,2026-08-30T20:15:37.195217+00:00,3.13.15,2.1.3,11.3.0,0.25.2,Linux-6.6.122+-x86_64-with-glibc2.35,x86_64
Urban100,img_086.png,x3,imdn,prepared_bicubic_lr,img_086.png,3,native_model_grid_then_full_target_size_adjustment,gaussian_11x11_sigma_1.5_population_covariance,rgb_model,gpu,model_forward_only_cuda_events,Tesla T4,14912.6875,439.1865234375,703059,IMDN_x3.pth,11b1716a19bc16e5e353e1db798d476169338e631eb170c82d765559888cb028,https://raw.githubusercontent.com/Zheng222/IMDN/master/checkpoints/IMDN_x3.pth,DIV2K,bicubic,1023,768,1024,768,True,32.73569212907023,0.9210199589485867,31.325904673244946,0.909618602502277,48.96666564941406,49.05855941772461,0.676913441449155,47.88275146484375,49.808128356933594,3,10,1024,768,341,256,2.11.0+cu128,12.8,2026-08-30T20:15:38.704246+00:00,3.13.15,2.1.3,11.3.0,0.25.2,Linux-6.6.122+-x86_64-with-glibc2.35,x86_64
Urban100,img_087.png,x3,imdn,prepared_bicubic_lr,img_087.png,3,native_model_grid_then_full_target_size_adjustment,gaussian_11x11_sigma_1.5_population_covariance,rgb_model,gpu,model_forward_only_cuda_events,Tesla T4,14912.6875,413.47802734375,703059,IMDN_x3.pth,11b1716a19bc16e5e353e1db798d476169338e631eb170c82d765559888cb028,https://raw.githubusercontent.com/Zheng222/IMDN/master/checkpoints/IMDN_x3.pth,DIV2K,bicubic,1023,1023,1024,1024,True,30.23779404949966,0.9329310930737666,28.702537132183224,0.9140720758264572,65.52809295654296,65.52996826171875,0.4501476952806194,64.84569549560547,66.25878143310547,3,10,1024,1024,341,341,2.11.0+cu128,12.8,2026-08-30T20:15:40.817488+00:00,3.13.15,2.1.3,11.3.0,0.25.2,Linux-6.6.122+-x86_64-with-glibc2.35,x86_64
Urban100,img_088.png,x3,imdn,prepared_bicubic_lr,img_088.png,3,native_model_grid_then_full_target_size_adjustment,gaussian_11x11_sigma_1.5_population_covariance,rgb_model,gpu,model_forward_only_cuda_events,Tesla T4,14912.6875,384.40771484375,703059,IMDN_x3.pth,11b1716a19bc16e5e353e1db798d476169338e631eb170c82d765559888cb028,https://raw.githubusercontent.com/Zheng222/IMDN/master/checkpoints/IMDN_x3.pth,DIV2K,bicubic,1023,672,1024,672,True,21.200751612895587,0.6893382601467718,19.890377557030913,0.6762429797198317,42.276934432983396,42.19443321228027,0.4328370366783042,41.721824645996094,43.21548843383789,3,10,1024,672,341,224,2.11.0+cu128,12.8,2026-08-30T20:15:42.227180+00:00,3.13.15,2.1.3,11.3.0,0.25.2,Linux-6.6.122+-x86_64-with-glibc2.35,x86_64
Urban100,img_089.png,x3,imdn,prepared_bicubic_lr,img_089.png,3,native_model_grid_then_full_target_size_adjustment,gaussian_11x11_sigma_1.5_population_covariance,rgb_model,gpu,model_forward_only_cuda_events,Tesla T4,14912.6875,311.6865234375,703059,IMDN_x3.pth,11b1716a19bc16e5e353e1db798d476169338e631eb170c82d765559888cb028,https://raw.githubusercontent.com/Zheng222/IMDN/master/checkpoints/IMDN_x3.pth,DIV2K,bicubic,768,1023,768,1024,True,28.328678758817055,0.8038296519145633,26.981669591349373,0.7891262292544582,46.42078971862793,46.356367111206055,0.2929835903126889,46.06156921386719,47.13264083862305,3,10,768,1024,256,341,2.11.0+cu128,12.8,2026-08-30T20:15:43.769333+00:00,3.13.15,2.1.3,11.3.0,0.25.2,Linux-6.6.122+-x86_64-with-glibc2.35,x86_64
Urban100,img_090.png,x3,imdn,prepared_bicubic_lr,img_090.png,3,native_model_grid_then_full_target_size_adjustment,gaussian_11x11_sigma_1.5_population_covariance,rgb_model,gpu,model_forward_only_cuda_events,Tesla T4,14912.6875,387.81884765625,703059,IMDN_x3.pth,11b1716a19bc16e5e353e1db798d476169338e631eb170c82d765559888cb028,https://raw.githubusercontent.com/Zheng222/IMDN/master/checkpoints/IMDN_x3.pth,DIV2K,bicubic,1023,678,1024,680,True,41.46594393559625,0.9857638150398069,39.523423329082966,0.977990958009085,43.4784481048584,43.38281440734863,0.34044767125289144,43.07324981689453,44.21366500854492,3,10,1024,680,341,226,2.11.0+cu128,12.8,2026-08-30T20:15:45.176247+00:00,3.13.15,2.1.3,11.3.0,0.25.2,Linux-6.6.122+-x86_64-with-glibc2.35,x86_64
Urban100,img_091.png,x3,imdn,prepared_bicubic_lr,img_091.png,3,native_model_grid_then_full_target_size_adjustment,gaussian_11x11_sigma_1.5_population_covariance,rgb_model,gpu,model_forward_only_cuda_events,Tesla T4,14912.6875,387.81884765625,703059,IMDN_x3.pth,11b1716a19bc16e5e353e1db798d476169338e631eb170c82d765559888cb028,https://raw.githubusercontent.com/Zheng222/IMDN/master/checkpoints/IMDN_x3.pth,DIV2K,bicubic,1023,678,1024,680,True,25.168415735671914,0.7565257413515709,23.370305964462055,0.7292150705748707,43.62773132324219,43.67673683166504,0.259769517977618,43.15955352783203,44.0563850402832,3,10,1024,680,341,226,2.11.0+cu128,12.8,2026-08-30T20:15:46.896339+00:00,3.13.15,2.1.3,11.3.0,0.25.2,Linux-6.6.122+-x86_64-with-glibc2.35,x86_64
Urban100,img_092.png,x3,imdn,prepared_bicubic_lr,img_092.png,3,native_model_grid_then_full_target_size_adjustment,gaussian_11x11_sigma_1.5_population_covariance,rgb_model,gpu,model_forward_only_cuda_events,Tesla T4,14912.6875,397.19091796875,703059,IMDN_x3.pth,11b1716a19bc16e5e353e1db798d476169338e631eb170c82d765559888cb028,https://raw.githubusercontent.com/Zheng222/IMDN/master/checkpoints/IMDN_x3.pth,DIV2K,bicubic,1023,690,1024,692,True,20.379645926929946,0.7316080269454734,19.046843819824723,0.7142729765428769,43.99831657409668,43.90862464904785,0.286387213792112,43.65670394897461,44.607486724853516,3,10,1024,692,341,230,2.11.0+cu128,12.8,2026-08-30T20:15:48.623195+00:00,3.13.15,2.1.3,11.3.0,0.25.2,Linux-6.6.122+-x86_64-with-glibc2.35,x86_64
Urban100,img_093.png,x3,imdn,prepared_bicubic_lr,img_093.png,3,native_model_grid_then_full_target_size_adjustment,gaussian_11x11_sigma_1.5_population_covariance,rgb_model,gpu,model_forward_only_cuda_events,Tesla T4,14912.6875,439.1865234375,703059,IMDN_x3.pth,11b1716a19bc16e5e353e1db798d476169338e631eb170c82d765559888cb028,https://raw.githubusercontent.com/Zheng222/IMDN/master/checkpoints/IMDN_x3.pth,DIV2K,bicubic,1023,768,1024,768,True,33.61568113962886,0.9592511355594325,32.04538353569876,0.9479929588890851,48.66290550231933,48.37254333496094,0.701457298446081,47.79350280761719,49.99388885498047,3,10,1024,768,341,256,2.11.0+cu128,12.8,2026-08-30T20:15:50.213237+00:00,3.13.15,2.1.3,11.3.0,0.25.2,Linux-6.6.122+-x86_64-with-glibc2.35,x86_64
Urban100,img_094.png,x3,imdn,prepared_bicubic_lr,img_094.png,3,native_model_grid_then_full_target_size_adjustment,gaussian_11x11_sigma_1.5_population_covariance,rgb_model,gpu,model_forward_only_cuda_events,Tesla T4,14912.6875,439.1865234375,703059,IMDN_x3.pth,11b1716a19bc16e5e353e1db798d476169338e631eb170c82d765559888cb028,https://raw.githubusercontent.com/Zheng222/IMDN/master/checkpoints/IMDN_x3.pth,DIV2K,bicubic,1023,768,1024,768,True,28.534656398750936,0.840316832785156,27.127832128474502,0.8124018794958694,48.74964790344238,48.380271911621094,0.7487555597993161,47.912384033203125,49.94572830200195,3,10,1024,768,341,256,2.11.0+cu128,12.8,2026-08-30T20:15:51.838884+00:00,3.13.15,2.1.3,11.3.0,0.25.2,Linux-6.6.122+-x86_64-with-glibc2.35,x86_64
Urban100,img_095.png,x3,imdn,prepared_bicubic_lr,img_095.png,3,native_model_grid_then_full_target_size_adjustment,gaussian_11x11_sigma_1.5_population_covariance,rgb_model,gpu,model_forward_only_cuda_events,Tesla T4,14912.6875,439.1865234375,703059,IMDN_x3.pth,11b1716a19bc16e5e353e1db798d476169338e631eb170c82d765559888cb028,https://raw.githubusercontent.com/Zheng222/IMDN/master/checkpoints/IMDN_x3.pth,DIV2K,bicubic,1023,768,1024,768,True,21.435877395318414,0.5776558124250348,20.111153060705398,0.5639390749298121,48.875302124023435,48.68614387512207,0.7357229739027186,47.88528060913086,50.50163269042969,3,10,1024,768,341,256,2.11.0+cu128,12.8,2026-08-30T20:15:53.416849+00:00,3.13.15,2.1.3,11.3.0,0.25.2,Linux-6.6.122+-x86_64-with-glibc2.35,x86_64
Urban100,img_096.png,x3,imdn,prepared_bicubic_lr,img_096.png,3,native_model_grid_then_full_target_size_adjustment,gaussian_11x11_sigma_1.5_population_covariance,rgb_model,gpu,model_forward_only_cuda_events,Tesla T4,14912.6875,439.1865234375,703059,IMDN_x3.pth,11b1716a19bc16e5e353e1db798d476169338e631eb170c82d765559888cb028,https://raw.githubusercontent.com/Zheng222/IMDN/master/checkpoints/IMDN_x3.pth,DIV2K,bicubic,1023,768,1024,768,True,27.635986859402024,0.9201317568090713,26.257112050799385,0.9105890863960603,49.3900505065918,49.59316635131836,0.5798568914511397,48.13721466064453,50.327518463134766,3,10,1024,768,341,256,2.11.0+cu128,12.8,2026-08-30T20:15:54.975340+00:00,3.13.15,2.1.3,11.3.0,0.25.2,Linux-6.6.122+-x86_64-with-glibc2.35,x86_64
Urban100,img_097.png,x3,imdn,prepared_bicubic_lr,img_097.png,3,native_model_grid_then_full_target_size_adjustment,gaussian_11x11_sigma_1.5_population_covariance,rgb_model,gpu,model_forward_only_cuda_events,Tesla T4,14912.6875,387.81884765625,703059,IMDN_x3.pth,11b1716a19bc16e5e353e1db798d476169338e631eb170c82d765559888cb028,https://raw.githubusercontent.com/Zheng222/IMDN/master/checkpoints/IMDN_x3.pth,DIV2K,bicubic,1023,678,1024,680,True,26.467162569316557,0.8308092603897201,25.033034045021676,0.8175752136675974,43.71116485595703,43.73303985595703,0.3173690159540821,43.093536376953125,44.201568603515625,3,10,1024,680,341,226,2.11.0+cu128,12.8,2026-08-30T20:15:56.445403+00:00,3.13.15,2.1.3,11.3.0,0.25.2,Linux-6.6.122+-x86_64-with-glibc2.35,x86_64
Urban100,img_098.png,x3,imdn,prepared_bicubic_lr,img_098.png,3,native_model_grid_then_full_target_size_adjustment,gaussian_11x11_sigma_1.5_population_covariance,rgb_model,gpu,model_forward_only_cuda_events,Tesla T4,14912.6875,387.81884765625,703059,IMDN_x3.pth,11b1716a19bc16e5e353e1db798d476169338e631eb170c82d765559888cb028,https://raw.githubusercontent.com/Zheng222/IMDN/master/checkpoints/IMDN_x3.pth,DIV2K,bicubic,1023,678,1024,680,True,21.79121677198262,0.6362793612790161,20.421315252819344,0.6204894109284808,43.663116455078125,43.67268753051758,0.34810149223462994,43.14313507080078,44.492801666259766,3,10,1024,680,341,226,2.11.0+cu128,12.8,2026-08-30T20:15:57.857591+00:00,3.13.15,2.1.3,11.3.0,0.25.2,Linux-6.6.122+-x86_64-with-glibc2.35,x86_64
Urban100,img_099.png,x3,imdn,prepared_bicubic_lr,img_099.png,3,native_model_grid_then_full_target_size_adjustment,gaussian_11x11_sigma_1.5_population_covariance,rgb_model,gpu,model_forward_only_cuda_events,Tesla T4,14912.6875,325.52001953125,703059,IMDN_x3.pth,11b1716a19bc16e5e353e1db798d476169338e631eb170c82d765559888cb028,https://raw.githubusercontent.com/Zheng222/IMDN/master/checkpoints/IMDN_x3.pth,DIV2K,bicubic,1023,804,1024,804,True,28.314258445511214,0.8732172967641163,25.4923427844515,0.8306125941629711,51.36010551452637,51.407888412475586,0.3363449458635645,50.702816009521484,51.882144927978516,3,10,1024,804,341,268,2.11.0+cu128,12.8,2026-08-30T20:15:59.498372+00:00,3.13.15,2.1.3,11.3.0,0.25.2,Linux-6.6.122+-x86_64-with-glibc2.35,x86_64
Urban100,img_100.png,x3,imdn,prepared_bicubic_lr,img_100.png,3,native_model_grid_then_full_target_size_adjustment,gaussian_11x11_sigma_1.5_population_covariance,rgb_model,gpu,model_forward_only_cuda_events,Tesla T4,14912.6875,413.47802734375,703059,IMDN_x3.pth,11b1716a19bc16e5e353e1db798d476169338e631eb170c82d765559888cb028,https://raw.githubusercontent.com/Zheng222/IMDN/master/checkpoints/IMDN_x3.pth,DIV2K,bicubic,1023,1023,1024,1024,True,27.333889694857195,0.7832265945963731,22.79426797696336,0.7143248243441876,65.5955711364746,65.3311996459961,0.738574199238404,64.66560363769531,66.7852783203125,3,10,1024,1024,341,341,2.11.0+cu128,12.8,2026-08-30T20:16:02.137764+00:00,3.13.15,2.1.3,11.3.0,0.25.2,Linux-6.6.122+-x86_64-with-glibc2.35,x86_64
Set5,baby.png,x4,imdn,prepared_bicubic_lr,baby.png,4,native_model_grid_then_full_target_size_adjustment,gaussian_11x11_sigma_1.5_population_covariance,rgb_model,gpu,model_forward_only_cuda_events,Tesla T4,14912.6875,62.9296875,715176,IMDN_x4.pth,e660c38221147217a136debeb99eb304d62d9c0f73ac421ed66281b619719714,https://raw.githubusercontent.com/Zheng222/IMDN/master/checkpoints/IMDN_x4.pth,DIV2K,bicubic,512,512,512,512,False,33.781759820512804,0.893522791461068,32.27350275963808,0.8686770580439241,8.281660652160644,8.373791694641113,0.3574113225503987,7.627871990203857,8.962016105651855,3,10,512,512,128,128,2.11.0+cu128,12.8,2026-08-30T20:16:02.705002+00:00,3.13.15,2.1.3,11.3.0,0.25.2,Linux-6.6.122+-x86_64-with-glibc2.35,x86_64
Set5,bird.png,x4,imdn,prepared_bicubic_lr,bird.png,4,native_model_grid_then_full_target_size_adjustment,gaussian_11x11_sigma_1.5_population_covariance,rgb_model,gpu,model_forward_only_cuda_events,Tesla T4,14912.6875,29.06396484375,715176,IMDN_x4.pth,e660c38221147217a136debeb99eb304d62d9c0f73ac421ed66281b619719714,https://raw.githubusercontent.com/Zheng222/IMDN/master/checkpoints/IMDN_x4.pth,DIV2K,bicubic,288,288,288,288,False,35.046018927848564,0.9455138579127574,32.852722034410625,0.9269070281244883,7.801376008987427,7.311215877532959,1.8076660083626568,5.470208168029785,10.699263572692871,3,10,288,288,72,72,2.11.0+cu128,12.8,2026-08-30T20:16:02.980332+00:00,3.13.15,2.1.3,11.3.0,0.25.2,Linux-6.6.122+-x86_64-with-glibc2.35,x86_64
Set5,butterfly.png,x4,imdn,prepared_bicubic_lr,butterfly.png,4,native_model_grid_then_full_target_size_adjustment,gaussian_11x11_sigma_1.5_population_covariance,rgb_model,gpu,model_forward_only_cuda_events,Tesla T4,14912.6875,23.53955078125,715176,IMDN_x4.pth,e660c38221147217a136debeb99eb304d62d9c0f73ac421ed66281b619719714,https://raw.githubusercontent.com/Zheng222/IMDN/master/checkpoints/IMDN_x4.pth,DIV2K,bicubic,256,256,256,256,False,28.552702078335788,0.9241305188220035,27.12799641018149,0.904853710624817,7.401190328598022,7.3537280559539795,0.18895440462132673,7.176191806793213,7.897503852844238,3,10,256,256,64,64,2.11.0+cu128,12.8,2026-08-30T20:16:03.207552+00:00,3.13.15,2.1.3,11.3.0,0.25.2,Linux-6.6.122+-x86_64-with-glibc2.35,x86_64
Set5,head.png,x4,imdn,prepared_bicubic_lr,head.png,4,native_model_grid_then_full_target_size_adjustment,gaussian_11x11_sigma_1.5_population_covariance,rgb_model,gpu,model_forward_only_cuda_events,Tesla T4,14912.6875,27.6220703125,715176,IMDN_x4.pth,e660c38221147217a136debeb99eb304d62d9c0f73ac421ed66281b619719714,https://raw.githubusercontent.com/Zheng222/IMDN/master/checkpoints/IMDN_x4.pth,DIV2K,bicubic,280,280,280,280,False,32.917944580895565,0.7963744201882863,29.903471440719013,0.7192419047813141,8.386774396896362,7.083423852920532,2.263072407968026,6.595263957977295,12.28275203704834,3,10,280,280,70,70,2.11.0+cu128,12.8,2026-08-30T20:16:03.464569+00:00,3.13.15,2.1.3,11.3.0,0.25.2,Linux-6.6.122+-x86_64-with-glibc2.35,x86_64
Set5,woman.png,x4,imdn,prepared_bicubic_lr,woman.png,4,native_model_grid_then_full_target_size_adjustment,gaussian_11x11_sigma_1.5_population_covariance,rgb_model,gpu,model_forward_only_cuda_events,Tesla T4,14912.6875,27.63525390625,715176,IMDN_x4.pth,e660c38221147217a136debeb99eb304d62d9c0f73ac421ed66281b619719714,https://raw.githubusercontent.com/Zheng222/IMDN/master/checkpoints/IMDN_x4.pth,DIV2K,bicubic,228,344,228,344,False,30.738480398320664,0.9146627713170604,29.340364583599985,0.9027015675805328,4.637545585632324,4.636080026626587,0.2946876053062851,4.173823833465576,5.267744064331055,3,10,228,344,57,86,2.11.0+cu128,12.8,2026-08-30T20:16:03.651088+00:00,3.13.15,2.1.3,11.3.0,0.25.2,Linux-6.6.122+-x86_64-with-glibc2.35,x86_64
Set14,baboon.png,x4,imdn,prepared_bicubic_lr,baboon.png,4,native_model_grid_then_full_target_size_adjustment,gaussian_11x11_sigma_1.5_population_covariance,rgb_model,gpu,model_forward_only_cuda_events,Tesla T4,14912.6875,57.845703125,715176,IMDN_x4.pth,e660c38221147217a136debeb99eb304d62d9c0f73ac421ed66281b619719714,https://raw.githubusercontent.com/Zheng222/IMDN/master/checkpoints/IMDN_x4.pth,DIV2K,bicubic,500,480,500,480,False,22.995976935284528,0.5320192800357307,20.97346701530509,0.46766967015375793,7.498390340805054,7.745711803436279,0.841315755493553,6.204927921295166,8.357855796813965,3,10,500,480,125,120,2.11.0+cu128,12.8,2026-08-30T20:16:04.052533+00:00,3.13.15,2.1.3,11.3.0,0.25.2,Linux-6.6.122+-x86_64-with-glibc2.35,x86_64
Set14,barbara.png,x4,imdn,prepared_bicubic_lr,barbara.png,4,native_model_grid_then_full_target_size_adjustment,gaussian_11x11_sigma_1.5_population_covariance,rgb_model,gpu,model_forward_only_cuda_events,Tesla T4,14912.6875,96.41015625,715176,IMDN_x4.pth,e660c38221147217a136debeb99eb304d62d9c0f73ac421ed66281b619719714,https://raw.githubusercontent.com/Zheng222/IMDN/master/checkpoints/IMDN_x4.pth,DIV2K,bicubic,720,576,720,576,False,26.137306495006566,0.7531635208462805,24.61047680508505,0.7193922085307757,14.648278522491456,14.637007713317871,0.42102103949545705,13.579968452453613,15.178751945495605,3,10,720,576,180,144,2.11.0+cu128,12.8,2026-08-30T20:16:04.670986+00:00,3.13.15,2.1.3,11.3.0,0.25.2,Linux-6.6.122+-x86_64-with-glibc2.35,x86_64
Set14,bridge.png,x4,imdn,prepared_bicubic_lr,bridge.png,4,native_model_grid_then_full_target_size_adjustment,gaussian_11x11_sigma_1.5_population_covariance,rgb_model,gpu,model_forward_only_cuda_events,Tesla T4,14912.6875,62.9296875,715176,IMDN_x4.pth,e660c38221147217a136debeb99eb304d62d9c0f73ac421ed66281b619719714,https://raw.githubusercontent.com/Zheng222/IMDN/master/checkpoints/IMDN_x4.pth,DIV2K,bicubic,512,512,512,512,False,25.38480767613748,0.6398864499556081,24.061832116946235,0.618144964581182,8.021228790283203,8.334895610809326,0.6795547619144986,6.883808135986328,8.618335723876953,3,10,512,512,128,128,2.11.0+cu128,12.8,2026-08-30T20:16:05.112524+00:00,3.13.15,2.1.3,11.3.0,0.25.2,Linux-6.6.122+-x86_64-with-glibc2.35,x86_64
Set14,coastguard.png,x4,imdn,prepared_bicubic_lr,coastguard.png,4,native_model_grid_then_full_target_size_adjustment,gaussian_11x11_sigma_1.5_population_covariance,rgb_model,gpu,model_forward_only_cuda_events,Tesla T4,14912.6875,26.29541015625,715176,IMDN_x4.pth,e660c38221147217a136debeb99eb304d62d9c0f73ac421ed66281b619719714,https://raw.githubusercontent.com/Zheng222/IMDN/master/checkpoints/IMDN_x4.pth,DIV2K,bicubic,352,288,352,288,False,26.255229776930214,0.5708024548475396,24.924944486800786,0.5318398997012482,4.517593622207642,4.319983959197998,0.5476591269837404,4.185279846191406,6.0999040603637695,3,10,352,288,88,72,2.11.0+cu128,12.8,2026-08-30T20:16:05.312383+00:00,3.13.15,2.1.3,11.3.0,0.25.2,Linux-6.6.122+-x86_64-with-glibc2.35,x86_64
Set14,comic.png,x4,imdn,prepared_bicubic_lr,comic.png,4,native_model_grid_then_full_target_size_adjustment,gaussian_11x11_sigma_1.5_population_covariance,rgb_model,gpu,model_forward_only_cuda_events,Tesla T4,14912.6875,31.6611328125,715176,IMDN_x4.pth,e660c38221147217a136debeb99eb304d62d9c0f73ac421ed66281b619719714,https://raw.githubusercontent.com/Zheng222/IMDN/master/checkpoints/IMDN_x4.pth,DIV2K,bicubic,248,360,250,361,True,23.465970450057107,0.7243050123575593,21.955006816810616,0.7065417316329419,4.303087997436523,4.312255859375,0.07769391410028592,4.177951812744141,4.400224208831787,3,10,250,361,62,90,2.11.0+cu128,12.8,2026-08-30T20:16:05.497239+00:00,3.13.15,2.1.3,11.3.0,0.25.2,Linux-6.6.122+-x86_64-with-glibc2.35,x86_64
Set14,face.png,x4,imdn,prepared_bicubic_lr,face.png,4,native_model_grid_then_full_target_size_adjustment,gaussian_11x11_sigma_1.5_population_covariance,rgb_model,gpu,model_forward_only_cuda_events,Tesla T4,14912.6875,27.16015625,715176,IMDN_x4.pth,e660c38221147217a136debeb99eb304d62d9c0f73ac421ed66281b619719714,https://raw.githubusercontent.com/Zheng222/IMDN/master/checkpoints/IMDN_x4.pth,DIV2K,bicubic,276,276,276,276,False,32.903364774811166,0.7947005948580677,29.88202999878263,0.7179118384446904,4.4469023704528805,4.414031982421875,0.09472768843392947,4.3151679039001465,4.618239879608154,3,10,276,276,69,69,2.11.0+cu128,12.8,2026-08-30T20:16:05.659178+00:00,3.13.15,2.1.3,11.3.0,0.25.2,Linux-6.6.122+-x86_64-with-glibc2.35,x86_64
Set14,flowers.png,x4,imdn,prepared_bicubic_lr,flowers.png,4,native_model_grid_then_full_target_size_adjustment,gaussian_11x11_sigma_1.5_population_covariance,rgb_model,gpu,model_forward_only_cuda_events,Tesla T4,14912.6875,45.61767578125,715176,IMDN_x4.pth,e660c38221147217a136debeb99eb304d62d9c0f73ac421ed66281b619719714,https://raw.githubusercontent.com/Zheng222/IMDN/master/checkpoints/IMDN_x4.pth,DIV2K,bicubic,500,360,500,362,True,28.24948194657329,0.8154891114608301,26.213344025494397,0.78693552295652,5.522387170791626,5.482223987579346,0.5631616458837192,4.503168106079102,6.559743881225586,3,10,500,362,125,90,2.11.0+cu128,12.8,2026-08-30T20:16:05.935766+00:00,3.13.15,2.1.3,11.3.0,0.25.2,Linux-6.6.122+-x86_64-with-glibc2.35,x86_64
Set14,foreman.png,x4,imdn,prepared_bicubic_lr,foreman.png,4,native_model_grid_then_full_target_size_adjustment,gaussian_11x11_sigma_1.5_population_covariance,rgb_model,gpu,model_forward_only_cuda_events,Tesla T4,14912.6875,26.29541015625,715176,IMDN_x4.pth,e660c38221147217a136debeb99eb304d62d9c0f73ac421ed66281b619719714,https://raw.githubusercontent.com/Zheng222/IMDN/master/checkpoints/IMDN_x4.pth,DIV2K,bicubic,352,288,352,288,False,33.92223265492153,0.9311890487612089,32.28962538378316,0.9153135535025562,4.600627136230469,4.336639881134033,0.6124985129003876,4.141183853149414,6.198976039886475,3,10,352,288,88,72,2.11.0+cu128,12.8,2026-08-30T20:16:06.125173+00:00,3.13.15,2.1.3,11.3.0,0.25.2,Linux-6.6.122+-x86_64-with-glibc2.35,x86_64
Set14,lenna.png,x4,imdn,prepared_bicubic_lr,lenna.png,4,native_model_grid_then_full_target_size_adjustment,gaussian_11x11_sigma_1.5_population_covariance,rgb_model,gpu,model_forward_only_cuda_events,Tesla T4,14912.6875,62.9296875,715176,IMDN_x4.pth,e660c38221147217a136debeb99eb304d62d9c0f73ac421ed66281b619719714,https://raw.githubusercontent.com/Zheng222/IMDN/master/checkpoints/IMDN_x4.pth,DIV2K,bicubic,512,512,512,512,False,32.503224994494325,0.8642359360793539,30.425585362740655,0.7899313409922041,8.327465629577636,7.794672012329102,1.548076821468811,7.592063903808594,12.955648422241211,3,10,512,512,128,128,2.11.0+cu128,12.8,2026-08-30T20:16:06.512221+00:00,3.13.15,2.1.3,11.3.0,0.25.2,Linux-6.6.122+-x86_64-with-glibc2.35,x86_64
Set14,man.png,x4,imdn,prepared_bicubic_lr,man.png,4,native_model_grid_then_full_target_size_adjustment,gaussian_11x11_sigma_1.5_population_covariance,rgb_model,gpu,model_forward_only_cuda_events,Tesla T4,14912.6875,62.9296875,715176,IMDN_x4.pth,e660c38221147217a136debeb99eb304d62d9c0f73ac421ed66281b619719714,https://raw.githubusercontent.com/Zheng222/IMDN/master/checkpoints/IMDN_x4.pth,DIV2K,bicubic,512,512,512,512,False,27.374367642553104,0.7516402683864027,26.049772798649297,0.7277053338726952,8.006169509887695,8.278607845306396,0.5030088407860064,6.956480026245117,8.435135841369629,3,10,512,512,128,128,2.11.0+cu128,12.8,2026-08-30T20:16:06.876178+00:00,3.13.15,2.1.3,11.3.0,0.25.2,Linux-6.6.122+-x86_64-with-glibc2.35,x86_64
Set14,monarch.png,x4,imdn,prepared_bicubic_lr,monarch.png,4,native_model_grid_then_full_target_size_adjustment,gaussian_11x11_sigma_1.5_population_covariance,rgb_model,gpu,model_forward_only_cuda_events,Tesla T4,14912.6875,91.5234375,715176,IMDN_x4.pth,e660c38221147217a136debeb99eb304d62d9c0f73ac421ed66281b619719714,https://raw.githubusercontent.com/Zheng222/IMDN/master/checkpoints/IMDN_x4.pth,DIV2K,bicubic,768,512,768,512,False,32.774897581063094,0.9429348951563168,31.334037772986033,0.9301326160632822,12.856809616088867,12.963056087493896,0.41394241543538285,11.788288116455078,13.200096130371094,3,10,768,512,192,128,2.11.0+cu128,12.8,2026-08-30T20:16:07.451847+00:00,3.13.15,2.1.3,11.3.0,0.25.2,Linux-6.6.122+-x86_64-with-glibc2.35,x86_64
Set14,pepper.png,x4,imdn,prepared_bicubic_lr,pepper.png,4,native_model_grid_then_full_target_size_adjustment,gaussian_11x11_sigma_1.5_population_covariance,rgb_model,gpu,model_forward_only_cuda_events,Tesla T4,14912.6875,62.9296875,715176,IMDN_x4.pth,e660c38221147217a136debeb99eb304d62d9c0f73ac421ed66281b619719714,https://raw.githubusercontent.com/Zheng222/IMDN/master/checkpoints/IMDN_x4.pth,DIV2K,bicubic,512,512,512,512,False,34.26539420673236,0.8807927728559867,31.236622104038577,0.7935648410282653,7.920105695724487,8.398191928863525,0.6974844669416285,6.541888236999512,8.522368431091309,3,10,512,512,128,128,2.11.0+cu128,12.8,2026-08-30T20:16:07.851890+00:00,3.13.15,2.1.3,11.3.0,0.25.2,Linux-6.6.122+-x86_64-with-glibc2.35,x86_64
Set14,ppt3.png,x4,imdn,prepared_bicubic_lr,ppt3.png,4,native_model_grid_then_full_target_size_adjustment,gaussian_11x11_sigma_1.5_population_covariance,rgb_model,gpu,model_forward_only_cuda_events,Tesla T4,14912.6875,81.126953125,715176,IMDN_x4.pth,e660c38221147217a136debeb99eb304d62d9c0f73ac421ed66281b619719714,https://raw.githubusercontent.com/Zheng222/IMDN/master/checkpoints/IMDN_x4.pth,DIV2K,bicubic,528,656,529,656,True,26.40692528715895,0.9466361614687189,24.769219653920985,0.9297349398711763,12.38467197418213,12.485167980194092,0.5345266258603658,11.040032386779785,12.90675163269043,3,10,529,656,132,164,2.11.0+cu128,12.8,2026-08-30T20:16:08.333214+00:00,3.13.15,2.1.3,11.3.0,0.25.2,Linux-6.6.122+-x86_64-with-glibc2.35,x86_64
Set14,zebra.png,x4,imdn,prepared_bicubic_lr,zebra.png,4,native_model_grid_then_full_target_size_adjustment,gaussian_11x11_sigma_1.5_population_covariance,rgb_model,gpu,model_forward_only_cuda_events,Tesla T4,14912.6875,54.76708984375,715176,IMDN_x4.pth,e660c38221147217a136debeb99eb304d62d9c0f73ac421ed66281b619719714,https://raw.githubusercontent.com/Zheng222/IMDN/master/checkpoints/IMDN_x4.pth,DIV2K,bicubic,584,388,586,391,True,27.605729430962306,0.7790109317831729,26.2101891521882,0.7606897285222488,7.537532758712769,7.6356799602508545,0.36640099290336303,6.948063850402832,8.030847549438477,3,10,586,391,146,97,2.11.0+cu128,12.8,2026-08-30T20:16:08.721657+00:00,3.13.15,2.1.3,11.3.0,0.25.2,Linux-6.6.122+-x86_64-with-glibc2.35,x86_64
BSD100,101085.png,x4,imdn,prepared_bicubic_lr,101085.png,4,native_model_grid_then_full_target_size_adjustment,gaussian_11x11_sigma_1.5_population_covariance,rgb_model,gpu,model_forward_only_cuda_events,Tesla T4,14912.6875,52.0712890625,715176,IMDN_x4.pth,e660c38221147217a136debeb99eb304d62d9c0f73ac421ed66281b619719714,https://raw.githubusercontent.com/Zheng222/IMDN/master/checkpoints/IMDN_x4.pth,DIV2K,bicubic,320,480,321,481,True,23.96349936544343,0.5765695648944463,22.64488056456924,0.5438359541360064,4.713808012008667,4.696959972381592,0.12560483085953275,4.585696220397949,5.052671909332275,3,10,321,481,80,120,2.11.0+cu128,12.8,2026-08-30T20:16:09.065761+00:00,3.13.15,2.1.3,11.3.0,0.25.2,Linux-6.6.122+-x86_64-with-glibc2.35,x86_64
BSD100,101087.png,x4,imdn,prepared_bicubic_lr,101087.png,4,native_model_grid_then_full_target_size_adjustment,gaussian_11x11_sigma_1.5_population_covariance,rgb_model,gpu,model_forward_only_cuda_events,Tesla T4,14912.6875,52.0712890625,715176,IMDN_x4.pth,e660c38221147217a136debeb99eb304d62d9c0f73ac421ed66281b619719714,https://raw.githubusercontent.com/Zheng222/IMDN/master/checkpoints/IMDN_x4.pth,DIV2K,bicubic,320,480,321,481,True,28.728167344952944,0.8095997586479946,27.410048717692202,0.7949104597317523,4.533359956741333,4.460927963256836,0.26095557599571795,4.295680046081543,5.177343845367432,3,10,321,481,80,120,2.11.0+cu128,12.8,2026-08-30T20:16:09.352173+00:00,3.13.15,2.1.3,11.3.0,0.25.2,Linux-6.6.122+-x86_64-with-glibc2.35,x86_64
BSD100,102061.png,x4,imdn,prepared_bicubic_lr,102061.png,4,native_model_grid_then_full_target_size_adjustment,gaussian_11x11_sigma_1.5_population_covariance,rgb_model,gpu,model_forward_only_cuda_events,Tesla T4,14912.6875,52.0712890625,715176,IMDN_x4.pth,e660c38221147217a136debeb99eb304d62d9c0f73ac421ed66281b619719714,https://raw.githubusercontent.com/Zheng222/IMDN/master/checkpoints/IMDN_x4.pth,DIV2K,bicubic,320,480,321,481,True,26.537727081294285,0.8098931076338292,25.182702728702914,0.7911865924520463,4.40994234085083,4.361055850982666,0.1490093510778499,4.236735820770264,4.726975917816162,3,10,321,481,80,120,2.11.0+cu128,12.8,2026-08-30T20:16:09.602537+00:00,3.13.15,2.1.3,11.3.0,0.25.2,Linux-6.6.122+-x86_64-with-glibc2.35,x86_64
BSD100,103070.png,x4,imdn,prepared_bicubic_lr,103070.png,4,native_model_grid_then_full_target_size_adjustment,gaussian_11x11_sigma_1.5_population_covariance,rgb_model,gpu,model_forward_only_cuda_events,Tesla T4,14912.6875,38.00830078125,715176,IMDN_x4.pth,e660c38221147217a136debeb99eb304d62d9c0f73ac421ed66281b619719714,https://raw.githubusercontent.com/Zheng222/IMDN/master/checkpoints/IMDN_x4.pth,DIV2K,bicubic,480,320,481,321,True,30.624966640316845,0.8442121336823796,29.264002217908647,0.8286594175464912,4.696780776977539,4.681983947753906,0.18176643455791774,4.429247856140137,5.021696090698242,3,10,481,321,120,80,2.11.0+cu128,12.8,2026-08-30T20:16:09.849382+00:00,3.13.15,2.1.3,11.3.0,0.25.2,Linux-6.6.122+-x86_64-with-glibc2.35,x86_64
BSD100,105025.png,x4,imdn,prepared_bicubic_lr,105025.png,4,native_model_grid_then_full_target_size_adjustment,gaussian_11x11_sigma_1.5_population_covariance,rgb_model,gpu,model_forward_only_cuda_events,Tesla T4,14912.6875,38.00830078125,715176,IMDN_x4.pth,e660c38221147217a136debeb99eb304d62d9c0f73ac421ed66281b619719714,https://raw.githubusercontent.com/Zheng222/IMDN/master/checkpoints/IMDN_x4.pth,DIV2K,bicubic,480,320,481,321,True,26.192357660647936,0.7054321542561679,24.859025352386872,0.6847015102538557,4.437977647781372,4.426896095275879,0.13563549486947926,4.274144172668457,4.611551761627197,3,10,481,321,120,80,2.11.0+cu128,12.8,2026-08-30T20:16:10.097076+00:00,3.13.15,2.1.3,11.3.0,0.25.2,Linux-6.6.122+-x86_64-with-glibc2.35,x86_64
BSD100,106024.png,x4,imdn,prepared_bicubic_lr,106024.png,4,native_model_grid_then_full_target_size_adjustment,gaussian_11x11_sigma_1.5_population_covariance,rgb_model,gpu,model_forward_only_cuda_events,Tesla T4,14912.6875,38.00830078125,715176,IMDN_x4.pth,e660c38221147217a136debeb99eb304d62d9c0f73ac421ed66281b619719714,https://raw.githubusercontent.com/Zheng222/IMDN/master/checkpoints/IMDN_x4.pth,DIV2K,bicubic,480,320,481,321,True,33.75592710520844,0.894008630497313,32.33493452926534,0.8804637790665106,4.808105611801148,4.581184148788452,0.5253796254607723,4.318975925445557,6.06822395324707,3,10,481,321,120,80,2.11.0+cu128,12.8,2026-08-30T20:16:10.340140+00:00,3.13.15,2.1.3,11.3.0,0.25.2,Linux-6.6.122+-x86_64-with-glibc2.35,x86_64
BSD100,108005.png,x4,imdn,prepared_bicubic_lr,108005.png,4,native_model_grid_then_full_target_size_adjustment,gaussian_11x11_sigma_1.5_population_covariance,rgb_model,gpu,model_forward_only_cuda_events,Tesla T4,14912.6875,38.00830078125,715176,IMDN_x4.pth,e660c38221147217a136debeb99eb304d62d9c0f73ac421ed66281b619719714,https://raw.githubusercontent.com/Zheng222/IMDN/master/checkpoints/IMDN_x4.pth,DIV2K,bicubic,480,320,481,321,True,26.357671518344606,0.7477442877580459,25.06548619515526,0.7179805430080863,5.413299179077148,5.378095865249634,0.1068917406305871,5.359519958496094,5.731423854827881,3,10,481,321,120,80,2.11.0+cu128,12.8,2026-08-30T20:16:10.589683+00:00,3.13.15,2.1.3,11.3.0,0.25.2,Linux-6.6.122+-x86_64-with-glibc2.35,x86_64
BSD100,108070.png,x4,imdn,prepared_bicubic_lr,108070.png,4,native_model_grid_then_full_target_size_adjustment,gaussian_11x11_sigma_1.5_population_covariance,rgb_model,gpu,model_forward_only_cuda_events,Tesla T4,14912.6875,38.00830078125,715176,IMDN_x4.pth,e660c38221147217a136debeb99eb304d62d9c0f73ac421ed66281b619719714,https://raw.githubusercontent.com/Zheng222/IMDN/master/checkpoints/IMDN_x4.pth,DIV2K,bicubic,480,320,481,321,True,23.079032687809967,0.5847613690584491,21.788987393372658,0.5486026081333323,5.410998392105102,5.417072057723999,0.033456591698127244,5.360095977783203,5.457856178283691,3,10,481,321,120,80,2.11.0+cu128,12.8,2026-08-30T20:16:10.864177+00:00,3.13.15,2.1.3,11.3.0,0.25.2,Linux-6.6.122+-x86_64-with-glibc2.35,x86_64
BSD100,108082.png,x4,imdn,prepared_bicubic_lr,108082.png,4,native_model_grid_then_full_target_size_adjustment,gaussian_11x11_sigma_1.5_population_covariance,rgb_model,gpu,model_forward_only_cuda_events,Tesla T4,14912.6875,38.00830078125,715176,IMDN_x4.pth,e660c38221147217a136debeb99eb304d62d9c0f73ac421ed66281b619719714,https://raw.githubusercontent.com/Zheng222/IMDN/master/checkpoints/IMDN_x4.pth,DIV2K,bicubic,480,320,481,321,True,27.40160206094414,0.7847606437038461,26.057500178769462,0.7627692383923447,5.442089653015136,5.446399927139282,0.016799851129579914,5.415840148925781,5.46611213684082,3,10,481,321,120,80,2.11.0+cu128,12.8,2026-08-30T20:16:11.121213+00:00,3.13.15,2.1.3,11.3.0,0.25.2,Linux-6.6.122+-x86_64-with-glibc2.35,x86_64
BSD100,109053.png,x4,imdn,prepared_bicubic_lr,109053.png,4,native_model_grid_then_full_target_size_adjustment,gaussian_11x11_sigma_1.5_population_covariance,rgb_model,gpu,model_forward_only_cuda_events,Tesla T4,14912.6875,38.00830078125,715176,IMDN_x4.pth,e660c38221147217a136debeb99eb304d62d9c0f73ac421ed66281b619719714,https://raw.githubusercontent.com/Zheng222/IMDN/master/checkpoints/IMDN_x4.pth,DIV2K,bicubic,480,320,481,321,True,29.239250335392782,0.7996676106480666,27.892846999630333,0.7799791678706297,5.876934385299682,5.8713600635528564,0.015542799416957482,5.859839916229248,5.91871976852417,3,10,481,321,120,80,2.11.0+cu128,12.8,2026-08-30T20:16:11.419574+00:00,3.13.15,2.1.3,11.3.0,0.25.2,Linux-6.6.122+-x86_64-with-glibc2.35,x86_64
BSD100,119082.png,x4,imdn,prepared_bicubic_lr,119082.png,4,native_model_grid_then_full_target_size_adjustment,gaussian_11x11_sigma_1.5_population_covariance,rgb_model,gpu,model_forward_only_cuda_events,Tesla T4,14912.6875,38.00830078125,715176,IMDN_x4.pth,e660c38221147217a136debeb99eb304d62d9c0f73ac421ed66281b619719714,https://raw.githubusercontent.com/Zheng222/IMDN/master/checkpoints/IMDN_x4.pth,DIV2K,bicubic,480,320,481,321,True,24.92537443314165,0.7359176884587099,23.618808288025303,0.7145816472373504,5.7978911876678465,5.797839879989624,0.013870088296998945,5.777952194213867,5.831456184387207,3,10,481,321,120,80,2.11.0+cu128,12.8,2026-08-30T20:16:11.684405+00:00,3.13.15,2.1.3,11.3.0,0.25.2,Linux-6.6.122+-x86_64-with-glibc2.35,x86_64
BSD100,12084.png,x4,imdn,prepared_bicubic_lr,12084.png,4,native_model_grid_then_full_target_size_adjustment,gaussian_11x11_sigma_1.5_population_covariance,rgb_model,gpu,model_forward_only_cuda_events,Tesla T4,14912.6875,38.00830078125,715176,IMDN_x4.pth,e660c38221147217a136debeb99eb304d62d9c0f73ac421ed66281b619719714,https://raw.githubusercontent.com/Zheng222/IMDN/master/checkpoints/IMDN_x4.pth,DIV2K,bicubic,480,320,481,321,True,27.82892514850628,0.7439614414370086,26.3351719044193,0.7246768084454853,5.809654426574707,5.799088001251221,0.03827294266132486,5.78329610824585,5.921599864959717,3,10,481,321,120,80,2.11.0+cu128,12.8,2026-08-30T20:16:11.944660+00:00,3.13.15,2.1.3,11.3.0,0.25.2,Linux-6.6.122+-x86_64-with-glibc2.35,x86_64
BSD100,123074.png,x4,imdn,prepared_bicubic_lr,123074.png,4,native_model_grid_then_full_target_size_adjustment,gaussian_11x11_sigma_1.5_population_covariance,rgb_model,gpu,model_forward_only_cuda_events,Tesla T4,14912.6875,38.00830078125,715176,IMDN_x4.pth,e660c38221147217a136debeb99eb304d62d9c0f73ac421ed66281b619719714,https://raw.githubusercontent.com/Zheng222/IMDN/master/checkpoints/IMDN_x4.pth,DIV2K,bicubic,480,320,481,321,True,29.985720209352213,0.8088969485697975,28.627371834376095,0.791640318214616,6.333583974838257,6.241935968399048,0.19764186373038994,6.224703788757324,6.815231800079346,3,10,481,321,120,80,2.11.0+cu128,12.8,2026-08-30T20:16:12.233790+00:00,3.13.15,2.1.3,11.3.0,0.25.2,Linux-6.6.122+-x86_64-with-glibc2.35,x86_64
BSD100,126007.png,x4,imdn,prepared_bicubic_lr,126007.png,4,native_model_grid_then_full_target_size_adjustment,gaussian_11x11_sigma_1.5_population_covariance,rgb_model,gpu,model_forward_only_cuda_events,Tesla T4,14912.6875,38.00830078125,715176,IMDN_x4.pth,e660c38221147217a136debeb99eb304d62d9c0f73ac421ed66281b619719714,https://raw.githubusercontent.com/Zheng222/IMDN/master/checkpoints/IMDN_x4.pth,DIV2K,bicubic,480,320,481,321,True,29.30281864765293,0.8288591168838548,27.874936393219105,0.8048369763582376,6.2605408191680905,6.250416040420532,0.039905198878561074,6.230048179626465,6.375423908233643,3,10,481,321,120,80,2.11.0+cu128,12.8,2026-08-30T20:16:12.504206+00:00,3.13.15,2.1.3,11.3.0,0.25.2,Linux-6.6.122+-x86_64-with-glibc2.35,x86_64
BSD100,130026.png,x4,imdn,prepared_bicubic_lr,130026.png,4,native_model_grid_then_full_target_size_adjustment,gaussian_11x11_sigma_1.5_population_covariance,rgb_model,gpu,model_forward_only_cuda_events,Tesla T4,14912.6875,38.00830078125,715176,IMDN_x4.pth,e660c38221147217a136debeb99eb304d62d9c0f73ac421ed66281b619719714,https://raw.githubusercontent.com/Zheng222/IMDN/master/checkpoints/IMDN_x4.pth,DIV2K,bicubic,480,320,481,321,True,25.02292257318263,0.6702266723349444,23.730074152303807,0.6404761862467953,6.271494388580322,6.16593599319458,0.1544139680589192,6.12716817855835,6.494207859039307,3,10,481,321,120,80,2.11.0+cu128,12.8,2026-08-30T20:16:12.777651+00:00,3.13.15,2.1.3,11.3.0,0.25.2,Linux-6.6.122+-x86_64-with-glibc2.35,x86_64
BSD100,134035.png,x4,imdn,prepared_bicubic_lr,134035.png,4,native_model_grid_then_full_target_size_adjustment,gaussian_11x11_sigma_1.5_population_covariance,rgb_model,gpu,model_forward_only_cuda_events,Tesla T4,14912.6875,38.00830078125,715176,IMDN_x4.pth,e660c38221147217a136debeb99eb304d62d9c0f73ac421ed66281b619719714,https://raw.githubusercontent.com/Zheng222/IMDN/master/checkpoints/IMDN_x4.pth,DIV2K,bicubic,480,320,481,321,True,24.677583578177448,0.7538069900011553,23.270070277328777,0.7370501522155405,6.695516777038574,6.6889119148254395,0.05138589876999779,6.612959861755371,6.832223892211914,3,10,481,321,120,80,2.11.0+cu128,12.8,2026-08-30T20:16:13.041096+00:00,3.13.15,2.1.3,11.3.0,0.25.2,Linux-6.6.122+-x86_64-with-glibc2.35,x86_64
BSD100,14037.png,x4,imdn,prepared_bicubic_lr,14037.png,4,native_model_grid_then_full_target_size_adjustment,gaussian_11x11_sigma_1.5_population_covariance,rgb_model,gpu,model_forward_only_cuda_events,Tesla T4,14912.6875,38.00830078125,715176,IMDN_x4.pth,e660c38221147217a136debeb99eb304d62d9c0f73ac421ed66281b619719714,https://raw.githubusercontent.com/Zheng222/IMDN/master/checkpoints/IMDN_x4.pth,DIV2K,bicubic,480,320,481,321,True,34.70586372311529,0.8942859498829882,33.30649200969144,0.8735270732554725,6.679001569747925,6.1649439334869385,0.8365303022941838,6.128640174865723,8.447999954223633,3,10,481,321,120,80,2.11.0+cu128,12.8,2026-08-30T20:16:13.298844+00:00,3.13.15,2.1.3,11.3.0,0.25.2,Linux-6.6.122+-x86_64-with-glibc2.35,x86_64
BSD100,143090.png,x4,imdn,prepared_bicubic_lr,143090.png,4,native_model_grid_then_full_target_size_adjustment,gaussian_11x11_sigma_1.5_population_covariance,rgb_model,gpu,model_forward_only_cuda_events,Tesla T4,14912.6875,38.00830078125,715176,IMDN_x4.pth,e660c38221147217a136debeb99eb304d62d9c0f73ac421ed66281b619719714,https://raw.githubusercontent.com/Zheng222/IMDN/master/checkpoints/IMDN_x4.pth,DIV2K,bicubic,480,320,481,321,True,32.96396284859489,0.8898636793782847,31.39750475933459,0.8751572480070609,6.138502359390259,6.137712001800537,0.00699018641973999,6.127615928649902,6.150271892547607,3,10,481,321,120,80,2.11.0+cu128,12.8,2026-08-30T20:16:13.554458+00:00,3.13.15,2.1.3,11.3.0,0.25.2,Linux-6.6.122+-x86_64-with-glibc2.35,x86_64
BSD100,145086.png,x4,imdn,prepared_bicubic_lr,145086.png,4,native_model_grid_then_full_target_size_adjustment,gaussian_11x11_sigma_1.5_population_covariance,rgb_model,gpu,model_forward_only_cuda_events,Tesla T4,14912.6875,38.00830078125,715176,IMDN_x4.pth,e660c38221147217a136debeb99eb304d62d9c0f73ac421ed66281b619719714,https://raw.githubusercontent.com/Zheng222/IMDN/master/checkpoints/IMDN_x4.pth,DIV2K,bicubic,480,320,481,321,True,26.14924728398218,0.7376200881385606,24.824907440033517,0.7095889580219324,7.593225526809692,7.83622407913208,0.920423851247697,6.239776134490967,9.107583999633789,3,10,481,321,120,80,2.11.0+cu128,12.8,2026-08-30T20:16:13.908882+00:00,3.13.15,2.1.3,11.3.0,0.25.2,Linux-6.6.122+-x86_64-with-glibc2.35,x86_64
BSD100,147091.png,x4,imdn,prepared_bicubic_lr,147091.png,4,native_model_grid_then_full_target_size_adjustment,gaussian_11x11_sigma_1.5_population_covariance,rgb_model,gpu,model_forward_only_cuda_events,Tesla T4,14912.6875,38.00830078125,715176,IMDN_x4.pth,e660c38221147217a136debeb99eb304d62d9c0f73ac421ed66281b619719714,https://raw.githubusercontent.com/Zheng222/IMDN/master/checkpoints/IMDN_x4.pth,DIV2K,bicubic,480,320,481,321,True,25.936960060895217,0.7977305992968275,24.57596319515865,0.7741774997909929,6.420473575592041,6.333472013473511,0.2284878493531272,6.231616020202637,7.0411200523376465,3,10,481,321,120,80,2.11.0+cu128,12.8,2026-08-30T20:16:14.291662+00:00,3.13.15,2.1.3,11.3.0,0.25.2,Linux-6.6.122+-x86_64-with-glibc2.35,x86_64
BSD100,148026.png,x4,imdn,prepared_bicubic_lr,148026.png,4,native_model_grid_then_full_target_size_adjustment,gaussian_11x11_sigma_1.5_population_covariance,rgb_model,gpu,model_forward_only_cuda_events,Tesla T4,14912.6875,52.0712890625,715176,IMDN_x4.pth,e660c38221147217a136debeb99eb304d62d9c0f73ac421ed66281b619719714,https://raw.githubusercontent.com/Zheng222/IMDN/master/checkpoints/IMDN_x4.pth,DIV2K,bicubic,320,480,321,481,True,22.127325063177135,0.6894579693357711,20.841851072291465,0.6639429256897372,6.361711931228638,6.171215772628784,0.4123659195666853,6.148064136505127,7.534239768981934,3,10,321,481,80,120,2.11.0+cu128,12.8,2026-08-30T20:16:14.608690+00:00,3.13.15,2.1.3,11.3.0,0.25.2,Linux-6.6.122+-x86_64-with-glibc2.35,x86_64
BSD100,148089.png,x4,imdn,prepared_bicubic_lr,148089.png,4,native_model_grid_then_full_target_size_adjustment,gaussian_11x11_sigma_1.5_population_covariance,rgb_model,gpu,model_forward_only_cuda_events,Tesla T4,14912.6875,38.00830078125,715176,IMDN_x4.pth,e660c38221147217a136debeb99eb304d62d9c0f73ac421ed66281b619719714,https://raw.githubusercontent.com/Zheng222/IMDN/master/checkpoints/IMDN_x4.pth,DIV2K,bicubic,480,320,481,321,True,23.86203336208833,0.6264096038473709,22.57865050228758,0.5981243837872039,6.27486400604248,6.245392084121704,0.09212676217642439,6.168575763702393,6.451136112213135,3,10,481,321,120,80,2.11.0+cu128,12.8,2026-08-30T20:16:14.936236+00:00,3.13.15,2.1.3,11.3.0,0.25.2,Linux-6.6.122+-x86_64-with-glibc2.35,x86_64
BSD100,156065.png,x4,imdn,prepared_bicubic_lr,156065.png,4,native_model_grid_then_full_target_size_adjustment,gaussian_11x11_sigma_1.5_population_covariance,rgb_model,gpu,model_forward_only_cuda_events,Tesla T4,14912.6875,38.00830078125,715176,IMDN_x4.pth,e660c38221147217a136debeb99eb304d62d9c0f73ac421ed66281b619719714,https://raw.githubusercontent.com/Zheng222/IMDN/master/checkpoints/IMDN_x4.pth,DIV2K,bicubic,480,320,481,321,True,24.83467307413765,0.5659932336489845,23.533080588805497,0.5310989444885573,8.99102716445923,9.33184003829956,0.9559785648628508,7.382976055145264,10.070015907287598,3,10,481,321,120,80,2.11.0+cu128,12.8,2026-08-30T20:16:15.335266+00:00,3.13.15,2.1.3,11.3.0,0.25.2,Linux-6.6.122+-x86_64-with-glibc2.35,x86_64
BSD100,157055.png,x4,imdn,prepared_bicubic_lr,157055.png,4,native_model_grid_then_full_target_size_adjustment,gaussian_11x11_sigma_1.5_population_covariance,rgb_model,gpu,model_forward_only_cuda_events,Tesla T4,14912.6875,38.00830078125,715176,IMDN_x4.pth,e660c38221147217a136debeb99eb304d62d9c0f73ac421ed66281b619719714,https://raw.githubusercontent.com/Zheng222/IMDN/master/checkpoints/IMDN_x4.pth,DIV2K,bicubic,480,320,481,321,True,26.527931646713732,0.7880509873023119,25.125009814035693,0.7688544350114727,7.015040016174316,6.971504211425781,0.3112075218061305,6.504255771636963,7.825407981872559,3,10,481,321,120,80,2.11.0+cu128,12.8,2026-08-30T20:16:15.702448+00:00,3.13.15,2.1.3,11.3.0,0.25.2,Linux-6.6.122+-x86_64-with-glibc2.35,x86_64
BSD100,159008.png,x4,imdn,prepared_bicubic_lr,159008.png,4,native_model_grid_then_full_target_size_adjustment,gaussian_11x11_sigma_1.5_population_covariance,rgb_model,gpu,model_forward_only_cuda_events,Tesla T4,14912.6875,38.00830078125,715176,IMDN_x4.pth,e660c38221147217a136debeb99eb304d62d9c0f73ac421ed66281b619719714,https://raw.githubusercontent.com/Zheng222/IMDN/master/checkpoints/IMDN_x4.pth,DIV2K,bicubic,480,320,481,321,True,27.6365481262526,0.8249757978382131,26.358222576552688,0.8016564313658615,6.975372743606568,6.973343849182129,0.012922285441454833,6.9502081871032715,6.9918718338012695,3,10,481,321,120,80,2.11.0+cu128,12.8,2026-08-30T20:16:16.036603+00:00,3.13.15,2.1.3,11.3.0,0.25.2,Linux-6.6.122+-x86_64-with-glibc2.35,x86_64
BSD100,160068.png,x4,imdn,prepared_bicubic_lr,160068.png,4,native_model_grid_then_full_target_size_adjustment,gaussian_11x11_sigma_1.5_population_covariance,rgb_model,gpu,model_forward_only_cuda_events,Tesla T4,14912.6875,38.00830078125,715176,IMDN_x4.pth,e660c38221147217a136debeb99eb304d62d9c0f73ac421ed66281b619719714,https://raw.githubusercontent.com/Zheng222/IMDN/master/checkpoints/IMDN_x4.pth,DIV2K,bicubic,480,320,481,321,True,27.01720097161943,0.8336498747595624,25.740733700341323,0.8189121413549506,7.319555234909058,7.097231864929199,0.45005351745514766,7.090176105499268,8.3854398727417,3,10,481,321,120,80,2.11.0+cu128,12.8,2026-08-30T20:16:16.432687+00:00,3.13.15,2.1.3,11.3.0,0.25.2,Linux-6.6.122+-x86_64-with-glibc2.35,x86_64
BSD100,16077.png,x4,imdn,prepared_bicubic_lr,16077.png,4,native_model_grid_then_full_target_size_adjustment,gaussian_11x11_sigma_1.5_population_covariance,rgb_model,gpu,model_forward_only_cuda_events,Tesla T4,14912.6875,38.00830078125,715176,IMDN_x4.pth,e660c38221147217a136debeb99eb304d62d9c0f73ac421ed66281b619719714,https://raw.githubusercontent.com/Zheng222/IMDN/master/checkpoints/IMDN_x4.pth,DIV2K,bicubic,480,320,481,321,True,27.590897597438584,0.7288423436338832,26.243209267781744,0.7003124508846831,6.639507150650024,6.4102559089660645,0.5542812327886375,6.371615886688232,8.28006362915039,3,10,481,321,120,80,2.11.0+cu128,12.8,2026-08-30T20:16:16.763128+00:00,3.13.15,2.1.3,11.3.0,0.25.2,Linux-6.6.122+-x86_64-with-glibc2.35,x86_64
BSD100,163085.png,x4,imdn,prepared_bicubic_lr,163085.png,4,native_model_grid_then_full_target_size_adjustment,gaussian_11x11_sigma_1.5_population_covariance,rgb_model,gpu,model_forward_only_cuda_events,Tesla T4,14912.6875,38.00830078125,715176,IMDN_x4.pth,e660c38221147217a136debeb99eb304d62d9c0f73ac421ed66281b619719714,https://raw.githubusercontent.com/Zheng222/IMDN/master/checkpoints/IMDN_x4.pth,DIV2K,bicubic,480,320,481,321,True,29.63279647851085,0.8013970682345544,28.257038698697407,0.7845528994201493,6.960505628585816,6.562927961349487,0.8493621827316357,6.237120151519775,8.572959899902344,3,10,481,321,120,80,2.11.0+cu128,12.8,2026-08-30T20:16:17.128919+00:00,3.13.15,2.1.3,11.3.0,0.25.2,Linux-6.6.122+-x86_64-with-glibc2.35,x86_64
BSD100,167062.png,x4,imdn,prepared_bicubic_lr,167062.png,4,native_model_grid_then_full_target_size_adjustment,gaussian_11x11_sigma_1.5_population_covariance,rgb_model,gpu,model_forward_only_cuda_events,Tesla T4,14912.6875,38.00830078125,715176,IMDN_x4.pth,e660c38221147217a136debeb99eb304d62d9c0f73ac421ed66281b619719714,https://raw.githubusercontent.com/Zheng222/IMDN/master/checkpoints/IMDN_x4.pth,DIV2K,bicubic,480,320,481,321,True,32.395215063927544,0.8991855168738623,31.04144884781826,0.8812825073088363,7.19485445022583,6.653520107269287,1.020269499277003,6.1814398765563965,8.966143608093262,3,10,481,321,120,80,2.11.0+cu128,12.8,2026-08-30T20:16:17.494529+00:00,3.13.15,2.1.3,11.3.0,0.25.2,Linux-6.6.122+-x86_64-with-glibc2.35,x86_64
BSD100,167083.png,x4,imdn,prepared_bicubic_lr,167083.png,4,native_model_grid_then_full_target_size_adjustment,gaussian_11x11_sigma_1.5_population_covariance,rgb_model,gpu,model_forward_only_cuda_events,Tesla T4,14912.6875,52.0712890625,715176,IMDN_x4.pth,e660c38221147217a136debeb99eb304d62d9c0f73ac421ed66281b619719714,https://raw.githubusercontent.com/Zheng222/IMDN/master/checkpoints/IMDN_x4.pth,DIV2K,bicubic,320,480,321,481,True,19.85617542793331,0.49821754209610036,18.548737105991002,0.48257630876224084,8.456713485717774,7.8791680335998535,1.2177508783190636,7.355584144592285,10.95206356048584,3,10,321,481,80,120,2.11.0+cu128,12.8,2026-08-30T20:16:17.868688+00:00,3.13.15,2.1.3,11.3.0,0.25.2,Linux-6.6.122+-x86_64-with-glibc2.35,x86_64
BSD100,170057.png,x4,imdn,prepared_bicubic_lr,170057.png,4,native_model_grid_then_full_target_size_adjustment,gaussian_11x11_sigma_1.5_population_covariance,rgb_model,gpu,model_forward_only_cuda_events,Tesla T4,14912.6875,38.00830078125,715176,IMDN_x4.pth,e660c38221147217a136debeb99eb304d62d9c0f73ac421ed66281b619719714,https://raw.githubusercontent.com/Zheng222/IMDN/master/checkpoints/IMDN_x4.pth,DIV2K,bicubic,480,320,481,321,True,29.757243480932786,0.8169349425937623,28.467006398382637,0.7909140178679039,7.848979234695435,7.7004640102386475,0.5493958593290088,7.282144069671631,9.01529598236084,3,10,481,321,120,80,2.11.0+cu128,12.8,2026-08-30T20:16:18.238709+00:00,3.13.15,2.1.3,11.3.0,0.25.2,Linux-6.6.122+-x86_64-with-glibc2.35,x86_64
BSD100,175032.png,x4,imdn,prepared_bicubic_lr,175032.png,4,native_model_grid_then_full_target_size_adjustment,gaussian_11x11_sigma_1.5_population_covariance,rgb_model,gpu,model_forward_only_cuda_events,Tesla T4,14912.6875,52.0712890625,715176,IMDN_x4.pth,e660c38221147217a136debeb99eb304d62d9c0f73ac421ed66281b619719714,https://raw.githubusercontent.com/Zheng222/IMDN/master/checkpoints/IMDN_x4.pth,DIV2K,bicubic,320,480,321,481,True,20.930232532413893,0.4317882244130961,19.641977932304968,0.4078737378898241,6.154854440689087,6.1356799602508545,0.05719559432091553,6.116352081298828,6.322175979614258,3,10,321,481,80,120,2.11.0+cu128,12.8,2026-08-30T20:16:18.540278+00:00,3.13.15,2.1.3,11.3.0,0.25.2,Linux-6.6.122+-x86_64-with-glibc2.35,x86_64
BSD100,175043.png,x4,imdn,prepared_bicubic_lr,175043.png,4,native_model_grid_then_full_target_size_adjustment,gaussian_11x11_sigma_1.5_population_covariance,rgb_model,gpu,model_forward_only_cuda_events,Tesla T4,14912.6875,38.00830078125,715176,IMDN_x4.pth,e660c38221147217a136debeb99eb304d62d9c0f73ac421ed66281b619719714,https://raw.githubusercontent.com/Zheng222/IMDN/master/checkpoints/IMDN_x4.pth,DIV2K,bicubic,480,320,481,321,True,25.181903012897013,0.6680735127161569,23.856531411021287,0.6442931744012775,6.332947158813477,6.444767951965332,0.2030917868006967,6.058080196380615,6.579999923706055,3,10,481,321,120,80,2.11.0+cu128,12.8,2026-08-30T20:16:18.804861+00:00,3.13.15,2.1.3,11.3.0,0.25.2,Linux-6.6.122+-x86_64-with-glibc2.35,x86_64
BSD100,182053.png,x4,imdn,prepared_bicubic_lr,182053.png,4,native_model_grid_then_full_target_size_adjustment,gaussian_11x11_sigma_1.5_population_covariance,rgb_model,gpu,model_forward_only_cuda_events,Tesla T4,14912.6875,38.00830078125,715176,IMDN_x4.pth,e660c38221147217a136debeb99eb304d62d9c0f73ac421ed66281b619719714,https://raw.githubusercontent.com/Zheng222/IMDN/master/checkpoints/IMDN_x4.pth,DIV2K,bicubic,480,320,481,321,True,24.4030339414471,0.7578709064446577,23.095504715338876,0.7409787812101297,6.62327356338501,6.569455862045288,0.18065734635715044,6.476191997528076,7.154176235198975,3,10,481,321,120,80,2.11.0+cu128,12.8,2026-08-30T20:16:19.072174+00:00,3.13.15,2.1.3,11.3.0,0.25.2,Linux-6.6.122+-x86_64-with-glibc2.35,x86_64
BSD100,189080.png,x4,imdn,prepared_bicubic_lr,189080.png,4,native_model_grid_then_full_target_size_adjustment,gaussian_11x11_sigma_1.5_population_covariance,rgb_model,gpu,model_forward_only_cuda_events,Tesla T4,14912.6875,52.0712890625,715176,IMDN_x4.pth,e660c38221147217a136debeb99eb304d62d9c0f73ac421ed66281b619719714,https://raw.githubusercontent.com/Zheng222/IMDN/master/checkpoints/IMDN_x4.pth,DIV2K,bicubic,320,480,321,481,True,35.12151588995506,0.8920847563439287,33.75070140371542,0.8668222106425372,6.138681650161743,6.130592107772827,0.03212029715876255,6.103072166442871,6.228288173675537,3,10,321,481,80,120,2.11.0+cu128,12.8,2026-08-30T20:16:19.337437+00:00,3.13.15,2.1.3,11.3.0,0.25.2,Linux-6.6.122+-x86_64-with-glibc2.35,x86_64
BSD100,19021.png,x4,imdn,prepared_bicubic_lr,19021.png,4,native_model_grid_then_full_target_size_adjustment,gaussian_11x11_sigma_1.5_population_covariance,rgb_model,gpu,model_forward_only_cuda_events,Tesla T4,14912.6875,38.00830078125,715176,IMDN_x4.pth,e660c38221147217a136debeb99eb304d62d9c0f73ac421ed66281b619719714,https://raw.githubusercontent.com/Zheng222/IMDN/master/checkpoints/IMDN_x4.pth,DIV2K,bicubic,480,320,481,321,True,26.970438195811436,0.7414515465807671,25.596204260035144,0.7148087087446781,6.140467166900635,6.141535997390747,0.013006671819220876,6.115968227386475,6.163392066955566,3,10,481,321,120,80,2.11.0+cu128,12.8,2026-08-30T20:16:19.628956+00:00,3.13.15,2.1.3,11.3.0,0.25.2,Linux-6.6.122+-x86_64-with-glibc2.35,x86_64
BSD100,196073.png,x4,imdn,prepared_bicubic_lr,196073.png,4,native_model_grid_then_full_target_size_adjustment,gaussian_11x11_sigma_1.5_population_covariance,rgb_model,gpu,model_forward_only_cuda_events,Tesla T4,14912.6875,38.00830078125,715176,IMDN_x4.pth,e660c38221147217a136debeb99eb304d62d9c0f73ac421ed66281b619719714,https://raw.githubusercontent.com/Zheng222/IMDN/master/checkpoints/IMDN_x4.pth,DIV2K,bicubic,480,320,481,321,True,27.908443862973048,0.5099256790746477,26.578365556975136,0.45645602273892844,6.16243839263916,6.150543928146362,0.04444444495093699,6.134592056274414,6.293216228485107,3,10,481,321,120,80,2.11.0+cu128,12.8,2026-08-30T20:16:19.896475+00:00,3.13.15,2.1.3,11.3.0,0.25.2,Linux-6.6.122+-x86_64-with-glibc2.35,x86_64
BSD100,197017.png,x4,imdn,prepared_bicubic_lr,197017.png,4,native_model_grid_then_full_target_size_adjustment,gaussian_11x11_sigma_1.5_population_covariance,rgb_model,gpu,model_forward_only_cuda_events,Tesla T4,14912.6875,38.00830078125,715176,IMDN_x4.pth,e660c38221147217a136debeb99eb304d62d9c0f73ac421ed66281b619719714,https://raw.githubusercontent.com/Zheng222/IMDN/master/checkpoints/IMDN_x4.pth,DIV2K,bicubic,480,320,481,321,True,28.22086737328537,0.7186258444883016,26.884570627650042,0.6909062796058244,6.138176012039184,6.1392481327056885,0.007787191084352681,6.128479957580566,6.15228796005249,3,10,481,321,120,80,2.11.0+cu128,12.8,2026-08-30T20:16:20.181290+00:00,3.13.15,2.1.3,11.3.0,0.25.2,Linux-6.6.122+-x86_64-with-glibc2.35,x86_64
BSD100,208001.png,x4,imdn,prepared_bicubic_lr,208001.png,4,native_model_grid_then_full_target_size_adjustment,gaussian_11x11_sigma_1.5_population_covariance,rgb_model,gpu,model_forward_only_cuda_events,Tesla T4,14912.6875,52.0712890625,715176,IMDN_x4.pth,e660c38221147217a136debeb99eb304d62d9c0f73ac421ed66281b619719714,https://raw.githubusercontent.com/Zheng222/IMDN/master/checkpoints/IMDN_x4.pth,DIV2K,bicubic,320,480,321,481,True,28.412072185263256,0.744506310622474,27.166564070576783,0.7076622794981254,6.119065570831299,6.11352014541626,0.015035321991536557,6.103295803070068,6.148287773132324,3,10,321,481,80,120,2.11.0+cu128,12.8,2026-08-30T20:16:20.464472+00:00,3.13.15,2.1.3,11.3.0,0.25.2,Linux-6.6.122+-x86_64-with-glibc2.35,x86_64
BSD100,210088.png,x4,imdn,prepared_bicubic_lr,210088.png,4,native_model_grid_then_full_target_size_adjustment,gaussian_11x11_sigma_1.5_population_covariance,rgb_model,gpu,model_forward_only_cuda_events,Tesla T4,14912.6875,52.0712890625,715176,IMDN_x4.pth,e660c38221147217a136debeb99eb304d62d9c0f73ac421ed66281b619719714,https://raw.githubusercontent.com/Zheng222/IMDN/master/checkpoints/IMDN_x4.pth,DIV2K,bicubic,320,480,321,481,True,35.84521711160833,0.9575891640705758,34.16676164272554,0.9445743252899135,6.45129280090332,6.126607894897461,0.8127129914410458,6.109216213226318,8.845376014709473,3,10,321,481,80,120,2.11.0+cu128,12.8,2026-08-30T20:16:20.747099+00:00,3.13.15,2.1.3,11.3.0,0.25.2,Linux-6.6.122+-x86_64-with-glibc2.35,x86_64
BSD100,21077.png,x4,imdn,prepared_bicubic_lr,21077.png,4,native_model_grid_then_full_target_size_adjustment,gaussian_11x11_sigma_1.5_population_covariance,rgb_model,gpu,model_forward_only_cuda_events,Tesla T4,14912.6875,38.00830078125,715176,IMDN_x4.pth,e660c38221147217a136debeb99eb304d62d9c0f73ac421ed66281b619719714,https://raw.githubusercontent.com/Zheng222/IMDN/master/checkpoints/IMDN_x4.pth,DIV2K,bicubic,480,320,481,321,True,26.97221052799549,0.748410762330424,25.61445287522752,0.7154411419702852,6.345312023162842,6.427344083786011,0.13680675169534143,6.140128135681152,6.479008197784424,3,10,481,321,120,80,2.11.0+cu128,12.8,2026-08-30T20:16:21.015106+00:00,3.13.15,2.1.3,11.3.0,0.25.2,Linux-6.6.122+-x86_64-with-glibc2.35,x86_64
BSD100,216081.png,x4,imdn,prepared_bicubic_lr,216081.png,4,native_model_grid_then_full_target_size_adjustment,gaussian_11x11_sigma_1.5_population_covariance,rgb_model,gpu,model_forward_only_cuda_events,Tesla T4,14912.6875,38.00830078125,715176,IMDN_x4.pth,e660c38221147217a136debeb99eb304d62d9c0f73ac421ed66281b619719714,https://raw.githubusercontent.com/Zheng222/IMDN/master/checkpoints/IMDN_x4.pth,DIV2K,bicubic,480,320,481,321,True,25.84930220323042,0.7203774424800234,24.610754462860566,0.6901065049722185,6.667187213897705,6.6832640171051025,0.04300678387330207,6.564767837524414,6.703743934631348,3,10,481,321,120,80,2.11.0+cu128,12.8,2026-08-30T20:16:21.291611+00:00,3.13.15,2.1.3,11.3.0,0.25.2,Linux-6.6.122+-x86_64-with-glibc2.35,x86_64
BSD100,219090.png,x4,imdn,prepared_bicubic_lr,219090.png,4,native_model_grid_then_full_target_size_adjustment,gaussian_11x11_sigma_1.5_population_covariance,rgb_model,gpu,model_forward_only_cuda_events,Tesla T4,14912.6875,38.00830078125,715176,IMDN_x4.pth,e660c38221147217a136debeb99eb304d62d9c0f73ac421ed66281b619719714,https://raw.githubusercontent.com/Zheng222/IMDN/master/checkpoints/IMDN_x4.pth,DIV2K,bicubic,480,320,481,321,True,26.80326937888057,0.7566225474377343,25.485780036987205,0.7267510725277333,6.147046327590942,6.13481593132019,0.019113542773137964,6.129151821136475,6.184383869171143,3,10,481,321,120,80,2.11.0+cu128,12.8,2026-08-30T20:16:21.555681+00:00,3.13.15,2.1.3,11.3.0,0.25.2,Linux-6.6.122+-x86_64-with-glibc2.35,x86_64
BSD100,220075.png,x4,imdn,prepared_bicubic_lr,220075.png,4,native_model_grid_then_full_target_size_adjustment,gaussian_11x11_sigma_1.5_population_covariance,rgb_model,gpu,model_forward_only_cuda_events,Tesla T4,14912.6875,38.00830078125,715176,IMDN_x4.pth,e660c38221147217a136debeb99eb304d62d9c0f73ac421ed66281b619719714,https://raw.githubusercontent.com/Zheng222/IMDN/master/checkpoints/IMDN_x4.pth,DIV2K,bicubic,480,320,481,321,True,27.948292344278748,0.875006735676589,26.599169536775534,0.8566148876497158,6.137299251556397,6.13593602180481,0.011003642475067634,6.119840145111084,6.162752151489258,3,10,481,321,120,80,2.11.0+cu128,12.8,2026-08-30T20:16:21.828806+00:00,3.13.15,2.1.3,11.3.0,0.25.2,Linux-6.6.122+-x86_64-with-glibc2.35,x86_64
BSD100,223061.png,x4,imdn,prepared_bicubic_lr,223061.png,4,native_model_grid_then_full_target_size_adjustment,gaussian_11x11_sigma_1.5_population_covariance,rgb_model,gpu,model_forward_only_cuda_events,Tesla T4,14912.6875,38.00830078125,715176,IMDN_x4.pth,e660c38221147217a136debeb99eb304d62d9c0f73ac421ed66281b619719714,https://raw.githubusercontent.com/Zheng222/IMDN/master/checkpoints/IMDN_x4.pth,DIV2K,bicubic,480,320,481,321,True,24.78354593658633,0.6786476925356376,23.449084509920528,0.6597169694704323,6.1696384906768795,6.1402881145477295,0.07902047868921834,6.127615928649902,6.402080059051514,3,10,481,321,120,80,2.11.0+cu128,12.8,2026-08-30T20:16:22.098750+00:00,3.13.15,2.1.3,11.3.0,0.25.2,Linux-6.6.122+-x86_64-with-glibc2.35,x86_64
BSD100,227092.png,x4,imdn,prepared_bicubic_lr,227092.png,4,native_model_grid_then_full_target_size_adjustment,gaussian_11x11_sigma_1.5_population_covariance,rgb_model,gpu,model_forward_only_cuda_events,Tesla T4,14912.6875,52.0712890625,715176,IMDN_x4.pth,e660c38221147217a136debeb99eb304d62d9c0f73ac421ed66281b619719714,https://raw.githubusercontent.com/Zheng222/IMDN/master/checkpoints/IMDN_x4.pth,DIV2K,bicubic,320,480,321,481,True,34.71762787976836,0.8674025523216444,33.30908084161534,0.8476323985137816,6.121667146682739,6.119247913360596,0.010291939743999428,6.105088233947754,6.141952037811279,3,10,321,481,80,120,2.11.0+cu128,12.8,2026-08-30T20:16:22.359322+00:00,3.13.15,2.1.3,11.3.0,0.25.2,Linux-6.6.122+-x86_64-with-glibc2.35,x86_64
BSD100,229036.png,x4,imdn,prepared_bicubic_lr,229036.png,4,native_model_grid_then_full_target_size_adjustment,gaussian_11x11_sigma_1.5_population_covariance,rgb_model,gpu,model_forward_only_cuda_events,Tesla T4,14912.6875,38.00830078125,715176,IMDN_x4.pth,e660c38221147217a136debeb99eb304d62d9c0f73ac421ed66281b619719714,https://raw.githubusercontent.com/Zheng222/IMDN/master/checkpoints/IMDN_x4.pth,DIV2K,bicubic,480,320,481,321,True,22.711373282339252,0.6163260566041869,21.38733637276248,0.5905388901190421,6.140883255004883,6.140016078948975,0.008499784701322864,6.1235198974609375,6.154272079467773,3,10,481,321,120,80,2.11.0+cu128,12.8,2026-08-30T20:16:22.626795+00:00,3.13.15,2.1.3,11.3.0,0.25.2,Linux-6.6.122+-x86_64-with-glibc2.35,x86_64
BSD100,236037.png,x4,imdn,prepared_bicubic_lr,236037.png,4,native_model_grid_then_full_target_size_adjustment,gaussian_11x11_sigma_1.5_population_covariance,rgb_model,gpu,model_forward_only_cuda_events,Tesla T4,14912.6875,38.00830078125,715176,IMDN_x4.pth,e660c38221147217a136debeb99eb304d62d9c0f73ac421ed66281b619719714,https://raw.githubusercontent.com/Zheng222/IMDN/master/checkpoints/IMDN_x4.pth,DIV2K,bicubic,480,320,481,321,True,24.941860106406388,0.6289983273208315,23.58784073134315,0.6087400417425588,6.146864032745361,6.138159990310669,0.020470325599597983,6.125408172607422,6.189119815826416,3,10,481,321,120,80,2.11.0+cu128,12.8,2026-08-30T20:16:22.893054+00:00,3.13.15,2.1.3,11.3.0,0.25.2,Linux-6.6.122+-x86_64-with-glibc2.35,x86_64
BSD100,24077.png,x4,imdn,prepared_bicubic_lr,24077.png,4,native_model_grid_then_full_target_size_adjustment,gaussian_11x11_sigma_1.5_population_covariance,rgb_model,gpu,model_forward_only_cuda_events,Tesla T4,14912.6875,38.00830078125,715176,IMDN_x4.pth,e660c38221147217a136debeb99eb304d62d9c0f73ac421ed66281b619719714,https://raw.githubusercontent.com/Zheng222/IMDN/master/checkpoints/IMDN_x4.pth,DIV2K,bicubic,480,320,481,321,True,27.34749782758735,0.8745082988347584,25.85013653732581,0.8616719341987119,6.1460959911346436,6.140944004058838,0.015512058723453152,6.1235198974609375,6.177504062652588,3,10,481,321,120,80,2.11.0+cu128,12.8,2026-08-30T20:16:23.146257+00:00,3.13.15,2.1.3,11.3.0,0.25.2,Linux-6.6.122+-x86_64-with-glibc2.35,x86_64
BSD100,241004.png,x4,imdn,prepared_bicubic_lr,241004.png,4,native_model_grid_then_full_target_size_adjustment,gaussian_11x11_sigma_1.5_population_covariance,rgb_model,gpu,model_forward_only_cuda_events,Tesla T4,14912.6875,38.00830078125,715176,IMDN_x4.pth,e660c38221147217a136debeb99eb304d62d9c0f73ac421ed66281b619719714,https://raw.githubusercontent.com/Zheng222/IMDN/master/checkpoints/IMDN_x4.pth,DIV2K,bicubic,480,320,481,321,True,32.236359970713764,0.8412142732089016,30.868438436058845,0.8138049282687536,6.2076735496521,6.248463869094849,0.13748729677059787,6.035583972930908,6.354976177215576,3,10,481,321,120,80,2.11.0+cu128,12.8,2026-08-30T20:16:23.415226+00:00,3.13.15,2.1.3,11.3.0,0.25.2,Linux-6.6.122+-x86_64-with-glibc2.35,x86_64
BSD100,241048.png,x4,imdn,prepared_bicubic_lr,241048.png,4,native_model_grid_then_full_target_size_adjustment,gaussian_11x11_sigma_1.5_population_covariance,rgb_model,gpu,model_forward_only_cuda_events,Tesla T4,14912.6875,38.00830078125,715176,IMDN_x4.pth,e660c38221147217a136debeb99eb304d62d9c0f73ac421ed66281b619719714,https://raw.githubusercontent.com/Zheng222/IMDN/master/checkpoints/IMDN_x4.pth,DIV2K,bicubic,480,320,481,321,True,24.835856154178217,0.6123705153038347,23.512864331418378,0.5861030368273981,6.367942380905151,6.297663927078247,0.1472152084507503,6.22649621963501,6.608928203582764,3,10,481,321,120,80,2.11.0+cu128,12.8,2026-08-30T20:16:23.696386+00:00,3.13.15,2.1.3,11.3.0,0.25.2,Linux-6.6.122+-x86_64-with-glibc2.35,x86_64
BSD100,253027.png,x4,imdn,prepared_bicubic_lr,253027.png,4,native_model_grid_then_full_target_size_adjustment,gaussian_11x11_sigma_1.5_population_covariance,rgb_model,gpu,model_forward_only_cuda_events,Tesla T4,14912.6875,38.00830078125,715176,IMDN_x4.pth,e660c38221147217a136debeb99eb304d62d9c0f73ac421ed66281b619719714,https://raw.githubusercontent.com/Zheng222/IMDN/master/checkpoints/IMDN_x4.pth,DIV2K,bicubic,480,320,481,321,True,22.579644124856436,0.702893296364276,21.243139609196756,0.6792260830590435,6.062598419189453,5.96776008605957,0.22591822984212004,5.953184127807617,6.70688009262085,3,10,481,321,120,80,2.11.0+cu128,12.8,2026-08-30T20:16:23.958187+00:00,3.13.15,2.1.3,11.3.0,0.25.2,Linux-6.6.122+-x86_64-with-glibc2.35,x86_64
BSD100,253055.png,x4,imdn,prepared_bicubic_lr,253055.png,4,native_model_grid_then_full_target_size_adjustment,gaussian_11x11_sigma_1.5_population_covariance,rgb_model,gpu,model_forward_only_cuda_events,Tesla T4,14912.6875,38.00830078125,715176,IMDN_x4.pth,e660c38221147217a136debeb99eb304d62d9c0f73ac421ed66281b619719714,https://raw.githubusercontent.com/Zheng222/IMDN/master/checkpoints/IMDN_x4.pth,DIV2K,bicubic,480,320,481,321,True,32.47016219193765,0.8458769257803388,31.13829618250357,0.8183476047031891,5.957433605194092,5.950544118881226,0.012179319619653215,5.941215991973877,5.974143981933594,3,10,481,321,120,80,2.11.0+cu128,12.8,2026-08-30T20:16:24.231279+00:00,3.13.15,2.1.3,11.3.0,0.25.2,Linux-6.6.122+-x86_64-with-glibc2.35,x86_64
BSD100,260058.png,x4,imdn,prepared_bicubic_lr,260058.png,4,native_model_grid_then_full_target_size_adjustment,gaussian_11x11_sigma_1.5_population_covariance,rgb_model,gpu,model_forward_only_cuda_events,Tesla T4,14912.6875,38.00830078125,715176,IMDN_x4.pth,e660c38221147217a136debeb99eb304d62d9c0f73ac421ed66281b619719714,https://raw.githubusercontent.com/Zheng222/IMDN/master/checkpoints/IMDN_x4.pth,DIV2K,bicubic,480,320,481,321,True,32.54180222977213,0.7972512632739145,31.20629272857527,0.7630396126817406,5.968607997894287,5.966848134994507,0.011384353275011208,5.9527997970581055,5.984255790710449,3,10,481,321,120,80,2.11.0+cu128,12.8,2026-08-30T20:16:24.490245+00:00,3.13.15,2.1.3,11.3.0,0.25.2,Linux-6.6.122+-x86_64-with-glibc2.35,x86_64
BSD100,271035.png,x4,imdn,prepared_bicubic_lr,271035.png,4,native_model_grid_then_full_target_size_adjustment,gaussian_11x11_sigma_1.5_population_covariance,rgb_model,gpu,model_forward_only_cuda_events,Tesla T4,14912.6875,52.0712890625,715176,IMDN_x4.pth,e660c38221147217a136debeb99eb304d62d9c0f73ac421ed66281b619719714,https://raw.githubusercontent.com/Zheng222/IMDN/master/checkpoints/IMDN_x4.pth,DIV2K,bicubic,320,480,321,481,True,27.840248902551686,0.778338295658154,26.496835556568602,0.7515329926660206,5.997443199157715,5.950976133346558,0.0998672330262813,5.943327903747559,6.287360191345215,3,10,321,481,80,120,2.11.0+cu128,12.8,2026-08-30T20:16:24.789781+00:00,3.13.15,2.1.3,11.3.0,0.25.2,Linux-6.6.122+-x86_64-with-glibc2.35,x86_64
BSD100,285079.png,x4,imdn,prepared_bicubic_lr,285079.png,4,native_model_grid_then_full_target_size_adjustment,gaussian_11x11_sigma_1.5_population_covariance,rgb_model,gpu,model_forward_only_cuda_events,Tesla T4,14912.6875,52.0712890625,715176,IMDN_x4.pth,e660c38221147217a136debeb99eb304d62d9c0f73ac421ed66281b619719714,https://raw.githubusercontent.com/Zheng222/IMDN/master/checkpoints/IMDN_x4.pth,DIV2K,bicubic,320,480,321,481,True,25.646790018237823,0.6940389787909442,24.290745683981882,0.6655899897336393,5.9533792495727536,5.942847967147827,0.02259411418183546,5.93120002746582,6.003200054168701,3,10,321,481,80,120,2.11.0+cu128,12.8,2026-08-30T20:16:25.059849+00:00,3.13.15,2.1.3,11.3.0,0.25.2,Linux-6.6.122+-x86_64-with-glibc2.35,x86_64
BSD100,291000.png,x4,imdn,prepared_bicubic_lr,291000.png,4,native_model_grid_then_full_target_size_adjustment,gaussian_11x11_sigma_1.5_population_covariance,rgb_model,gpu,model_forward_only_cuda_events,Tesla T4,14912.6875,38.00830078125,715176,IMDN_x4.pth,e660c38221147217a136debeb99eb304d62d9c0f73ac421ed66281b619719714,https://raw.githubusercontent.com/Zheng222/IMDN/master/checkpoints/IMDN_x4.pth,DIV2K,bicubic,480,320,481,321,True,21.449275468861472,0.42709087315995814,20.07288230836685,0.40481365769852845,5.980310344696045,5.959455966949463,0.0662859983924259,5.951519966125488,6.178815841674805,3,10,481,321,120,80,2.11.0+cu128,12.8,2026-08-30T20:16:25.336113+00:00,3.13.15,2.1.3,11.3.0,0.25.2,Linux-6.6.122+-x86_64-with-glibc2.35,x86_64
BSD100,295087.png,x4,imdn,prepared_bicubic_lr,295087.png,4,native_model_grid_then_full_target_size_adjustment,gaussian_11x11_sigma_1.5_population_covariance,rgb_model,gpu,model_forward_only_cuda_events,Tesla T4,14912.6875,38.00830078125,715176,IMDN_x4.pth,e660c38221147217a136debeb99eb304d62d9c0f73ac421ed66281b619719714,https://raw.githubusercontent.com/Zheng222/IMDN/master/checkpoints/IMDN_x4.pth,DIV2K,bicubic,480,320,481,321,True,27.471971859598142,0.721107748727318,26.144410668339262,0.6975162322004733,5.998419189453125,5.971519947052002,0.05513626879851951,5.9609599113464355,6.129151821136475,3,10,481,321,120,80,2.11.0+cu128,12.8,2026-08-30T20:16:25.609910+00:00,3.13.15,2.1.3,11.3.0,0.25.2,Linux-6.6.122+-x86_64-with-glibc2.35,x86_64
BSD100,296007.png,x4,imdn,prepared_bicubic_lr,296007.png,4,native_model_grid_then_full_target_size_adjustment,gaussian_11x11_sigma_1.5_population_covariance,rgb_model,gpu,model_forward_only_cuda_events,Tesla T4,14912.6875,38.00830078125,715176,IMDN_x4.pth,e660c38221147217a136debeb99eb304d62d9c0f73ac421ed66281b619719714,https://raw.githubusercontent.com/Zheng222/IMDN/master/checkpoints/IMDN_x4.pth,DIV2K,bicubic,480,320,481,321,True,32.00635081138887,0.7908693114340097,30.676272556217477,0.7588856138785319,7.3258336067199705,6.834496021270752,0.8749198711467602,6.549439907073975,8.995488166809082,3,10,481,321,120,80,2.11.0+cu128,12.8,2026-08-30T20:16:25.884393+00:00,3.13.15,2.1.3,11.3.0,0.25.2,Linux-6.6.122+-x86_64-with-glibc2.35,x86_64
BSD100,296059.png,x4,imdn,prepared_bicubic_lr,296059.png,4,native_model_grid_then_full_target_size_adjustment,gaussian_11x11_sigma_1.5_population_covariance,rgb_model,gpu,model_forward_only_cuda_events,Tesla T4,14912.6875,38.00830078125,715176,IMDN_x4.pth,e660c38221147217a136debeb99eb304d62d9c0f73ac421ed66281b619719714,https://raw.githubusercontent.com/Zheng222/IMDN/master/checkpoints/IMDN_x4.pth,DIV2K,bicubic,480,320,481,321,True,31.265502257725558,0.7882255779349409,29.898603827323686,0.7577610045251196,6.38441276550293,6.345888137817383,0.08835746594714594,6.326047897338867,6.622015953063965,3,10,481,321,120,80,2.11.0+cu128,12.8,2026-08-30T20:16:26.158229+00:00,3.13.15,2.1.3,11.3.0,0.25.2,Linux-6.6.122+-x86_64-with-glibc2.35,x86_64
BSD100,299086.png,x4,imdn,prepared_bicubic_lr,299086.png,4,native_model_grid_then_full_target_size_adjustment,gaussian_11x11_sigma_1.5_population_covariance,rgb_model,gpu,model_forward_only_cuda_events,Tesla T4,14912.6875,38.00830078125,715176,IMDN_x4.pth,e660c38221147217a136debeb99eb304d62d9c0f73ac421ed66281b619719714,https://raw.githubusercontent.com/Zheng222/IMDN/master/checkpoints/IMDN_x4.pth,DIV2K,bicubic,480,320,481,321,True,31.716609615522376,0.8122315079287163,30.33825287894413,0.7817718594725575,6.172556829452515,6.1490559577941895,0.07826435424207728,6.12611198425293,6.4040961265563965,3,10,481,321,120,80,2.11.0+cu128,12.8,2026-08-30T20:16:26.412517+00:00,3.13.15,2.1.3,11.3.0,0.25.2,Linux-6.6.122+-x86_64-with-glibc2.35,x86_64
BSD100,300091.png,x4,imdn,prepared_bicubic_lr,300091.png,4,native_model_grid_then_full_target_size_adjustment,gaussian_11x11_sigma_1.5_population_covariance,rgb_model,gpu,model_forward_only_cuda_events,Tesla T4,14912.6875,38.00830078125,715176,IMDN_x4.pth,e660c38221147217a136debeb99eb304d62d9c0f73ac421ed66281b619719714,https://raw.githubusercontent.com/Zheng222/IMDN/master/checkpoints/IMDN_x4.pth,DIV2K,bicubic,480,320,481,321,True,29.017787070445515,0.7896159474302777,27.660751872194997,0.7625127872420147,6.647228765487671,6.160544157028198,0.9500512813465525,6.140192031860352,9.17363166809082,3,10,481,321,120,80,2.11.0+cu128,12.8,2026-08-30T20:16:26.688258+00:00,3.13.15,2.1.3,11.3.0,0.25.2,Linux-6.6.122+-x86_64-with-glibc2.35,x86_64
BSD100,302008.png,x4,imdn,prepared_bicubic_lr,302008.png,4,native_model_grid_then_full_target_size_adjustment,gaussian_11x11_sigma_1.5_population_covariance,rgb_model,gpu,model_forward_only_cuda_events,Tesla T4,14912.6875,52.0712890625,715176,IMDN_x4.pth,e660c38221147217a136debeb99eb304d62d9c0f73ac421ed66281b619719714,https://raw.githubusercontent.com/Zheng222/IMDN/master/checkpoints/IMDN_x4.pth,DIV2K,bicubic,320,480,321,481,True,34.44811598216379,0.9527035967540315,32.98559757681406,0.9433262866791052,6.327199983596802,6.122095823287964,0.5113481813818905,6.1056318283081055,7.822912216186523,3,10,321,481,80,120,2.11.0+cu128,12.8,2026-08-30T20:16:26.940307+00:00,3.13.15,2.1.3,11.3.0,0.25.2,Linux-6.6.122+-x86_64-with-glibc2.35,x86_64
BSD100,304034.png,x4,imdn,prepared_bicubic_lr,304034.png,4,native_model_grid_then_full_target_size_adjustment,gaussian_11x11_sigma_1.5_population_covariance,rgb_model,gpu,model_forward_only_cuda_events,Tesla T4,14912.6875,38.00830078125,715176,IMDN_x4.pth,e660c38221147217a136debeb99eb304d62d9c0f73ac421ed66281b619719714,https://raw.githubusercontent.com/Zheng222/IMDN/master/checkpoints/IMDN_x4.pth,DIV2K,bicubic,480,320,481,321,True,24.270574566977693,0.6669406700991869,22.979706912344014,0.6408115566065534,6.152108812332154,6.151520013809204,0.009463074520924077,6.133855819702148,6.166240215301514,3,10,481,321,120,80,2.11.0+cu128,12.8,2026-08-30T20:16:27.236399+00:00,3.13.15,2.1.3,11.3.0,0.25.2,Linux-6.6.122+-x86_64-with-glibc2.35,x86_64
BSD100,304074.png,x4,imdn,prepared_bicubic_lr,304074.png,4,native_model_grid_then_full_target_size_adjustment,gaussian_11x11_sigma_1.5_population_covariance,rgb_model,gpu,model_forward_only_cuda_events,Tesla T4,14912.6875,52.0712890625,715176,IMDN_x4.pth,e660c38221147217a136debeb99eb304d62d9c0f73ac421ed66281b619719714,https://raw.githubusercontent.com/Zheng222/IMDN/master/checkpoints/IMDN_x4.pth,DIV2K,bicubic,320,480,321,481,True,26.014788504046585,0.6206333435109922,24.680474305732663,0.5875220682852662,6.1239808082580565,6.119807958602905,0.013960196133513346,6.1051201820373535,6.149343967437744,3,10,321,481,80,120,2.11.0+cu128,12.8,2026-08-30T20:16:27.506184+00:00,3.13.15,2.1.3,11.3.0,0.25.2,Linux-6.6.122+-x86_64-with-glibc2.35,x86_64
BSD100,306005.png,x4,imdn,prepared_bicubic_lr,306005.png,4,native_model_grid_then_full_target_size_adjustment,gaussian_11x11_sigma_1.5_population_covariance,rgb_model,gpu,model_forward_only_cuda_events,Tesla T4,14912.6875,38.00830078125,715176,IMDN_x4.pth,e660c38221147217a136debeb99eb304d62d9c0f73ac421ed66281b619719714,https://raw.githubusercontent.com/Zheng222/IMDN/master/checkpoints/IMDN_x4.pth,DIV2K,bicubic,480,320,481,321,True,28.24672484208557,0.7887927289995627,26.8535140508866,0.7674838241125638,6.138320112228394,6.137968063354492,0.01216188318713134,6.118048191070557,6.156288146972656,3,10,481,321,120,80,2.11.0+cu128,12.8,2026-08-30T20:16:27.783404+00:00,3.13.15,2.1.3,11.3.0,0.25.2,Linux-6.6.122+-x86_64-with-glibc2.35,x86_64
BSD100,3096.png,x4,imdn,prepared_bicubic_lr,3096.png,4,native_model_grid_then_full_target_size_adjustment,gaussian_11x11_sigma_1.5_population_covariance,rgb_model,gpu,model_forward_only_cuda_events,Tesla T4,14912.6875,38.00830078125,715176,IMDN_x4.pth,e660c38221147217a136debeb99eb304d62d9c0f73ac421ed66281b619719714,https://raw.githubusercontent.com/Zheng222/IMDN/master/checkpoints/IMDN_x4.pth,DIV2K,bicubic,480,320,481,321,True,39.97032814552946,0.9811126228475245,38.51222733355452,0.9742710273711621,6.246329641342163,6.271631956100464,0.09146254059456554,6.125184059143066,6.347839832305908,3,10,481,321,120,80,2.11.0+cu128,12.8,2026-08-30T20:16:28.038947+00:00,3.13.15,2.1.3,11.3.0,0.25.2,Linux-6.6.122+-x86_64-with-glibc2.35,x86_64
BSD100,33039.png,x4,imdn,prepared_bicubic_lr,33039.png,4,native_model_grid_then_full_target_size_adjustment,gaussian_11x11_sigma_1.5_population_covariance,rgb_model,gpu,model_forward_only_cuda_events,Tesla T4,14912.6875,52.0712890625,715176,IMDN_x4.pth,e660c38221147217a136debeb99eb304d62d9c0f73ac421ed66281b619719714,https://raw.githubusercontent.com/Zheng222/IMDN/master/checkpoints/IMDN_x4.pth,DIV2K,bicubic,320,480,321,481,True,20.926858542553223,0.5745271663001996,19.617692036018063,0.5578209914441238,7.163164854049683,7.114992141723633,0.6207520314118787,6.512959957122803,8.476639747619629,3,10,321,481,80,120,2.11.0+cu128,12.8,2026-08-30T20:16:28.400011+00:00,3.13.15,2.1.3,11.3.0,0.25.2,Linux-6.6.122+-x86_64-with-glibc2.35,x86_64
BSD100,351093.png,x4,imdn,prepared_bicubic_lr,351093.png,4,native_model_grid_then_full_target_size_adjustment,gaussian_11x11_sigma_1.5_population_covariance,rgb_model,gpu,model_forward_only_cuda_events,Tesla T4,14912.6875,38.00830078125,715176,IMDN_x4.pth,e660c38221147217a136debeb99eb304d62d9c0f73ac421ed66281b619719714,https://raw.githubusercontent.com/Zheng222/IMDN/master/checkpoints/IMDN_x4.pth,DIV2K,bicubic,480,320,481,321,True,22.754924025710693,0.6447650131672892,21.444928697180856,0.623506676659424,6.258460855484008,6.184144020080566,0.18184263244532337,6.157087802886963,6.768832206726074,3,10,481,321,120,80,2.11.0+cu128,12.8,2026-08-30T20:16:28.705398+00:00,3.13.15,2.1.3,11.3.0,0.25.2,Linux-6.6.122+-x86_64-with-glibc2.35,x86_64
BSD100,361010.png,x4,imdn,prepared_bicubic_lr,361010.png,4,native_model_grid_then_full_target_size_adjustment,gaussian_11x11_sigma_1.5_population_covariance,rgb_model,gpu,model_forward_only_cuda_events,Tesla T4,14912.6875,38.00830078125,715176,IMDN_x4.pth,e660c38221147217a136debeb99eb304d62d9c0f73ac421ed66281b619719714,https://raw.githubusercontent.com/Zheng222/IMDN/master/checkpoints/IMDN_x4.pth,DIV2K,bicubic,480,320,481,321,True,28.898287518119634,0.8130548668897072,27.5656941384264,0.7793943385306119,6.578297567367554,6.3696160316467285,0.6109657323546465,6.18012809753418,8.356703758239746,3,10,481,321,120,80,2.11.0+cu128,12.8,2026-08-30T20:16:29.038909+00:00,3.13.15,2.1.3,11.3.0,0.25.2,Linux-6.6.122+-x86_64-with-glibc2.35,x86_64
BSD100,37073.png,x4,imdn,prepared_bicubic_lr,37073.png,4,native_model_grid_then_full_target_size_adjustment,gaussian_11x11_sigma_1.5_population_covariance,rgb_model,gpu,model_forward_only_cuda_events,Tesla T4,14912.6875,38.00830078125,715176,IMDN_x4.pth,e660c38221147217a136debeb99eb304d62d9c0f73ac421ed66281b619719714,https://raw.githubusercontent.com/Zheng222/IMDN/master/checkpoints/IMDN_x4.pth,DIV2K,bicubic,480,320,481,321,True,30.692199055975177,0.8230697570102152,29.33717090065119,0.7889833061584565,6.211692762374878,6.1724159717559814,0.12398242500697516,6.155263900756836,6.582399845123291,3,10,481,321,120,80,2.11.0+cu128,12.8,2026-08-30T20:16:29.349419+00:00,3.13.15,2.1.3,11.3.0,0.25.2,Linux-6.6.122+-x86_64-with-glibc2.35,x86_64
BSD100,376043.png,x4,imdn,prepared_bicubic_lr,376043.png,4,native_model_grid_then_full_target_size_adjustment,gaussian_11x11_sigma_1.5_population_covariance,rgb_model,gpu,model_forward_only_cuda_events,Tesla T4,14912.6875,52.0712890625,715176,IMDN_x4.pth,e660c38221147217a136debeb99eb304d62d9c0f73ac421ed66281b619719714,https://raw.githubusercontent.com/Zheng222/IMDN/master/checkpoints/IMDN_x4.pth,DIV2K,bicubic,320,480,321,481,True,25.481538527680524,0.5941752536123197,24.10408940058769,0.5727783055981016,7.098521709442139,6.16102409362793,1.996905835207261,6.1399359703063965,12.348480224609375,3,10,321,481,80,120,2.11.0+cu128,12.8,2026-08-30T20:16:29.716123+00:00,3.13.15,2.1.3,11.3.0,0.25.2,Linux-6.6.122+-x86_64-with-glibc2.35,x86_64
BSD100,38082.png,x4,imdn,prepared_bicubic_lr,38082.png,4,native_model_grid_then_full_target_size_adjustment,gaussian_11x11_sigma_1.5_population_covariance,rgb_model,gpu,model_forward_only_cuda_events,Tesla T4,14912.6875,38.00830078125,715176,IMDN_x4.pth,e660c38221147217a136debeb99eb304d62d9c0f73ac421ed66281b619719714,https://raw.githubusercontent.com/Zheng222/IMDN/master/checkpoints/IMDN_x4.pth,DIV2K,bicubic,480,320,481,321,True,27.213095683679683,0.6025187857912783,25.885526270181035,0.5701644488049249,6.588579177856445,6.19648003578186,0.7247393908047443,6.1681599617004395,8.485471725463867,3,10,481,321,120,80,2.11.0+cu128,12.8,2026-08-30T20:16:30.084103+00:00,3.13.15,2.1.3,11.3.0,0.25.2,Linux-6.6.122+-x86_64-with-glibc2.35,x86_64
BSD100,38092.png,x4,imdn,prepared_bicubic_lr,38092.png,4,native_model_grid_then_full_target_size_adjustment,gaussian_11x11_sigma_1.5_population_covariance,rgb_model,gpu,model_forward_only_cuda_events,Tesla T4,14912.6875,38.00830078125,715176,IMDN_x4.pth,e660c38221147217a136debeb99eb304d62d9c0f73ac421ed66281b619719714,https://raw.githubusercontent.com/Zheng222/IMDN/master/checkpoints/IMDN_x4.pth,DIV2K,bicubic,480,320,481,321,True,26.29819961483765,0.695641979159122,25.001233400215753,0.6698105385154906,6.531689596176148,6.5055999755859375,0.055549305632493454,6.465663909912109,6.609216213226318,3,10,481,321,120,80,2.11.0+cu128,12.8,2026-08-30T20:16:30.474383+00:00,3.13.15,2.1.3,11.3.0,0.25.2,Linux-6.6.122+-x86_64-with-glibc2.35,x86_64
BSD100,385039.png,x4,imdn,prepared_bicubic_lr,385039.png,4,native_model_grid_then_full_target_size_adjustment,gaussian_11x11_sigma_1.5_population_covariance,rgb_model,gpu,model_forward_only_cuda_events,Tesla T4,14912.6875,38.00830078125,715176,IMDN_x4.pth,e660c38221147217a136debeb99eb304d62d9c0f73ac421ed66281b619719714,https://raw.githubusercontent.com/Zheng222/IMDN/master/checkpoints/IMDN_x4.pth,DIV2K,bicubic,480,320,481,321,True,24.088175599213105,0.69827646699884,22.749994060067394,0.6725945092732729,6.592243289947509,6.199647903442383,1.0435171883265617,6.162464141845703,9.706144332885742,3,10,481,321,120,80,2.11.0+cu128,12.8,2026-08-30T20:16:30.803259+00:00,3.13.15,2.1.3,11.3.0,0.25.2,Linux-6.6.122+-x86_64-with-glibc2.35,x86_64
BSD100,41033.png,x4,imdn,prepared_bicubic_lr,41033.png,4,native_model_grid_then_full_target_size_adjustment,gaussian_11x11_sigma_1.5_population_covariance,rgb_model,gpu,model_forward_only_cuda_events,Tesla T4,14912.6875,38.00830078125,715176,IMDN_x4.pth,e660c38221147217a136debeb99eb304d62d9c0f73ac421ed66281b619719714,https://raw.githubusercontent.com/Zheng222/IMDN/master/checkpoints/IMDN_x4.pth,DIV2K,bicubic,480,320,481,321,True,30.615179712041098,0.7870051412250487,29.27164146485785,0.7553180645444707,6.913289642333984,6.180415868759155,2.046556773425283,6.158048152923584,13.042688369750977,3,10,481,321,120,80,2.11.0+cu128,12.8,2026-08-30T20:16:31.148006+00:00,3.13.15,2.1.3,11.3.0,0.25.2,Linux-6.6.122+-x86_64-with-glibc2.35,x86_64
BSD100,41069.png,x4,imdn,prepared_bicubic_lr,41069.png,4,native_model_grid_then_full_target_size_adjustment,gaussian_11x11_sigma_1.5_population_covariance,rgb_model,gpu,model_forward_only_cuda_events,Tesla T4,14912.6875,38.00830078125,715176,IMDN_x4.pth,e660c38221147217a136debeb99eb304d62d9c0f73ac421ed66281b619719714,https://raw.githubusercontent.com/Zheng222/IMDN/master/checkpoints/IMDN_x4.pth,DIV2K,bicubic,480,320,481,321,True,23.649588799042917,0.4805832471201853,22.33810280118363,0.4506459932068596,8.249875164031982,8.275536060333252,0.8743920794819312,6.703775882720947,9.69491195678711,3,10,481,321,120,80,2.11.0+cu128,12.8,2026-08-30T20:16:31.505458+00:00,3.13.15,2.1.3,11.3.0,0.25.2,Linux-6.6.122+-x86_64-with-glibc2.35,x86_64
BSD100,42012.png,x4,imdn,prepared_bicubic_lr,42012.png,4,native_model_grid_then_full_target_size_adjustment,gaussian_11x11_sigma_1.5_population_covariance,rgb_model,gpu,model_forward_only_cuda_events,Tesla T4,14912.6875,52.0712890625,715176,IMDN_x4.pth,e660c38221147217a136debeb99eb304d62d9c0f73ac421ed66281b619719714,https://raw.githubusercontent.com/Zheng222/IMDN/master/checkpoints/IMDN_x4.pth,DIV2K,bicubic,320,480,321,481,True,29.859849251860346,0.8160809958765994,28.519444394778795,0.7965054329003228,6.152323198318482,6.141216039657593,0.02557155481418291,6.13375997543335,6.223360061645508,3,10,321,481,80,120,2.11.0+cu128,12.8,2026-08-30T20:16:31.870394+00:00,3.13.15,2.1.3,11.3.0,0.25.2,Linux-6.6.122+-x86_64-with-glibc2.35,x86_64
BSD100,42049.png,x4,imdn,prepared_bicubic_lr,42049.png,4,native_model_grid_then_full_target_size_adjustment,gaussian_11x11_sigma_1.5_population_covariance,rgb_model,gpu,model_forward_only_cuda_events,Tesla T4,14912.6875,38.00830078125,715176,IMDN_x4.pth,e660c38221147217a136debeb99eb304d62d9c0f73ac421ed66281b619719714,https://raw.githubusercontent.com/Zheng222/IMDN/master/checkpoints/IMDN_x4.pth,DIV2K,bicubic,480,320,481,321,True,32.48170217322927,0.950255674096694,31.101941525058013,0.9409948720502314,7.651081514358521,7.410192012786865,0.5953953005013044,7.227359771728516,9.318367958068848,3,10,481,321,120,80,2.11.0+cu128,12.8,2026-08-30T20:16:32.228913+00:00,3.13.15,2.1.3,11.3.0,0.25.2,Linux-6.6.122+-x86_64-with-glibc2.35,x86_64
BSD100,43074.png,x4,imdn,prepared_bicubic_lr,43074.png,4,native_model_grid_then_full_target_size_adjustment,gaussian_11x11_sigma_1.5_population_covariance,rgb_model,gpu,model_forward_only_cuda_events,Tesla T4,14912.6875,38.00830078125,715176,IMDN_x4.pth,e660c38221147217a136debeb99eb304d62d9c0f73ac421ed66281b619719714,https://raw.githubusercontent.com/Zheng222/IMDN/master/checkpoints/IMDN_x4.pth,DIV2K,bicubic,480,320,481,321,True,29.774489481756614,0.8186322333250693,28.51233035613298,0.7980110672206965,7.912620782852173,7.8432159423828125,0.3511281446640268,7.41539192199707,8.493023872375488,3,10,481,321,120,80,2.11.0+cu128,12.8,2026-08-30T20:16:32.586559+00:00,3.13.15,2.1.3,11.3.0,0.25.2,Linux-6.6.122+-x86_64-with-glibc2.35,x86_64
BSD100,45096.png,x4,imdn,prepared_bicubic_lr,45096.png,4,native_model_grid_then_full_target_size_adjustment,gaussian_11x11_sigma_1.5_population_covariance,rgb_model,gpu,model_forward_only_cuda_events,Tesla T4,14912.6875,38.00830078125,715176,IMDN_x4.pth,e660c38221147217a136debeb99eb304d62d9c0f73ac421ed66281b619719714,https://raw.githubusercontent.com/Zheng222/IMDN/master/checkpoints/IMDN_x4.pth,DIV2K,bicubic,480,320,481,321,True,35.83829265421601,0.9389707095278228,34.40116743829219,0.9216217570904203,6.4474592208862305,6.450160026550293,0.010670942414402374,6.4285759925842285,6.458623886108398,3,10,481,321,120,80,2.11.0+cu128,12.8,2026-08-30T20:16:32.838547+00:00,3.13.15,2.1.3,11.3.0,0.25.2,Linux-6.6.122+-x86_64-with-glibc2.35,x86_64
BSD100,54082.png,x4,imdn,prepared_bicubic_lr,54082.png,4,native_model_grid_then_full_target_size_adjustment,gaussian_11x11_sigma_1.5_population_covariance,rgb_model,gpu,model_forward_only_cuda_events,Tesla T4,14912.6875,52.0712890625,715176,IMDN_x4.pth,e660c38221147217a136debeb99eb304d62d9c0f73ac421ed66281b619719714,https://raw.githubusercontent.com/Zheng222/IMDN/master/checkpoints/IMDN_x4.pth,DIV2K,bicubic,320,480,321,481,True,28.50469055722212,0.7126371887246596,27.169288571334278,0.6840627181406319,6.940118455886841,6.931567907333374,0.03405296233684524,6.89353609085083,7.004415988922119,3,10,321,481,80,120,2.11.0+cu128,12.8,2026-08-30T20:16:33.116586+00:00,3.13.15,2.1.3,11.3.0,0.25.2,Linux-6.6.122+-x86_64-with-glibc2.35,x86_64
BSD100,55073.png,x4,imdn,prepared_bicubic_lr,55073.png,4,native_model_grid_then_full_target_size_adjustment,gaussian_11x11_sigma_1.5_population_covariance,rgb_model,gpu,model_forward_only_cuda_events,Tesla T4,14912.6875,52.0712890625,715176,IMDN_x4.pth,e660c38221147217a136debeb99eb304d62d9c0f73ac421ed66281b619719714,https://raw.githubusercontent.com/Zheng222/IMDN/master/checkpoints/IMDN_x4.pth,DIV2K,bicubic,320,480,321,481,True,22.21478401970262,0.5272453162939095,20.971955579914034,0.4921778285580816,6.7720800876617435,6.767632007598877,0.013095235330778852,6.754432201385498,6.791200160980225,3,10,321,481,80,120,2.11.0+cu128,12.8,2026-08-30T20:16:33.421191+00:00,3.13.15,2.1.3,11.3.0,0.25.2,Linux-6.6.122+-x86_64-with-glibc2.35,x86_64
BSD100,58060.png,x4,imdn,prepared_bicubic_lr,58060.png,4,native_model_grid_then_full_target_size_adjustment,gaussian_11x11_sigma_1.5_population_covariance,rgb_model,gpu,model_forward_only_cuda_events,Tesla T4,14912.6875,38.00830078125,715176,IMDN_x4.pth,e660c38221147217a136debeb99eb304d62d9c0f73ac421ed66281b619719714,https://raw.githubusercontent.com/Zheng222/IMDN/master/checkpoints/IMDN_x4.pth,DIV2K,bicubic,480,320,481,321,True,21.040874720641717,0.6031733714745501,19.796981038460384,0.5804110429197962,6.320777559280396,6.2614240646362305,0.12098391567671427,6.234111785888672,6.592991828918457,3,10,481,321,120,80,2.11.0+cu128,12.8,2026-08-30T20:16:33.682542+00:00,3.13.15,2.1.3,11.3.0,0.25.2,Linux-6.6.122+-x86_64-with-glibc2.35,x86_64
BSD100,62096.png,x4,imdn,prepared_bicubic_lr,62096.png,4,native_model_grid_then_full_target_size_adjustment,gaussian_11x11_sigma_1.5_population_covariance,rgb_model,gpu,model_forward_only_cuda_events,Tesla T4,14912.6875,38.00830078125,715176,IMDN_x4.pth,e660c38221147217a136debeb99eb304d62d9c0f73ac421ed66281b619719714,https://raw.githubusercontent.com/Zheng222/IMDN/master/checkpoints/IMDN_x4.pth,DIV2K,bicubic,480,320,481,321,True,25.5351076397831,0.7927898829244345,24.13669759638594,0.7718859326569302,6.241702365875244,6.241472005844116,0.008149314438923496,6.230016231536865,6.252575874328613,3,10,481,321,120,80,2.11.0+cu128,12.8,2026-08-30T20:16:33.960633+00:00,3.13.15,2.1.3,11.3.0,0.25.2,Linux-6.6.122+-x86_64-with-glibc2.35,x86_64
BSD100,65033.png,x4,imdn,prepared_bicubic_lr,65033.png,4,native_model_grid_then_full_target_size_adjustment,gaussian_11x11_sigma_1.5_population_covariance,rgb_model,gpu,model_forward_only_cuda_events,Tesla T4,14912.6875,38.00830078125,715176,IMDN_x4.pth,e660c38221147217a136debeb99eb304d62d9c0f73ac421ed66281b619719714,https://raw.githubusercontent.com/Zheng222/IMDN/master/checkpoints/IMDN_x4.pth,DIV2K,bicubic,480,320,481,321,True,24.961247352295818,0.5918207903548751,23.719330473210725,0.547832825943075,6.2479424476623535,6.24401593208313,0.019546680775158608,6.229440212249756,6.295584201812744,3,10,481,321,120,80,2.11.0+cu128,12.8,2026-08-30T20:16:34.248628+00:00,3.13.15,2.1.3,11.3.0,0.25.2,Linux-6.6.122+-x86_64-with-glibc2.35,x86_64
BSD100,66053.png,x4,imdn,prepared_bicubic_lr,66053.png,4,native_model_grid_then_full_target_size_adjustment,gaussian_11x11_sigma_1.5_population_covariance,rgb_model,gpu,model_forward_only_cuda_events,Tesla T4,14912.6875,38.00830078125,715176,IMDN_x4.pth,e660c38221147217a136debeb99eb304d62d9c0f73ac421ed66281b619719714,https://raw.githubusercontent.com/Zheng222/IMDN/master/checkpoints/IMDN_x4.pth,DIV2K,bicubic,480,320,481,321,True,27.34432630492837,0.6950234100558667,26.07407164924404,0.6649597256264376,6.250387191772461,6.252640008926392,0.01202702121061526,6.222239971160889,6.264832019805908,3,10,481,321,120,80,2.11.0+cu128,12.8,2026-08-30T20:16:34.530738+00:00,3.13.15,2.1.3,11.3.0,0.25.2,Linux-6.6.122+-x86_64-with-glibc2.35,x86_64
BSD100,69015.png,x4,imdn,prepared_bicubic_lr,69015.png,4,native_model_grid_then_full_target_size_adjustment,gaussian_11x11_sigma_1.5_population_covariance,rgb_model,gpu,model_forward_only_cuda_events,Tesla T4,14912.6875,52.0712890625,715176,IMDN_x4.pth,e660c38221147217a136debeb99eb304d62d9c0f73ac421ed66281b619719714,https://raw.githubusercontent.com/Zheng222/IMDN/master/checkpoints/IMDN_x4.pth,DIV2K,bicubic,320,480,321,481,True,30.751822187177517,0.8095981347532034,29.393183805835264,0.7882825321388064,6.289545679092408,6.226368188858032,0.1841380597863431,6.203392028808594,6.8376641273498535,3,10,321,481,80,120,2.11.0+cu128,12.8,2026-08-30T20:16:34.811160+00:00,3.13.15,2.1.3,11.3.0,0.25.2,Linux-6.6.122+-x86_64-with-glibc2.35,x86_64
BSD100,69020.png,x4,imdn,prepared_bicubic_lr,69020.png,4,native_model_grid_then_full_target_size_adjustment,gaussian_11x11_sigma_1.5_population_covariance,rgb_model,gpu,model_forward_only_cuda_events,Tesla T4,14912.6875,38.00830078125,715176,IMDN_x4.pth,e660c38221147217a136debeb99eb304d62d9c0f73ac421ed66281b619719714,https://raw.githubusercontent.com/Zheng222/IMDN/master/checkpoints/IMDN_x4.pth,DIV2K,bicubic,480,320,481,321,True,27.244241037198094,0.5618149569263641,25.88136307629036,0.5345629906622138,6.305699253082276,6.239360094070435,0.20816519522746826,6.2218241691589355,6.929823875427246,3,10,481,321,120,80,2.11.0+cu128,12.8,2026-08-30T20:16:35.097677+00:00,3.13.15,2.1.3,11.3.0,0.25.2,Linux-6.6.122+-x86_64-with-glibc2.35,x86_64
BSD100,69040.png,x4,imdn,prepared_bicubic_lr,69040.png,4,native_model_grid_then_full_target_size_adjustment,gaussian_11x11_sigma_1.5_population_covariance,rgb_model,gpu,model_forward_only_cuda_events,Tesla T4,14912.6875,38.00830078125,715176,IMDN_x4.pth,e660c38221147217a136debeb99eb304d62d9c0f73ac421ed66281b619719714,https://raw.githubusercontent.com/Zheng222/IMDN/master/checkpoints/IMDN_x4.pth,DIV2K,bicubic,480,320,481,321,True,25.112646926051532,0.6447085530711345,23.763559185415247,0.6228527874504072,7.0624865055084225,6.694528102874756,0.5302915512028837,6.660096168518066,8.292320251464844,3,10,481,321,120,80,2.11.0+cu128,12.8,2026-08-30T20:16:35.397130+00:00,3.13.15,2.1.3,11.3.0,0.25.2,Linux-6.6.122+-x86_64-with-glibc2.35,x86_64
BSD100,76053.png,x4,imdn,prepared_bicubic_lr,76053.png,4,native_model_grid_then_full_target_size_adjustment,gaussian_11x11_sigma_1.5_population_covariance,rgb_model,gpu,model_forward_only_cuda_events,Tesla T4,14912.6875,38.00830078125,715176,IMDN_x4.pth,e660c38221147217a136debeb99eb304d62d9c0f73ac421ed66281b619719714,https://raw.githubusercontent.com/Zheng222/IMDN/master/checkpoints/IMDN_x4.pth,DIV2K,bicubic,480,320,481,321,True,29.133106272911917,0.7089106466617534,27.859204680664583,0.6631062616847362,6.15315523147583,6.140527963638306,0.032360472787452126,6.124192237854004,6.234464168548584,3,10,481,321,120,80,2.11.0+cu128,12.8,2026-08-30T20:16:35.704211+00:00,3.13.15,2.1.3,11.3.0,0.25.2,Linux-6.6.122+-x86_64-with-glibc2.35,x86_64
BSD100,78004.png,x4,imdn,prepared_bicubic_lr,78004.png,4,native_model_grid_then_full_target_size_adjustment,gaussian_11x11_sigma_1.5_population_covariance,rgb_model,gpu,model_forward_only_cuda_events,Tesla T4,14912.6875,52.0712890625,715176,IMDN_x4.pth,e660c38221147217a136debeb99eb304d62d9c0f73ac421ed66281b619719714,https://raw.githubusercontent.com/Zheng222/IMDN/master/checkpoints/IMDN_x4.pth,DIV2K,bicubic,320,480,321,481,True,26.414604230317657,0.7503409208589398,25.09767997718853,0.7252605357314446,6.175737619400024,6.136800050735474,0.07290792284242992,6.115295886993408,6.298912048339844,3,10,321,481,80,120,2.11.0+cu128,12.8,2026-08-30T20:16:35.979655+00:00,3.13.15,2.1.3,11.3.0,0.25.2,Linux-6.6.122+-x86_64-with-glibc2.35,x86_64
BSD100,8023.png,x4,imdn,prepared_bicubic_lr,8023.png,4,native_model_grid_then_full_target_size_adjustment,gaussian_11x11_sigma_1.5_population_covariance,rgb_model,gpu,model_forward_only_cuda_events,Tesla T4,14912.6875,38.00830078125,715176,IMDN_x4.pth,e660c38221147217a136debeb99eb304d62d9c0f73ac421ed66281b619719714,https://raw.githubusercontent.com/Zheng222/IMDN/master/checkpoints/IMDN_x4.pth,DIV2K,bicubic,480,320,481,321,True,30.160199192051675,0.8714781609386294,28.766105635266666,0.8574996622930308,6.7790207862854,6.149392127990723,1.2739482331794676,6.13699197769165,9.836511611938477,3,10,481,321,120,80,2.11.0+cu128,12.8,2026-08-30T20:16:36.305414+00:00,3.13.15,2.1.3,11.3.0,0.25.2,Linux-6.6.122+-x86_64-with-glibc2.35,x86_64
BSD100,85048.png,x4,imdn,prepared_bicubic_lr,85048.png,4,native_model_grid_then_full_target_size_adjustment,gaussian_11x11_sigma_1.5_population_covariance,rgb_model,gpu,model_forward_only_cuda_events,Tesla T4,14912.6875,38.00830078125,715176,IMDN_x4.pth,e660c38221147217a136debeb99eb304d62d9c0f73ac421ed66281b619719714,https://raw.githubusercontent.com/Zheng222/IMDN/master/checkpoints/IMDN_x4.pth,DIV2K,bicubic,480,320,481,321,True,25.928498303534933,0.7143751037499267,24.566239779878618,0.6920111133585106,6.4464672088623045,6.156048059463501,0.8456806256762021,6.143519878387451,8.98243236541748,3,10,481,321,120,80,2.11.0+cu128,12.8,2026-08-30T20:16:36.590577+00:00,3.13.15,2.1.3,11.3.0,0.25.2,Linux-6.6.122+-x86_64-with-glibc2.35,x86_64
BSD100,86000.png,x4,imdn,prepared_bicubic_lr,86000.png,4,native_model_grid_then_full_target_size_adjustment,gaussian_11x11_sigma_1.5_population_covariance,rgb_model,gpu,model_forward_only_cuda_events,Tesla T4,14912.6875,52.0712890625,715176,IMDN_x4.pth,e660c38221147217a136debeb99eb304d62d9c0f73ac421ed66281b619719714,https://raw.githubusercontent.com/Zheng222/IMDN/master/checkpoints/IMDN_x4.pth,DIV2K,bicubic,320,480,321,481,True,26.01751707039758,0.7915180547084701,24.67400129956736,0.771458608685319,6.127801561355591,6.126719951629639,0.012638929718575182,6.1091837882995605,6.154816150665283,3,10,321,481,80,120,2.11.0+cu128,12.8,2026-08-30T20:16:36.866091+00:00,3.13.15,2.1.3,11.3.0,0.25.2,Linux-6.6.122+-x86_64-with-glibc2.35,x86_64
BSD100,86016.png,x4,imdn,prepared_bicubic_lr,86016.png,4,native_model_grid_then_full_target_size_adjustment,gaussian_11x11_sigma_1.5_population_covariance,rgb_model,gpu,model_forward_only_cuda_events,Tesla T4,14912.6875,38.00830078125,715176,IMDN_x4.pth,e660c38221147217a136debeb99eb304d62d9c0f73ac421ed66281b619719714,https://raw.githubusercontent.com/Zheng222/IMDN/master/checkpoints/IMDN_x4.pth,DIV2K,bicubic,480,320,481,321,True,21.887848848549268,0.3142955433501068,20.562196765090146,0.2878949381303781,6.158684778213501,6.158367872238159,0.011809735917276772,6.1411519050598145,6.177440166473389,3,10,481,321,120,80,2.11.0+cu128,12.8,2026-08-30T20:16:37.146300+00:00,3.13.15,2.1.3,11.3.0,0.25.2,Linux-6.6.122+-x86_64-with-glibc2.35,x86_64
BSD100,86068.png,x4,imdn,prepared_bicubic_lr,86068.png,4,native_model_grid_then_full_target_size_adjustment,gaussian_11x11_sigma_1.5_population_covariance,rgb_model,gpu,model_forward_only_cuda_events,Tesla T4,14912.6875,38.00830078125,715176,IMDN_x4.pth,e660c38221147217a136debeb99eb304d62d9c0f73ac421ed66281b619719714,https://raw.githubusercontent.com/Zheng222/IMDN/master/checkpoints/IMDN_x4.pth,DIV2K,bicubic,480,320,481,321,True,27.06062805994774,0.5615185505503452,25.74010842321681,0.520213032186818,6.740412712097168,6.248463869094849,0.7863955297988571,6.236224174499512,8.428863525390625,3,10,481,321,120,80,2.11.0+cu128,12.8,2026-08-30T20:16:37.458372+00:00,3.13.15,2.1.3,11.3.0,0.25.2,Linux-6.6.122+-x86_64-with-glibc2.35,x86_64
BSD100,87046.png,x4,imdn,prepared_bicubic_lr,87046.png,4,native_model_grid_then_full_target_size_adjustment,gaussian_11x11_sigma_1.5_population_covariance,rgb_model,gpu,model_forward_only_cuda_events,Tesla T4,14912.6875,38.00830078125,715176,IMDN_x4.pth,e660c38221147217a136debeb99eb304d62d9c0f73ac421ed66281b619719714,https://raw.githubusercontent.com/Zheng222/IMDN/master/checkpoints/IMDN_x4.pth,DIV2K,bicubic,480,320,481,321,True,26.196865283448908,0.7736848913867355,24.866986049262977,0.7568366534955975,6.682303953170776,6.678639888763428,0.01510123274936854,6.664192199707031,6.720032215118408,3,10,481,321,120,80,2.11.0+cu128,12.8,2026-08-30T20:16:37.740937+00:00,3.13.15,2.1.3,11.3.0,0.25.2,Linux-6.6.122+-x86_64-with-glibc2.35,x86_64
BSD100,89072.png,x4,imdn,prepared_bicubic_lr,89072.png,4,native_model_grid_then_full_target_size_adjustment,gaussian_11x11_sigma_1.5_population_covariance,rgb_model,gpu,model_forward_only_cuda_events,Tesla T4,14912.6875,52.0712890625,715176,IMDN_x4.pth,e660c38221147217a136debeb99eb304d62d9c0f73ac421ed66281b619719714,https://raw.githubusercontent.com/Zheng222/IMDN/master/checkpoints/IMDN_x4.pth,DIV2K,bicubic,320,480,321,481,True,26.86605541768573,0.7331885417406783,25.536916870002866,0.7058061911758596,6.5452127933502195,6.545248031616211,0.014021364789053196,6.5228800773620605,6.576064109802246,3,10,321,481,80,120,2.11.0+cu128,12.8,2026-08-30T20:16:38.018204+00:00,3.13.15,2.1.3,11.3.0,0.25.2,Linux-6.6.122+-x86_64-with-glibc2.35,x86_64
BSD100,97033.png,x4,imdn,prepared_bicubic_lr,97033.png,4,native_model_grid_then_full_target_size_adjustment,gaussian_11x11_sigma_1.5_population_covariance,rgb_model,gpu,model_forward_only_cuda_events,Tesla T4,14912.6875,38.00830078125,715176,IMDN_x4.pth,e660c38221147217a136debeb99eb304d62d9c0f73ac421ed66281b619719714,https://raw.githubusercontent.com/Zheng222/IMDN/master/checkpoints/IMDN_x4.pth,DIV2K,bicubic,480,320,481,321,True,25.035214580826928,0.725017089271012,23.729424083909116,0.7021972265442393,6.265094375610351,6.252431869506836,0.04393785815368438,6.230048179626465,6.38812780380249,3,10,481,321,120,80,2.11.0+cu128,12.8,2026-08-30T20:16:38.289022+00:00,3.13.15,2.1.3,11.3.0,0.25.2,Linux-6.6.122+-x86_64-with-glibc2.35,x86_64
Urban100,img_001.png,x4,imdn,prepared_bicubic_lr,img_001.png,4,native_model_grid_then_full_target_size_adjustment,gaussian_11x11_sigma_1.5_population_covariance,rgb_model,gpu,model_forward_only_cuda_events,Tesla T4,14912.6875,151.6357421875,715176,IMDN_x4.pth,e660c38221147217a136debeb99eb304d62d9c0f73ac421ed66281b619719714,https://raw.githubusercontent.com/Zheng222/IMDN/master/checkpoints/IMDN_x4.pth,DIV2K,bicubic,1024,644,1024,644,False,27.78022422310114,0.7707958737234146,26.361641505039426,0.744047214124753,22.59415054321289,22.344575881958008,1.125460542517504,21.917631149291992,25.833248138427734,3,10,1024,644,256,161,2.11.0+cu128,12.8,2026-08-30T20:16:39.439956+00:00,3.13.15,2.1.3,11.3.0,0.25.2,Linux-6.6.122+-x86_64-with-glibc2.35,x86_64
Urban100,img_002.png,x4,imdn,prepared_bicubic_lr,img_002.png,4,native_model_grid_then_full_target_size_adjustment,gaussian_11x11_sigma_1.5_population_covariance,rgb_model,gpu,model_forward_only_cuda_events,Tesla T4,14912.6875,180.3046875,715176,IMDN_x4.pth,e660c38221147217a136debeb99eb304d62d9c0f73ac421ed66281b619719714,https://raw.githubusercontent.com/Zheng222/IMDN/master/checkpoints/IMDN_x4.pth,DIV2K,bicubic,1024,768,1024,768,False,26.673026382133752,0.8189661217893772,25.28373430188846,0.7984052906423104,25.810428619384766,25.717567443847656,0.33820572064723087,25.46575927734375,26.607135772705078,3,10,1024,768,256,192,2.11.0+cu128,12.8,2026-08-30T20:16:40.769290+00:00,3.13.15,2.1.3,11.3.0,0.25.2,Linux-6.6.122+-x86_64-with-glibc2.35,x86_64
Urban100,img_003.png,x4,imdn,prepared_bicubic_lr,img_003.png,4,native_model_grid_then_full_target_size_adjustment,gaussian_11x11_sigma_1.5_population_covariance,rgb_model,gpu,model_forward_only_cuda_events,Tesla T4,14912.6875,159.958984375,715176,IMDN_x4.pth,e660c38221147217a136debeb99eb304d62d9c0f73ac421ed66281b619719714,https://raw.githubusercontent.com/Zheng222/IMDN/master/checkpoints/IMDN_x4.pth,DIV2K,bicubic,1024,680,1024,680,False,23.83399457377418,0.6848677985783852,22.22951929118603,0.6492396478319619,22.916995239257812,22.83011245727539,0.4026540790565355,22.345727920532227,23.535615921020508,3,10,1024,680,256,170,2.11.0+cu128,12.8,2026-08-30T20:16:41.942861+00:00,3.13.15,2.1.3,11.3.0,0.25.2,Linux-6.6.122+-x86_64-with-glibc2.35,x86_64
Urban100,img_004.png,x4,imdn,prepared_bicubic_lr,img_004.png,4,native_model_grid_then_full_target_size_adjustment,gaussian_11x11_sigma_1.5_population_covariance,rgb_model,gpu,model_forward_only_cuda_events,Tesla T4,14912.6875,159.958984375,715176,IMDN_x4.pth,e660c38221147217a136debeb99eb304d62d9c0f73ac421ed66281b619719714,https://raw.githubusercontent.com/Zheng222/IMDN/master/checkpoints/IMDN_x4.pth,DIV2K,bicubic,1024,680,1024,680,False,24.06801160723218,0.8488516011477493,22.75397764139821,0.8356751877290183,23.10788803100586,23.043519973754883,0.3009521130932056,22.7258243560791,23.544160842895508,3,10,1024,680,256,170,2.11.0+cu128,12.8,2026-08-30T20:16:43.233427+00:00,3.13.15,2.1.3,11.3.0,0.25.2,Linux-6.6.122+-x86_64-with-glibc2.35,x86_64
Urban100,img_005.png,x4,imdn,prepared_bicubic_lr,img_005.png,4,native_model_grid_then_full_target_size_adjustment,gaussian_11x11_sigma_1.5_population_covariance,rgb_model,gpu,model_forward_only_cuda_events,Tesla T4,14912.6875,180.3046875,715176,IMDN_x4.pth,e660c38221147217a136debeb99eb304d62d9c0f73ac421ed66281b619719714,https://raw.githubusercontent.com/Zheng222/IMDN/master/checkpoints/IMDN_x4.pth,DIV2K,bicubic,1024,768,1024,768,False,27.36263891290942,0.947342099161044,26.03270167423624,0.9359085333141604,25.87249298095703,25.743552207946777,0.3310251218827895,25.616256713867188,26.712064743041992,3,10,1024,768,256,192,2.11.0+cu128,12.8,2026-08-30T20:16:44.659084+00:00,3.13.15,2.1.3,11.3.0,0.25.2,Linux-6.6.122+-x86_64-with-glibc2.35,x86_64
Urban100,img_006.png,x4,imdn,prepared_bicubic_lr,img_006.png,4,native_model_grid_then_full_target_size_adjustment,gaussian_11x11_sigma_1.5_population_covariance,rgb_model,gpu,model_forward_only_cuda_events,Tesla T4,14912.6875,239.4921875,715176,IMDN_x4.pth,e660c38221147217a136debeb99eb304d62d9c0f73ac421ed66281b619719714,https://raw.githubusercontent.com/Zheng222/IMDN/master/checkpoints/IMDN_x4.pth,DIV2K,bicubic,1024,1024,1024,1024,False,22.607017028562066,0.632670816036684,21.263980663609864,0.6084597737629062,34.48637161254883,34.46681594848633,0.46749688796930744,33.85523223876953,35.71507263183594,3,10,1024,1024,256,256,2.11.0+cu128,12.8,2026-08-30T20:16:46.881116+00:00,3.13.15,2.1.3,11.3.0,0.25.2,Linux-6.6.122+-x86_64-with-glibc2.35,x86_64
Urban100,img_007.png,x4,imdn,prepared_bicubic_lr,img_007.png,4,native_model_grid_then_full_target_size_adjustment,gaussian_11x11_sigma_1.5_population_covariance,rgb_model,gpu,model_forward_only_cuda_events,Tesla T4,14912.6875,159.958984375,715176,IMDN_x4.pth,e660c38221147217a136debeb99eb304d62d9c0f73ac421ed66281b619719714,https://raw.githubusercontent.com/Zheng222/IMDN/master/checkpoints/IMDN_x4.pth,DIV2K,bicubic,1024,680,1024,680,False,29.548780657888997,0.86414709578007,28.00245834939065,0.8442929156263949,26.052739524841307,23.814208030700684,3.536600372447669,22.667264938354492,30.71766471862793,3,10,1024,680,256,170,2.11.0+cu128,12.8,2026-08-30T20:16:48.115180+00:00,3.13.15,2.1.3,11.3.0,0.25.2,Linux-6.6.122+-x86_64-with-glibc2.35,x86_64
Urban100,img_008.png,x4,imdn,prepared_bicubic_lr,img_008.png,4,native_model_grid_then_full_target_size_adjustment,gaussian_11x11_sigma_1.5_population_covariance,rgb_model,gpu,model_forward_only_cuda_events,Tesla T4,14912.6875,134.9892578125,715176,IMDN_x4.pth,e660c38221147217a136debeb99eb304d62d9c0f73ac421ed66281b619719714,https://raw.githubusercontent.com/Zheng222/IMDN/master/checkpoints/IMDN_x4.pth,DIV2K,bicubic,1024,572,1024,572,False,21.26669860168516,0.6500154957889241,20.04307371227023,0.640322862919141,19.533155250549317,19.438719749450684,0.41213941638722884,19.08006477355957,20.41644859313965,3,10,1024,572,256,143,2.11.0+cu128,12.8,2026-08-30T20:16:49.072677+00:00,3.13.15,2.1.3,11.3.0,0.25.2,Linux-6.6.122+-x86_64-with-glibc2.35,x86_64
Urban100,img_009.png,x4,imdn,prepared_bicubic_lr,img_009.png,4,native_model_grid_then_full_target_size_adjustment,gaussian_11x11_sigma_1.5_population_covariance,rgb_model,gpu,model_forward_only_cuda_events,Tesla T4,14912.6875,186.7783203125,715176,IMDN_x4.pth,e660c38221147217a136debeb99eb304d62d9c0f73ac421ed66281b619719714,https://raw.githubusercontent.com/Zheng222/IMDN/master/checkpoints/IMDN_x4.pth,DIV2K,bicubic,1024,796,1024,796,False,33.92712519216113,0.9244253645908644,32.18124914880292,0.9060448251515024,26.97695369720459,26.776000022888184,0.602767127743422,26.467775344848633,28.497888565063477,3,10,1024,796,256,199,2.11.0+cu128,12.8,2026-08-30T20:16:50.304670+00:00,3.13.15,2.1.3,11.3.0,0.25.2,Linux-6.6.122+-x86_64-with-glibc2.35,x86_64
Urban100,img_010.png,x4,imdn,prepared_bicubic_lr,img_010.png,4,native_model_grid_then_full_target_size_adjustment,gaussian_11x11_sigma_1.5_population_covariance,rgb_model,gpu,model_forward_only_cuda_events,Tesla T4,14912.6875,191.40234375,715176,IMDN_x4.pth,e660c38221147217a136debeb99eb304d62d9c0f73ac421ed66281b619719714,https://raw.githubusercontent.com/Zheng222/IMDN/master/checkpoints/IMDN_x4.pth,DIV2K,bicubic,1024,816,1024,816,False,27.439285496112426,0.8907807538686265,26.021409552506082,0.870244915401844,27.837830543518066,27.869199752807617,0.28155481594268866,27.38812828063965,28.35456085205078,3,10,1024,816,256,204,2.11.0+cu128,12.8,2026-08-30T20:16:51.664019+00:00,3.13.15,2.1.3,11.3.0,0.25.2,Linux-6.6.122+-x86_64-with-glibc2.35,x86_64
Urban100,img_011.png,x4,imdn,prepared_bicubic_lr,img_011.png,4,native_model_grid_then_full_target_size_adjustment,gaussian_11x11_sigma_1.5_population_covariance,rgb_model,gpu,model_forward_only_cuda_events,Tesla T4,14912.6875,133.1396484375,715176,IMDN_x4.pth,e660c38221147217a136debeb99eb304d62d9c0f73ac421ed66281b619719714,https://raw.githubusercontent.com/Zheng222/IMDN/master/checkpoints/IMDN_x4.pth,DIV2K,bicubic,564,1024,564,1024,False,17.300084429938877,0.7785088523216677,15.972907948159028,0.7586562841708139,20.816796684265135,20.560463905334473,0.432693337482783,20.447296142578125,21.616640090942383,3,10,564,1024,141,256,2.11.0+cu128,12.8,2026-08-30T20:16:52.584068+00:00,3.13.15,2.1.3,11.3.0,0.25.2,Linux-6.6.122+-x86_64-with-glibc2.35,x86_64
Urban100,img_012.png,x4,imdn,prepared_bicubic_lr,img_012.png,4,native_model_grid_then_full_target_size_adjustment,gaussian_11x11_sigma_1.5_population_covariance,rgb_model,gpu,model_forward_only_cuda_events,Tesla T4,14912.6875,180.3046875,715176,IMDN_x4.pth,e660c38221147217a136debeb99eb304d62d9c0f73ac421ed66281b619719714,https://raw.githubusercontent.com/Zheng222/IMDN/master/checkpoints/IMDN_x4.pth,DIV2K,bicubic,1024,768,1024,768,False,23.819210192842235,0.7303075046958469,21.95632943111636,0.7057997621291997,26.1563362121582,26.10536003112793,0.42973537669894213,25.719104766845703,27.178943634033203,3,10,1024,768,256,192,2.11.0+cu128,12.8,2026-08-30T20:16:53.783083+00:00,3.13.15,2.1.3,11.3.0,0.25.2,Linux-6.6.122+-x86_64-with-glibc2.35,x86_64
Urban100,img_013.png,x4,imdn,prepared_bicubic_lr,img_013.png,4,native_model_grid_then_full_target_size_adjustment,gaussian_11x11_sigma_1.5_population_covariance,rgb_model,gpu,model_forward_only_cuda_events,Tesla T4,14912.6875,180.0048828125,715176,IMDN_x4.pth,e660c38221147217a136debeb99eb304d62d9c0f73ac421ed66281b619719714,https://raw.githubusercontent.com/Zheng222/IMDN/master/checkpoints/IMDN_x4.pth,DIV2K,bicubic,1024,764,1024,764,False,29.595953676637052,0.8398377732986565,28.273972146356453,0.7967209363582137,25.766598510742188,25.659520149230957,0.2719737281900719,25.489408493041992,26.30009651184082,3,10,1024,764,256,191,2.11.0+cu128,12.8,2026-08-30T20:16:55.054202+00:00,3.13.15,2.1.3,11.3.0,0.25.2,Linux-6.6.122+-x86_64-with-glibc2.35,x86_64
Urban100,img_014.png,x4,imdn,prepared_bicubic_lr,img_014.png,4,native_model_grid_then_full_target_size_adjustment,gaussian_11x11_sigma_1.5_population_covariance,rgb_model,gpu,model_forward_only_cuda_events,Tesla T4,14912.6875,239.4921875,715176,IMDN_x4.pth,e660c38221147217a136debeb99eb304d62d9c0f73ac421ed66281b619719714,https://raw.githubusercontent.com/Zheng222/IMDN/master/checkpoints/IMDN_x4.pth,DIV2K,bicubic,1024,1024,1024,1024,False,22.424645716151595,0.6912920421601829,21.132416020876143,0.6736408284799605,34.50436134338379,34.437360763549805,0.27720716852439115,34.28617477416992,35.29692840576172,3,10,1024,1024,256,256,2.11.0+cu128,12.8,2026-08-30T20:16:56.804459+00:00,3.13.15,2.1.3,11.3.0,0.25.2,Linux-6.6.122+-x86_64-with-glibc2.35,x86_64
Urban100,img_015.png,x4,imdn,prepared_bicubic_lr,img_015.png,4,native_model_grid_then_full_target_size_adjustment,gaussian_11x11_sigma_1.5_population_covariance,rgb_model,gpu,model_forward_only_cuda_events,Tesla T4,14912.6875,181.2294921875,715176,IMDN_x4.pth,e660c38221147217a136debeb99eb304d62d9c0f73ac421ed66281b619719714,https://raw.githubusercontent.com/Zheng222/IMDN/master/checkpoints/IMDN_x4.pth,DIV2K,bicubic,1024,772,1024,772,False,26.233802618756737,0.7392650451174424,24.808989280716403,0.6964481016820359,26.354646301269533,26.281872749328613,0.26091916382824354,26.076416015625,26.909151077270508,3,10,1024,772,256,193,2.11.0+cu128,12.8,2026-08-30T20:16:58.358353+00:00,3.13.15,2.1.3,11.3.0,0.25.2,Linux-6.6.122+-x86_64-with-glibc2.35,x86_64
Urban100,img_016.png,x4,imdn,prepared_bicubic_lr,img_016.png,4,native_model_grid_then_full_target_size_adjustment,gaussian_11x11_sigma_1.5_population_covariance,rgb_model,gpu,model_forward_only_cuda_events,Tesla T4,14912.6875,239.4921875,715176,IMDN_x4.pth,e660c38221147217a136debeb99eb304d62d9c0f73ac421ed66281b619719714,https://raw.githubusercontent.com/Zheng222/IMDN/master/checkpoints/IMDN_x4.pth,DIV2K,bicubic,1024,1024,1024,1024,False,30.492645899854036,0.914734504783501,29.05959831358401,0.9015562525693492,33.965603256225585,33.85401725769043,0.26484384093030955,33.69935989379883,34.58259201049805,3,10,1024,1024,256,256,2.11.0+cu128,12.8,2026-08-30T20:17:00.314825+00:00,3.13.15,2.1.3,11.3.0,0.25.2,Linux-6.6.122+-x86_64-with-glibc2.35,x86_64
Urban100,img_017.png,x4,imdn,prepared_bicubic_lr,img_017.png,4,native_model_grid_then_full_target_size_adjustment,gaussian_11x11_sigma_1.5_population_covariance,rgb_model,gpu,model_forward_only_cuda_events,Tesla T4,14912.6875,162.7333984375,715176,IMDN_x4.pth,e660c38221147217a136debeb99eb304d62d9c0f73ac421ed66281b619719714,https://raw.githubusercontent.com/Zheng222/IMDN/master/checkpoints/IMDN_x4.pth,DIV2K,bicubic,1024,692,1024,692,False,25.803124761856665,0.8301114226308545,24.324061862208644,0.8152973191531494,23.58213119506836,23.485840797424316,0.4326038826432799,23.029760360717773,24.309951782226562,3,10,1024,692,256,173,2.11.0+cu128,12.8,2026-08-30T20:17:01.690552+00:00,3.13.15,2.1.3,11.3.0,0.25.2,Linux-6.6.122+-x86_64-with-glibc2.35,x86_64
Urban100,img_018.png,x4,imdn,prepared_bicubic_lr,img_018.png,4,native_model_grid_then_full_target_size_adjustment,gaussian_11x11_sigma_1.5_population_covariance,rgb_model,gpu,model_forward_only_cuda_events,Tesla T4,14912.6875,180.3046875,715176,IMDN_x4.pth,e660c38221147217a136debeb99eb304d62d9c0f73ac421ed66281b619719714,https://raw.githubusercontent.com/Zheng222/IMDN/master/checkpoints/IMDN_x4.pth,DIV2K,bicubic,1024,768,1024,768,False,26.400504279690963,0.7120695561231458,24.613854511438028,0.6747614683514502,26.11086711883545,26.03622341156006,0.3443659557765913,25.743104934692383,26.890655517578125,3,10,1024,768,256,192,2.11.0+cu128,12.8,2026-08-30T20:17:03.015557+00:00,3.13.15,2.1.3,11.3.0,0.25.2,Linux-6.6.122+-x86_64-with-glibc2.35,x86_64
Urban100,img_019.png,x4,imdn,prepared_bicubic_lr,img_019.png,4,native_model_grid_then_full_target_size_adjustment,gaussian_11x11_sigma_1.5_population_covariance,rgb_model,gpu,model_forward_only_cuda_events,Tesla T4,14912.6875,159.958984375,715176,IMDN_x4.pth,e660c38221147217a136debeb99eb304d62d9c0f73ac421ed66281b619719714,https://raw.githubusercontent.com/Zheng222/IMDN/master/checkpoints/IMDN_x4.pth,DIV2K,bicubic,1024,680,1024,680,False,21.96047204272542,0.8106410942522266,20.49948662988658,0.7626353083106325,23.42534065246582,23.435375213623047,0.2389100262436466,23.03094482421875,23.816736221313477,3,10,1024,680,256,170,2.11.0+cu128,12.8,2026-08-30T20:17:04.122504+00:00,3.13.15,2.1.3,11.3.0,0.25.2,Linux-6.6.122+-x86_64-with-glibc2.35,x86_64
Urban100,img_020.png,x4,imdn,prepared_bicubic_lr,img_020.png,4,native_model_grid_then_full_target_size_adjustment,gaussian_11x11_sigma_1.5_population_covariance,rgb_model,gpu,model_forward_only_cuda_events,Tesla T4,14912.6875,393.18408203125,715176,IMDN_x4.pth,e660c38221147217a136debeb99eb304d62d9c0f73ac421ed66281b619719714,https://raw.githubusercontent.com/Zheng222/IMDN/master/checkpoints/IMDN_x4.pth,DIV2K,bicubic,1280,960,1280,960,False,22.065053042393945,0.717578833533745,20.701230788643254,0.7019832617710252,40.34140815734863,40.2906551361084,0.14541262018116186,40.24150466918945,40.75980758666992,3,10,1280,960,320,240,2.11.0+cu128,12.8,2026-08-30T20:17:06.063471+00:00,3.13.15,2.1.3,11.3.0,0.25.2,Linux-6.6.122+-x86_64-with-glibc2.35,x86_64
Urban100,img_021.png,x4,imdn,prepared_bicubic_lr,img_021.png,4,native_model_grid_then_full_target_size_adjustment,gaussian_11x11_sigma_1.5_population_covariance,rgb_model,gpu,model_forward_only_cuda_events,Tesla T4,14912.6875,218.751953125,715176,IMDN_x4.pth,e660c38221147217a136debeb99eb304d62d9c0f73ac421ed66281b619719714,https://raw.githubusercontent.com/Zheng222/IMDN/master/checkpoints/IMDN_x4.pth,DIV2K,bicubic,796,1200,796,1200,False,29.661298947050017,0.7872822382333248,28.28364480035896,0.7606491912710949,36.06258201599121,36.110158920288086,0.30719547728253027,35.65683364868164,36.785118103027344,3,10,796,1200,199,300,2.11.0+cu128,12.8,2026-08-30T20:17:07.625532+00:00,3.13.15,2.1.3,11.3.0,0.25.2,Linux-6.6.122+-x86_64-with-glibc2.35,x86_64
Urban100,img_022.png,x4,imdn,prepared_bicubic_lr,img_022.png,4,native_model_grid_then_full_target_size_adjustment,gaussian_11x11_sigma_1.5_population_covariance,rgb_model,gpu,model_forward_only_cuda_events,Tesla T4,14912.6875,159.958984375,715176,IMDN_x4.pth,e660c38221147217a136debeb99eb304d62d9c0f73ac421ed66281b619719714,https://raw.githubusercontent.com/Zheng222/IMDN/master/checkpoints/IMDN_x4.pth,DIV2K,bicubic,1024,680,1024,680,False,26.053225147699663,0.7563362262171934,24.717372560546856,0.7356678929909591,23.429289627075196,23.31532859802246,0.3791554811922952,23.029600143432617,24.176639556884766,3,10,1024,680,256,170,2.11.0+cu128,12.8,2026-08-30T20:17:08.676823+00:00,3.13.15,2.1.3,11.3.0,0.25.2,Linux-6.6.122+-x86_64-with-glibc2.35,x86_64
Urban100,img_023.png,x4,imdn,prepared_bicubic_lr,img_023.png,4,native_model_grid_then_full_target_size_adjustment,gaussian_11x11_sigma_1.5_population_covariance,rgb_model,gpu,model_forward_only_cuda_events,Tesla T4,14912.6875,239.4921875,715176,IMDN_x4.pth,e660c38221147217a136debeb99eb304d62d9c0f73ac421ed66281b619719714,https://raw.githubusercontent.com/Zheng222/IMDN/master/checkpoints/IMDN_x4.pth,DIV2K,bicubic,1024,1024,1024,1024,False,30.303396934745535,0.9141908818864493,28.504534089373763,0.8973308393222147,34.362630462646486,34.397823333740234,0.2140152181183404,33.88220977783203,34.750144958496094,3,10,1024,1024,256,256,2.11.0+cu128,12.8,2026-08-30T20:17:10.254537+00:00,3.13.15,2.1.3,11.3.0,0.25.2,Linux-6.6.122+-x86_64-with-glibc2.35,x86_64
Urban100,img_024.png,x4,imdn,prepared_bicubic_lr,img_024.png,4,native_model_grid_then_full_target_size_adjustment,gaussian_11x11_sigma_1.5_population_covariance,rgb_model,gpu,model_forward_only_cuda_events,Tesla T4,14912.6875,155.4599609375,715176,IMDN_x4.pth,e660c38221147217a136debeb99eb304d62d9c0f73ac421ed66281b619719714,https://raw.githubusercontent.com/Zheng222/IMDN/master/checkpoints/IMDN_x4.pth,DIV2K,bicubic,1024,660,1024,660,False,20.034359204230356,0.6427200528072492,18.68318093188098,0.6287265959519909,22.49372844696045,22.482096672058105,0.1860235929991357,22.22742462158203,22.78019142150879,3,10,1024,660,256,165,2.11.0+cu128,12.8,2026-08-30T20:17:11.344172+00:00,3.13.15,2.1.3,11.3.0,0.25.2,Linux-6.6.122+-x86_64-with-glibc2.35,x86_64
Urban100,img_025.png,x4,imdn,prepared_bicubic_lr,img_025.png,4,native_model_grid_then_full_target_size_adjustment,gaussian_11x11_sigma_1.5_population_covariance,rgb_model,gpu,model_forward_only_cuda_events,Tesla T4,14912.6875,174.90625,715176,IMDN_x4.pth,e660c38221147217a136debeb99eb304d62d9c0f73ac421ed66281b619719714,https://raw.githubusercontent.com/Zheng222/IMDN/master/checkpoints/IMDN_x4.pth,DIV2K,bicubic,1024,736,1024,736,False,32.32610755167594,0.9057103451659074,30.81374892508186,0.881808704819277,24.95110378265381,24.83374309539795,0.29022138610524184,24.647872924804688,25.602048873901367,3,10,1024,736,256,184,2.11.0+cu128,12.8,2026-08-30T20:17:12.871961+00:00,3.13.15,2.1.3,11.3.0,0.25.2,Linux-6.6.122+-x86_64-with-glibc2.35,x86_64
Urban100,img_026.png,x4,imdn,prepared_bicubic_lr,img_026.png,4,native_model_grid_then_full_target_size_adjustment,gaussian_11x11_sigma_1.5_population_covariance,rgb_model,gpu,model_forward_only_cuda_events,Tesla T4,14912.6875,180.3046875,715176,IMDN_x4.pth,e660c38221147217a136debeb99eb304d62d9c0f73ac421ed66281b619719714,https://raw.githubusercontent.com/Zheng222/IMDN/master/checkpoints/IMDN_x4.pth,DIV2K,bicubic,1024,768,1024,768,False,28.0754637071955,0.712330283181424,26.614940704049065,0.6602776931852626,26.087705612182617,25.96510410308838,0.39468371273421643,25.72265625,27.005887985229492,3,10,1024,768,256,192,2.11.0+cu128,12.8,2026-08-30T20:17:14.446159+00:00,3.13.15,2.1.3,11.3.0,0.25.2,Linux-6.6.122+-x86_64-with-glibc2.35,x86_64
Urban100,img_027.png,x4,imdn,prepared_bicubic_lr,img_027.png,4,native_model_grid_then_full_target_size_adjustment,gaussian_11x11_sigma_1.5_population_covariance,rgb_model,gpu,model_forward_only_cuda_events,Tesla T4,14912.6875,195.1015625,715176,IMDN_x4.pth,e660c38221147217a136debeb99eb304d62d9c0f73ac421ed66281b619719714,https://raw.githubusercontent.com/Zheng222/IMDN/master/checkpoints/IMDN_x4.pth,DIV2K,bicubic,1024,832,1024,832,False,28.301651162344697,0.7970373427748858,27.078264440727445,0.7765824678533729,28.401484298706055,28.263375282287598,0.7326925034439801,27.67465591430664,30.24412727355957,3,10,1024,832,256,208,2.11.0+cu128,12.8,2026-08-30T20:17:16.166741+00:00,3.13.15,2.1.3,11.3.0,0.25.2,Linux-6.6.122+-x86_64-with-glibc2.35,x86_64
Urban100,img_028.png,x4,imdn,prepared_bicubic_lr,img_028.png,4,native_model_grid_then_full_target_size_adjustment,gaussian_11x11_sigma_1.5_population_covariance,rgb_model,gpu,model_forward_only_cuda_events,Tesla T4,14912.6875,159.958984375,715176,IMDN_x4.pth,e660c38221147217a136debeb99eb304d62d9c0f73ac421ed66281b619719714,https://raw.githubusercontent.com/Zheng222/IMDN/master/checkpoints/IMDN_x4.pth,DIV2K,bicubic,1024,680,1024,680,False,31.26148292646082,0.8745049380033523,29.93329047147843,0.8577208653766734,23.492454528808594,23.383984565734863,0.4907024753051104,23.070432662963867,24.667776107788086,3,10,1024,680,256,170,2.11.0+cu128,12.8,2026-08-30T20:17:17.212330+00:00,3.13.15,2.1.3,11.3.0,0.25.2,Linux-6.6.122+-x86_64-with-glibc2.35,x86_64
Urban100,img_029.png,x4,imdn,prepared_bicubic_lr,img_029.png,4,native_model_grid_then_full_target_size_adjustment,gaussian_11x11_sigma_1.5_population_covariance,rgb_model,gpu,model_forward_only_cuda_events,Tesla T4,14912.6875,159.0341796875,715176,IMDN_x4.pth,e660c38221147217a136debeb99eb304d62d9c0f73ac421ed66281b619719714,https://raw.githubusercontent.com/Zheng222/IMDN/master/checkpoints/IMDN_x4.pth,DIV2K,bicubic,1024,676,1024,676,False,27.255041080462853,0.8732123461107532,25.866871764285314,0.8536730065515507,23.552070236206056,23.429119110107422,0.4876848095616866,22.972415924072266,24.664064407348633,3,10,1024,676,256,169,2.11.0+cu128,12.8,2026-08-30T20:17:18.384942+00:00,3.13.15,2.1.3,11.3.0,0.25.2,Linux-6.6.122+-x86_64-with-glibc2.35,x86_64
Urban100,img_030.png,x4,imdn,prepared_bicubic_lr,img_030.png,4,native_model_grid_then_full_target_size_adjustment,gaussian_11x11_sigma_1.5_population_covariance,rgb_model,gpu,model_forward_only_cuda_events,Tesla T4,14912.6875,159.958984375,715176,IMDN_x4.pth,e660c38221147217a136debeb99eb304d62d9c0f73ac421ed66281b619719714,https://raw.githubusercontent.com/Zheng222/IMDN/master/checkpoints/IMDN_x4.pth,DIV2K,bicubic,680,1024,680,1024,False,24.476704155260936,0.8061055460654105,22.691687911246838,0.7830859384935688,25.19766731262207,25.135408401489258,0.43085243258392086,24.554176330566406,25.959392547607422,3,10,680,1024,170,256,2.11.0+cu128,12.8,2026-08-30T20:17:19.519235+00:00,3.13.15,2.1.3,11.3.0,0.25.2,Linux-6.6.122+-x86_64-with-glibc2.35,x86_64
Urban100,img_031.png,x4,imdn,prepared_bicubic_lr,img_031.png,4,native_model_grid_then_full_target_size_adjustment,gaussian_11x11_sigma_1.5_population_covariance,rgb_model,gpu,model_forward_only_cuda_events,Tesla T4,14912.6875,159.958984375,715176,IMDN_x4.pth,e660c38221147217a136debeb99eb304d62d9c0f73ac421ed66281b619719714,https://raw.githubusercontent.com/Zheng222/IMDN/master/checkpoints/IMDN_x4.pth,DIV2K,bicubic,1024,680,1024,680,False,24.080358087470866,0.7868026048091573,22.638586830216752,0.7699022606183613,23.301769638061522,23.263279914855957,0.19483514502218915,23.08278465270996,23.61564826965332,3,10,1024,680,256,170,2.11.0+cu128,12.8,2026-08-30T20:17:20.605822+00:00,3.13.15,2.1.3,11.3.0,0.25.2,Linux-6.6.122+-x86_64-with-glibc2.35,x86_64
Urban100,img_032.png,x4,imdn,prepared_bicubic_lr,img_032.png,4,native_model_grid_then_full_target_size_adjustment,gaussian_11x11_sigma_1.5_population_covariance,rgb_model,gpu,model_forward_only_cuda_events,Tesla T4,14912.6875,159.958984375,715176,IMDN_x4.pth,e660c38221147217a136debeb99eb304d62d9c0f73ac421ed66281b619719714,https://raw.githubusercontent.com/Zheng222/IMDN/master/checkpoints/IMDN_x4.pth,DIV2K,bicubic,1024,680,1024,680,False,29.121600275583827,0.8545361543845087,27.57209788478868,0.8353843448686021,23.570265579223634,23.47879981994629,0.4979078904141317,23.080415725708008,24.741504669189453,3,10,1024,680,256,170,2.11.0+cu128,12.8,2026-08-30T20:17:21.684460+00:00,3.13.15,2.1.3,11.3.0,0.25.2,Linux-6.6.122+-x86_64-with-glibc2.35,x86_64
Urban100,img_033.png,x4,imdn,prepared_bicubic_lr,img_033.png,4,native_model_grid_then_full_target_size_adjustment,gaussian_11x11_sigma_1.5_population_covariance,rgb_model,gpu,model_forward_only_cuda_events,Tesla T4,14912.6875,159.958984375,715176,IMDN_x4.pth,e660c38221147217a136debeb99eb304d62d9c0f73ac421ed66281b619719714,https://raw.githubusercontent.com/Zheng222/IMDN/master/checkpoints/IMDN_x4.pth,DIV2K,bicubic,1024,680,1024,680,False,27.254632631597573,0.8041874884603566,25.492903212661098,0.777607065595434,23.4630464553833,23.42473602294922,0.3156856303420717,23.072128295898438,24.043487548828125,3,10,1024,680,256,170,2.11.0+cu128,12.8,2026-08-30T20:17:22.774835+00:00,3.13.15,2.1.3,11.3.0,0.25.2,Linux-6.6.122+-x86_64-with-glibc2.35,x86_64
Urban100,img_034.png,x4,imdn,prepared_bicubic_lr,img_034.png,4,native_model_grid_then_full_target_size_adjustment,gaussian_11x11_sigma_1.5_population_covariance,rgb_model,gpu,model_forward_only_cuda_events,Tesla T4,14912.6875,159.958984375,715176,IMDN_x4.pth,e660c38221147217a136debeb99eb304d62d9c0f73ac421ed66281b619719714,https://raw.githubusercontent.com/Zheng222/IMDN/master/checkpoints/IMDN_x4.pth,DIV2K,bicubic,1024,680,1024,680,False,23.122716973393835,0.5879751670299636,21.20931943978302,0.579022547830091,23.4514404296875,23.324960708618164,0.41151742640635103,23.09564781188965,24.45724868774414,3,10,1024,680,256,170,2.11.0+cu128,12.8,2026-08-30T20:17:23.911256+00:00,3.13.15,2.1.3,11.3.0,0.25.2,Linux-6.6.122+-x86_64-with-glibc2.35,x86_64
Urban100,img_035.png,x4,imdn,prepared_bicubic_lr,img_035.png,4,native_model_grid_then_full_target_size_adjustment,gaussian_11x11_sigma_1.5_population_covariance,rgb_model,gpu,model_forward_only_cuda_events,Tesla T4,14912.6875,161.80859375,715176,IMDN_x4.pth,e660c38221147217a136debeb99eb304d62d9c0f73ac421ed66281b619719714,https://raw.githubusercontent.com/Zheng222/IMDN/master/checkpoints/IMDN_x4.pth,DIV2K,bicubic,1024,688,1024,688,False,28.972103191292007,0.8746224678025792,27.546690243874018,0.854313391745872,23.510780906677248,23.257439613342285,0.42185442951911817,23.14441680908203,24.387584686279297,3,10,1024,688,256,172,2.11.0+cu128,12.8,2026-08-30T20:17:25.021840+00:00,3.13.15,2.1.3,11.3.0,0.25.2,Linux-6.6.122+-x86_64-with-glibc2.35,x86_64
Urban100,img_036.png,x4,imdn,prepared_bicubic_lr,img_036.png,4,native_model_grid_then_full_target_size_adjustment,gaussian_11x11_sigma_1.5_population_covariance,rgb_model,gpu,model_forward_only_cuda_events,Tesla T4,14912.6875,165.4423828125,715176,IMDN_x4.pth,e660c38221147217a136debeb99eb304d62d9c0f73ac421ed66281b619719714,https://raw.githubusercontent.com/Zheng222/IMDN/master/checkpoints/IMDN_x4.pth,DIV2K,bicubic,700,1024,700,1024,False,29.113532220434344,0.890181831645931,27.789130296970534,0.877932621847215,25.697961616516114,25.635343551635742,0.1970465200541242,25.455135345458984,26.126304626464844,3,10,700,1024,175,256,2.11.0+cu128,12.8,2026-08-30T20:17:26.234920+00:00,3.13.15,2.1.3,11.3.0,0.25.2,Linux-6.6.122+-x86_64-with-glibc2.35,x86_64
Urban100,img_037.png,x4,imdn,prepared_bicubic_lr,img_037.png,4,native_model_grid_then_full_target_size_adjustment,gaussian_11x11_sigma_1.5_population_covariance,rgb_model,gpu,model_forward_only_cuda_events,Tesla T4,14912.6875,175.5810546875,715176,IMDN_x4.pth,e660c38221147217a136debeb99eb304d62d9c0f73ac421ed66281b619719714,https://raw.githubusercontent.com/Zheng222/IMDN/master/checkpoints/IMDN_x4.pth,DIV2K,bicubic,740,1024,740,1024,False,26.34713620255325,0.7973973211127218,24.96225365442207,0.7734612943868212,27.886259460449217,27.87553596496582,0.46976969524849277,27.3538875579834,29.05027198791504,3,10,740,1024,185,256,2.11.0+cu128,12.8,2026-08-30T20:17:27.892291+00:00,3.13.15,2.1.3,11.3.0,0.25.2,Linux-6.6.122+-x86_64-with-glibc2.35,x86_64
Urban100,img_038.png,x4,imdn,prepared_bicubic_lr,img_038.png,4,native_model_grid_then_full_target_size_adjustment,gaussian_11x11_sigma_1.5_population_covariance,rgb_model,gpu,model_forward_only_cuda_events,Tesla T4,14912.6875,180.3046875,715176,IMDN_x4.pth,e660c38221147217a136debeb99eb304d62d9c0f73ac421ed66281b619719714,https://raw.githubusercontent.com/Zheng222/IMDN/master/checkpoints/IMDN_x4.pth,DIV2K,bicubic,768,1024,768,1024,False,27.127811756165336,0.6846014940202525,25.674284206829334,0.6360110817403838,26.290377807617187,26.25806427001953,0.1304033711394119,26.036800384521484,26.523391723632812,3,10,768,1024,192,256,2.11.0+cu128,12.8,2026-08-30T20:17:29.486848+00:00,3.13.15,2.1.3,11.3.0,0.25.2,Linux-6.6.122+-x86_64-with-glibc2.35,x86_64
Urban100,img_039.png,x4,imdn,prepared_bicubic_lr,img_039.png,4,native_model_grid_then_full_target_size_adjustment,gaussian_11x11_sigma_1.5_population_covariance,rgb_model,gpu,model_forward_only_cuda_events,Tesla T4,14912.6875,180.3046875,715176,IMDN_x4.pth,e660c38221147217a136debeb99eb304d62d9c0f73ac421ed66281b619719714,https://raw.githubusercontent.com/Zheng222/IMDN/master/checkpoints/IMDN_x4.pth,DIV2K,bicubic,768,1024,768,1024,False,23.138542273638055,0.7482687461293931,21.75677178143426,0.7294762670695053,26.121913528442384,26.208288192749023,0.27295300836861414,25.759775161743164,26.618879318237305,3,10,768,1024,192,256,2.11.0+cu128,12.8,2026-08-30T20:17:30.892860+00:00,3.13.15,2.1.3,11.3.0,0.25.2,Linux-6.6.122+-x86_64-with-glibc2.35,x86_64
Urban100,img_040.png,x4,imdn,prepared_bicubic_lr,img_040.png,4,native_model_grid_then_full_target_size_adjustment,gaussian_11x11_sigma_1.5_population_covariance,rgb_model,gpu,model_forward_only_cuda_events,Tesla T4,14912.6875,135.9140625,715176,IMDN_x4.pth,e660c38221147217a136debeb99eb304d62d9c0f73ac421ed66281b619719714,https://raw.githubusercontent.com/Zheng222/IMDN/master/checkpoints/IMDN_x4.pth,DIV2K,bicubic,1024,576,1024,576,False,27.90837276037605,0.945090223306452,26.50266367007928,0.937161633031232,19.626912117004395,19.629008293151855,0.2743743426526701,19.265600204467773,20.0130558013916,3,10,1024,576,256,144,2.11.0+cu128,12.8,2026-08-30T20:17:31.814431+00:00,3.13.15,2.1.3,11.3.0,0.25.2,Linux-6.6.122+-x86_64-with-glibc2.35,x86_64
Urban100,img_041.png,x4,imdn,prepared_bicubic_lr,img_041.png,4,native_model_grid_then_full_target_size_adjustment,gaussian_11x11_sigma_1.5_population_covariance,rgb_model,gpu,model_forward_only_cuda_events,Tesla T4,14912.6875,159.958984375,715176,IMDN_x4.pth,e660c38221147217a136debeb99eb304d62d9c0f73ac421ed66281b619719714,https://raw.githubusercontent.com/Zheng222/IMDN/master/checkpoints/IMDN_x4.pth,DIV2K,bicubic,1024,680,1024,680,False,26.081289773881743,0.8811337247250643,24.567010801086347,0.8684453822186309,23.50010242462158,23.356399536132812,0.4843331949793499,23.044095993041992,24.549375534057617,3,10,1024,680,256,170,2.11.0+cu128,12.8,2026-08-30T20:17:32.915745+00:00,3.13.15,2.1.3,11.3.0,0.25.2,Linux-6.6.122+-x86_64-with-glibc2.35,x86_64
Urban100,img_042.png,x4,imdn,prepared_bicubic_lr,img_042.png,4,native_model_grid_then_full_target_size_adjustment,gaussian_11x11_sigma_1.5_population_covariance,rgb_model,gpu,model_forward_only_cuda_events,Tesla T4,14912.6875,159.958984375,715176,IMDN_x4.pth,e660c38221147217a136debeb99eb304d62d9c0f73ac421ed66281b619719714,https://raw.githubusercontent.com/Zheng222/IMDN/master/checkpoints/IMDN_x4.pth,DIV2K,bicubic,1024,680,1024,680,False,28.895283463485427,0.8895052825506032,27.572953989518346,0.8803733699676126,23.314918518066406,23.278079986572266,0.22274910417459576,23.093280792236328,23.71379280090332,3,10,1024,680,256,170,2.11.0+cu128,12.8,2026-08-30T20:17:34.023085+00:00,3.13.15,2.1.3,11.3.0,0.25.2,Linux-6.6.122+-x86_64-with-glibc2.35,x86_64
Urban100,img_043.png,x4,imdn,prepared_bicubic_lr,img_043.png,4,native_model_grid_then_full_target_size_adjustment,gaussian_11x11_sigma_1.5_population_covariance,rgb_model,gpu,model_forward_only_cuda_events,Tesla T4,14912.6875,158.109375,715176,IMDN_x4.pth,e660c38221147217a136debeb99eb304d62d9c0f73ac421ed66281b619719714,https://raw.githubusercontent.com/Zheng222/IMDN/master/checkpoints/IMDN_x4.pth,DIV2K,bicubic,1024,672,1024,672,False,33.01813182624106,0.9383056936864911,31.268223611409155,0.9161053357473152,22.926105499267578,22.798287391662598,0.3619464337031506,22.45897674560547,23.6727352142334,3,10,1024,672,256,168,2.11.0+cu128,12.8,2026-08-30T20:17:35.172021+00:00,3.13.15,2.1.3,11.3.0,0.25.2,Linux-6.6.122+-x86_64-with-glibc2.35,x86_64
Urban100,img_044.png,x4,imdn,prepared_bicubic_lr,img_044.png,4,native_model_grid_then_full_target_size_adjustment,gaussian_11x11_sigma_1.5_population_covariance,rgb_model,gpu,model_forward_only_cuda_events,Tesla T4,14912.6875,159.958984375,715176,IMDN_x4.pth,e660c38221147217a136debeb99eb304d62d9c0f73ac421ed66281b619719714,https://raw.githubusercontent.com/Zheng222/IMDN/master/checkpoints/IMDN_x4.pth,DIV2K,bicubic,1024,680,1024,680,False,31.51943364855579,0.863899288732882,29.65301473109504,0.839527021222758,23.30044803619385,23.20361614227295,0.23298567085154817,23.008895874023438,23.686208724975586,3,10,1024,680,256,170,2.11.0+cu128,12.8,2026-08-30T20:17:36.300898+00:00,3.13.15,2.1.3,11.3.0,0.25.2,Linux-6.6.122+-x86_64-with-glibc2.35,x86_64
Urban100,img_045.png,x4,imdn,prepared_bicubic_lr,img_045.png,4,native_model_grid_then_full_target_size_adjustment,gaussian_11x11_sigma_1.5_population_covariance,rgb_model,gpu,model_forward_only_cuda_events,Tesla T4,14912.6875,180.3046875,715176,IMDN_x4.pth,e660c38221147217a136debeb99eb304d62d9c0f73ac421ed66281b619719714,https://raw.githubusercontent.com/Zheng222/IMDN/master/checkpoints/IMDN_x4.pth,DIV2K,bicubic,1024,768,1024,768,False,24.816486964829856,0.7350945928163864,23.48983419253376,0.7224536407702592,25.98311996459961,25.964143753051758,0.15365008242382827,25.75974464416504,26.316768646240234,3,10,1024,768,256,192,2.11.0+cu128,12.8,2026-08-30T20:17:37.562410+00:00,3.13.15,2.1.3,11.3.0,0.25.2,Linux-6.6.122+-x86_64-with-glibc2.35,x86_64
Urban100,img_046.png,x4,imdn,prepared_bicubic_lr,img_046.png,4,native_model_grid_then_full_target_size_adjustment,gaussian_11x11_sigma_1.5_population_covariance,rgb_model,gpu,model_forward_only_cuda_events,Tesla T4,14912.6875,162.7333984375,715176,IMDN_x4.pth,e660c38221147217a136debeb99eb304d62d9c0f73ac421ed66281b619719714,https://raw.githubusercontent.com/Zheng222/IMDN/master/checkpoints/IMDN_x4.pth,DIV2K,bicubic,692,1024,692,1024,False,23.546812826329983,0.7516229666273524,22.13455068591523,0.7472854572041676,25.855017852783202,25.72443199157715,0.4799649109580995,25.413856506347656,26.875904083251953,3,10,692,1024,173,256,2.11.0+cu128,12.8,2026-08-30T20:17:38.669035+00:00,3.13.15,2.1.3,11.3.0,0.25.2,Linux-6.6.122+-x86_64-with-glibc2.35,x86_64
Urban100,img_047.png,x4,imdn,prepared_bicubic_lr,img_047.png,4,native_model_grid_then_full_target_size_adjustment,gaussian_11x11_sigma_1.5_population_covariance,rgb_model,gpu,model_forward_only_cuda_events,Tesla T4,14912.6875,145.912109375,715176,IMDN_x4.pth,e660c38221147217a136debeb99eb304d62d9c0f73ac421ed66281b619719714,https://raw.githubusercontent.com/Zheng222/IMDN/master/checkpoints/IMDN_x4.pth,DIV2K,bicubic,1024,616,1024,616,False,21.794691347030568,0.7628861380240539,20.312607045806107,0.7521151434052339,20.882761573791505,20.901344299316406,0.25848771622202676,20.510303497314453,21.2774715423584,3,10,1024,616,256,154,2.11.0+cu128,12.8,2026-08-30T20:17:39.653256+00:00,3.13.15,2.1.3,11.3.0,0.25.2,Linux-6.6.122+-x86_64-with-glibc2.35,x86_64
Urban100,img_048.png,x4,imdn,prepared_bicubic_lr,img_048.png,4,native_model_grid_then_full_target_size_adjustment,gaussian_11x11_sigma_1.5_population_covariance,rgb_model,gpu,model_forward_only_cuda_events,Tesla T4,14912.6875,160.8837890625,715176,IMDN_x4.pth,e660c38221147217a136debeb99eb304d62d9c0f73ac421ed66281b619719714,https://raw.githubusercontent.com/Zheng222/IMDN/master/checkpoints/IMDN_x4.pth,DIV2K,bicubic,684,1024,684,1024,False,20.022001352749932,0.8049314564664974,18.72832180881621,0.7954195567570016,25.27954559326172,25.10529613494873,0.5397929731266015,24.756223678588867,26.43846321105957,3,10,684,1024,171,256,2.11.0+cu128,12.8,2026-08-30T20:17:40.862778+00:00,3.13.15,2.1.3,11.3.0,0.25.2,Linux-6.6.122+-x86_64-with-glibc2.35,x86_64
Urban100,img_049.png,x4,imdn,prepared_bicubic_lr,img_049.png,4,native_model_grid_then_full_target_size_adjustment,gaussian_11x11_sigma_1.5_population_covariance,rgb_model,gpu,model_forward_only_cuda_events,Tesla T4,14912.6875,159.958984375,715176,IMDN_x4.pth,e660c38221147217a136debeb99eb304d62d9c0f73ac421ed66281b619719714,https://raw.githubusercontent.com/Zheng222/IMDN/master/checkpoints/IMDN_x4.pth,DIV2K,bicubic,1024,680,1024,680,False,23.440034201245066,0.7509863239038044,21.90183489876295,0.7305253102910269,23.323459243774415,23.1834716796875,0.4712084179090221,22.77459144592285,24.395999908447266,3,10,1024,680,256,170,2.11.0+cu128,12.8,2026-08-30T20:17:42.325625+00:00,3.13.15,2.1.3,11.3.0,0.25.2,Linux-6.6.122+-x86_64-with-glibc2.35,x86_64
Urban100,img_050.png,x4,imdn,prepared_bicubic_lr,img_050.png,4,native_model_grid_then_full_target_size_adjustment,gaussian_11x11_sigma_1.5_population_covariance,rgb_model,gpu,model_forward_only_cuda_events,Tesla T4,14912.6875,159.958984375,715176,IMDN_x4.pth,e660c38221147217a136debeb99eb304d62d9c0f73ac421ed66281b619719714,https://raw.githubusercontent.com/Zheng222/IMDN/master/checkpoints/IMDN_x4.pth,DIV2K,bicubic,680,1024,680,1024,False,25.226989954828355,0.7685364847457008,23.802763881058773,0.752295107876506,25.081449508666992,24.879776000976562,0.7220192079445864,24.21788787841797,26.657087326049805,3,10,680,1024,170,256,2.11.0+cu128,12.8,2026-08-30T20:17:43.713995+00:00,3.13.15,2.1.3,11.3.0,0.25.2,Linux-6.6.122+-x86_64-with-glibc2.35,x86_64
Urban100,img_051.png,x4,imdn,prepared_bicubic_lr,img_051.png,4,native_model_grid_then_full_target_size_adjustment,gaussian_11x11_sigma_1.5_population_covariance,rgb_model,gpu,model_forward_only_cuda_events,Tesla T4,14912.6875,159.958984375,715176,IMDN_x4.pth,e660c38221147217a136debeb99eb304d62d9c0f73ac421ed66281b619719714,https://raw.githubusercontent.com/Zheng222/IMDN/master/checkpoints/IMDN_x4.pth,DIV2K,bicubic,1024,680,1024,680,False,27.323364686357692,0.8466508005017996,25.818392176387512,0.8259718139105375,23.319065666198732,23.224639892578125,0.4684225222369035,22.73075294494629,24.273984909057617,3,10,1024,680,256,170,2.11.0+cu128,12.8,2026-08-30T20:17:45.055908+00:00,3.13.15,2.1.3,11.3.0,0.25.2,Linux-6.6.122+-x86_64-with-glibc2.35,x86_64
Urban100,img_052.png,x4,imdn,prepared_bicubic_lr,img_052.png,4,native_model_grid_then_full_target_size_adjustment,gaussian_11x11_sigma_1.5_population_covariance,rgb_model,gpu,model_forward_only_cuda_events,Tesla T4,14912.6875,159.958984375,715176,IMDN_x4.pth,e660c38221147217a136debeb99eb304d62d9c0f73ac421ed66281b619719714,https://raw.githubusercontent.com/Zheng222/IMDN/master/checkpoints/IMDN_x4.pth,DIV2K,bicubic,1024,680,1024,680,False,28.636402057940963,0.9085931899306546,27.274293503749398,0.8954022726907745,23.331142616271972,23.341120719909668,0.2553369062553235,22.994720458984375,23.767040252685547,3,10,1024,680,256,170,2.11.0+cu128,12.8,2026-08-30T20:17:46.150851+00:00,3.13.15,2.1.3,11.3.0,0.25.2,Linux-6.6.122+-x86_64-with-glibc2.35,x86_64
Urban100,img_053.png,x4,imdn,prepared_bicubic_lr,img_053.png,4,native_model_grid_then_full_target_size_adjustment,gaussian_11x11_sigma_1.5_population_covariance,rgb_model,gpu,model_forward_only_cuda_events,Tesla T4,14912.6875,154.91015625,715176,IMDN_x4.pth,e660c38221147217a136debeb99eb304d62d9c0f73ac421ed66281b619719714,https://raw.githubusercontent.com/Zheng222/IMDN/master/checkpoints/IMDN_x4.pth,DIV2K,bicubic,1024,656,1024,656,False,22.389495862407365,0.7284025536272897,21.050557099815723,0.7148462763348427,22.48821086883545,22.319104194641113,0.28569055523144976,22.208511352539062,22.974815368652344,3,10,1024,656,256,164,2.11.0+cu128,12.8,2026-08-30T20:17:47.255878+00:00,3.13.15,2.1.3,11.3.0,0.25.2,Linux-6.6.122+-x86_64-with-glibc2.35,x86_64
Urban100,img_054.png,x4,imdn,prepared_bicubic_lr,img_054.png,4,native_model_grid_then_full_target_size_adjustment,gaussian_11x11_sigma_1.5_population_covariance,rgb_model,gpu,model_forward_only_cuda_events,Tesla T4,14912.6875,159.958984375,715176,IMDN_x4.pth,e660c38221147217a136debeb99eb304d62d9c0f73ac421ed66281b619719714,https://raw.githubusercontent.com/Zheng222/IMDN/master/checkpoints/IMDN_x4.pth,DIV2K,bicubic,1024,680,1024,680,False,21.187670448789554,0.6555146695127995,19.708483578201307,0.6366817335399043,23.212528038024903,23.08835220336914,0.2508155046042074,22.98464012145996,23.69580841064453,3,10,1024,680,256,170,2.11.0+cu128,12.8,2026-08-30T20:17:48.402444+00:00,3.13.15,2.1.3,11.3.0,0.25.2,Linux-6.6.122+-x86_64-with-glibc2.35,x86_64
Urban100,img_055.png,x4,imdn,prepared_bicubic_lr,img_055.png,4,native_model_grid_then_full_target_size_adjustment,gaussian_11x11_sigma_1.5_population_covariance,rgb_model,gpu,model_forward_only_cuda_events,Tesla T4,14912.6875,180.3046875,715176,IMDN_x4.pth,e660c38221147217a136debeb99eb304d62d9c0f73ac421ed66281b619719714,https://raw.githubusercontent.com/Zheng222/IMDN/master/checkpoints/IMDN_x4.pth,DIV2K,bicubic,1024,768,1024,768,False,33.21030022033278,0.9479587872589536,31.279805033790442,0.9163988771442622,25.940752029418945,25.871200561523438,0.23313621634854165,25.607519149780273,26.355712890625,3,10,1024,768,256,192,2.11.0+cu128,12.8,2026-08-30T20:17:49.701299+00:00,3.13.15,2.1.3,11.3.0,0.25.2,Linux-6.6.122+-x86_64-with-glibc2.35,x86_64
Urban100,img_056.png,x4,imdn,prepared_bicubic_lr,img_056.png,4,native_model_grid_then_full_target_size_adjustment,gaussian_11x11_sigma_1.5_population_covariance,rgb_model,gpu,model_forward_only_cuda_events,Tesla T4,14912.6875,180.3046875,715176,IMDN_x4.pth,e660c38221147217a136debeb99eb304d62d9c0f73ac421ed66281b619719714,https://raw.githubusercontent.com/Zheng222/IMDN/master/checkpoints/IMDN_x4.pth,DIV2K,bicubic,1024,768,1024,768,False,24.951730759205347,0.7820749966861475,23.59087468481498,0.7647903742286134,26.017535781860353,25.84883213043213,0.30961893772145443,25.767391204833984,26.77350425720215,3,10,1024,768,256,192,2.11.0+cu128,12.8,2026-08-30T20:17:50.979468+00:00,3.13.15,2.1.3,11.3.0,0.25.2,Linux-6.6.122+-x86_64-with-glibc2.35,x86_64
Urban100,img_057.png,x4,imdn,prepared_bicubic_lr,img_057.png,4,native_model_grid_then_full_target_size_adjustment,gaussian_11x11_sigma_1.5_population_covariance,rgb_model,gpu,model_forward_only_cuda_events,Tesla T4,14912.6875,171.0224609375,715176,IMDN_x4.pth,e660c38221147217a136debeb99eb304d62d9c0f73ac421ed66281b619719714,https://raw.githubusercontent.com/Zheng222/IMDN/master/checkpoints/IMDN_x4.pth,DIV2K,bicubic,1024,724,1024,724,False,30.93286946062639,0.8971579519643109,29.48038866872031,0.8799895905564455,24.74893112182617,24.505680084228516,0.48001543109377676,24.35158348083496,25.936416625976562,3,10,1024,724,256,181,2.11.0+cu128,12.8,2026-08-30T20:17:52.153123+00:00,3.13.15,2.1.3,11.3.0,0.25.2,Linux-6.6.122+-x86_64-with-glibc2.35,x86_64
Urban100,img_058.png,x4,imdn,prepared_bicubic_lr,img_058.png,4,native_model_grid_then_full_target_size_adjustment,gaussian_11x11_sigma_1.5_population_covariance,rgb_model,gpu,model_forward_only_cuda_events,Tesla T4,14912.6875,162.7333984375,715176,IMDN_x4.pth,e660c38221147217a136debeb99eb304d62d9c0f73ac421ed66281b619719714,https://raw.githubusercontent.com/Zheng222/IMDN/master/checkpoints/IMDN_x4.pth,DIV2K,bicubic,1024,692,1024,692,False,25.688814247673672,0.8530933993087612,24.241810992026963,0.8409708922078032,23.481139183044434,23.259632110595703,0.38363587399573895,23.177215576171875,24.29132843017578,3,10,1024,692,256,173,2.11.0+cu128,12.8,2026-08-30T20:17:53.252297+00:00,3.13.15,2.1.3,11.3.0,0.25.2,Linux-6.6.122+-x86_64-with-glibc2.35,x86_64
Urban100,img_059.png,x4,imdn,prepared_bicubic_lr,img_059.png,4,native_model_grid_then_full_target_size_adjustment,gaussian_11x11_sigma_1.5_population_covariance,rgb_model,gpu,model_forward_only_cuda_events,Tesla T4,14912.6875,156.259765625,715176,IMDN_x4.pth,e660c38221147217a136debeb99eb304d62d9c0f73ac421ed66281b619719714,https://raw.githubusercontent.com/Zheng222/IMDN/master/checkpoints/IMDN_x4.pth,DIV2K,bicubic,1024,664,1024,664,False,21.984316075217226,0.7631663429274154,20.598531624006753,0.7454461359697601,22.376156997680663,22.343536376953125,0.31405231999739414,21.972991943359375,22.857440948486328,3,10,1024,664,256,166,2.11.0+cu128,12.8,2026-08-30T20:17:54.267255+00:00,3.13.15,2.1.3,11.3.0,0.25.2,Linux-6.6.122+-x86_64-with-glibc2.35,x86_64
Urban100,img_060.png,x4,imdn,prepared_bicubic_lr,img_060.png,4,native_model_grid_then_full_target_size_adjustment,gaussian_11x11_sigma_1.5_population_covariance,rgb_model,gpu,model_forward_only_cuda_events,Tesla T4,14912.6875,159.958984375,715176,IMDN_x4.pth,e660c38221147217a136debeb99eb304d62d9c0f73ac421ed66281b619719714,https://raw.githubusercontent.com/Zheng222/IMDN/master/checkpoints/IMDN_x4.pth,DIV2K,bicubic,1024,680,1024,680,False,22.599024102856315,0.5732999507141282,21.207892982205657,0.5562367275732033,23.258822631835937,23.166080474853516,0.2655712821592806,22.88230323791504,23.708703994750977,3,10,1024,680,256,170,2.11.0+cu128,12.8,2026-08-30T20:17:55.626206+00:00,3.13.15,2.1.3,11.3.0,0.25.2,Linux-6.6.122+-x86_64-with-glibc2.35,x86_64
Urban100,img_061.png,x4,imdn,prepared_bicubic_lr,img_061.png,4,native_model_grid_then_full_target_size_adjustment,gaussian_11x11_sigma_1.5_population_covariance,rgb_model,gpu,model_forward_only_cuda_events,Tesla T4,14912.6875,158.109375,715176,IMDN_x4.pth,e660c38221147217a136debeb99eb304d62d9c0f73ac421ed66281b619719714,https://raw.githubusercontent.com/Zheng222/IMDN/master/checkpoints/IMDN_x4.pth,DIV2K,bicubic,1024,672,1024,672,False,24.55740400497614,0.7496483651587185,22.980033727265422,0.7333558436381291,22.577280044555664,22.480112075805664,0.3161536184861314,22.228992462158203,23.246463775634766,3,10,1024,672,256,168,2.11.0+cu128,12.8,2026-08-30T20:17:56.998310+00:00,3.13.15,2.1.3,11.3.0,0.25.2,Linux-6.6.122+-x86_64-with-glibc2.35,x86_64
Urban100,img_062.png,x4,imdn,prepared_bicubic_lr,img_062.png,4,native_model_grid_then_full_target_size_adjustment,gaussian_11x11_sigma_1.5_population_covariance,rgb_model,gpu,model_forward_only_cuda_events,Tesla T4,14912.6875,159.958984375,715176,IMDN_x4.pth,e660c38221147217a136debeb99eb304d62d9c0f73ac421ed66281b619719714,https://raw.githubusercontent.com/Zheng222/IMDN/master/checkpoints/IMDN_x4.pth,DIV2K,bicubic,1024,680,1024,680,False,21.193122370603568,0.7900684498691072,19.7709713059551,0.7748966482422105,23.06993923187256,22.918784141540527,0.3428751674138737,22.70207977294922,23.750688552856445,3,10,1024,680,256,170,2.11.0+cu128,12.8,2026-08-30T20:17:58.276600+00:00,3.13.15,2.1.3,11.3.0,0.25.2,Linux-6.6.122+-x86_64-with-glibc2.35,x86_64
Urban100,img_063.png,x4,imdn,prepared_bicubic_lr,img_063.png,4,native_model_grid_then_full_target_size_adjustment,gaussian_11x11_sigma_1.5_population_covariance,rgb_model,gpu,model_forward_only_cuda_events,Tesla T4,14912.6875,224.7939453125,715176,IMDN_x4.pth,e660c38221147217a136debeb99eb304d62d9c0f73ac421ed66281b619719714,https://raw.githubusercontent.com/Zheng222/IMDN/master/checkpoints/IMDN_x4.pth,DIV2K,bicubic,1000,980,1000,980,False,22.238329693013096,0.6143911117136602,20.927802346211436,0.5757421179868051,34.57084426879883,34.47425651550293,0.5640588769665721,34.03907012939453,36.15689468383789,3,10,1000,980,250,245,2.11.0+cu128,12.8,2026-08-30T20:17:59.995115+00:00,3.13.15,2.1.3,11.3.0,0.25.2,Linux-6.6.122+-x86_64-with-glibc2.35,x86_64
Urban100,img_064.png,x4,imdn,prepared_bicubic_lr,img_064.png,4,native_model_grid_then_full_target_size_adjustment,gaussian_11x11_sigma_1.5_population_covariance,rgb_model,gpu,model_forward_only_cuda_events,Tesla T4,14912.6875,159.958984375,715176,IMDN_x4.pth,e660c38221147217a136debeb99eb304d62d9c0f73ac421ed66281b619719714,https://raw.githubusercontent.com/Zheng222/IMDN/master/checkpoints/IMDN_x4.pth,DIV2K,bicubic,1024,680,1024,680,False,26.621658478362523,0.7832738878351136,25.263246390900633,0.7666384226454745,23.36110076904297,23.287760734558105,0.4737649151868454,22.687711715698242,24.182783126831055,3,10,1024,680,256,170,2.11.0+cu128,12.8,2026-08-30T20:18:01.138004+00:00,3.13.15,2.1.3,11.3.0,0.25.2,Linux-6.6.122+-x86_64-with-glibc2.35,x86_64
Urban100,img_065.png,x4,imdn,prepared_bicubic_lr,img_065.png,4,native_model_grid_then_full_target_size_adjustment,gaussian_11x11_sigma_1.5_population_covariance,rgb_model,gpu,model_forward_only_cuda_events,Tesla T4,14912.6875,159.958984375,715176,IMDN_x4.pth,e660c38221147217a136debeb99eb304d62d9c0f73ac421ed66281b619719714,https://raw.githubusercontent.com/Zheng222/IMDN/master/checkpoints/IMDN_x4.pth,DIV2K,bicubic,1024,680,1024,680,False,25.517219861496557,0.7258789444812563,23.85033230078459,0.7058764374227874,23.133088302612304,23.00379180908203,0.3300090059815892,22.7936954498291,23.816608428955078,3,10,1024,680,256,170,2.11.0+cu128,12.8,2026-08-30T20:18:02.272104+00:00,3.13.15,2.1.3,11.3.0,0.25.2,Linux-6.6.122+-x86_64-with-glibc2.35,x86_64
Urban100,img_066.png,x4,imdn,prepared_bicubic_lr,img_066.png,4,native_model_grid_then_full_target_size_adjustment,gaussian_11x11_sigma_1.5_population_covariance,rgb_model,gpu,model_forward_only_cuda_events,Tesla T4,14912.6875,203.375,715176,IMDN_x4.pth,e660c38221147217a136debeb99eb304d62d9c0f73ac421ed66281b619719714,https://raw.githubusercontent.com/Zheng222/IMDN/master/checkpoints/IMDN_x4.pth,DIV2K,bicubic,1024,864,1024,864,False,22.22430799194521,0.6417759538272875,20.901786473613193,0.6190441145589284,28.96298885345459,28.983856201171875,0.14304341950523292,28.71552085876465,29.214719772338867,3,10,1024,864,256,216,2.11.0+cu128,12.8,2026-08-30T20:18:03.702672+00:00,3.13.15,2.1.3,11.3.0,0.25.2,Linux-6.6.122+-x86_64-with-glibc2.35,x86_64
Urban100,img_067.png,x4,imdn,prepared_bicubic_lr,img_067.png,4,native_model_grid_then_full_target_size_adjustment,gaussian_11x11_sigma_1.5_population_covariance,rgb_model,gpu,model_forward_only_cuda_events,Tesla T4,14912.6875,159.958984375,715176,IMDN_x4.pth,e660c38221147217a136debeb99eb304d62d9c0f73ac421ed66281b619719714,https://raw.githubusercontent.com/Zheng222/IMDN/master/checkpoints/IMDN_x4.pth,DIV2K,bicubic,1024,680,1024,680,False,19.578303341885114,0.8710122295649739,18.120776071541446,0.8507320420072625,23.22153244018555,23.186847686767578,0.16594075963249447,22.986719131469727,23.472864151000977,3,10,1024,680,256,170,2.11.0+cu128,12.8,2026-08-30T20:18:04.793456+00:00,3.13.15,2.1.3,11.3.0,0.25.2,Linux-6.6.122+-x86_64-with-glibc2.35,x86_64
Urban100,img_068.png,x4,imdn,prepared_bicubic_lr,img_068.png,4,native_model_grid_then_full_target_size_adjustment,gaussian_11x11_sigma_1.5_population_covariance,rgb_model,gpu,model_forward_only_cuda_events,Tesla T4,14912.6875,239.4921875,715176,IMDN_x4.pth,e660c38221147217a136debeb99eb304d62d9c0f73ac421ed66281b619719714,https://raw.githubusercontent.com/Zheng222/IMDN/master/checkpoints/IMDN_x4.pth,DIV2K,bicubic,1024,1024,1024,1024,False,30.73511712978714,0.8944750274219291,29.313641257916995,0.8799090767061976,34.41554222106934,34.323232650756836,0.5527938222510898,33.87392044067383,35.939327239990234,3,10,1024,1024,256,256,2.11.0+cu128,12.8,2026-08-30T20:18:06.515822+00:00,3.13.15,2.1.3,11.3.0,0.25.2,Linux-6.6.122+-x86_64-with-glibc2.35,x86_64
Urban100,img_069.png,x4,imdn,prepared_bicubic_lr,img_069.png,4,native_model_grid_then_full_target_size_adjustment,gaussian_11x11_sigma_1.5_population_covariance,rgb_model,gpu,model_forward_only_cuda_events,Tesla T4,14912.6875,317.2080078125,715176,IMDN_x4.pth,e660c38221147217a136debeb99eb304d62d9c0f73ac421ed66281b619719714,https://raw.githubusercontent.com/Zheng222/IMDN/master/checkpoints/IMDN_x4.pth,DIV2K,bicubic,1200,824,1200,824,False,24.782521250188616,0.7560631273150382,23.46531651895337,0.7362867620540557,33.99350776672363,33.964433670043945,0.20234935380360322,33.7674560546875,34.43507385253906,3,10,1200,824,300,206,2.11.0+cu128,12.8,2026-08-30T20:18:08.146269+00:00,3.13.15,2.1.3,11.3.0,0.25.2,Linux-6.6.122+-x86_64-with-glibc2.35,x86_64
Urban100,img_070.png,x4,imdn,prepared_bicubic_lr,img_070.png,4,native_model_grid_then_full_target_size_adjustment,gaussian_11x11_sigma_1.5_population_covariance,rgb_model,gpu,model_forward_only_cuda_events,Tesla T4,14912.6875,180.3046875,715176,IMDN_x4.pth,e660c38221147217a136debeb99eb304d62d9c0f73ac421ed66281b619719714,https://raw.githubusercontent.com/Zheng222/IMDN/master/checkpoints/IMDN_x4.pth,DIV2K,bicubic,1024,768,1024,768,False,22.135732840092345,0.5964604091575916,20.815261209164923,0.5771082891198559,25.914278411865233,25.77952003479004,0.3897628918080883,25.371904373168945,26.847679138183594,3,10,1024,768,256,192,2.11.0+cu128,12.8,2026-08-30T20:18:09.523286+00:00,3.13.15,2.1.3,11.3.0,0.25.2,Linux-6.6.122+-x86_64-with-glibc2.35,x86_64
Urban100,img_071.png,x4,imdn,prepared_bicubic_lr,img_071.png,4,native_model_grid_then_full_target_size_adjustment,gaussian_11x11_sigma_1.5_population_covariance,rgb_model,gpu,model_forward_only_cuda_events,Tesla T4,14912.6875,180.3046875,715176,IMDN_x4.pth,e660c38221147217a136debeb99eb304d62d9c0f73ac421ed66281b619719714,https://raw.githubusercontent.com/Zheng222/IMDN/master/checkpoints/IMDN_x4.pth,DIV2K,bicubic,1024,768,1024,768,False,27.99300187990862,0.6656505711777729,26.639693221412504,0.6287868948098235,25.90782070159912,25.81278419494629,0.4574434343924461,25.22380828857422,26.9619197845459,3,10,1024,768,256,192,2.11.0+cu128,12.8,2026-08-30T20:18:11.110807+00:00,3.13.15,2.1.3,11.3.0,0.25.2,Linux-6.6.122+-x86_64-with-glibc2.35,x86_64
Urban100,img_072.png,x4,imdn,prepared_bicubic_lr,img_072.png,4,native_model_grid_then_full_target_size_adjustment,gaussian_11x11_sigma_1.5_population_covariance,rgb_model,gpu,model_forward_only_cuda_events,Tesla T4,14912.6875,159.958984375,715176,IMDN_x4.pth,e660c38221147217a136debeb99eb304d62d9c0f73ac421ed66281b619719714,https://raw.githubusercontent.com/Zheng222/IMDN/master/checkpoints/IMDN_x4.pth,DIV2K,bicubic,680,1024,680,1024,False,20.246240807499476,0.824752652977816,18.915829648010714,0.8190034496214601,24.930742454528808,24.92416000366211,0.18691612682542363,24.607040405273438,25.253759384155273,3,10,680,1024,170,256,2.11.0+cu128,12.8,2026-08-30T20:18:12.563099+00:00,3.13.15,2.1.3,11.3.0,0.25.2,Linux-6.6.122+-x86_64-with-glibc2.35,x86_64
Urban100,img_073.png,x4,imdn,prepared_bicubic_lr,img_073.png,4,native_model_grid_then_full_target_size_adjustment,gaussian_11x11_sigma_1.5_population_covariance,rgb_model,gpu,model_forward_only_cuda_events,Tesla T4,14912.6875,180.0048828125,715176,IMDN_x4.pth,e660c38221147217a136debeb99eb304d62d9c0f73ac421ed66281b619719714,https://raw.githubusercontent.com/Zheng222/IMDN/master/checkpoints/IMDN_x4.pth,DIV2K,bicubic,1024,764,1024,764,False,20.09607848332699,0.5576802368192733,18.803606385898735,0.5399235714989984,25.87752342224121,25.687472343444824,0.3578329399984429,25.592031478881836,26.798112869262695,3,10,1024,764,256,191,2.11.0+cu128,12.8,2026-08-30T20:18:14.084661+00:00,3.13.15,2.1.3,11.3.0,0.25.2,Linux-6.6.122+-x86_64-with-glibc2.35,x86_64
Urban100,img_074.png,x4,imdn,prepared_bicubic_lr,img_074.png,4,native_model_grid_then_full_target_size_adjustment,gaussian_11x11_sigma_1.5_population_covariance,rgb_model,gpu,model_forward_only_cuda_events,Tesla T4,14912.6875,159.958984375,715176,IMDN_x4.pth,e660c38221147217a136debeb99eb304d62d9c0f73ac421ed66281b619719714,https://raw.githubusercontent.com/Zheng222/IMDN/master/checkpoints/IMDN_x4.pth,DIV2K,bicubic,680,1024,680,1024,False,23.756176073104008,0.709261785471377,22.270815280474352,0.6975232881105934,24.725500869750977,24.621135711669922,0.2575731432646178,24.501056671142578,25.352256774902344,3,10,680,1024,170,256,2.11.0+cu128,12.8,2026-08-30T20:18:15.165568+00:00,3.13.15,2.1.3,11.3.0,0.25.2,Linux-6.6.122+-x86_64-with-glibc2.35,x86_64
Urban100,img_075.png,x4,imdn,prepared_bicubic_lr,img_075.png,4,native_model_grid_then_full_target_size_adjustment,gaussian_11x11_sigma_1.5_population_covariance,rgb_model,gpu,model_forward_only_cuda_events,Tesla T4,14912.6875,159.958984375,715176,IMDN_x4.pth,e660c38221147217a136debeb99eb304d62d9c0f73ac421ed66281b619719714,https://raw.githubusercontent.com/Zheng222/IMDN/master/checkpoints/IMDN_x4.pth,DIV2K,bicubic,1024,680,1024,680,False,32.03999540094511,0.8927567921181543,30.170550025463715,0.8699351217958414,23.28138885498047,23.145008087158203,0.2701882156408203,22.92972755432129,23.77519989013672,3,10,1024,680,256,170,2.11.0+cu128,12.8,2026-08-30T20:18:16.217958+00:00,3.13.15,2.1.3,11.3.0,0.25.2,Linux-6.6.122+-x86_64-with-glibc2.35,x86_64
Urban100,img_076.png,x4,imdn,prepared_bicubic_lr,img_076.png,4,native_model_grid_then_full_target_size_adjustment,gaussian_11x11_sigma_1.5_population_covariance,rgb_model,gpu,model_forward_only_cuda_events,Tesla T4,14912.6875,159.0341796875,715176,IMDN_x4.pth,e660c38221147217a136debeb99eb304d62d9c0f73ac421ed66281b619719714,https://raw.githubusercontent.com/Zheng222/IMDN/master/checkpoints/IMDN_x4.pth,DIV2K,bicubic,1024,676,1024,676,False,23.105195612743653,0.7355984972324459,21.59291781005045,0.717651109580617,23.23119983673096,23.17313575744629,0.3228634923537015,22.86796760559082,23.84342384338379,3,10,1024,676,256,169,2.11.0+cu128,12.8,2026-08-30T20:18:17.279400+00:00,3.13.15,2.1.3,11.3.0,0.25.2,Linux-6.6.122+-x86_64-with-glibc2.35,x86_64
Urban100,img_077.png,x4,imdn,prepared_bicubic_lr,img_077.png,4,native_model_grid_then_full_target_size_adjustment,gaussian_11x11_sigma_1.5_population_covariance,rgb_model,gpu,model_forward_only_cuda_events,Tesla T4,14912.6875,159.958984375,715176,IMDN_x4.pth,e660c38221147217a136debeb99eb304d62d9c0f73ac421ed66281b619719714,https://raw.githubusercontent.com/Zheng222/IMDN/master/checkpoints/IMDN_x4.pth,DIV2K,bicubic,1024,680,1024,680,False,22.690840664144787,0.6746256578456379,21.294816240677473,0.6581097690703543,23.094124794006348,23.0753116607666,0.34244021456257345,22.700031280517578,23.679584503173828,3,10,1024,680,256,170,2.11.0+cu128,12.8,2026-08-30T20:18:18.378609+00:00,3.13.15,2.1.3,11.3.0,0.25.2,Linux-6.6.122+-x86_64-with-glibc2.35,x86_64
Urban100,img_078.png,x4,imdn,prepared_bicubic_lr,img_078.png,4,native_model_grid_then_full_target_size_adjustment,gaussian_11x11_sigma_1.5_population_covariance,rgb_model,gpu,model_forward_only_cuda_events,Tesla T4,14912.6875,173.1064453125,715176,IMDN_x4.pth,e660c38221147217a136debeb99eb304d62d9c0f73ac421ed66281b619719714,https://raw.githubusercontent.com/Zheng222/IMDN/master/checkpoints/IMDN_x4.pth,DIV2K,bicubic,1024,732,1024,732,False,27.24341109536752,0.7718283146941928,26.036911371807513,0.7384431761437646,24.85399684906006,24.633456230163574,0.46781457229428736,24.49216079711914,26.009567260742188,3,10,1024,732,256,183,2.11.0+cu128,12.8,2026-08-30T20:18:19.624972+00:00,3.13.15,2.1.3,11.3.0,0.25.2,Linux-6.6.122+-x86_64-with-glibc2.35,x86_64
Urban100,img_079.png,x4,imdn,prepared_bicubic_lr,img_079.png,4,native_model_grid_then_full_target_size_adjustment,gaussian_11x11_sigma_1.5_population_covariance,rgb_model,gpu,model_forward_only_cuda_events,Tesla T4,14912.6875,180.3046875,715176,IMDN_x4.pth,e660c38221147217a136debeb99eb304d62d9c0f73ac421ed66281b619719714,https://raw.githubusercontent.com/Zheng222/IMDN/master/checkpoints/IMDN_x4.pth,DIV2K,bicubic,1024,768,1024,768,False,25.40985116118343,0.6971963466148395,23.968977746221178,0.6695748217562594,26.051200294494627,25.77547264099121,0.691329408438484,25.585952758789062,27.899776458740234,3,10,1024,768,256,192,2.11.0+cu128,12.8,2026-08-30T20:18:20.908107+00:00,3.13.15,2.1.3,11.3.0,0.25.2,Linux-6.6.122+-x86_64-with-glibc2.35,x86_64
Urban100,img_080.png,x4,imdn,prepared_bicubic_lr,img_080.png,4,native_model_grid_then_full_target_size_adjustment,gaussian_11x11_sigma_1.5_population_covariance,rgb_model,gpu,model_forward_only_cuda_events,Tesla T4,14912.6875,184.25732421875,715176,IMDN_x4.pth,e660c38221147217a136debeb99eb304d62d9c0f73ac421ed66281b619719714,https://raw.githubusercontent.com/Zheng222/IMDN/master/checkpoints/IMDN_x4.pth,DIV2K,bicubic,776,1036,776,1036,False,35.58542178348973,0.9531465857902774,34.068544467027834,0.9398107316834676,29.514294242858888,29.397103309631348,0.3533314228823868,29.097471237182617,30.409120559692383,3,10,776,1036,194,259,2.11.0+cu128,12.8,2026-08-30T20:18:22.224372+00:00,3.13.15,2.1.3,11.3.0,0.25.2,Linux-6.6.122+-x86_64-with-glibc2.35,x86_64
Urban100,img_081.png,x4,imdn,prepared_bicubic_lr,img_081.png,4,native_model_grid_then_full_target_size_adjustment,gaussian_11x11_sigma_1.5_population_covariance,rgb_model,gpu,model_forward_only_cuda_events,Tesla T4,14912.6875,239.4921875,715176,IMDN_x4.pth,e660c38221147217a136debeb99eb304d62d9c0f73ac421ed66281b619719714,https://raw.githubusercontent.com/Zheng222/IMDN/master/checkpoints/IMDN_x4.pth,DIV2K,bicubic,1024,1024,1024,1024,False,37.86726433372665,0.9750758797127894,34.705254973275075,0.9476650032532832,34.45889663696289,34.36222457885742,0.3075420668391997,34.14118576049805,35.311424255371094,3,10,1024,1024,256,256,2.11.0+cu128,12.8,2026-08-30T20:18:23.979009+00:00,3.13.15,2.1.3,11.3.0,0.25.2,Linux-6.6.122+-x86_64-with-glibc2.35,x86_64
Urban100,img_082.png,x4,imdn,prepared_bicubic_lr,img_082.png,4,native_model_grid_then_full_target_size_adjustment,gaussian_11x11_sigma_1.5_population_covariance,rgb_model,gpu,model_forward_only_cuda_events,Tesla T4,14912.6875,239.4921875,715176,IMDN_x4.pth,e660c38221147217a136debeb99eb304d62d9c0f73ac421ed66281b619719714,https://raw.githubusercontent.com/Zheng222/IMDN/master/checkpoints/IMDN_x4.pth,DIV2K,bicubic,1024,1024,1024,1024,False,33.09054992545477,0.9431479406620565,31.594152068002437,0.9241539691523153,34.39915885925293,34.317392349243164,0.3382031691278549,33.91961669921875,35.307777404785156,3,10,1024,1024,256,256,2.11.0+cu128,12.8,2026-08-30T20:18:26.071830+00:00,3.13.15,2.1.3,11.3.0,0.25.2,Linux-6.6.122+-x86_64-with-glibc2.35,x86_64
Urban100,img_083.png,x4,imdn,prepared_bicubic_lr,img_083.png,4,native_model_grid_then_full_target_size_adjustment,gaussian_11x11_sigma_1.5_population_covariance,rgb_model,gpu,model_forward_only_cuda_events,Tesla T4,14912.6875,235.1025390625,715176,IMDN_x4.pth,e660c38221147217a136debeb99eb304d62d9c0f73ac421ed66281b619719714,https://raw.githubusercontent.com/Zheng222/IMDN/master/checkpoints/IMDN_x4.pth,DIV2K,bicubic,1004,1024,1004,1024,False,22.20673486868613,0.6980988676932112,20.93967403883482,0.6817972587650617,35.97467193603516,35.717519760131836,0.455050786179763,35.5491828918457,37.06470489501953,3,10,1004,1024,251,256,2.11.0+cu128,12.8,2026-08-30T20:18:28.201775+00:00,3.13.15,2.1.3,11.3.0,0.25.2,Linux-6.6.122+-x86_64-with-glibc2.35,x86_64
Urban100,img_084.png,x4,imdn,prepared_bicubic_lr,img_084.png,4,native_model_grid_then_full_target_size_adjustment,gaussian_11x11_sigma_1.5_population_covariance,rgb_model,gpu,model_forward_only_cuda_events,Tesla T4,14912.6875,239.4921875,715176,IMDN_x4.pth,e660c38221147217a136debeb99eb304d62d9c0f73ac421ed66281b619719714,https://raw.githubusercontent.com/Zheng222/IMDN/master/checkpoints/IMDN_x4.pth,DIV2K,bicubic,1024,1024,1024,1024,False,28.662520945696052,0.8109536216117618,27.114478828776292,0.7837190518157255,34.36258544921875,34.302879333496094,0.3287521267287383,33.90262222290039,35.218017578125,3,10,1024,1024,256,256,2.11.0+cu128,12.8,2026-08-30T20:18:29.962338+00:00,3.13.15,2.1.3,11.3.0,0.25.2,Linux-6.6.122+-x86_64-with-glibc2.35,x86_64
Urban100,img_085.png,x4,imdn,prepared_bicubic_lr,img_085.png,4,native_model_grid_then_full_target_size_adjustment,gaussian_11x11_sigma_1.5_population_covariance,rgb_model,gpu,model_forward_only_cuda_events,Tesla T4,14912.6875,159.0341796875,715176,IMDN_x4.pth,e660c38221147217a136debeb99eb304d62d9c0f73ac421ed66281b619719714,https://raw.githubusercontent.com/Zheng222/IMDN/master/checkpoints/IMDN_x4.pth,DIV2K,bicubic,1024,676,1024,676,False,28.07903594355263,0.8989905578733154,26.51466524536689,0.8874400172529672,23.113932609558105,22.985087394714355,0.2893747968020408,22.841344833374023,23.673023223876953,3,10,1024,676,256,169,2.11.0+cu128,12.8,2026-08-30T20:18:31.066158+00:00,3.13.15,2.1.3,11.3.0,0.25.2,Linux-6.6.122+-x86_64-with-glibc2.35,x86_64
Urban100,img_086.png,x4,imdn,prepared_bicubic_lr,img_086.png,4,native_model_grid_then_full_target_size_adjustment,gaussian_11x11_sigma_1.5_population_covariance,rgb_model,gpu,model_forward_only_cuda_events,Tesla T4,14912.6875,180.3046875,715176,IMDN_x4.pth,e660c38221147217a136debeb99eb304d62d9c0f73ac421ed66281b619719714,https://raw.githubusercontent.com/Zheng222/IMDN/master/checkpoints/IMDN_x4.pth,DIV2K,bicubic,1024,768,1024,768,False,30.455183644677916,0.8866197573500182,29.02378711270821,0.8698123731011626,25.957932662963866,25.778656005859375,0.36534018856879863,25.628671646118164,26.842016220092773,3,10,1024,768,256,192,2.11.0+cu128,12.8,2026-08-30T20:18:32.258764+00:00,3.13.15,2.1.3,11.3.0,0.25.2,Linux-6.6.122+-x86_64-with-glibc2.35,x86_64
Urban100,img_087.png,x4,imdn,prepared_bicubic_lr,img_087.png,4,native_model_grid_then_full_target_size_adjustment,gaussian_11x11_sigma_1.5_population_covariance,rgb_model,gpu,model_forward_only_cuda_events,Tesla T4,14912.6875,239.4921875,715176,IMDN_x4.pth,e660c38221147217a136debeb99eb304d62d9c0f73ac421ed66281b619719714,https://raw.githubusercontent.com/Zheng222/IMDN/master/checkpoints/IMDN_x4.pth,DIV2K,bicubic,1024,1024,1024,1024,False,27.97091250082206,0.88918462780031,26.527057672068896,0.8668548493110672,34.433610153198245,34.40750503540039,0.22956260718674001,34.12736129760742,35.026912689208984,3,10,1024,1024,256,256,2.11.0+cu128,12.8,2026-08-30T20:18:33.991323+00:00,3.13.15,2.1.3,11.3.0,0.25.2,Linux-6.6.122+-x86_64-with-glibc2.35,x86_64
Urban100,img_088.png,x4,imdn,prepared_bicubic_lr,img_088.png,4,native_model_grid_then_full_target_size_adjustment,gaussian_11x11_sigma_1.5_population_covariance,rgb_model,gpu,model_forward_only_cuda_events,Tesla T4,14912.6875,158.109375,715176,IMDN_x4.pth,e660c38221147217a136debeb99eb304d62d9c0f73ac421ed66281b619719714,https://raw.githubusercontent.com/Zheng222/IMDN/master/checkpoints/IMDN_x4.pth,DIV2K,bicubic,1024,672,1024,672,False,19.77823693606611,0.5665590203087474,18.442290896385842,0.5476717986165754,22.66983699798584,22.46886444091797,0.4986378350970209,22.123231887817383,23.5894718170166,3,10,1024,672,256,168,2.11.0+cu128,12.8,2026-08-30T20:18:35.130462+00:00,3.13.15,2.1.3,11.3.0,0.25.2,Linux-6.6.122+-x86_64-with-glibc2.35,x86_64
Urban100,img_089.png,x4,imdn,prepared_bicubic_lr,img_089.png,4,native_model_grid_then_full_target_size_adjustment,gaussian_11x11_sigma_1.5_population_covariance,rgb_model,gpu,model_forward_only_cuda_events,Tesla T4,14912.6875,180.3046875,715176,IMDN_x4.pth,e660c38221147217a136debeb99eb304d62d9c0f73ac421ed66281b619719714,https://raw.githubusercontent.com/Zheng222/IMDN/master/checkpoints/IMDN_x4.pth,DIV2K,bicubic,768,1024,768,1024,False,26.77477522182953,0.7178082513116071,25.433525296474503,0.6972199125838557,26.34014720916748,26.109424591064453,0.5369585251708558,25.865983963012695,27.555871963500977,3,10,768,1024,192,256,2.11.0+cu128,12.8,2026-08-30T20:18:36.385945+00:00,3.13.15,2.1.3,11.3.0,0.25.2,Linux-6.6.122+-x86_64-with-glibc2.35,x86_64
Urban100,img_090.png,x4,imdn,prepared_bicubic_lr,img_090.png,4,native_model_grid_then_full_target_size_adjustment,gaussian_11x11_sigma_1.5_population_covariance,rgb_model,gpu,model_forward_only_cuda_events,Tesla T4,14912.6875,159.958984375,715176,IMDN_x4.pth,e660c38221147217a136debeb99eb304d62d9c0f73ac421ed66281b619719714,https://raw.githubusercontent.com/Zheng222/IMDN/master/checkpoints/IMDN_x4.pth,DIV2K,bicubic,1024,680,1024,680,False,38.57641377852673,0.9781812866172118,36.86393439918622,0.9687525732547898,23.448255729675292,23.228591918945312,0.43965160523288366,23.048351287841797,24.399168014526367,3,10,1024,680,256,170,2.11.0+cu128,12.8,2026-08-30T20:18:37.432433+00:00,3.13.15,2.1.3,11.3.0,0.25.2,Linux-6.6.122+-x86_64-with-glibc2.35,x86_64
Urban100,img_091.png,x4,imdn,prepared_bicubic_lr,img_091.png,4,native_model_grid_then_full_target_size_adjustment,gaussian_11x11_sigma_1.5_population_covariance,rgb_model,gpu,model_forward_only_cuda_events,Tesla T4,14912.6875,159.958984375,715176,IMDN_x4.pth,e660c38221147217a136debeb99eb304d62d9c0f73ac421ed66281b619719714,https://raw.githubusercontent.com/Zheng222/IMDN/master/checkpoints/IMDN_x4.pth,DIV2K,bicubic,1024,680,1024,680,False,23.488013548408478,0.6495878033560859,21.69687779187257,0.6162937494367786,23.51178569793701,23.4170560836792,0.4558861255691612,22.99350357055664,24.363840103149414,3,10,1024,680,256,170,2.11.0+cu128,12.8,2026-08-30T20:18:38.803448+00:00,3.13.15,2.1.3,11.3.0,0.25.2,Linux-6.6.122+-x86_64-with-glibc2.35,x86_64
Urban100,img_092.png,x4,imdn,prepared_bicubic_lr,img_092.png,4,native_model_grid_then_full_target_size_adjustment,gaussian_11x11_sigma_1.5_population_covariance,rgb_model,gpu,model_forward_only_cuda_events,Tesla T4,14912.6875,162.7333984375,715176,IMDN_x4.pth,e660c38221147217a136debeb99eb304d62d9c0f73ac421ed66281b619719714,https://raw.githubusercontent.com/Zheng222/IMDN/master/checkpoints/IMDN_x4.pth,DIV2K,bicubic,1024,692,1024,692,False,18.94613118776168,0.6605259776724343,17.614461293331935,0.6409174652327624,23.60143337249756,23.552576065063477,0.24808611123463578,23.316991806030273,24.211711883544922,3,10,1024,692,256,173,2.11.0+cu128,12.8,2026-08-30T20:18:40.175541+00:00,3.13.15,2.1.3,11.3.0,0.25.2,Linux-6.6.122+-x86_64-with-glibc2.35,x86_64
Urban100,img_093.png,x4,imdn,prepared_bicubic_lr,img_093.png,4,native_model_grid_then_full_target_size_adjustment,gaussian_11x11_sigma_1.5_population_covariance,rgb_model,gpu,model_forward_only_cuda_events,Tesla T4,14912.6875,180.3046875,715176,IMDN_x4.pth,e660c38221147217a136debeb99eb304d62d9c0f73ac421ed66281b619719714,https://raw.githubusercontent.com/Zheng222/IMDN/master/checkpoints/IMDN_x4.pth,DIV2K,bicubic,1024,768,1024,768,False,28.685828242166494,0.9287152350334055,27.294251662615988,0.9136210309452214,26.33497886657715,26.099136352539062,0.7843797020709752,25.763839721679688,28.362911224365234,3,10,1024,768,256,192,2.11.0+cu128,12.8,2026-08-30T20:18:41.701346+00:00,3.13.15,2.1.3,11.3.0,0.25.2,Linux-6.6.122+-x86_64-with-glibc2.35,x86_64
Urban100,img_094.png,x4,imdn,prepared_bicubic_lr,img_094.png,4,native_model_grid_then_full_target_size_adjustment,gaussian_11x11_sigma_1.5_population_covariance,rgb_model,gpu,model_forward_only_cuda_events,Tesla T4,14912.6875,180.3046875,715176,IMDN_x4.pth,e660c38221147217a136debeb99eb304d62d9c0f73ac421ed66281b619719714,https://raw.githubusercontent.com/Zheng222/IMDN/master/checkpoints/IMDN_x4.pth,DIV2K,bicubic,1024,768,1024,768,False,27.181023104550313,0.7858858931591033,25.785559551268896,0.7481780726694165,25.757318115234376,25.730607986450195,0.3332273308922633,25.294048309326172,26.403488159179688,3,10,1024,768,256,192,2.11.0+cu128,12.8,2026-08-30T20:18:43.098846+00:00,3.13.15,2.1.3,11.3.0,0.25.2,Linux-6.6.122+-x86_64-with-glibc2.35,x86_64
Urban100,img_095.png,x4,imdn,prepared_bicubic_lr,img_095.png,4,native_model_grid_then_full_target_size_adjustment,gaussian_11x11_sigma_1.5_population_covariance,rgb_model,gpu,model_forward_only_cuda_events,Tesla T4,14912.6875,180.3046875,715176,IMDN_x4.pth,e660c38221147217a136debeb99eb304d62d9c0f73ac421ed66281b619719714,https://raw.githubusercontent.com/Zheng222/IMDN/master/checkpoints/IMDN_x4.pth,DIV2K,bicubic,1024,768,1024,768,False,20.07828446649117,0.44194700960849925,18.754929603363884,0.4235032370255498,26.09039649963379,26.06062412261963,0.30013863594278123,25.766271591186523,26.83087921142578,3,10,1024,768,256,192,2.11.0+cu128,12.8,2026-08-30T20:18:44.378983+00:00,3.13.15,2.1.3,11.3.0,0.25.2,Linux-6.6.122+-x86_64-with-glibc2.35,x86_64
Urban100,img_096.png,x4,imdn,prepared_bicubic_lr,img_096.png,4,native_model_grid_then_full_target_size_adjustment,gaussian_11x11_sigma_1.5_population_covariance,rgb_model,gpu,model_forward_only_cuda_events,Tesla T4,14912.6875,180.3046875,715176,IMDN_x4.pth,e660c38221147217a136debeb99eb304d62d9c0f73ac421ed66281b619719714,https://raw.githubusercontent.com/Zheng222/IMDN/master/checkpoints/IMDN_x4.pth,DIV2K,bicubic,1024,768,1024,768,False,25.13016785489082,0.8628974212089856,23.81208503575018,0.8502684974803246,26.026435089111327,25.78940773010254,0.4830168618706873,25.639392852783203,27.34422492980957,3,10,1024,768,256,192,2.11.0+cu128,12.8,2026-08-30T20:18:45.570126+00:00,3.13.15,2.1.3,11.3.0,0.25.2,Linux-6.6.122+-x86_64-with-glibc2.35,x86_64
Urban100,img_097.png,x4,imdn,prepared_bicubic_lr,img_097.png,4,native_model_grid_then_full_target_size_adjustment,gaussian_11x11_sigma_1.5_population_covariance,rgb_model,gpu,model_forward_only_cuda_events,Tesla T4,14912.6875,159.958984375,715176,IMDN_x4.pth,e660c38221147217a136debeb99eb304d62d9c0f73ac421ed66281b619719714,https://raw.githubusercontent.com/Zheng222/IMDN/master/checkpoints/IMDN_x4.pth,DIV2K,bicubic,1024,680,1024,680,False,24.857848125185214,0.760422866540173,23.43671069851525,0.7431615754975737,23.25462703704834,23.152527809143066,0.29929915735073936,22.97939109802246,23.889951705932617,3,10,1024,680,256,170,2.11.0+cu128,12.8,2026-08-30T20:18:46.671882+00:00,3.13.15,2.1.3,11.3.0,0.25.2,Linux-6.6.122+-x86_64-with-glibc2.35,x86_64
Urban100,img_098.png,x4,imdn,prepared_bicubic_lr,img_098.png,4,native_model_grid_then_full_target_size_adjustment,gaussian_11x11_sigma_1.5_population_covariance,rgb_model,gpu,model_forward_only_cuda_events,Tesla T4,14912.6875,159.958984375,715176,IMDN_x4.pth,e660c38221147217a136debeb99eb304d62d9c0f73ac421ed66281b619719714,https://raw.githubusercontent.com/Zheng222/IMDN/master/checkpoints/IMDN_x4.pth,DIV2K,bicubic,1024,680,1024,680,False,20.62881403374796,0.5268429270884987,19.248310275739225,0.5068112901801262,23.22041263580322,23.097583770751953,0.26112666100759824,22.991775512695312,23.76131248474121,3,10,1024,680,256,170,2.11.0+cu128,12.8,2026-08-30T20:18:47.790417+00:00,3.13.15,2.1.3,11.3.0,0.25.2,Linux-6.6.122+-x86_64-with-glibc2.35,x86_64
Urban100,img_099.png,x4,imdn,prepared_bicubic_lr,img_099.png,4,native_model_grid_then_full_target_size_adjustment,gaussian_11x11_sigma_1.5_population_covariance,rgb_model,gpu,model_forward_only_cuda_events,Tesla T4,14912.6875,188.6279296875,715176,IMDN_x4.pth,e660c38221147217a136debeb99eb304d62d9c0f73ac421ed66281b619719714,https://raw.githubusercontent.com/Zheng222/IMDN/master/checkpoints/IMDN_x4.pth,DIV2K,bicubic,1024,804,1024,804,False,25.779980524564202,0.7909364608393208,23.337498344899945,0.7398392458098985,27.54871063232422,27.523712158203125,0.38089369637101594,27.13043212890625,28.499616622924805,3,10,1024,804,256,201,2.11.0+cu128,12.8,2026-08-30T20:18:49.071322+00:00,3.13.15,2.1.3,11.3.0,0.25.2,Linux-6.6.122+-x86_64-with-glibc2.35,x86_64
Urban100,img_100.png,x4,imdn,prepared_bicubic_lr,img_100.png,4,native_model_grid_then_full_target_size_adjustment,gaussian_11x11_sigma_1.5_population_covariance,rgb_model,gpu,model_forward_only_cuda_events,Tesla T4,14912.6875,239.4921875,715176,IMDN_x4.pth,e660c38221147217a136debeb99eb304d62d9c0f73ac421ed66281b619719714,https://raw.githubusercontent.com/Zheng222/IMDN/master/checkpoints/IMDN_x4.pth,DIV2K,bicubic,1024,1024,1024,1024,False,26.518497509758415,0.7572079639083176,22.329249753381553,0.6845483208686329,34.72533073425293,34.47239875793457,0.6527626769743782,34.304222106933594,36.62815856933594,3,10,1024,1024,256,256,2.11.0+cu128,12.8,2026-08-30T20:18:50.833090+00:00,3.13.15,2.1.3,11.3.0,0.25.2,Linux-6.6.122+-x86_64-with-glibc2.35,x86_64
