dataset,image,scale,method,degradation,lr_source_file,metric_border_pixels,dimension_policy,ssim_protocol,nedi_window_size,nedi_edge_threshold,nedi_scale_strategy,nedi_native_passes,nedi_edge_pixel_count,nedi_pixel_count,nedi_bilinear_fallback_count,nedi_numerical_fallback_count,nedi_dimension_adjustment,nedi_native_width,nedi_native_height,nedi_sampling_grid,psnr_y,ssim_y,psnr_rgb,ssim_rgb,latency_mean_ms,latency_median_ms,latency_std_ms,latency_min_ms,latency_max_ms,warmup_runs,timed_runs,hr_width,hr_height,lr_width,lr_height,generated_at_utc,python_version,numpy_version,pillow_version,skimage_version,operating_system,processor,compute_instance,execution_mode,worker_count
Set5,baby.png,x2,nedi,prepared_bicubic_lr,baby.png,2,native_nedi_grid_then_full_target_size_adjustment,gaussian_11x11_sigma_1.5_population_covariance,8,8.0,native_x2,1,86393,84810,111287,0,False,512,512,even_insertion_2x_half_pixel_aligned,36.117090809320395,0.9420854408015169,34.43138632180045,0.9267201717332997,12573.642333,12256.1849655,719.752781890825,11950.414198,14374.493017,3,10,512,512,256,256,2026-08-30T16:31:29.765490+00:00,3.12.3,2.5.2,12.3.0,0.26.0,Linux-7.0.0-1011-aws-x86_64-with-glibc2.39,x86_64,m7i.2xlarge,parallel_process_workers,4
Set5,bird.png,x2,nedi,prepared_bicubic_lr,bird.png,2,native_nedi_grid_then_full_target_size_adjustment,gaussian_11x11_sigma_1.5_population_covariance,8,8.0,native_x2,1,35246,33708,28213,0,False,288,288,even_insertion_2x_half_pixel_aligned,36.142641775899435,0.9677498907625601,34.16082876861169,0.9454510825298311,4592.2256407,4471.5722235,233.03717884096164,4332.151228,5107.138601,3,10,288,288,144,144,2026-08-30T16:29:40.368833+00:00,3.12.3,2.5.2,12.3.0,0.26.0,Linux-7.0.0-1011-aws-x86_64-with-glibc2.39,x86_64,m7i.2xlarge,parallel_process_workers,4
Set5,butterfly.png,x2,nedi,prepared_bicubic_lr,butterfly.png,2,native_nedi_grid_then_full_target_size_adjustment,gaussian_11x11_sigma_1.5_population_covariance,8,8.0,native_x2,1,27922,26620,22277,0,False,256,256,even_insertion_2x_half_pixel_aligned,27.187479578888976,0.915853889242998,25.823359005043503,0.8972647253423173,3645.8369642000002,3504.0696155,410.76316761195756,3274.698423,4717.508547,3,10,256,256,128,128,2026-08-30T16:29:26.874935+00:00,3.12.3,2.5.2,12.3.0,0.26.0,Linux-7.0.0-1011-aws-x86_64-with-glibc2.39,x86_64,m7i.2xlarge,parallel_process_workers,4
Set5,head.png,x2,nedi,prepared_bicubic_lr,head.png,2,native_nedi_grid_then_full_target_size_adjustment,gaussian_11x11_sigma_1.5_population_covariance,8,8.0,native_x2,1,27512,26505,32016,0,False,280,280,even_insertion_2x_half_pixel_aligned,34.51941018324158,0.8525746110755149,31.155225182862367,0.7843061906917398,4107.7739166,4126.8561465,101.6403437693367,3877.505827,4259.815538,3,10,280,280,140,140,2026-08-30T16:29:34.793709+00:00,3.12.3,2.5.2,12.3.0,0.26.0,Linux-7.0.0-1011-aws-x86_64-with-glibc2.39,x86_64,m7i.2xlarge,parallel_process_workers,4
Set5,woman.png,x2,nedi,prepared_bicubic_lr,woman.png,2,native_nedi_grid_then_full_target_size_adjustment,gaussian_11x11_sigma_1.5_population_covariance,8,8.0,native_x2,1,29136,27909,30630,0,False,228,344,even_insertion_2x_half_pixel_aligned,31.815341024696018,0.9436534042153704,30.38497111840543,0.9333933127799071,3828.3528819,3776.598408,142.20818730962523,3651.031746,4185.871836,3,10,228,344,114,172,2026-08-30T16:30:18.321979+00:00,3.12.3,2.5.2,12.3.0,0.26.0,Linux-7.0.0-1011-aws-x86_64-with-glibc2.39,x86_64,m7i.2xlarge,parallel_process_workers,4
Set14,baboon.png,x2,nedi,prepared_bicubic_lr,baboon.png,2,native_nedi_grid_then_full_target_size_adjustment,gaussian_11x11_sigma_1.5_population_covariance,8,8.0,native_x2,1,142888,139431,40080,0,False,500,480,even_insertion_2x_half_pixel_aligned,24.664653739934007,0.6756215513089893,22.519469828549546,0.6150261554572131,15349.6510527,15244.862937,914.1088012031264,14396.70036,17708.441168,3,10,500,480,250,240,2026-08-30T16:34:50.423887+00:00,3.12.3,2.5.2,12.3.0,0.26.0,Linux-7.0.0-1011-aws-x86_64-with-glibc2.39,x86_64,m7i.2xlarge,parallel_process_workers,4
Set14,barbara.png,x2,nedi,prepared_bicubic_lr,barbara.png,2,native_nedi_grid_then_full_target_size_adjustment,gaussian_11x11_sigma_1.5_population_covariance,8,8.0,native_x2,1,170528,167934,142459,0,False,720,576,even_insertion_2x_half_pixel_aligned,27.08639886036572,0.8292425080181329,25.588009797787915,0.806755354809376,24506.9974795,24174.443794500003,1128.8817223096553,22881.983747,26949.532585,3,10,720,576,360,288,2026-08-30T16:36:48.461672+00:00,3.12.3,2.5.2,12.3.0,0.26.0,Linux-7.0.0-1011-aws-x86_64-with-glibc2.39,x86_64,m7i.2xlarge,parallel_process_workers,4
Set14,bridge.png,x2,nedi,prepared_bicubic_lr,bridge.png,2,native_nedi_grid_then_full_target_size_adjustment,gaussian_11x11_sigma_1.5_population_covariance,8,8.0,native_x2,1,159917,156341,39756,0,False,512,512,even_insertion_2x_half_pixel_aligned,27.307013790575517,0.7707280029131026,25.985092478698782,0.7573742368872152,16819.118365,16644.0444835,712.1820359762302,15897.01839,18360.046845,3,10,512,512,256,256,2026-08-30T16:35:09.906318+00:00,3.12.3,2.5.2,12.3.0,0.26.0,Linux-7.0.0-1011-aws-x86_64-with-glibc2.39,x86_64,m7i.2xlarge,parallel_process_workers,4
Set14,coastguard.png,x2,nedi,prepared_bicubic_lr,coastguard.png,2,native_nedi_grid_then_full_target_size_adjustment,gaussian_11x11_sigma_1.5_population_covariance,8,8.0,native_x2,1,54586,52638,23075,0,False,352,288,even_insertion_2x_half_pixel_aligned,28.498272141575885,0.7585071436481745,27.13585448225185,0.7367504339416407,6203.0395667,6159.0278765,210.9753554294674,5883.039049,6547.657996,3,10,352,288,176,144,2026-08-30T16:32:50.524854+00:00,3.12.3,2.5.2,12.3.0,0.26.0,Linux-7.0.0-1011-aws-x86_64-with-glibc2.39,x86_64,m7i.2xlarge,parallel_process_workers,4
Set14,comic.png,x2,nedi,prepared_bicubic_lr,comic.png,2,native_nedi_grid_then_full_target_size_adjustment,gaussian_11x11_sigma_1.5_population_covariance,8,8.0,native_x2,1,53140,51322,15874,0,True,250,360,even_insertion_2x_half_pixel_aligned,25.440090453499252,0.8251873720602609,23.98658819198538,0.8140380323264447,5445.4025394,5387.81883,316.25166473587365,5090.160816,6313.898529,3,10,250,361,125,180,2026-08-30T16:34:01.238064+00:00,3.12.3,2.5.2,12.3.0,0.26.0,Linux-7.0.0-1011-aws-x86_64-with-glibc2.39,x86_64,m7i.2xlarge,parallel_process_workers,4
Set14,face.png,x2,nedi,prepared_bicubic_lr,face.png,2,native_nedi_grid_then_full_target_size_adjustment,gaussian_11x11_sigma_1.5_population_covariance,8,8.0,native_x2,1,26941,25965,30892,0,False,276,276,even_insertion_2x_half_pixel_aligned,34.49177134555392,0.8524092427982413,31.12675841911298,0.7842482264939005,3968.0013658,3943.591057,121.54355861206754,3864.368929,4284.238853,3,10,276,276,138,138,2026-08-30T16:34:53.306634+00:00,3.12.3,2.5.2,12.3.0,0.26.0,Linux-7.0.0-1011-aws-x86_64-with-glibc2.39,x86_64,m7i.2xlarge,parallel_process_workers,4
Set14,flowers.png,x2,nedi,prepared_bicubic_lr,flowers.png,2,native_nedi_grid_then_full_target_size_adjustment,gaussian_11x11_sigma_1.5_population_covariance,8,8.0,native_x2,1,79966,78910,56410,0,False,500,362,even_insertion_2x_half_pixel_aligned,29.735129262758928,0.8827869321688123,27.924513931305093,0.8638905221390861,10403.5886875,10300.7051535,510.22735068272357,9775.704473,11531.38275,3,10,500,362,250,181,2026-08-30T16:37:05.363058+00:00,3.12.3,2.5.2,12.3.0,0.26.0,Linux-7.0.0-1011-aws-x86_64-with-glibc2.39,x86_64,m7i.2xlarge,parallel_process_workers,4
Set14,foreman.png,x2,nedi,prepared_bicubic_lr,foreman.png,2,native_nedi_grid_then_full_target_size_adjustment,gaussian_11x11_sigma_1.5_population_covariance,8,8.0,native_x2,1,30460,28757,46956,0,False,352,288,even_insertion_2x_half_pixel_aligned,33.98483517366134,0.9504338709915413,32.340931652376234,0.9408035520303338,5678.4777051,5768.864864499999,434.6491111643901,5087.38774,6488.21436,3,10,352,288,176,144,2026-08-30T16:36:05.256169+00:00,3.12.3,2.5.2,12.3.0,0.26.0,Linux-7.0.0-1011-aws-x86_64-with-glibc2.39,x86_64,m7i.2xlarge,parallel_process_workers,4
Set14,lenna.png,x2,nedi,prepared_bicubic_lr,lenna.png,2,native_nedi_grid_then_full_target_size_adjustment,gaussian_11x11_sigma_1.5_population_covariance,8,8.0,native_x2,1,78391,77304,118793,0,False,512,512,even_insertion_2x_half_pixel_aligned,34.37350693509376,0.9050817663964354,31.955798676101395,0.8418535682800892,14060.4614921,13943.366097499998,409.78220878650296,13619.966756,15169.816302,3,10,512,512,256,256,2026-08-30T16:38:14.936988+00:00,3.12.3,2.5.2,12.3.0,0.26.0,Linux-7.0.0-1011-aws-x86_64-with-glibc2.39,x86_64,m7i.2xlarge,parallel_process_workers,4
Set14,man.png,x2,nedi,prepared_bicubic_lr,man.png,2,native_nedi_grid_then_full_target_size_adjustment,gaussian_11x11_sigma_1.5_population_covariance,8,8.0,native_x2,1,121749,118948,77149,0,False,512,512,even_insertion_2x_half_pixel_aligned,28.963447153917528,0.8319083228754447,27.641525842040796,0.8157562986051022,15205.2603101,15242.81006,424.9764378065491,14602.863723,16251.788131,3,10,512,512,256,256,2026-08-30T16:39:22.770796+00:00,3.12.3,2.5.2,12.3.0,0.26.0,Linux-7.0.0-1011-aws-x86_64-with-glibc2.39,x86_64,m7i.2xlarge,parallel_process_workers,4
Set14,monarch.png,x2,nedi,prepared_bicubic_lr,monarch.png,2,native_nedi_grid_then_full_target_size_adjustment,gaussian_11x11_sigma_1.5_population_covariance,8,8.0,native_x2,1,108123,106719,187554,0,False,768,512,even_insertion_2x_half_pixel_aligned,32.47295787578377,0.9564322856713838,31.0024876416541,0.9439245778787481,19831.8875758,19528.513321,792.3619703950093,18807.735559,21420.917966,3,10,768,512,384,256,2026-08-30T16:41:09.001894+00:00,3.12.3,2.5.2,12.3.0,0.26.0,Linux-7.0.0-1011-aws-x86_64-with-glibc2.39,x86_64,m7i.2xlarge,parallel_process_workers,4
Set14,pepper.png,x2,nedi,prepared_bicubic_lr,pepper.png,2,native_nedi_grid_then_full_target_size_adjustment,gaussian_11x11_sigma_1.5_population_covariance,8,8.0,native_x2,1,70934,68748,127349,0,False,512,512,even_insertion_2x_half_pixel_aligned,34.78004581459818,0.9037504396735873,31.86232604896241,0.8291942311470724,13212.3948327,13263.9075495,291.6434231905028,12754.091913,13566.627541,3,10,512,512,256,256,2026-08-30T16:39:58.704823+00:00,3.12.3,2.5.2,12.3.0,0.26.0,Linux-7.0.0-1011-aws-x86_64-with-glibc2.39,x86_64,m7i.2xlarge,parallel_process_workers,4
Set14,ppt3.png,x2,nedi,prepared_bicubic_lr,ppt3.png,2,native_nedi_grid_then_full_target_size_adjustment,gaussian_11x11_sigma_1.5_population_covariance,8,8.0,native_x2,1,70896,70833,188352,0,True,528,656,even_insertion_2x_half_pixel_aligned,26.338440410923816,0.9422024526221702,24.84810406305277,0.9288600379956952,16294.7398444,16313.411339999999,299.2107679063113,15915.878412,17020.017128,3,10,529,656,264,328,2026-08-30T16:41:51.611747+00:00,3.12.3,2.5.2,12.3.0,0.26.0,Linux-7.0.0-1011-aws-x86_64-with-glibc2.39,x86_64,m7i.2xlarge,parallel_process_workers,4
Set14,zebra.png,x2,nedi,prepared_bicubic_lr,zebra.png,2,native_nedi_grid_then_full_target_size_adjustment,gaussian_11x11_sigma_1.5_population_covariance,8,8.0,native_x2,1,133952,130654,40264,0,True,586,390,even_insertion_2x_half_pixel_aligned,30.12033636243462,0.8863493157722707,28.72164095700078,0.8766131019423463,13015.869724799999,13051.540445,335.9071905076767,12281.314896,13480.74404,3,10,586,391,293,195,2026-08-30T16:42:13.201054+00:00,3.12.3,2.5.2,12.3.0,0.26.0,Linux-7.0.0-1011-aws-x86_64-with-glibc2.39,x86_64,m7i.2xlarge,parallel_process_workers,4
BSD100,101085.png,x2,nedi,prepared_bicubic_lr,101085.png,2,native_nedi_grid_then_full_target_size_adjustment,gaussian_11x11_sigma_1.5_population_covariance,8,8.0,native_x2,1,92207,89385,25416,0,True,320,480,even_insertion_2x_half_pixel_aligned,25.30419420858677,0.6884445775166504,23.968082791669612,0.6634732822086022,9148.312586,9077.59617,289.70738793357737,8762.711007,9801.609127,3,10,321,481,160,240,2026-08-30T16:44:17.417752+00:00,3.12.3,2.5.2,12.3.0,0.26.0,Linux-7.0.0-1011-aws-x86_64-with-glibc2.39,x86_64,m7i.2xlarge,parallel_process_workers,4
BSD100,101087.png,x2,nedi,prepared_bicubic_lr,101087.png,2,native_nedi_grid_then_full_target_size_adjustment,gaussian_11x11_sigma_1.5_population_covariance,8,8.0,native_x2,1,45020,44045,70756,0,True,320,480,even_insertion_2x_half_pixel_aligned,30.180226423271396,0.8727257713250819,28.824944123968375,0.8620406365307121,7855.8216934,7798.614305,263.535615621325,7580.496507,8475.112061,3,10,321,481,160,240,2026-08-30T16:43:59.797930+00:00,3.12.3,2.5.2,12.3.0,0.26.0,Linux-7.0.0-1011-aws-x86_64-with-glibc2.39,x86_64,m7i.2xlarge,parallel_process_workers,4
BSD100,102061.png,x2,nedi,prepared_bicubic_lr,102061.png,2,native_nedi_grid_then_full_target_size_adjustment,gaussian_11x11_sigma_1.5_population_covariance,8,8.0,native_x2,1,43472,42680,72121,0,True,320,480,even_insertion_2x_half_pixel_aligned,27.627835389523348,0.8554497096999932,26.262354807511148,0.8413327267120424,7710.8216041,7622.459659,239.4874602212197,7408.854752,8255.229592,3,10,321,481,160,240,2026-08-30T16:43:57.053616+00:00,3.12.3,2.5.2,12.3.0,0.26.0,Linux-7.0.0-1011-aws-x86_64-with-glibc2.39,x86_64,m7i.2xlarge,parallel_process_workers,4
BSD100,103070.png,x2,nedi,prepared_bicubic_lr,103070.png,2,native_nedi_grid_then_full_target_size_adjustment,gaussian_11x11_sigma_1.5_population_covariance,8,8.0,native_x2,1,65014,63150,51651,0,True,480,320,even_insertion_2x_half_pixel_aligned,32.7457979072673,0.915048730974005,31.287446057238164,0.9052239393067256,8506.8499436,8446.726694,314.35350421645296,8101.232922,8987.539086,3,10,481,321,240,160,2026-08-30T16:44:07.806751+00:00,3.12.3,2.5.2,12.3.0,0.26.0,Linux-7.0.0-1011-aws-x86_64-with-glibc2.39,x86_64,m7i.2xlarge,parallel_process_workers,4
BSD100,105025.png,x2,nedi,prepared_bicubic_lr,105025.png,2,native_nedi_grid_then_full_target_size_adjustment,gaussian_11x11_sigma_1.5_population_covariance,8,8.0,native_x2,1,77712,75816,38985,0,True,480,320,even_insertion_2x_half_pixel_aligned,28.150200940172713,0.8151906948756115,26.78766952433226,0.8019697397830429,9256.0116914,9369.4987625,434.4169250331228,8395.79899,10082.18471,3,10,481,321,240,160,2026-08-30T16:45:57.806832+00:00,3.12.3,2.5.2,12.3.0,0.26.0,Linux-7.0.0-1011-aws-x86_64-with-glibc2.39,x86_64,m7i.2xlarge,parallel_process_workers,4
BSD100,106024.png,x2,nedi,prepared_bicubic_lr,106024.png,2,native_nedi_grid_then_full_target_size_adjustment,gaussian_11x11_sigma_1.5_population_covariance,8,8.0,native_x2,1,38194,36226,78575,0,True,480,320,even_insertion_2x_half_pixel_aligned,34.92043884861522,0.931097658199657,33.35541760387484,0.9206791743668171,8170.0592948,8009.396444,640.7910894228954,7636.716954,10035.427941,3,10,481,321,240,160,2026-08-30T16:45:45.200135+00:00,3.12.3,2.5.2,12.3.0,0.26.0,Linux-7.0.0-1011-aws-x86_64-with-glibc2.39,x86_64,m7i.2xlarge,parallel_process_workers,4
BSD100,108005.png,x2,nedi,prepared_bicubic_lr,108005.png,2,native_nedi_grid_then_full_target_size_adjustment,gaussian_11x11_sigma_1.5_population_covariance,8,8.0,native_x2,1,85329,83218,31583,0,True,480,320,even_insertion_2x_half_pixel_aligned,28.913238473185352,0.8643904075002333,27.556157094221764,0.8466243685187772,9814.1980455,9786.270876499999,389.2570207438882,9293.484222,10685.137151,3,10,481,321,240,160,2026-08-30T16:46:14.373642+00:00,3.12.3,2.5.2,12.3.0,0.26.0,Linux-7.0.0-1011-aws-x86_64-with-glibc2.39,x86_64,m7i.2xlarge,parallel_process_workers,4
BSD100,108070.png,x2,nedi,prepared_bicubic_lr,108070.png,2,native_nedi_grid_then_full_target_size_adjustment,gaussian_11x11_sigma_1.5_population_covariance,8,8.0,native_x2,1,90277,87884,26917,0,True,480,320,even_insertion_2x_half_pixel_aligned,24.942730507818727,0.7421708502334717,23.612958976233926,0.7180076160232999,10000.6571442,9811.481037000001,569.4384425630824,9499.77958,11401.497666,3,10,481,321,240,160,2026-08-30T16:46:25.685511+00:00,3.12.3,2.5.2,12.3.0,0.26.0,Linux-7.0.0-1011-aws-x86_64-with-glibc2.39,x86_64,m7i.2xlarge,parallel_process_workers,4
BSD100,108082.png,x2,nedi,prepared_bicubic_lr,108082.png,2,native_nedi_grid_then_full_target_size_adjustment,gaussian_11x11_sigma_1.5_population_covariance,8,8.0,native_x2,1,69301,67808,46993,0,True,480,320,even_insertion_2x_half_pixel_aligned,29.543178425363298,0.8684324099954333,28.17133181383184,0.8540285013506578,8828.354385,8744.562118,333.9801509337,8307.776937,9292.023711,3,10,481,321,240,160,2026-08-30T16:47:42.785750+00:00,3.12.3,2.5.2,12.3.0,0.26.0,Linux-7.0.0-1011-aws-x86_64-with-glibc2.39,x86_64,m7i.2xlarge,parallel_process_workers,4
BSD100,109053.png,x2,nedi,prepared_bicubic_lr,109053.png,2,native_nedi_grid_then_full_target_size_adjustment,gaussian_11x11_sigma_1.5_population_covariance,8,8.0,native_x2,1,62763,60925,53876,0,True,480,320,even_insertion_2x_half_pixel_aligned,31.278478455606063,0.8776389999842578,29.87128892240079,0.8648075722015772,8741.2420938,8824.9665805,224.71614187933002,8350.482115,9019.44281,3,10,481,321,240,160,2026-08-30T16:47:52.163470+00:00,3.12.3,2.5.2,12.3.0,0.26.0,Linux-7.0.0-1011-aws-x86_64-with-glibc2.39,x86_64,m7i.2xlarge,parallel_process_workers,4
BSD100,119082.png,x2,nedi,prepared_bicubic_lr,119082.png,2,native_nedi_grid_then_full_target_size_adjustment,gaussian_11x11_sigma_1.5_population_covariance,8,8.0,native_x2,1,74029,71831,42970,0,True,480,320,even_insertion_2x_half_pixel_aligned,25.87174156232144,0.8091613017524377,24.541622958624405,0.792088481434578,8998.8212732,8990.9603685,150.8837714564973,8724.013333,9219.268722,3,10,481,321,240,160,2026-08-30T16:48:12.954524+00:00,3.12.3,2.5.2,12.3.0,0.26.0,Linux-7.0.0-1011-aws-x86_64-with-glibc2.39,x86_64,m7i.2xlarge,parallel_process_workers,4
BSD100,12084.png,x2,nedi,prepared_bicubic_lr,12084.png,2,native_nedi_grid_then_full_target_size_adjustment,gaussian_11x11_sigma_1.5_population_covariance,8,8.0,native_x2,1,80474,78442,36359,0,True,480,320,even_insertion_2x_half_pixel_aligned,30.211688639784683,0.8500403997537112,28.7659554914233,0.8403257074378745,9112.7194655,9092.2113575,193.871237433516,8686.43188,9387.529381,3,10,481,321,240,160,2026-08-30T16:48:24.815117+00:00,3.12.3,2.5.2,12.3.0,0.26.0,Linux-7.0.0-1011-aws-x86_64-with-glibc2.39,x86_64,m7i.2xlarge,parallel_process_workers,4
BSD100,123074.png,x2,nedi,prepared_bicubic_lr,123074.png,2,native_nedi_grid_then_full_target_size_adjustment,gaussian_11x11_sigma_1.5_population_covariance,8,8.0,native_x2,1,76245,73922,40879,0,True,480,320,even_insertion_2x_half_pixel_aligned,32.5317100672217,0.8998420505659692,31.091246790839126,0.8897964263991655,8615.6409811,8687.848769,250.1458033422228,8088.66499,8957.374125,3,10,481,321,240,160,2026-08-30T16:49:35.804182+00:00,3.12.3,2.5.2,12.3.0,0.26.0,Linux-7.0.0-1011-aws-x86_64-with-glibc2.39,x86_64,m7i.2xlarge,parallel_process_workers,4
BSD100,126007.png,x2,nedi,prepared_bicubic_lr,126007.png,2,native_nedi_grid_then_full_target_size_adjustment,gaussian_11x11_sigma_1.5_population_covariance,8,8.0,native_x2,1,41177,40214,74587,0,True,480,320,even_insertion_2x_half_pixel_aligned,30.658866059229368,0.8808863286461417,29.2317447642581,0.8637562206450285,7364.030557399999,7271.1734,251.80821247633142,7004.604992,7836.41277,3,10,481,321,240,160,2026-08-30T16:49:29.188315+00:00,3.12.3,2.5.2,12.3.0,0.26.0,Linux-7.0.0-1011-aws-x86_64-with-glibc2.39,x86_64,m7i.2xlarge,parallel_process_workers,4
BSD100,130026.png,x2,nedi,prepared_bicubic_lr,130026.png,2,native_nedi_grid_then_full_target_size_adjustment,gaussian_11x11_sigma_1.5_population_covariance,8,8.0,native_x2,1,77248,75181,39620,0,True,480,320,even_insertion_2x_half_pixel_aligned,26.940281546350597,0.7923505133811549,25.6041565947677,0.7725487515458821,8638.237088,8691.3263435,137.0812216587712,8332.590577,8792.976028,3,10,481,321,240,160,2026-08-30T16:50:05.864556+00:00,3.12.3,2.5.2,12.3.0,0.26.0,Linux-7.0.0-1011-aws-x86_64-with-glibc2.39,x86_64,m7i.2xlarge,parallel_process_workers,4
BSD100,134035.png,x2,nedi,prepared_bicubic_lr,134035.png,2,native_nedi_grid_then_full_target_size_adjustment,gaussian_11x11_sigma_1.5_population_covariance,8,8.0,native_x2,1,86342,83943,30858,0,True,480,320,even_insertion_2x_half_pixel_aligned,27.003709443851438,0.8536058019082171,25.614765995060008,0.8439168865665437,8737.0169123,8727.586604,140.51110342179305,8526.794963,9018.828543,3,10,481,321,240,160,2026-08-30T16:50:19.108659+00:00,3.12.3,2.5.2,12.3.0,0.26.0,Linux-7.0.0-1011-aws-x86_64-with-glibc2.39,x86_64,m7i.2xlarge,parallel_process_workers,4
BSD100,14037.png,x2,nedi,prepared_bicubic_lr,14037.png,2,native_nedi_grid_then_full_target_size_adjustment,gaussian_11x11_sigma_1.5_population_covariance,8,8.0,native_x2,1,33987,32765,82036,0,True,480,320,even_insertion_2x_half_pixel_aligned,35.63041299459988,0.9268604112752444,34.032457026203474,0.9094152113590969,7200.3681746,7199.0199945,280.5576861706472,6848.099302,7730.828679,3,10,481,321,240,160,2026-08-30T16:51:03.141494+00:00,3.12.3,2.5.2,12.3.0,0.26.0,Linux-7.0.0-1011-aws-x86_64-with-glibc2.39,x86_64,m7i.2xlarge,parallel_process_workers,4
BSD100,143090.png,x2,nedi,prepared_bicubic_lr,143090.png,2,native_nedi_grid_then_full_target_size_adjustment,gaussian_11x11_sigma_1.5_population_covariance,8,8.0,native_x2,1,30599,29824,84977,0,True,480,320,even_insertion_2x_half_pixel_aligned,34.362652132105815,0.9299552599694076,32.76149055522519,0.9199585408475389,7240.3867842,7268.3755205,169.46118746409923,6913.295803,7515.615377,3,10,481,321,240,160,2026-08-30T16:51:09.168413+00:00,3.12.3,2.5.2,12.3.0,0.26.0,Linux-7.0.0-1011-aws-x86_64-with-glibc2.39,x86_64,m7i.2xlarge,parallel_process_workers,4
BSD100,145086.png,x2,nedi,prepared_bicubic_lr,145086.png,2,native_nedi_grid_then_full_target_size_adjustment,gaussian_11x11_sigma_1.5_population_covariance,8,8.0,native_x2,1,61367,59583,55218,0,True,480,320,even_insertion_2x_half_pixel_aligned,26.901390238842758,0.7966471667530045,25.555541740487527,0.7749550178626929,8245.5649001,8243.530465,86.57517624438741,8114.533366,8389.930843,3,10,481,321,240,160,2026-08-30T16:51:52.607423+00:00,3.12.3,2.5.2,12.3.0,0.26.0,Linux-7.0.0-1011-aws-x86_64-with-glibc2.39,x86_64,m7i.2xlarge,parallel_process_workers,4
BSD100,147091.png,x2,nedi,prepared_bicubic_lr,147091.png,2,native_nedi_grid_then_full_target_size_adjustment,gaussian_11x11_sigma_1.5_population_covariance,8,8.0,native_x2,1,44098,42904,71897,0,True,480,320,even_insertion_2x_half_pixel_aligned,27.196617309985204,0.8489243892549868,25.84158657262042,0.8289926170376217,7700.321106,7673.5422204999995,211.89149157436853,7345.643293,8185.197703,3,10,481,321,240,160,2026-08-30T16:51:59.361473+00:00,3.12.3,2.5.2,12.3.0,0.26.0,Linux-7.0.0-1011-aws-x86_64-with-glibc2.39,x86_64,m7i.2xlarge,parallel_process_workers,4
BSD100,148026.png,x2,nedi,prepared_bicubic_lr,148026.png,2,native_nedi_grid_then_full_target_size_adjustment,gaussian_11x11_sigma_1.5_population_covariance,8,8.0,native_x2,1,82080,79619,35182,0,True,320,480,even_insertion_2x_half_pixel_aligned,23.7690029745915,0.7803084072480584,22.461191249427102,0.7602034396610704,8900.6049687,8934.290509999999,240.77613311648713,8596.564788,9487.810875,3,10,321,481,160,240,2026-08-30T16:52:59.141134+00:00,3.12.3,2.5.2,12.3.0,0.26.0,Linux-7.0.0-1011-aws-x86_64-with-glibc2.39,x86_64,m7i.2xlarge,parallel_process_workers,4
BSD100,148089.png,x2,nedi,prepared_bicubic_lr,148089.png,2,native_nedi_grid_then_full_target_size_adjustment,gaussian_11x11_sigma_1.5_population_covariance,8,8.0,native_x2,1,90416,88291,26510,0,True,480,320,even_insertion_2x_half_pixel_aligned,25.505451373077808,0.749752962327913,24.194012485937833,0.7272860275057006,9089.6296527,9124.610756999999,129.12598574277584,8923.989421,9348.592776,3,10,481,321,240,160,2026-08-30T16:53:07.657531+00:00,3.12.3,2.5.2,12.3.0,0.26.0,Linux-7.0.0-1011-aws-x86_64-with-glibc2.39,x86_64,m7i.2xlarge,parallel_process_workers,4
BSD100,156065.png,x2,nedi,prepared_bicubic_lr,156065.png,2,native_nedi_grid_then_full_target_size_adjustment,gaussian_11x11_sigma_1.5_population_covariance,8,8.0,native_x2,1,78899,76871,37930,0,True,480,320,even_insertion_2x_half_pixel_aligned,26.210107341970787,0.681343189169628,24.875848373871563,0.6545914942935628,8606.484081,8560.7621005,337.80266210240325,8176.393288,9461.774827,3,10,481,321,240,160,2026-08-30T16:53:44.667054+00:00,3.12.3,2.5.2,12.3.0,0.26.0,Linux-7.0.0-1011-aws-x86_64-with-glibc2.39,x86_64,m7i.2xlarge,parallel_process_workers,4
BSD100,157055.png,x2,nedi,prepared_bicubic_lr,157055.png,2,native_nedi_grid_then_full_target_size_adjustment,gaussian_11x11_sigma_1.5_population_covariance,8,8.0,native_x2,1,68708,67157,47644,0,True,480,320,even_insertion_2x_half_pixel_aligned,28.127077129280423,0.8692945374132751,26.736251437477527,0.858168307799409,8360.8768363,8429.106384,341.59798513482787,7817.467495,9000.481992,3,10,481,321,240,160,2026-08-30T16:53:49.307632+00:00,3.12.3,2.5.2,12.3.0,0.26.0,Linux-7.0.0-1011-aws-x86_64-with-glibc2.39,x86_64,m7i.2xlarge,parallel_process_workers,4
BSD100,159008.png,x2,nedi,prepared_bicubic_lr,159008.png,2,native_nedi_grid_then_full_target_size_adjustment,gaussian_11x11_sigma_1.5_population_covariance,8,8.0,native_x2,1,78008,75501,39300,0,True,480,320,even_insertion_2x_half_pixel_aligned,29.51805627192167,0.894356495736934,28.17483385881697,0.8761791218207207,8396.1940283,8421.669898,104.40326594186453,8248.792065,8582.341059,3,10,481,321,240,160,2026-08-30T16:54:48.593382+00:00,3.12.3,2.5.2,12.3.0,0.26.0,Linux-7.0.0-1011-aws-x86_64-with-glibc2.39,x86_64,m7i.2xlarge,parallel_process_workers,4
BSD100,160068.png,x2,nedi,prepared_bicubic_lr,160068.png,2,native_nedi_grid_then_full_target_size_adjustment,gaussian_11x11_sigma_1.5_population_covariance,8,8.0,native_x2,1,45812,45351,69450,0,True,480,320,even_insertion_2x_half_pixel_aligned,29.193795294846076,0.8948985253091315,27.838740751865355,0.8818104217413915,7410.2157762,7468.6659495,212.06328488174674,7047.287552,7726.955139,3,10,481,321,240,160,2026-08-30T16:54:44.421638+00:00,3.12.3,2.5.2,12.3.0,0.26.0,Linux-7.0.0-1011-aws-x86_64-with-glibc2.39,x86_64,m7i.2xlarge,parallel_process_workers,4
BSD100,16077.png,x2,nedi,prepared_bicubic_lr,16077.png,2,native_nedi_grid_then_full_target_size_adjustment,gaussian_11x11_sigma_1.5_population_covariance,8,8.0,native_x2,1,72952,70728,44073,0,True,480,320,even_insertion_2x_half_pixel_aligned,29.70490822827985,0.8337156843009806,28.31999407471074,0.8142531341446041,8249.5797094,8281.4283125,182.57104332670937,7904.487264,8493.415571,3,10,481,321,240,160,2026-08-30T16:55:31.915377+00:00,3.12.3,2.5.2,12.3.0,0.26.0,Linux-7.0.0-1011-aws-x86_64-with-glibc2.39,x86_64,m7i.2xlarge,parallel_process_workers,4
BSD100,163085.png,x2,nedi,prepared_bicubic_lr,163085.png,2,native_nedi_grid_then_full_target_size_adjustment,gaussian_11x11_sigma_1.5_population_covariance,8,8.0,native_x2,1,60861,59260,55541,0,True,480,320,even_insertion_2x_half_pixel_aligned,31.99061814235225,0.883065430953801,30.55762811042754,0.8687376310826934,7882.6461648,7878.2532445,179.56679324222483,7546.47146,8192.660785,3,10,481,321,240,160,2026-08-30T16:55:31.881137+00:00,3.12.3,2.5.2,12.3.0,0.26.0,Linux-7.0.0-1011-aws-x86_64-with-glibc2.39,x86_64,m7i.2xlarge,parallel_process_workers,4
BSD100,167062.png,x2,nedi,prepared_bicubic_lr,167062.png,2,native_nedi_grid_then_full_target_size_adjustment,gaussian_11x11_sigma_1.5_population_covariance,8,8.0,native_x2,1,20288,19857,94944,0,True,480,320,even_insertion_2x_half_pixel_aligned,32.21665162840959,0.9180715338993471,30.82215409403464,0.9003128997117642,6715.2664019,6730.377401,201.82593990233244,6364.281654,6973.961016,3,10,481,321,240,160,2026-08-30T16:56:11.792179+00:00,3.12.3,2.5.2,12.3.0,0.26.0,Linux-7.0.0-1011-aws-x86_64-with-glibc2.39,x86_64,m7i.2xlarge,parallel_process_workers,4
BSD100,167083.png,x2,nedi,prepared_bicubic_lr,167083.png,2,native_nedi_grid_then_full_target_size_adjustment,gaussian_11x11_sigma_1.5_population_covariance,8,8.0,native_x2,1,88331,86114,28687,0,True,320,480,even_insertion_2x_half_pixel_aligned,21.404951324144747,0.6350724936684848,20.089170908172257,0.6232599736175918,8886.464958,8952.887254500001,162.2336633047856,8578.322158,9103.960509,3,10,321,481,160,240,2026-08-30T16:56:43.698984+00:00,3.12.3,2.5.2,12.3.0,0.26.0,Linux-7.0.0-1011-aws-x86_64-with-glibc2.39,x86_64,m7i.2xlarge,parallel_process_workers,4
BSD100,170057.png,x2,nedi,prepared_bicubic_lr,170057.png,2,native_nedi_grid_then_full_target_size_adjustment,gaussian_11x11_sigma_1.5_population_covariance,8,8.0,native_x2,1,70913,68700,46101,0,True,480,320,even_insertion_2x_half_pixel_aligned,32.03866799177806,0.8995098211852447,30.623620575322548,0.8830164751881244,8645.0117533,8642.179961,170.73764473999987,8391.246318,8925.35902,3,10,481,321,240,160,2026-08-30T16:57:24.559048+00:00,3.12.3,2.5.2,12.3.0,0.26.0,Linux-7.0.0-1011-aws-x86_64-with-glibc2.39,x86_64,m7i.2xlarge,parallel_process_workers,4
BSD100,175032.png,x2,nedi,prepared_bicubic_lr,175032.png,2,native_nedi_grid_then_full_target_size_adjustment,gaussian_11x11_sigma_1.5_population_covariance,8,8.0,native_x2,1,105460,102493,12308,0,True,320,480,even_insertion_2x_half_pixel_aligned,22.795339961565894,0.6187794651109231,21.482558164783136,0.6010416303773886,9515.7522207,9463.9186775,155.90229619632373,9360.934912,9820.394664,3,10,321,481,160,240,2026-08-30T16:57:35.414766+00:00,3.12.3,2.5.2,12.3.0,0.26.0,Linux-7.0.0-1011-aws-x86_64-with-glibc2.39,x86_64,m7i.2xlarge,parallel_process_workers,4
BSD100,175043.png,x2,nedi,prepared_bicubic_lr,175043.png,2,native_nedi_grid_then_full_target_size_adjustment,gaussian_11x11_sigma_1.5_population_covariance,8,8.0,native_x2,1,102336,99475,15326,0,True,480,320,even_insertion_2x_half_pixel_aligned,27.499209110977915,0.8046442126484076,26.14461443637646,0.7901043887708004,9432.7712263,9477.866972,233.5916305655932,8808.378502,9712.263238,3,10,481,321,240,160,2026-08-30T16:58:14.561174+00:00,3.12.3,2.5.2,12.3.0,0.26.0,Linux-7.0.0-1011-aws-x86_64-with-glibc2.39,x86_64,m7i.2xlarge,parallel_process_workers,4
BSD100,182053.png,x2,nedi,prepared_bicubic_lr,182053.png,2,native_nedi_grid_then_full_target_size_adjustment,gaussian_11x11_sigma_1.5_population_covariance,8,8.0,native_x2,1,57590,55982,58819,0,True,480,320,even_insertion_2x_half_pixel_aligned,25.816460495235916,0.8241308480491805,24.47472348373086,0.8105243082163923,7943.8354767,7992.40029,182.90757586061883,7619.99373,8204.457195,3,10,481,321,240,160,2026-08-30T16:58:27.210502+00:00,3.12.3,2.5.2,12.3.0,0.26.0,Linux-7.0.0-1011-aws-x86_64-with-glibc2.39,x86_64,m7i.2xlarge,parallel_process_workers,4
BSD100,189080.png,x2,nedi,prepared_bicubic_lr,189080.png,2,native_nedi_grid_then_full_target_size_adjustment,gaussian_11x11_sigma_1.5_population_covariance,8,8.0,native_x2,1,36294,35469,79332,0,True,320,480,even_insertion_2x_half_pixel_aligned,35.42331378939375,0.9266128404929329,33.879302434970796,0.9081188437078888,7439.4891699,7416.0953535,192.89584587645285,7151.549168,7857.144342,3,10,321,481,160,240,2026-08-30T16:59:01.362760+00:00,3.12.3,2.5.2,12.3.0,0.26.0,Linux-7.0.0-1011-aws-x86_64-with-glibc2.39,x86_64,m7i.2xlarge,parallel_process_workers,4
BSD100,19021.png,x2,nedi,prepared_bicubic_lr,19021.png,2,native_nedi_grid_then_full_target_size_adjustment,gaussian_11x11_sigma_1.5_population_covariance,8,8.0,native_x2,1,70702,68720,46081,0,True,480,320,even_insertion_2x_half_pixel_aligned,28.582041885089524,0.8264486535320337,27.206490348000216,0.8088627639249312,8199.3734722,8150.08374,187.33962343549723,7975.589301,8602.964538,3,10,481,321,240,160,2026-08-30T16:59:23.160106+00:00,3.12.3,2.5.2,12.3.0,0.26.0,Linux-7.0.0-1011-aws-x86_64-with-glibc2.39,x86_64,m7i.2xlarge,parallel_process_workers,4
BSD100,196073.png,x2,nedi,prepared_bicubic_lr,196073.png,2,native_nedi_grid_then_full_target_size_adjustment,gaussian_11x11_sigma_1.5_population_covariance,8,8.0,native_x2,1,64996,62925,51876,0,True,480,320,even_insertion_2x_half_pixel_aligned,29.036597332040387,0.6257568270065872,27.66291192171588,0.5860494755897774,7978.9308714,8054.030311500001,228.85193183049458,7587.212827,8343.535907,3,10,481,321,240,160,2026-08-30T16:59:58.557788+00:00,3.12.3,2.5.2,12.3.0,0.26.0,Linux-7.0.0-1011-aws-x86_64-with-glibc2.39,x86_64,m7i.2xlarge,parallel_process_workers,4
BSD100,197017.png,x2,nedi,prepared_bicubic_lr,197017.png,2,native_nedi_grid_then_full_target_size_adjustment,gaussian_11x11_sigma_1.5_population_covariance,8,8.0,native_x2,1,60102,58321,56480,0,True,480,320,even_insertion_2x_half_pixel_aligned,29.220558282670595,0.7897340497213204,27.847966475309427,0.7689797819787163,7976.3619094000005,7961.3084375,254.4702882420535,7651.471651,8606.567954,3,10,481,321,240,160,2026-08-30T17:00:10.679445+00:00,3.12.3,2.5.2,12.3.0,0.26.0,Linux-7.0.0-1011-aws-x86_64-with-glibc2.39,x86_64,m7i.2xlarge,parallel_process_workers,4
BSD100,208001.png,x2,nedi,prepared_bicubic_lr,208001.png,2,native_nedi_grid_then_full_target_size_adjustment,gaussian_11x11_sigma_1.5_population_covariance,8,8.0,native_x2,1,75483,72901,41900,0,True,320,480,even_insertion_2x_half_pixel_aligned,30.6441493425992,0.8600401988179007,29.275384550579922,0.8354752008476304,8498.146661499999,8535.406848999999,182.25200777477954,8094.085432,8735.845602,3,10,321,481,160,240,2026-08-30T17:00:51.866152+00:00,3.12.3,2.5.2,12.3.0,0.26.0,Linux-7.0.0-1011-aws-x86_64-with-glibc2.39,x86_64,m7i.2xlarge,parallel_process_workers,4
BSD100,210088.png,x2,nedi,prepared_bicubic_lr,210088.png,2,native_nedi_grid_then_full_target_size_adjustment,gaussian_11x11_sigma_1.5_population_covariance,8,8.0,native_x2,1,51044,49106,65695,0,True,320,480,even_insertion_2x_half_pixel_aligned,34.95721862521811,0.9628259574374618,33.36613331245426,0.9538685472008218,7893.1832916,7913.5238875,183.28899461492122,7603.352078,8221.215569,3,10,321,481,160,240,2026-08-30T17:01:05.300546+00:00,3.12.3,2.5.2,12.3.0,0.26.0,Linux-7.0.0-1011-aws-x86_64-with-glibc2.39,x86_64,m7i.2xlarge,parallel_process_workers,4
BSD100,21077.png,x2,nedi,prepared_bicubic_lr,21077.png,2,native_nedi_grid_then_full_target_size_adjustment,gaussian_11x11_sigma_1.5_population_covariance,8,8.0,native_x2,1,59526,57958,56843,0,True,480,320,even_insertion_2x_half_pixel_aligned,28.12621197651695,0.8164721560818943,26.758430169935302,0.7924161022375299,8152.015646899999,8070.354069,360.90398095529656,7791.59843,9078.185069,3,10,481,321,240,160,2026-08-30T17:01:45.859318+00:00,3.12.3,2.5.2,12.3.0,0.26.0,Linux-7.0.0-1011-aws-x86_64-with-glibc2.39,x86_64,m7i.2xlarge,parallel_process_workers,4
BSD100,216081.png,x2,nedi,prepared_bicubic_lr,216081.png,2,native_nedi_grid_then_full_target_size_adjustment,gaussian_11x11_sigma_1.5_population_covariance,8,8.0,native_x2,1,67551,66000,48801,0,True,480,320,even_insertion_2x_half_pixel_aligned,26.877912575141846,0.7866134128413146,25.604363409062213,0.761131851322646,8318.8068888,8248.1463455,306.0084383529164,7820.306044,8832.154723,3,10,481,321,240,160,2026-08-30T17:01:59.010336+00:00,3.12.3,2.5.2,12.3.0,0.26.0,Linux-7.0.0-1011-aws-x86_64-with-glibc2.39,x86_64,m7i.2xlarge,parallel_process_workers,4
BSD100,219090.png,x2,nedi,prepared_bicubic_lr,219090.png,2,native_nedi_grid_then_full_target_size_adjustment,gaussian_11x11_sigma_1.5_population_covariance,8,8.0,native_x2,1,47583,46654,68147,0,True,480,320,even_insertion_2x_half_pixel_aligned,28.056482386662683,0.8216498635392219,26.707476557807873,0.7995408606361339,7628.5022035,7590.160467,211.21162378177695,7403.714779,8208.680132,3,10,481,321,240,160,2026-08-30T17:02:31.726734+00:00,3.12.3,2.5.2,12.3.0,0.26.0,Linux-7.0.0-1011-aws-x86_64-with-glibc2.39,x86_64,m7i.2xlarge,parallel_process_workers,4
BSD100,220075.png,x2,nedi,prepared_bicubic_lr,220075.png,2,native_nedi_grid_then_full_target_size_adjustment,gaussian_11x11_sigma_1.5_population_covariance,8,8.0,native_x2,1,63820,62172,52629,0,True,480,320,even_insertion_2x_half_pixel_aligned,29.340474585958937,0.9203198139866972,27.990185782463524,0.9074925114165079,8150.4235682,8153.0219560000005,143.4403431650262,7785.919275,8324.439212,3,10,481,321,240,160,2026-08-30T17:02:51.915271+00:00,3.12.3,2.5.2,12.3.0,0.26.0,Linux-7.0.0-1011-aws-x86_64-with-glibc2.39,x86_64,m7i.2xlarge,parallel_process_workers,4
BSD100,223061.png,x2,nedi,prepared_bicubic_lr,223061.png,2,native_nedi_grid_then_full_target_size_adjustment,gaussian_11x11_sigma_1.5_population_covariance,8,8.0,native_x2,1,72958,71148,43653,0,True,480,320,even_insertion_2x_half_pixel_aligned,26.268254574345722,0.7721253781968423,24.91323568427562,0.7584015643297328,8431.7253544,8387.599323999999,195.81496529259417,8181.560046,8903.580729,3,10,481,321,240,160,2026-08-30T17:03:36.007884+00:00,3.12.3,2.5.2,12.3.0,0.26.0,Linux-7.0.0-1011-aws-x86_64-with-glibc2.39,x86_64,m7i.2xlarge,parallel_process_workers,4
BSD100,227092.png,x2,nedi,prepared_bicubic_lr,227092.png,2,native_nedi_grid_then_full_target_size_adjustment,gaussian_11x11_sigma_1.5_population_covariance,8,8.0,native_x2,1,28155,28075,86726,0,True,320,480,even_insertion_2x_half_pixel_aligned,35.89348344745168,0.90884082812533,34.29601965923457,0.8948607576288635,7146.9441538,7150.932246,280.7664369913095,6611.584368,7695.892865,3,10,321,481,160,240,2026-08-30T17:03:31.812980+00:00,3.12.3,2.5.2,12.3.0,0.26.0,Linux-7.0.0-1011-aws-x86_64-with-glibc2.39,x86_64,m7i.2xlarge,parallel_process_workers,4
BSD100,229036.png,x2,nedi,prepared_bicubic_lr,229036.png,2,native_nedi_grid_then_full_target_size_adjustment,gaussian_11x11_sigma_1.5_population_covariance,8,8.0,native_x2,1,88336,85779,29022,0,True,480,320,even_insertion_2x_half_pixel_aligned,24.540059914368708,0.7439055480564379,23.202372138688258,0.7266174673254807,8751.7783332,8703.6641795,359.7900667703392,8350.070589,9697.971731,3,10,481,321,240,160,2026-08-30T17:04:26.105450+00:00,3.12.3,2.5.2,12.3.0,0.26.0,Linux-7.0.0-1011-aws-x86_64-with-glibc2.39,x86_64,m7i.2xlarge,parallel_process_workers,4
BSD100,236037.png,x2,nedi,prepared_bicubic_lr,236037.png,2,native_nedi_grid_then_full_target_size_adjustment,gaussian_11x11_sigma_1.5_population_covariance,8,8.0,native_x2,1,98034,95175,19626,0,True,480,320,even_insertion_2x_half_pixel_aligned,26.972759053856116,0.7694511905453243,25.60956241782918,0.7576870958770838,8971.8813595,9055.8287955,190.84857956838022,8652.164984,9180.764599,3,10,481,321,240,160,2026-08-30T17:04:49.295338+00:00,3.12.3,2.5.2,12.3.0,0.26.0,Linux-7.0.0-1011-aws-x86_64-with-glibc2.39,x86_64,m7i.2xlarge,parallel_process_workers,4
BSD100,24077.png,x2,nedi,prepared_bicubic_lr,24077.png,2,native_nedi_grid_then_full_target_size_adjustment,gaussian_11x11_sigma_1.5_population_covariance,8,8.0,native_x2,1,65335,63715,51086,0,True,480,320,even_insertion_2x_half_pixel_aligned,27.99318165064119,0.9109223715838229,26.62076056788591,0.9014555547945874,8053.5107935,8102.79101,196.12879236168172,7705.274784,8319.936278,3,10,481,321,240,160,2026-08-30T17:05:17.363213+00:00,3.12.3,2.5.2,12.3.0,0.26.0,Linux-7.0.0-1011-aws-x86_64-with-glibc2.39,x86_64,m7i.2xlarge,parallel_process_workers,4
BSD100,241004.png,x2,nedi,prepared_bicubic_lr,241004.png,2,native_nedi_grid_then_full_target_size_adjustment,gaussian_11x11_sigma_1.5_population_covariance,8,8.0,native_x2,1,34723,33616,81185,0,True,480,320,even_insertion_2x_half_pixel_aligned,33.58234952482312,0.8892594053912383,32.10913873812117,0.8694798157187157,7066.0770622,7101.948195,191.15848375239122,6745.104516,7282.635664,3,10,481,321,240,160,2026-08-30T17:05:08.454970+00:00,3.12.3,2.5.2,12.3.0,0.26.0,Linux-7.0.0-1011-aws-x86_64-with-glibc2.39,x86_64,m7i.2xlarge,parallel_process_workers,4
BSD100,241048.png,x2,nedi,prepared_bicubic_lr,241048.png,2,native_nedi_grid_then_full_target_size_adjustment,gaussian_11x11_sigma_1.5_population_covariance,8,8.0,native_x2,1,80957,79075,35726,0,True,480,320,even_insertion_2x_half_pixel_aligned,26.573466980494615,0.7385765361104073,25.22160935319098,0.720244445296878,8594.4299937,8596.220981499999,131.69762916593123,8320.003144,8770.957535,3,10,481,321,240,160,2026-08-30T17:06:17.343590+00:00,3.12.3,2.5.2,12.3.0,0.26.0,Linux-7.0.0-1011-aws-x86_64-with-glibc2.39,x86_64,m7i.2xlarge,parallel_process_workers,4
BSD100,253027.png,x2,nedi,prepared_bicubic_lr,253027.png,2,native_nedi_grid_then_full_target_size_adjustment,gaussian_11x11_sigma_1.5_population_covariance,8,8.0,native_x2,1,72973,71200,43601,0,True,480,320,even_insertion_2x_half_pixel_aligned,25.251347108902664,0.8130599069831461,23.90053106918216,0.7966539540311072,8331.2487834,8327.2286925,204.4694005055681,7965.24468,8695.558151,3,10,481,321,240,160,2026-08-30T17:06:37.412167+00:00,3.12.3,2.5.2,12.3.0,0.26.0,Linux-7.0.0-1011-aws-x86_64-with-glibc2.39,x86_64,m7i.2xlarge,parallel_process_workers,4
BSD100,253055.png,x2,nedi,prepared_bicubic_lr,253055.png,2,native_nedi_grid_then_full_target_size_adjustment,gaussian_11x11_sigma_1.5_population_covariance,8,8.0,native_x2,1,36028,34780,80021,0,True,480,320,even_insertion_2x_half_pixel_aligned,33.61133654063911,0.8898587777964209,32.16109937562985,0.8698288808088988,7198.6033738999995,7182.769746,150.36291104112507,6934.217811,7407.337486,3,10,481,321,240,160,2026-08-30T17:06:41.916942+00:00,3.12.3,2.5.2,12.3.0,0.26.0,Linux-7.0.0-1011-aws-x86_64-with-glibc2.39,x86_64,m7i.2xlarge,parallel_process_workers,4
BSD100,260058.png,x2,nedi,prepared_bicubic_lr,260058.png,2,native_nedi_grid_then_full_target_size_adjustment,gaussian_11x11_sigma_1.5_population_covariance,8,8.0,native_x2,1,44191,42750,72051,0,True,480,320,even_insertion_2x_half_pixel_aligned,34.19615968481474,0.8642471057315738,32.681373850590404,0.839781839408151,7529.7865722999995,7480.912226,231.48812059302008,7164.630454,7920.303221,3,10,481,321,240,160,2026-08-30T17:06:54.986833+00:00,3.12.3,2.5.2,12.3.0,0.26.0,Linux-7.0.0-1011-aws-x86_64-with-glibc2.39,x86_64,m7i.2xlarge,parallel_process_workers,4
BSD100,271035.png,x2,nedi,prepared_bicubic_lr,271035.png,2,native_nedi_grid_then_full_target_size_adjustment,gaussian_11x11_sigma_1.5_population_covariance,8,8.0,native_x2,1,72026,70192,44609,0,True,320,480,even_insertion_2x_half_pixel_aligned,29.57517922661927,0.8584586469266773,28.185878098544404,0.8405240202161327,8418.8550163,8405.140825499999,152.45417538386357,8093.045165,8676.511195,3,10,321,481,160,240,2026-08-30T17:08:07.161606+00:00,3.12.3,2.5.2,12.3.0,0.26.0,Linux-7.0.0-1011-aws-x86_64-with-glibc2.39,x86_64,m7i.2xlarge,parallel_process_workers,4
BSD100,285079.png,x2,nedi,prepared_bicubic_lr,285079.png,2,native_nedi_grid_then_full_target_size_adjustment,gaussian_11x11_sigma_1.5_population_covariance,8,8.0,native_x2,1,81689,79431,35370,0,True,320,480,even_insertion_2x_half_pixel_aligned,27.12408762366622,0.7961195355402787,25.775006302387236,0.7775405701860474,8797.8387017,8794.262767,186.95024531435226,8398.934754,9111.466605,3,10,321,481,160,240,2026-08-30T17:08:31.068586+00:00,3.12.3,2.5.2,12.3.0,0.26.0,Linux-7.0.0-1011-aws-x86_64-with-glibc2.39,x86_64,m7i.2xlarge,parallel_process_workers,4
BSD100,291000.png,x2,nedi,prepared_bicubic_lr,291000.png,2,native_nedi_grid_then_full_target_size_adjustment,gaussian_11x11_sigma_1.5_population_covariance,8,8.0,native_x2,1,105276,102226,12575,0,True,480,320,even_insertion_2x_half_pixel_aligned,22.71465980763161,0.572995302422678,21.359585227503246,0.5580550765096235,9265.1365626,9298.4964005,216.7555589005156,8888.009772,9563.387006,3,10,481,321,240,160,2026-08-30T17:08:43.276161+00:00,3.12.3,2.5.2,12.3.0,0.26.0,Linux-7.0.0-1011-aws-x86_64-with-glibc2.39,x86_64,m7i.2xlarge,parallel_process_workers,4
BSD100,295087.png,x2,nedi,prepared_bicubic_lr,295087.png,2,native_nedi_grid_then_full_target_size_adjustment,gaussian_11x11_sigma_1.5_population_covariance,8,8.0,native_x2,1,55531,54440,60361,0,True,480,320,even_insertion_2x_half_pixel_aligned,29.000155980268904,0.8014844460538201,27.627946914664196,0.784380576645646,7901.761026,7858.7522905000005,199.33100344020758,7610.669806,8202.528387,3,10,481,321,240,160,2026-08-30T17:08:38.270840+00:00,3.12.3,2.5.2,12.3.0,0.26.0,Linux-7.0.0-1011-aws-x86_64-with-glibc2.39,x86_64,m7i.2xlarge,parallel_process_workers,4
BSD100,296007.png,x2,nedi,prepared_bicubic_lr,296007.png,2,native_nedi_grid_then_full_target_size_adjustment,gaussian_11x11_sigma_1.5_population_covariance,8,8.0,native_x2,1,41685,40265,74536,0,True,480,320,even_insertion_2x_half_pixel_aligned,33.63432596826941,0.8602234013386952,32.14705873148149,0.8371237086318043,7500.9760819,7479.9565825,254.36208226188356,7098.843565,7953.670847,3,10,481,321,240,160,2026-08-30T17:09:44.604946+00:00,3.12.3,2.5.2,12.3.0,0.26.0,Linux-7.0.0-1011-aws-x86_64-with-glibc2.39,x86_64,m7i.2xlarge,parallel_process_workers,4
BSD100,296059.png,x2,nedi,prepared_bicubic_lr,296059.png,2,native_nedi_grid_then_full_target_size_adjustment,gaussian_11x11_sigma_1.5_population_covariance,8,8.0,native_x2,1,45957,44562,70239,0,True,480,320,even_insertion_2x_half_pixel_aligned,31.915539074876197,0.8397979972358296,30.494694632643625,0.8170769139365971,7641.0327369999995,7645.4618765,99.37540537455935,7446.818321,7804.878141,3,10,481,321,240,160,2026-08-30T17:10:10.529923+00:00,3.12.3,2.5.2,12.3.0,0.26.0,Linux-7.0.0-1011-aws-x86_64-with-glibc2.39,x86_64,m7i.2xlarge,parallel_process_workers,4
BSD100,299086.png,x2,nedi,prepared_bicubic_lr,299086.png,2,native_nedi_grid_then_full_target_size_adjustment,gaussian_11x11_sigma_1.5_population_covariance,8,8.0,native_x2,1,34543,33822,80979,0,True,480,320,even_insertion_2x_half_pixel_aligned,33.15801634147438,0.8639273153651101,31.682147348926758,0.8417436686580096,7307.3578056,7247.962917,207.43037825787832,7040.9385,7676.501259,3,10,481,321,240,160,2026-08-30T17:10:14.030708+00:00,3.12.3,2.5.2,12.3.0,0.26.0,Linux-7.0.0-1011-aws-x86_64-with-glibc2.39,x86_64,m7i.2xlarge,parallel_process_workers,4
BSD100,300091.png,x2,nedi,prepared_bicubic_lr,300091.png,2,native_nedi_grid_then_full_target_size_adjustment,gaussian_11x11_sigma_1.5_population_covariance,8,8.0,native_x2,1,41445,40317,74484,0,True,480,320,even_insertion_2x_half_pixel_aligned,30.27976869185689,0.85290609377734,28.87691337662515,0.8333146397802902,7482.5494503,7441.869614,196.82007142523804,7229.298898,7912.179845,3,10,481,321,240,160,2026-08-30T17:10:21.620611+00:00,3.12.3,2.5.2,12.3.0,0.26.0,Linux-7.0.0-1011-aws-x86_64-with-glibc2.39,x86_64,m7i.2xlarge,parallel_process_workers,4
BSD100,302008.png,x2,nedi,prepared_bicubic_lr,302008.png,2,native_nedi_grid_then_full_target_size_adjustment,gaussian_11x11_sigma_1.5_population_covariance,8,8.0,native_x2,1,35654,35291,79510,0,True,320,480,even_insertion_2x_half_pixel_aligned,34.33866429869445,0.9634599925365603,32.837661210405464,0.9516408961453687,7219.5040074,7232.7984545,108.46587721211381,7027.181972,7355.839269,3,10,321,481,160,240,2026-08-30T17:11:19.067024+00:00,3.12.3,2.5.2,12.3.0,0.26.0,Linux-7.0.0-1011-aws-x86_64-with-glibc2.39,x86_64,m7i.2xlarge,parallel_process_workers,4
BSD100,304034.png,x2,nedi,prepared_bicubic_lr,304034.png,2,native_nedi_grid_then_full_target_size_adjustment,gaussian_11x11_sigma_1.5_population_covariance,8,8.0,native_x2,1,101121,98543,16258,0,True,480,320,even_insertion_2x_half_pixel_aligned,26.313130866416227,0.8044412756498804,24.990529479279658,0.7886581151137149,9219.0208692,9246.1545505,142.06371852828633,8950.497319,9395.05355,3,10,481,321,240,160,2026-08-30T17:12:10.509765+00:00,3.12.3,2.5.2,12.3.0,0.26.0,Linux-7.0.0-1011-aws-x86_64-with-glibc2.39,x86_64,m7i.2xlarge,parallel_process_workers,4
BSD100,304074.png,x2,nedi,prepared_bicubic_lr,304074.png,2,native_nedi_grid_then_full_target_size_adjustment,gaussian_11x11_sigma_1.5_population_covariance,8,8.0,native_x2,1,87577,84901,29900,0,True,320,480,even_insertion_2x_half_pixel_aligned,27.62538847823391,0.7412430370607976,26.264196857615886,0.7183216250202457,8825.0283612,8852.5940185,325.83656798362887,8419.720392,9548.701698,3,10,321,481,160,240,2026-08-30T17:12:08.673953+00:00,3.12.3,2.5.2,12.3.0,0.26.0,Linux-7.0.0-1011-aws-x86_64-with-glibc2.39,x86_64,m7i.2xlarge,parallel_process_workers,4
BSD100,306005.png,x2,nedi,prepared_bicubic_lr,306005.png,2,native_nedi_grid_then_full_target_size_adjustment,gaussian_11x11_sigma_1.5_population_covariance,8,8.0,native_x2,1,62194,60708,54093,0,True,480,320,even_insertion_2x_half_pixel_aligned,30.1031883177486,0.8643349917543659,28.703942284561215,0.8463932100361596,8128.1415041,8123.2249974999995,222.89067449831785,7875.886213,8701.397313,3,10,481,321,240,160,2026-08-30T17:12:07.372881+00:00,3.12.3,2.5.2,12.3.0,0.26.0,Linux-7.0.0-1011-aws-x86_64-with-glibc2.39,x86_64,m7i.2xlarge,parallel_process_workers,4
BSD100,3096.png,x2,nedi,prepared_bicubic_lr,3096.png,2,native_nedi_grid_then_full_target_size_adjustment,gaussian_11x11_sigma_1.5_population_covariance,8,8.0,native_x2,1,6873,6778,108023,0,True,480,320,even_insertion_2x_half_pixel_aligned,39.244454352626555,0.9828016973771171,37.443147207733716,0.975797525671867,6386.0621254,6346.609215500001,151.9054684227621,6215.464054,6673.186704,3,10,481,321,240,160,2026-08-30T17:12:42.001741+00:00,3.12.3,2.5.2,12.3.0,0.26.0,Linux-7.0.0-1011-aws-x86_64-with-glibc2.39,x86_64,m7i.2xlarge,parallel_process_workers,4
BSD100,33039.png,x2,nedi,prepared_bicubic_lr,33039.png,2,native_nedi_grid_then_full_target_size_adjustment,gaussian_11x11_sigma_1.5_population_covariance,8,8.0,native_x2,1,107722,104714,10087,0,True,320,480,even_insertion_2x_half_pixel_aligned,23.10568491107418,0.7305887503992377,21.77768699944457,0.7189546015996521,9286.0185221,9311.852350000001,252.499888834086,8871.502907,9642.102272,3,10,321,481,160,240,2026-08-30T17:14:09.169677+00:00,3.12.3,2.5.2,12.3.0,0.26.0,Linux-7.0.0-1011-aws-x86_64-with-glibc2.39,x86_64,m7i.2xlarge,parallel_process_workers,4
BSD100,351093.png,x2,nedi,prepared_bicubic_lr,351093.png,2,native_nedi_grid_then_full_target_size_adjustment,gaussian_11x11_sigma_1.5_population_covariance,8,8.0,native_x2,1,70270,68369,46432,0,True,480,320,even_insertion_2x_half_pixel_aligned,24.183388585520692,0.7453151004112964,22.849177067471793,0.7285501166782882,8128.318959,8128.868500500001,163.9908820167582,7837.753613,8525.853177,3,10,481,321,240,160,2026-08-30T17:13:54.827812+00:00,3.12.3,2.5.2,12.3.0,0.26.0,Linux-7.0.0-1011-aws-x86_64-with-glibc2.39,x86_64,m7i.2xlarge,parallel_process_workers,4
BSD100,361010.png,x2,nedi,prepared_bicubic_lr,361010.png,2,native_nedi_grid_then_full_target_size_adjustment,gaussian_11x11_sigma_1.5_population_covariance,8,8.0,native_x2,1,63166,60951,53850,0,True,480,320,even_insertion_2x_half_pixel_aligned,30.24383475557045,0.8837974633370517,28.878477825887707,0.8618040265710197,7999.4332944,7980.7573695,180.93951485546086,7714.892855,8318.809381,3,10,481,321,240,160,2026-08-30T17:13:55.290946+00:00,3.12.3,2.5.2,12.3.0,0.26.0,Linux-7.0.0-1011-aws-x86_64-with-glibc2.39,x86_64,m7i.2xlarge,parallel_process_workers,4
BSD100,37073.png,x2,nedi,prepared_bicubic_lr,37073.png,2,native_nedi_grid_then_full_target_size_adjustment,gaussian_11x11_sigma_1.5_population_covariance,8,8.0,native_x2,1,33412,32727,82074,0,True,480,320,even_insertion_2x_half_pixel_aligned,31.263392780348944,0.8540879718877484,29.87309054366841,0.8271520633826083,7053.6440844,7041.0961664999995,215.28874249253076,6767.35657,7557.976668,3,10,481,321,240,160,2026-08-30T17:14:14.310396+00:00,3.12.3,2.5.2,12.3.0,0.26.0,Linux-7.0.0-1011-aws-x86_64-with-glibc2.39,x86_64,m7i.2xlarge,parallel_process_workers,4
BSD100,376043.png,x2,nedi,prepared_bicubic_lr,376043.png,2,native_nedi_grid_then_full_target_size_adjustment,gaussian_11x11_sigma_1.5_population_covariance,8,8.0,native_x2,1,96805,94108,20693,0,True,320,480,even_insertion_2x_half_pixel_aligned,27.519779900098932,0.7498816641812912,26.142056209287546,0.7380346986474944,8797.2158848,8760.8623835,250.19232390370695,8439.530757,9171.980665,3,10,321,481,160,240,2026-08-30T17:15:49.779367+00:00,3.12.3,2.5.2,12.3.0,0.26.0,Linux-7.0.0-1011-aws-x86_64-with-glibc2.39,x86_64,m7i.2xlarge,parallel_process_workers,4
BSD100,38082.png,x2,nedi,prepared_bicubic_lr,38082.png,2,native_nedi_grid_then_full_target_size_adjustment,gaussian_11x11_sigma_1.5_population_covariance,8,8.0,native_x2,1,92885,90173,24628,0,True,480,320,even_insertion_2x_half_pixel_aligned,29.15142885956468,0.7440791577070442,27.770852132255325,0.7227166209981449,8747.4555287,8752.435046499999,181.95035835085923,8417.159267,9016.632562,3,10,481,321,240,160,2026-08-30T17:15:48.775601+00:00,3.12.3,2.5.2,12.3.0,0.26.0,Linux-7.0.0-1011-aws-x86_64-with-glibc2.39,x86_64,m7i.2xlarge,parallel_process_workers,4
BSD100,38092.png,x2,nedi,prepared_bicubic_lr,38092.png,2,native_nedi_grid_then_full_target_size_adjustment,gaussian_11x11_sigma_1.5_population_covariance,8,8.0,native_x2,1,73069,71175,43626,0,True,480,320,even_insertion_2x_half_pixel_aligned,27.852968938139103,0.7903424420650962,26.50814582503709,0.7714852362387633,8253.4148176,8249.664889,92.19584965906321,8080.160047,8402.399717,3,10,481,321,240,160,2026-08-30T17:15:56.681066+00:00,3.12.3,2.5.2,12.3.0,0.26.0,Linux-7.0.0-1011-aws-x86_64-with-glibc2.39,x86_64,m7i.2xlarge,parallel_process_workers,4
BSD100,385039.png,x2,nedi,prepared_bicubic_lr,385039.png,2,native_nedi_grid_then_full_target_size_adjustment,gaussian_11x11_sigma_1.5_population_covariance,8,8.0,native_x2,1,64730,62970,51831,0,True,480,320,even_insertion_2x_half_pixel_aligned,25.443333745096737,0.7781105450471865,24.09624994727562,0.7591792321320661,8033.115196,8066.2157775,209.09236677383757,7517.610244,8286.736735,3,10,481,321,240,160,2026-08-30T17:15:58.503780+00:00,3.12.3,2.5.2,12.3.0,0.26.0,Linux-7.0.0-1011-aws-x86_64-with-glibc2.39,x86_64,m7i.2xlarge,parallel_process_workers,4
BSD100,41033.png,x2,nedi,prepared_bicubic_lr,41033.png,2,native_nedi_grid_then_full_target_size_adjustment,gaussian_11x11_sigma_1.5_population_covariance,8,8.0,native_x2,1,59703,57528,57273,0,True,480,320,even_insertion_2x_half_pixel_aligned,32.04403365741569,0.863401639230816,30.61602302733605,0.8426142452987305,7850.5197794,7848.5037925,93.73478287666127,7712.103334,8032.19755,3,10,481,321,240,160,2026-08-30T17:17:31.396367+00:00,3.12.3,2.5.2,12.3.0,0.26.0,Linux-7.0.0-1011-aws-x86_64-with-glibc2.39,x86_64,m7i.2xlarge,parallel_process_workers,4
BSD100,41069.png,x2,nedi,prepared_bicubic_lr,41069.png,2,native_nedi_grid_then_full_target_size_adjustment,gaussian_11x11_sigma_1.5_population_covariance,8,8.0,native_x2,1,97941,95126,19675,0,True,480,320,even_insertion_2x_half_pixel_aligned,25.321661078946175,0.6505741691674981,23.97853354890802,0.6302953701312779,8959.8935162,8981.0912225,129.77191217363767,8746.106422,9165.393145,3,10,481,321,240,160,2026-08-30T17:17:46.847164+00:00,3.12.3,2.5.2,12.3.0,0.26.0,Linux-7.0.0-1011-aws-x86_64-with-glibc2.39,x86_64,m7i.2xlarge,parallel_process_workers,4
BSD100,42012.png,x2,nedi,prepared_bicubic_lr,42012.png,2,native_nedi_grid_then_full_target_size_adjustment,gaussian_11x11_sigma_1.5_population_covariance,8,8.0,native_x2,1,69496,67588,47213,0,True,320,480,even_insertion_2x_half_pixel_aligned,31.640142632995016,0.8855378235483047,30.231378001685165,0.8721575874881907,8098.2303659,8073.258272499999,116.88599630036501,7883.571509,8293.317001,3,10,321,481,160,240,2026-08-30T17:17:42.325604+00:00,3.12.3,2.5.2,12.3.0,0.26.0,Linux-7.0.0-1011-aws-x86_64-with-glibc2.39,x86_64,m7i.2xlarge,parallel_process_workers,4
BSD100,42049.png,x2,nedi,prepared_bicubic_lr,42049.png,2,native_nedi_grid_then_full_target_size_adjustment,gaussian_11x11_sigma_1.5_population_covariance,8,8.0,native_x2,1,24235,23855,90946,0,True,480,320,even_insertion_2x_half_pixel_aligned,31.39229383987106,0.951230137272645,29.97960491375974,0.9427928956482345,6747.2430265,6743.0840395,86.10371608685334,6574.163223,6865.388281,3,10,481,321,240,160,2026-08-30T17:17:26.651888+00:00,3.12.3,2.5.2,12.3.0,0.26.0,Linux-7.0.0-1011-aws-x86_64-with-glibc2.39,x86_64,m7i.2xlarge,parallel_process_workers,4
BSD100,43074.png,x2,nedi,prepared_bicubic_lr,43074.png,2,native_nedi_grid_then_full_target_size_adjustment,gaussian_11x11_sigma_1.5_population_covariance,8,8.0,native_x2,1,44200,42565,72236,0,True,480,320,even_insertion_2x_half_pixel_aligned,31.652830807886993,0.888293399341768,30.286203385047877,0.8726364022397578,7532.5731815,7474.198711,227.28435220433397,7272.016611,8067.959301,3,10,481,321,240,160,2026-08-30T17:19:04.035073+00:00,3.12.3,2.5.2,12.3.0,0.26.0,Linux-7.0.0-1011-aws-x86_64-with-glibc2.39,x86_64,m7i.2xlarge,parallel_process_workers,4
BSD100,45096.png,x2,nedi,prepared_bicubic_lr,45096.png,2,native_nedi_grid_then_full_target_size_adjustment,gaussian_11x11_sigma_1.5_population_covariance,8,8.0,native_x2,1,19082,18851,95950,0,True,480,320,even_insertion_2x_half_pixel_aligned,36.918946345520716,0.9550154822031935,35.275416592078834,0.9349356995668568,6671.9957882,6625.150821499999,344.14273252650395,6305.50221,7622.494652,3,10,481,321,240,160,2026-08-30T17:18:58.057746+00:00,3.12.3,2.5.2,12.3.0,0.26.0,Linux-7.0.0-1011-aws-x86_64-with-glibc2.39,x86_64,m7i.2xlarge,parallel_process_workers,4
BSD100,54082.png,x2,nedi,prepared_bicubic_lr,54082.png,2,native_nedi_grid_then_full_target_size_adjustment,gaussian_11x11_sigma_1.5_population_covariance,8,8.0,native_x2,1,53001,51757,63044,0,True,320,480,even_insertion_2x_half_pixel_aligned,29.754168403836655,0.7851544377972468,28.373683121252682,0.7640135959004312,7729.5592221,7760.8944825,309.71987922469543,7148.991632,8184.0076,3,10,321,481,160,240,2026-08-30T17:19:22.600339+00:00,3.12.3,2.5.2,12.3.0,0.26.0,Linux-7.0.0-1011-aws-x86_64-with-glibc2.39,x86_64,m7i.2xlarge,parallel_process_workers,4
BSD100,55073.png,x2,nedi,prepared_bicubic_lr,55073.png,2,native_nedi_grid_then_full_target_size_adjustment,gaussian_11x11_sigma_1.5_population_covariance,8,8.0,native_x2,1,96732,93946,20855,0,True,320,480,even_insertion_2x_half_pixel_aligned,23.767539961076032,0.6697082500470541,22.49038454730597,0.6402021998173472,9227.4622173,9144.4268725,381.3042906117618,8714.687562,9765.74799,3,10,321,481,160,240,2026-08-30T17:19:45.927762+00:00,3.12.3,2.5.2,12.3.0,0.26.0,Linux-7.0.0-1011-aws-x86_64-with-glibc2.39,x86_64,m7i.2xlarge,parallel_process_workers,4
BSD100,58060.png,x2,nedi,prepared_bicubic_lr,58060.png,2,native_nedi_grid_then_full_target_size_adjustment,gaussian_11x11_sigma_1.5_population_covariance,8,8.0,native_x2,1,72744,70820,43981,0,True,480,320,even_insertion_2x_half_pixel_aligned,22.699599957822517,0.7123874699581856,21.43283127808713,0.6921827032794129,8921.839256,8803.703880000001,355.80367379726056,8485.866651,9609.131993,3,10,481,321,240,160,2026-08-30T17:20:52.975102+00:00,3.12.3,2.5.2,12.3.0,0.26.0,Linux-7.0.0-1011-aws-x86_64-with-glibc2.39,x86_64,m7i.2xlarge,parallel_process_workers,4
BSD100,62096.png,x2,nedi,prepared_bicubic_lr,62096.png,2,native_nedi_grid_then_full_target_size_adjustment,gaussian_11x11_sigma_1.5_population_covariance,8,8.0,native_x2,1,52284,50684,64117,0,True,480,320,even_insertion_2x_half_pixel_aligned,26.37372373842603,0.8338919160302909,24.97987943035463,0.820509637534807,8339.5516089,8276.762728,306.8070676191993,7920.196527,8805.454001,3,10,481,321,240,160,2026-08-30T17:20:51.266716+00:00,3.12.3,2.5.2,12.3.0,0.26.0,Linux-7.0.0-1011-aws-x86_64-with-glibc2.39,x86_64,m7i.2xlarge,parallel_process_workers,4
BSD100,65033.png,x2,nedi,prepared_bicubic_lr,65033.png,2,native_nedi_grid_then_full_target_size_adjustment,gaussian_11x11_sigma_1.5_population_covariance,8,8.0,native_x2,1,92957,90315,24486,0,True,480,320,even_insertion_2x_half_pixel_aligned,26.693439777181066,0.7396230176025351,25.37065078301638,0.7061224039674329,9450.8747153,9438.475673,272.01803854635455,8928.728636,10028.752649,3,10,481,321,240,160,2026-08-30T17:21:25.944847+00:00,3.12.3,2.5.2,12.3.0,0.26.0,Linux-7.0.0-1011-aws-x86_64-with-glibc2.39,x86_64,m7i.2xlarge,parallel_process_workers,4
BSD100,66053.png,x2,nedi,prepared_bicubic_lr,66053.png,2,native_nedi_grid_then_full_target_size_adjustment,gaussian_11x11_sigma_1.5_population_covariance,8,8.0,native_x2,1,79035,76566,38235,0,True,480,320,even_insertion_2x_half_pixel_aligned,29.00045813539196,0.8006721458973707,27.679602565153118,0.7805582087887198,8827.1342407,8811.394882,166.78271495604426,8577.780189,9125.811182,3,10,481,321,240,160,2026-08-30T17:21:42.444225+00:00,3.12.3,2.5.2,12.3.0,0.26.0,Linux-7.0.0-1011-aws-x86_64-with-glibc2.39,x86_64,m7i.2xlarge,parallel_process_workers,4
BSD100,69015.png,x2,nedi,prepared_bicubic_lr,69015.png,2,native_nedi_grid_then_full_target_size_adjustment,gaussian_11x11_sigma_1.5_population_covariance,8,8.0,native_x2,1,70956,69346,45455,0,True,320,480,even_insertion_2x_half_pixel_aligned,32.8702120992657,0.8906185818465742,31.43848810516851,0.8738266368046856,8347.5330041,8323.519994,136.89607109375262,8112.362138,8654.252848,3,10,321,481,160,240,2026-08-30T17:22:40.676698+00:00,3.12.3,2.5.2,12.3.0,0.26.0,Linux-7.0.0-1011-aws-x86_64-with-glibc2.39,x86_64,m7i.2xlarge,parallel_process_workers,4
BSD100,69020.png,x2,nedi,prepared_bicubic_lr,69020.png,2,native_nedi_grid_then_full_target_size_adjustment,gaussian_11x11_sigma_1.5_population_covariance,8,8.0,native_x2,1,90706,87921,26880,0,True,480,320,even_insertion_2x_half_pixel_aligned,28.781193266432332,0.6928353154744064,27.39842150609412,0.6750882626475917,8853.4211464,8907.769873000001,211.43519153998687,8527.991348,9206.309248,3,10,481,321,240,160,2026-08-30T17:22:49.623142+00:00,3.12.3,2.5.2,12.3.0,0.26.0,Linux-7.0.0-1011-aws-x86_64-with-glibc2.39,x86_64,m7i.2xlarge,parallel_process_workers,4
BSD100,69040.png,x2,nedi,prepared_bicubic_lr,69040.png,2,native_nedi_grid_then_full_target_size_adjustment,gaussian_11x11_sigma_1.5_population_covariance,8,8.0,native_x2,1,93970,91255,23546,0,True,480,320,even_insertion_2x_half_pixel_aligned,27.712067829065692,0.8045260352864336,26.342119664010262,0.7918707691792836,8951.7034799,8898.6059775,171.40085079864812,8710.008958,9349.376131,3,10,481,321,240,160,2026-08-30T17:23:23.494798+00:00,3.12.3,2.5.2,12.3.0,0.26.0,Linux-7.0.0-1011-aws-x86_64-with-glibc2.39,x86_64,m7i.2xlarge,parallel_process_workers,4
BSD100,76053.png,x2,nedi,prepared_bicubic_lr,76053.png,2,native_nedi_grid_then_full_target_size_adjustment,gaussian_11x11_sigma_1.5_population_covariance,8,8.0,native_x2,1,71310,69679,45122,0,True,480,320,even_insertion_2x_half_pixel_aligned,30.978076455363034,0.8180592252615099,29.60489534785841,0.7849398170820331,8184.2522191,8199.764596500001,103.36370213640338,8003.221553,8370.432996,3,10,481,321,240,160,2026-08-30T17:23:29.380731+00:00,3.12.3,2.5.2,12.3.0,0.26.0,Linux-7.0.0-1011-aws-x86_64-with-glibc2.39,x86_64,m7i.2xlarge,parallel_process_workers,4
BSD100,78004.png,x2,nedi,prepared_bicubic_lr,78004.png,2,native_nedi_grid_then_full_target_size_adjustment,gaussian_11x11_sigma_1.5_population_covariance,8,8.0,native_x2,1,60092,58597,56204,0,True,320,480,even_insertion_2x_half_pixel_aligned,27.49040581877148,0.8144338948018368,26.145081377891415,0.7956191879346148,7895.408749,7804.520471,240.86285583720996,7557.285553,8321.688128,3,10,321,481,160,240,2026-08-30T17:24:23.588030+00:00,3.12.3,2.5.2,12.3.0,0.26.0,Linux-7.0.0-1011-aws-x86_64-with-glibc2.39,x86_64,m7i.2xlarge,parallel_process_workers,4
BSD100,8023.png,x2,nedi,prepared_bicubic_lr,8023.png,2,native_nedi_grid_then_full_target_size_adjustment,gaussian_11x11_sigma_1.5_population_covariance,8,8.0,native_x2,1,67454,65928,48873,0,True,480,320,even_insertion_2x_half_pixel_aligned,33.72365984078882,0.9367827831683885,32.22317605993961,0.9286236890287456,8127.497105,8129.450373,164.9777797230433,7788.711733,8323.873365,3,10,481,321,240,160,2026-08-30T17:24:35.300154+00:00,3.12.3,2.5.2,12.3.0,0.26.0,Linux-7.0.0-1011-aws-x86_64-with-glibc2.39,x86_64,m7i.2xlarge,parallel_process_workers,4
BSD100,85048.png,x2,nedi,prepared_bicubic_lr,85048.png,2,native_nedi_grid_then_full_target_size_adjustment,gaussian_11x11_sigma_1.5_population_covariance,8,8.0,native_x2,1,89854,87340,27461,0,True,480,320,even_insertion_2x_half_pixel_aligned,27.870743606019495,0.8288330574527495,26.501714452310928,0.8154649458418417,8900.9846689,8918.2014255,193.9994460902927,8599.529375,9276.138951,3,10,481,321,240,160,2026-08-30T17:25:18.914722+00:00,3.12.3,2.5.2,12.3.0,0.26.0,Linux-7.0.0-1011-aws-x86_64-with-glibc2.39,x86_64,m7i.2xlarge,parallel_process_workers,4
BSD100,86000.png,x2,nedi,prepared_bicubic_lr,86000.png,2,native_nedi_grid_then_full_target_size_adjustment,gaussian_11x11_sigma_1.5_population_covariance,8,8.0,native_x2,1,60683,59368,55433,0,True,320,480,even_insertion_2x_half_pixel_aligned,27.792433359023562,0.8641042071826209,26.423905185287406,0.8498166102505643,7961.5533723,7979.168804000001,155.31441089399036,7694.745831,8260.08082,3,10,321,481,160,240,2026-08-30T17:25:12.553953+00:00,3.12.3,2.5.2,12.3.0,0.26.0,Linux-7.0.0-1011-aws-x86_64-with-glibc2.39,x86_64,m7i.2xlarge,parallel_process_workers,4
BSD100,86016.png,x2,nedi,prepared_bicubic_lr,86016.png,2,native_nedi_grid_then_full_target_size_adjustment,gaussian_11x11_sigma_1.5_population_covariance,8,8.0,native_x2,1,102039,99133,15668,0,True,480,320,even_insertion_2x_half_pixel_aligned,23.041218447294728,0.4758320342559053,21.703994040301843,0.4559164319130186,9376.6987807,9293.313608,222.62186477689545,9113.585412,9882.43387,3,10,481,321,240,160,2026-08-30T17:26:25.821395+00:00,3.12.3,2.5.2,12.3.0,0.26.0,Linux-7.0.0-1011-aws-x86_64-with-glibc2.39,x86_64,m7i.2xlarge,parallel_process_workers,4
BSD100,86068.png,x2,nedi,prepared_bicubic_lr,86068.png,2,native_nedi_grid_then_full_target_size_adjustment,gaussian_11x11_sigma_1.5_population_covariance,8,8.0,native_x2,1,79609,77193,37608,0,True,480,320,even_insertion_2x_half_pixel_aligned,28.449346813634033,0.6814636780464993,27.083901874674577,0.6511637629573738,8689.907301,8723.5013055,431.25496990528495,7997.135655,9501.347744,3,10,481,321,240,160,2026-08-30T17:26:28.844535+00:00,3.12.3,2.5.2,12.3.0,0.26.0,Linux-7.0.0-1011-aws-x86_64-with-glibc2.39,x86_64,m7i.2xlarge,parallel_process_workers,4
BSD100,87046.png,x2,nedi,prepared_bicubic_lr,87046.png,2,native_nedi_grid_then_full_target_size_adjustment,gaussian_11x11_sigma_1.5_population_covariance,8,8.0,native_x2,1,85030,82423,32378,0,True,480,320,even_insertion_2x_half_pixel_aligned,28.177637914448987,0.8590263047682455,26.813647091032653,0.8478784984975247,8479.7617221,8283.6962925,524.8621831536728,7954.721463,9517.348954,3,10,481,321,240,160,2026-08-30T17:27:05.930321+00:00,3.12.3,2.5.2,12.3.0,0.26.0,Linux-7.0.0-1011-aws-x86_64-with-glibc2.39,x86_64,m7i.2xlarge,parallel_process_workers,4
BSD100,89072.png,x2,nedi,prepared_bicubic_lr,89072.png,2,native_nedi_grid_then_full_target_size_adjustment,gaussian_11x11_sigma_1.5_population_covariance,8,8.0,native_x2,1,66577,64542,50259,0,True,320,480,even_insertion_2x_half_pixel_aligned,28.337493977654514,0.814377454408254,26.9716711745351,0.7948238498967258,7884.465585800001,7846.3345229999995,287.05539030551347,7570.297451,8500.092865,3,10,321,481,160,240,2026-08-30T17:27:04.328742+00:00,3.12.3,2.5.2,12.3.0,0.26.0,Linux-7.0.0-1011-aws-x86_64-with-glibc2.39,x86_64,m7i.2xlarge,parallel_process_workers,4
BSD100,97033.png,x2,nedi,prepared_bicubic_lr,97033.png,2,native_nedi_grid_then_full_target_size_adjustment,gaussian_11x11_sigma_1.5_population_covariance,8,8.0,native_x2,1,72805,70827,43974,0,True,480,320,even_insertion_2x_half_pixel_aligned,26.433107854391263,0.8035440271102264,25.099383298454416,0.7872794337371204,7467.2369875,7387.862236,218.4316078693791,7195.133047,7800.449987,3,10,481,321,240,160,2026-08-30T17:28:04.127989+00:00,3.12.3,2.5.2,12.3.0,0.26.0,Linux-7.0.0-1011-aws-x86_64-with-glibc2.39,x86_64,m7i.2xlarge,parallel_process_workers,4
Urban100,img_001.png,x2,nedi,prepared_bicubic_lr,img_001.png,2,native_nedi_grid_then_full_target_size_adjustment,gaussian_11x11_sigma_1.5_population_covariance,8,8.0,native_x2,1,254039,250735,243024,0,False,1024,644,even_insertion_2x_half_pixel_aligned,28.34711884401211,0.8202128025782558,26.928740715318632,0.7993798288381866,40154.4598988,37630.4503745,5686.322233961029,35424.163046,54639.753853,3,10,1024,644,512,322,2026-08-30T17:36:48.662777+00:00,3.12.3,2.5.2,12.3.0,0.26.0,Linux-7.0.0-1011-aws-x86_64-with-glibc2.39,x86_64,m7i.2xlarge,parallel_process_workers,4
Urban100,img_002.png,x2,nedi,prepared_bicubic_lr,img_002.png,2,native_nedi_grid_then_full_target_size_adjustment,gaussian_11x11_sigma_1.5_population_covariance,8,8.0,native_x2,1,356320,352486,236443,0,False,1024,768,even_insertion_2x_half_pixel_aligned,28.044011705702303,0.8764099387156318,26.665074371731762,0.8648778539811369,48629.5390044,45313.0226445,6511.959212882554,44214.334426,64829.661204,3,10,1024,768,512,384,2026-08-30T17:38:41.370625+00:00,3.12.3,2.5.2,12.3.0,0.26.0,Linux-7.0.0-1011-aws-x86_64-with-glibc2.39,x86_64,m7i.2xlarge,parallel_process_workers,4
Urban100,img_003.png,x2,nedi,prepared_bicubic_lr,img_003.png,2,native_nedi_grid_then_full_target_size_adjustment,gaussian_11x11_sigma_1.5_population_covariance,8,8.0,native_x2,1,371368,366407,154982,0,False,1024,680,even_insertion_2x_half_pixel_aligned,24.761121114025997,0.7561470304806699,23.214094954791697,0.7309807617326428,45200.8219286,42441.262555,5976.60532920538,40665.128258,59775.691894,3,10,1024,680,512,340,2026-08-30T17:37:54.736485+00:00,3.12.3,2.5.2,12.3.0,0.26.0,Linux-7.0.0-1011-aws-x86_64-with-glibc2.39,x86_64,m7i.2xlarge,parallel_process_workers,4
Urban100,img_004.png,x2,nedi,prepared_bicubic_lr,img_004.png,2,native_nedi_grid_then_full_target_size_adjustment,gaussian_11x11_sigma_1.5_population_covariance,8,8.0,native_x2,1,348894,344709,176680,0,False,1024,680,even_insertion_2x_half_pixel_aligned,25.234470015607137,0.8833737207022637,23.91925958291999,0.8714185667641557,44722.7930243,41356.5643375,6834.989926475547,39984.191142,61686.970511,3,10,1024,680,512,340,2026-08-30T17:37:48.688285+00:00,3.12.3,2.5.2,12.3.0,0.26.0,Linux-7.0.0-1011-aws-x86_64-with-glibc2.39,x86_64,m7i.2xlarge,parallel_process_workers,4
Urban100,img_005.png,x2,nedi,prepared_bicubic_lr,img_005.png,2,native_nedi_grid_then_full_target_size_adjustment,gaussian_11x11_sigma_1.5_population_covariance,8,8.0,native_x2,1,167957,166605,422324,0,False,1024,768,even_insertion_2x_half_pixel_aligned,28.841914543948782,0.9520091323926534,27.454013873052382,0.9399863684727309,38954.6698531,39066.973762,456.5844633129973,38211.958857,39607.166832,3,10,1024,768,512,384,2026-08-30T17:45:13.545996+00:00,3.12.3,2.5.2,12.3.0,0.26.0,Linux-7.0.0-1011-aws-x86_64-with-glibc2.39,x86_64,m7i.2xlarge,parallel_process_workers,4
Urban100,img_006.png,x2,nedi,prepared_bicubic_lr,img_006.png,2,native_nedi_grid_then_full_target_size_adjustment,gaussian_11x11_sigma_1.5_population_covariance,8,8.0,native_x2,1,574660,567973,217436,0,False,1024,1024,even_insertion_2x_half_pixel_aligned,23.77655533846356,0.7250256727516,22.426734766953388,0.7062754250867626,62611.0757475,62649.054600999996,783.6048751010478,61422.267516,64404.849853,3,10,1024,1024,512,512,2026-08-30T17:51:20.978948+00:00,3.12.3,2.5.2,12.3.0,0.26.0,Linux-7.0.0-1011-aws-x86_64-with-glibc2.39,x86_64,m7i.2xlarge,parallel_process_workers,4
Urban100,img_007.png,x2,nedi,prepared_bicubic_lr,img_007.png,2,native_nedi_grid_then_full_target_size_adjustment,gaussian_11x11_sigma_1.5_population_covariance,8,8.0,native_x2,1,339936,335691,185698,0,False,1024,680,even_insertion_2x_half_pixel_aligned,31.231440088144026,0.9218019675204143,29.732443517298176,0.9103875333892976,39933.8863167,40026.7126095,467.8203457920512,38774.924296,40532.609585,3,10,1024,680,512,340,2026-08-30T17:46:33.955080+00:00,3.12.3,2.5.2,12.3.0,0.26.0,Linux-7.0.0-1011-aws-x86_64-with-glibc2.39,x86_64,m7i.2xlarge,parallel_process_workers,4
Urban100,img_008.png,x2,nedi,prepared_bicubic_lr,img_008.png,2,native_nedi_grid_then_full_target_size_adjustment,gaussian_11x11_sigma_1.5_population_covariance,8,8.0,native_x2,1,355098,350500,87999,0,False,1024,572,even_insertion_2x_half_pixel_aligned,22.898135990737476,0.7620746926220027,21.691297865473498,0.7555671886623069,35616.0326954,35695.3401135,350.81238018183194,34956.663343,36011.049049,3,10,1024,572,512,286,2026-08-30T17:46:24.642882+00:00,3.12.3,2.5.2,12.3.0,0.26.0,Linux-7.0.0-1011-aws-x86_64-with-glibc2.39,x86_64,m7i.2xlarge,parallel_process_workers,4
Urban100,img_009.png,x2,nedi,prepared_bicubic_lr,img_009.png,2,native_nedi_grid_then_full_target_size_adjustment,gaussian_11x11_sigma_1.5_population_covariance,8,8.0,native_x2,1,129307,128469,481950,0,False,1024,796,even_insertion_2x_half_pixel_aligned,34.94085457023828,0.9380717394999711,33.14658068998291,0.9244424623351098,39507.1199175,39441.488366499994,1018.6508516179514,38203.537911,41316.894726,3,10,1024,796,512,398,2026-08-30T17:53:44.466652+00:00,3.12.3,2.5.2,12.3.0,0.26.0,Linux-7.0.0-1011-aws-x86_64-with-glibc2.39,x86_64,m7i.2xlarge,parallel_process_workers,4
Urban100,img_010.png,x2,nedi,prepared_bicubic_lr,img_010.png,2,native_nedi_grid_then_full_target_size_adjustment,gaussian_11x11_sigma_1.5_population_covariance,8,8.0,native_x2,1,176016,173933,451836,0,False,1024,816,even_insertion_2x_half_pixel_aligned,27.141026283936107,0.8977150251284257,25.753268249097733,0.8826304492638393,42773.7602186,42439.617687,976.583175242005,41636.360835,44573.540367,3,10,1024,816,512,408,2026-08-30T17:55:34.797475+00:00,3.12.3,2.5.2,12.3.0,0.26.0,Linux-7.0.0-1011-aws-x86_64-with-glibc2.39,x86_64,m7i.2xlarge,parallel_process_workers,4
Urban100,img_011.png,x2,nedi,prepared_bicubic_lr,img_011.png,2,native_nedi_grid_then_full_target_size_adjustment,gaussian_11x11_sigma_1.5_population_covariance,8,8.0,native_x2,1,227389,223328,209031,0,False,564,1024,even_insertion_2x_half_pixel_aligned,20.290257823032928,0.8419591252926395,18.96833651115619,0.8257937017068451,32326.1128618,32190.429384000003,560.2279516072795,31378.084405,33297.647068,3,10,564,1024,282,512,2026-08-30T17:53:31.763603+00:00,3.12.3,2.5.2,12.3.0,0.26.0,Linux-7.0.0-1011-aws-x86_64-with-glibc2.39,x86_64,m7i.2xlarge,parallel_process_workers,4
Urban100,img_012.png,x2,nedi,prepared_bicubic_lr,img_012.png,2,native_nedi_grid_then_full_target_size_adjustment,gaussian_11x11_sigma_1.5_population_covariance,8,8.0,native_x2,1,365225,360176,228753,0,False,1024,768,even_insertion_2x_half_pixel_aligned,25.213686331007178,0.8014297771072083,23.374673029941704,0.7847812808420281,46472.7280208,46132.307678,1272.800896627884,45164.2347,49518.049708,3,10,1024,768,512,384,2026-08-30T18:01:28.169463+00:00,3.12.3,2.5.2,12.3.0,0.26.0,Linux-7.0.0-1011-aws-x86_64-with-glibc2.39,x86_64,m7i.2xlarge,parallel_process_workers,4
Urban100,img_013.png,x2,nedi,prepared_bicubic_lr,img_013.png,2,native_nedi_grid_then_full_target_size_adjustment,gaussian_11x11_sigma_1.5_population_covariance,8,8.0,native_x2,1,309989,305666,280193,0,False,1024,764,even_insertion_2x_half_pixel_aligned,30.320952232925276,0.880863970452773,29.007909990164364,0.8448997150596121,43963.9681864,44069.977067,694.9845824807455,43084.748457,44780.527827,3,10,1024,764,512,382,2026-08-30T18:03:11.750954+00:00,3.12.3,2.5.2,12.3.0,0.26.0,Linux-7.0.0-1011-aws-x86_64-with-glibc2.39,x86_64,m7i.2xlarge,parallel_process_workers,4
Urban100,img_014.png,x2,nedi,prepared_bicubic_lr,img_014.png,2,native_nedi_grid_then_full_target_size_adjustment,gaussian_11x11_sigma_1.5_population_covariance,8,8.0,native_x2,1,431603,428627,356782,0,False,1024,1024,even_insertion_2x_half_pixel_aligned,23.248995820515415,0.7480149030789011,21.938061513478793,0.7336813191780273,61536.5973689,61236.873087500004,2055.5072926961493,58607.238519,65079.187393,3,10,1024,1024,512,512,2026-08-30T18:07:04.923250+00:00,3.12.3,2.5.2,12.3.0,0.26.0,Linux-7.0.0-1011-aws-x86_64-with-glibc2.39,x86_64,m7i.2xlarge,parallel_process_workers,4
Urban100,img_015.png,x2,nedi,prepared_bicubic_lr,img_015.png,2,native_nedi_grid_then_full_target_size_adjustment,gaussian_11x11_sigma_1.5_population_covariance,8,8.0,native_x2,1,295960,293410,298589,0,False,1024,772,even_insertion_2x_half_pixel_aligned,26.395784671756765,0.772325547988072,25.07266236608672,0.7380517140554342,45216.9441232,44847.413954999996,1298.6858413119558,43828.318197,48222.007057,3,10,1024,772,512,386,2026-08-30T18:05:22.639327+00:00,3.12.3,2.5.2,12.3.0,0.26.0,Linux-7.0.0-1011-aws-x86_64-with-glibc2.39,x86_64,m7i.2xlarge,parallel_process_workers,4
Urban100,img_016.png,x2,nedi,prepared_bicubic_lr,img_016.png,2,native_nedi_grid_then_full_target_size_adjustment,gaussian_11x11_sigma_1.5_population_covariance,8,8.0,native_x2,1,225922,224811,560598,0,False,1024,1024,even_insertion_2x_half_pixel_aligned,30.611851113136378,0.9265217170903679,29.15994899795312,0.9150133695076047,55668.9823504,56037.615309,1217.953994154242,53101.751184,56906.269618,3,10,1024,1024,512,512,2026-08-30T18:13:30.015547+00:00,3.12.3,2.5.2,12.3.0,0.26.0,Linux-7.0.0-1011-aws-x86_64-with-glibc2.39,x86_64,m7i.2xlarge,parallel_process_workers,4
Urban100,img_017.png,x2,nedi,prepared_bicubic_lr,img_017.png,2,native_nedi_grid_then_full_target_size_adjustment,gaussian_11x11_sigma_1.5_population_covariance,8,8.0,native_x2,1,293576,290576,240023,0,False,1024,692,even_insertion_2x_half_pixel_aligned,27.390897198041575,0.8817998785162684,25.905455231010713,0.8704078257168675,42096.0985139,42090.866936499995,815.4493323764145,40764.086598,43353.349736,3,10,1024,692,512,346,2026-08-30T18:12:20.152286+00:00,3.12.3,2.5.2,12.3.0,0.26.0,Linux-7.0.0-1011-aws-x86_64-with-glibc2.39,x86_64,m7i.2xlarge,parallel_process_workers,4
Urban100,img_018.png,x2,nedi,prepared_bicubic_lr,img_018.png,2,native_nedi_grid_then_full_target_size_adjustment,gaussian_11x11_sigma_1.5_population_covariance,8,8.0,native_x2,1,442311,437272,151657,0,False,1024,768,even_insertion_2x_half_pixel_aligned,27.826517978976035,0.8072005294360732,26.181742846394908,0.7807830288273198,50244.7642451,50265.7276405,827.713519076902,48982.042953,51480.340973,3,10,1024,768,512,384,2026-08-30T18:16:23.139653+00:00,3.12.3,2.5.2,12.3.0,0.26.0,Linux-7.0.0-1011-aws-x86_64-with-glibc2.39,x86_64,m7i.2xlarge,parallel_process_workers,4
Urban100,img_019.png,x2,nedi,prepared_bicubic_lr,img_019.png,2,native_nedi_grid_then_full_target_size_adjustment,gaussian_11x11_sigma_1.5_population_covariance,8,8.0,native_x2,1,271996,269401,251988,0,False,1024,680,even_insertion_2x_half_pixel_aligned,22.406776166779792,0.8346155563008982,21.00548357129409,0.7967630019759021,40419.9584783,40252.648663500004,452.2949100816252,39898.637327,41075.551909,3,10,1024,680,512,340,2026-08-30T18:15:51.931609+00:00,3.12.3,2.5.2,12.3.0,0.26.0,Linux-7.0.0-1011-aws-x86_64-with-glibc2.39,x86_64,m7i.2xlarge,parallel_process_workers,4
Urban100,img_020.png,x2,nedi,prepared_bicubic_lr,img_020.png,2,native_nedi_grid_then_full_target_size_adjustment,gaussian_11x11_sigma_1.5_population_covariance,8,8.0,native_x2,1,607912,602205,318276,0,False,1280,960,even_insertion_2x_half_pixel_aligned,23.983007662259993,0.8112585711870816,22.615393953627713,0.8010527319294068,70972.2205043,70290.85601650001,1964.9510673458462,68428.032952,74270.352631,3,10,1280,960,640,480,2026-08-30T18:27:56.909978+00:00,3.12.3,2.5.2,12.3.0,0.26.0,Linux-7.0.0-1011-aws-x86_64-with-glibc2.39,x86_64,m7i.2xlarge,parallel_process_workers,4
Urban100,img_021.png,x2,nedi,prepared_bicubic_lr,img_021.png,2,native_nedi_grid_then_full_target_size_adjustment,gaussian_11x11_sigma_1.5_population_covariance,8,8.0,native_x2,1,353968,347664,367739,0,False,796,1200,even_insertion_2x_half_pixel_aligned,31.417228114677602,0.8650153095245247,30.014886756948755,0.8482080890782292,51606.8649917,50878.560624000005,1694.0499223274721,49653.421179,54389.143893,3,10,796,1200,398,600,2026-08-30T18:24:50.360292+00:00,3.12.3,2.5.2,12.3.0,0.26.0,Linux-7.0.0-1011-aws-x86_64-with-glibc2.39,x86_64,m7i.2xlarge,parallel_process_workers,4
Urban100,img_022.png,x2,nedi,prepared_bicubic_lr,img_022.png,2,native_nedi_grid_then_full_target_size_adjustment,gaussian_11x11_sigma_1.5_population_covariance,8,8.0,native_x2,1,238424,236660,284729,0,False,1024,680,even_insertion_2x_half_pixel_aligned,27.26536858180547,0.8156833864619601,25.90622802730852,0.7982785421003968,36424.306889,36304.2572385,1126.9358772940868,34593.05052,38145.182663,3,10,1024,680,512,340,2026-08-30T18:23:52.280578+00:00,3.12.3,2.5.2,12.3.0,0.26.0,Linux-7.0.0-1011-aws-x86_64-with-glibc2.39,x86_64,m7i.2xlarge,parallel_process_workers,4
Urban100,img_023.png,x2,nedi,prepared_bicubic_lr,img_023.png,2,native_nedi_grid_then_full_target_size_adjustment,gaussian_11x11_sigma_1.5_population_covariance,8,8.0,native_x2,1,380895,376909,408500,0,False,1024,1024,even_insertion_2x_half_pixel_aligned,32.02647563333895,0.9433355602629621,30.374946118147427,0.9330107560453874,55711.286136200004,55477.440858500006,1263.7462496197704,53846.819525,57738.556133,3,10,1024,1024,512,512,2026-08-30T18:28:37.597750+00:00,3.12.3,2.5.2,12.3.0,0.26.0,Linux-7.0.0-1011-aws-x86_64-with-glibc2.39,x86_64,m7i.2xlarge,parallel_process_workers,4
Urban100,img_024.png,x2,nedi,prepared_bicubic_lr,img_024.png,2,native_nedi_grid_then_full_target_size_adjustment,gaussian_11x11_sigma_1.5_population_covariance,8,8.0,native_x2,1,373878,369512,136527,0,False,1024,660,even_insertion_2x_half_pixel_aligned,21.94901702087713,0.7523322624965026,20.598647719058665,0.7417304098519216,40342.6091398,40251.127957000004,1083.8722973503086,38985.645438,42894.317536,3,10,1024,660,512,330,2026-08-30T18:32:36.483763+00:00,3.12.3,2.5.2,12.3.0,0.26.0,Linux-7.0.0-1011-aws-x86_64-with-glibc2.39,x86_64,m7i.2xlarge,parallel_process_workers,4
Urban100,img_025.png,x2,nedi,prepared_bicubic_lr,img_025.png,2,native_nedi_grid_then_full_target_size_adjustment,gaussian_11x11_sigma_1.5_population_covariance,8,8.0,native_x2,1,215736,211777,352592,0,False,1024,736,even_insertion_2x_half_pixel_aligned,30.58264552288879,0.9137160861605789,29.170127863428398,0.8966264074435175,39072.9126858,38786.797323499995,1033.6042675650774,37754.531011,40884.481608,3,10,1024,736,512,368,2026-08-30T18:33:18.486471+00:00,3.12.3,2.5.2,12.3.0,0.26.0,Linux-7.0.0-1011-aws-x86_64-with-glibc2.39,x86_64,m7i.2xlarge,parallel_process_workers,4
Urban100,img_026.png,x2,nedi,prepared_bicubic_lr,img_026.png,2,native_nedi_grid_then_full_target_size_adjustment,gaussian_11x11_sigma_1.5_population_covariance,8,8.0,native_x2,1,174702,171911,417018,0,False,1024,768,even_insertion_2x_half_pixel_aligned,28.386256086104424,0.7355977190154415,26.966392742658265,0.6985659646576884,40143.7104725,39969.565747500004,932.1011490473695,39078.801472,41785.070271,3,10,1024,768,512,384,2026-08-30T18:36:36.126176+00:00,3.12.3,2.5.2,12.3.0,0.26.0,Linux-7.0.0-1011-aws-x86_64-with-glibc2.39,x86_64,m7i.2xlarge,parallel_process_workers,4
Urban100,img_027.png,x2,nedi,prepared_bicubic_lr,img_027.png,2,native_nedi_grid_then_full_target_size_adjustment,gaussian_11x11_sigma_1.5_population_covariance,8,8.0,native_x2,1,289250,286274,351775,0,False,1024,832,even_insertion_2x_half_pixel_aligned,29.308885413045083,0.8491714028697973,28.027282131179415,0.8320939185308895,46481.908166400004,46429.544882,1032.9164365555403,45139.899682,47944.243551,3,10,1024,832,512,416,2026-08-30T18:38:42.652677+00:00,3.12.3,2.5.2,12.3.0,0.26.0,Linux-7.0.0-1011-aws-x86_64-with-glibc2.39,x86_64,m7i.2xlarge,parallel_process_workers,4
Urban100,img_028.png,x2,nedi,prepared_bicubic_lr,img_028.png,2,native_nedi_grid_then_full_target_size_adjustment,gaussian_11x11_sigma_1.5_population_covariance,8,8.0,native_x2,1,155888,154504,366885,0,False,1024,680,even_insertion_2x_half_pixel_aligned,32.09910661438158,0.9061845200354876,30.777185302504847,0.8939935960067537,34969.0099681,34733.947729,654.6221698142989,34319.59747,36378.412536,3,10,1024,680,512,340,2026-08-30T18:40:14.514764+00:00,3.12.3,2.5.2,12.3.0,0.26.0,Linux-7.0.0-1011-aws-x86_64-with-glibc2.39,x86_64,m7i.2xlarge,parallel_process_workers,4
Urban100,img_029.png,x2,nedi,prepared_bicubic_lr,img_029.png,2,native_nedi_grid_then_full_target_size_adjustment,gaussian_11x11_sigma_1.5_population_covariance,8,8.0,native_x2,1,209925,207882,310437,0,False,1024,676,even_insertion_2x_half_pixel_aligned,26.322053626707277,0.8625880036865295,24.992237118977343,0.8458189059252788,36663.670307,36539.406955,616.0127717283649,35710.315683,37986.727636,3,10,1024,676,512,338,2026-08-30T18:41:16.648564+00:00,3.12.3,2.5.2,12.3.0,0.26.0,Linux-7.0.0-1011-aws-x86_64-with-glibc2.39,x86_64,m7i.2xlarge,parallel_process_workers,4
Urban100,img_030.png,x2,nedi,prepared_bicubic_lr,img_030.png,2,native_nedi_grid_then_full_target_size_adjustment,gaussian_11x11_sigma_1.5_population_covariance,8,8.0,native_x2,1,355171,351650,169739,0,False,680,1024,even_insertion_2x_half_pixel_aligned,25.559360698861475,0.8519114961698567,23.826425176524303,0.8328031981442914,41484.5150587,41328.378523499996,647.0864407315831,40423.46542,42578.79986,3,10,680,1024,340,512,2026-08-30T18:45:34.984586+00:00,3.12.3,2.5.2,12.3.0,0.26.0,Linux-7.0.0-1011-aws-x86_64-with-glibc2.39,x86_64,m7i.2xlarge,parallel_process_workers,4
Urban100,img_031.png,x2,nedi,prepared_bicubic_lr,img_031.png,2,native_nedi_grid_then_full_target_size_adjustment,gaussian_11x11_sigma_1.5_population_covariance,8,8.0,native_x2,1,271975,268824,252565,0,False,1024,680,even_insertion_2x_half_pixel_aligned,25.630681851177613,0.8490336701131418,24.187051467234095,0.8303470317255174,38917.0271465,38757.0612405,1127.2429971085662,36725.312801,40864.778818,3,10,1024,680,512,340,2026-08-30T18:47:09.370656+00:00,3.12.3,2.5.2,12.3.0,0.26.0,Linux-7.0.0-1011-aws-x86_64-with-glibc2.39,x86_64,m7i.2xlarge,parallel_process_workers,4
Urban100,img_032.png,x2,nedi,prepared_bicubic_lr,img_032.png,2,native_nedi_grid_then_full_target_size_adjustment,gaussian_11x11_sigma_1.5_population_covariance,8,8.0,native_x2,1,188092,185733,335656,0,False,1024,680,even_insertion_2x_half_pixel_aligned,29.895768986694122,0.8904523780691745,28.358863560562206,0.8751472551107966,35958.1557475,35948.0142965,709.6634229630404,34852.51954,37219.069536,3,10,1024,680,512,340,2026-08-30T18:48:06.240152+00:00,3.12.3,2.5.2,12.3.0,0.26.0,Linux-7.0.0-1011-aws-x86_64-with-glibc2.39,x86_64,m7i.2xlarge,parallel_process_workers,4
Urban100,img_033.png,x2,nedi,prepared_bicubic_lr,img_033.png,2,native_nedi_grid_then_full_target_size_adjustment,gaussian_11x11_sigma_1.5_population_covariance,8,8.0,native_x2,1,202959,201013,320376,0,False,1024,680,even_insertion_2x_half_pixel_aligned,27.156024212669116,0.8150653335410586,25.612367307288245,0.7936151754107802,36367.0492035,36376.625192,992.9959900103307,34850.545718,37874.010176,3,10,1024,680,512,340,2026-08-30T18:49:10.108025+00:00,3.12.3,2.5.2,12.3.0,0.26.0,Linux-7.0.0-1011-aws-x86_64-with-glibc2.39,x86_64,m7i.2xlarge,parallel_process_workers,4
Urban100,img_034.png,x2,nedi,prepared_bicubic_lr,img_034.png,2,native_nedi_grid_then_full_target_size_adjustment,gaussian_11x11_sigma_1.5_population_covariance,8,8.0,native_x2,1,387495,382868,138521,0,False,1024,680,even_insertion_2x_half_pixel_aligned,24.10115379160477,0.6787517476704551,22.398473715425375,0.6827407001001659,41505.3791558,41571.87239800001,682.7122282198886,40316.458772,42712.477169,3,10,1024,680,512,340,2026-08-30T18:54:33.457631+00:00,3.12.3,2.5.2,12.3.0,0.26.0,Linux-7.0.0-1011-aws-x86_64-with-glibc2.39,x86_64,m7i.2xlarge,parallel_process_workers,4
Urban100,img_035.png,x2,nedi,prepared_bicubic_lr,img_035.png,2,native_nedi_grid_then_full_target_size_adjustment,gaussian_11x11_sigma_1.5_population_covariance,8,8.0,native_x2,1,234650,233455,294074,0,False,1024,688,even_insertion_2x_half_pixel_aligned,28.727303189888595,0.8804466540603437,27.31237040670351,0.8650873635394988,37410.2629492,37287.349535999994,590.7548862357914,36683.710247,38843.32265,3,10,1024,688,512,344,2026-08-30T18:55:15.548373+00:00,3.12.3,2.5.2,12.3.0,0.26.0,Linux-7.0.0-1011-aws-x86_64-with-glibc2.39,x86_64,m7i.2xlarge,parallel_process_workers,4
Urban100,img_036.png,x2,nedi,prepared_bicubic_lr,img_036.png,2,native_nedi_grid_then_full_target_size_adjustment,gaussian_11x11_sigma_1.5_population_covariance,8,8.0,native_x2,1,212429,210575,326164,0,False,700,1024,even_insertion_2x_half_pixel_aligned,29.687942773900367,0.9170316652916389,28.36602146202363,0.9085315857395285,37280.3595437,37309.081181,796.1027074290658,36025.487573,38950.55244,3,10,700,1024,350,512,2026-08-30T18:56:11.374534+00:00,3.12.3,2.5.2,12.3.0,0.26.0,Linux-7.0.0-1011-aws-x86_64-with-glibc2.39,x86_64,m7i.2xlarge,parallel_process_workers,4
Urban100,img_037.png,x2,nedi,prepared_bicubic_lr,img_037.png,2,native_nedi_grid_then_full_target_size_adjustment,gaussian_11x11_sigma_1.5_population_covariance,8,8.0,native_x2,1,371805,365642,201797,0,False,740,1024,even_insertion_2x_half_pixel_aligned,28.561983002204713,0.8903384558124185,27.158299938939066,0.8723712932808122,43418.0375504,43106.5474045,1412.768634937166,40588.754198,45174.06436,3,10,740,1024,370,512,2026-08-30T18:58:36.845558+00:00,3.12.3,2.5.2,12.3.0,0.26.0,Linux-7.0.0-1011-aws-x86_64-with-glibc2.39,x86_64,m7i.2xlarge,parallel_process_workers,4
Urban100,img_038.png,x2,nedi,prepared_bicubic_lr,img_038.png,2,native_nedi_grid_then_full_target_size_adjustment,gaussian_11x11_sigma_1.5_population_covariance,8,8.0,native_x2,1,368957,363666,225263,0,False,768,1024,even_insertion_2x_half_pixel_aligned,28.06976135149515,0.7658615130268516,26.67389783537553,0.733786535847004,45332.588575,45464.085342000006,916.2289329553365,44161.064983,47095.622483,3,10,768,1024,384,512,2026-08-30T19:04:22.662511+00:00,3.12.3,2.5.2,12.3.0,0.26.0,Linux-7.0.0-1011-aws-x86_64-with-glibc2.39,x86_64,m7i.2xlarge,parallel_process_workers,4
Urban100,img_039.png,x2,nedi,prepared_bicubic_lr,img_039.png,2,native_nedi_grid_then_full_target_size_adjustment,gaussian_11x11_sigma_1.5_population_covariance,8,8.0,native_x2,1,314936,312938,275991,0,False,768,1024,even_insertion_2x_half_pixel_aligned,23.60999583062659,0.7744394371366843,22.2833029273394,0.7655959508427582,43342.761022599996,43530.9154105,1284.4665842771215,41514.645056,46033.374953,3,10,768,1024,384,512,2026-08-30T19:04:38.283420+00:00,3.12.3,2.5.2,12.3.0,0.26.0,Linux-7.0.0-1011-aws-x86_64-with-glibc2.39,x86_64,m7i.2xlarge,parallel_process_workers,4
Urban100,img_040.png,x2,nedi,prepared_bicubic_lr,img_040.png,2,native_nedi_grid_then_full_target_size_adjustment,gaussian_11x11_sigma_1.5_population_covariance,8,8.0,native_x2,1,221496,218068,223501,0,False,1024,576,even_insertion_2x_half_pixel_aligned,24.743003530498946,0.9091191952924561,23.406224316243268,0.8997573298282012,31738.8194319,31789.2897905,836.5845368127812,30120.312303,32971.399181,3,10,1024,576,512,288,2026-08-30T19:03:03.791417+00:00,3.12.3,2.5.2,12.3.0,0.26.0,Linux-7.0.0-1011-aws-x86_64-with-glibc2.39,x86_64,m7i.2xlarge,parallel_process_workers,4
Urban100,img_041.png,x2,nedi,prepared_bicubic_lr,img_041.png,2,native_nedi_grid_then_full_target_size_adjustment,gaussian_11x11_sigma_1.5_population_covariance,8,8.0,native_x2,1,301071,296977,224412,0,False,1024,680,even_insertion_2x_half_pixel_aligned,25.63907228879481,0.8819912116817994,24.187808579125342,0.8703933193348453,39800.3559942,40422.986134,1365.791936683691,37262.922032,41125.885525,3,10,1024,680,512,340,2026-08-30T19:07:11.751526+00:00,3.12.3,2.5.2,12.3.0,0.26.0,Linux-7.0.0-1011-aws-x86_64-with-glibc2.39,x86_64,m7i.2xlarge,parallel_process_workers,4
Urban100,img_042.png,x2,nedi,prepared_bicubic_lr,img_042.png,2,native_nedi_grid_then_full_target_size_adjustment,gaussian_11x11_sigma_1.5_population_covariance,8,8.0,native_x2,1,250427,247016,274373,0,False,1024,680,even_insertion_2x_half_pixel_aligned,30.16428570505003,0.9259117613133382,28.8423643931733,0.9200248763052726,37395.7070493,37422.930929,526.8793134005824,36234.842621,38160.277368,3,10,1024,680,512,340,2026-08-30T19:11:15.624885+00:00,3.12.3,2.5.2,12.3.0,0.26.0,Linux-7.0.0-1011-aws-x86_64-with-glibc2.39,x86_64,m7i.2xlarge,parallel_process_workers,4
Urban100,img_043.png,x2,nedi,prepared_bicubic_lr,img_043.png,2,native_nedi_grid_then_full_target_size_adjustment,gaussian_11x11_sigma_1.5_population_covariance,8,8.0,native_x2,1,194391,191616,323633,0,False,1024,672,even_insertion_2x_half_pixel_aligned,27.288332142188825,0.9217718872914967,25.944536763237977,0.8948143250575421,35273.2868687,34937.2680685,986.1118468854996,34032.75081,36891.529796,3,10,1024,672,512,336,2026-08-30T19:12:04.032285+00:00,3.12.3,2.5.2,12.3.0,0.26.0,Linux-7.0.0-1011-aws-x86_64-with-glibc2.39,x86_64,m7i.2xlarge,parallel_process_workers,4
Urban100,img_044.png,x2,nedi,prepared_bicubic_lr,img_044.png,2,native_nedi_grid_then_full_target_size_adjustment,gaussian_11x11_sigma_1.5_population_covariance,8,8.0,native_x2,1,342396,337359,184030,0,False,1024,680,even_insertion_2x_half_pixel_aligned,33.99462423522273,0.9341861655569527,32.03030928414278,0.914985958898897,40271.382912,40079.4500275,1111.6935796351258,38867.785625,42442.363382,3,10,1024,680,512,340,2026-08-30T19:13:24.722624+00:00,3.12.3,2.5.2,12.3.0,0.26.0,Linux-7.0.0-1011-aws-x86_64-with-glibc2.39,x86_64,m7i.2xlarge,parallel_process_workers,4
Urban100,img_045.png,x2,nedi,prepared_bicubic_lr,img_045.png,2,native_nedi_grid_then_full_target_size_adjustment,gaussian_11x11_sigma_1.5_population_covariance,8,8.0,native_x2,1,501757,495728,93201,0,False,1024,768,even_insertion_2x_half_pixel_aligned,26.913859900616508,0.8670031111803426,25.591938588739772,0.8612181455765965,49662.2759419,49953.880735,1441.7422031650954,47254.341348,51767.367477,3,10,1024,768,512,384,2026-08-30T19:17:55.263210+00:00,3.12.3,2.5.2,12.3.0,0.26.0,Linux-7.0.0-1011-aws-x86_64-with-glibc2.39,x86_64,m7i.2xlarge,parallel_process_workers,4
Urban100,img_046.png,x2,nedi,prepared_bicubic_lr,img_046.png,2,native_nedi_grid_then_full_target_size_adjustment,gaussian_11x11_sigma_1.5_population_covariance,8,8.0,native_x2,1,234616,232903,297696,0,False,692,1024,even_insertion_2x_half_pixel_aligned,24.968936824156636,0.833627688050191,23.685256342488255,0.8314204711933465,37717.2230095,37687.476607000004,1218.1125660544878,35946.240782,39569.516082,3,10,692,1024,346,512,2026-08-30T19:19:29.917987+00:00,3.12.3,2.5.2,12.3.0,0.26.0,Linux-7.0.0-1011-aws-x86_64-with-glibc2.39,x86_64,m7i.2xlarge,parallel_process_workers,4
Urban100,img_047.png,x2,nedi,prepared_bicubic_lr,img_047.png,2,native_nedi_grid_then_full_target_size_adjustment,gaussian_11x11_sigma_1.5_population_covariance,8,8.0,native_x2,1,254582,251493,220776,0,False,1024,616,even_insertion_2x_half_pixel_aligned,23.364918390849382,0.8332764777335674,21.892996420017376,0.8253617648653728,34477.010231,34149.5408305,1388.026287758079,32409.084098,36517.532729,3,10,1024,616,512,308,2026-08-30T19:19:37.206106+00:00,3.12.3,2.5.2,12.3.0,0.26.0,Linux-7.0.0-1011-aws-x86_64-with-glibc2.39,x86_64,m7i.2xlarge,parallel_process_workers,4
Urban100,img_048.png,x2,nedi,prepared_bicubic_lr,img_048.png,2,native_nedi_grid_then_full_target_size_adjustment,gaussian_11x11_sigma_1.5_population_covariance,8,8.0,native_x2,1,248116,246793,277666,0,False,684,1024,even_insertion_2x_half_pixel_aligned,21.489999276346985,0.8509504069720369,20.192592682848066,0.8430121451904391,36489.9043582,36265.912561000005,1079.126742509999,35095.042606,38760.074372,3,10,684,1024,342,512,2026-08-30T19:21:26.440000+00:00,3.12.3,2.5.2,12.3.0,0.26.0,Linux-7.0.0-1011-aws-x86_64-with-glibc2.39,x86_64,m7i.2xlarge,parallel_process_workers,4
Urban100,img_049.png,x2,nedi,prepared_bicubic_lr,img_049.png,2,native_nedi_grid_then_full_target_size_adjustment,gaussian_11x11_sigma_1.5_population_covariance,8,8.0,native_x2,1,373567,369132,152257,0,False,1024,680,even_insertion_2x_half_pixel_aligned,24.072570263833974,0.8046658605480315,22.562148210900123,0.7841938492794253,39639.0813979,39719.1829515,689.2457223504891,38359.352117,41010.087416,3,10,1024,680,512,340,2026-08-30T19:26:31.535450+00:00,3.12.3,2.5.2,12.3.0,0.26.0,Linux-7.0.0-1011-aws-x86_64-with-glibc2.39,x86_64,m7i.2xlarge,parallel_process_workers,4
Urban100,img_050.png,x2,nedi,prepared_bicubic_lr,img_050.png,2,native_nedi_grid_then_full_target_size_adjustment,gaussian_11x11_sigma_1.5_population_covariance,8,8.0,native_x2,1,275643,272346,249043,0,False,680,1024,even_insertion_2x_half_pixel_aligned,26.567862371915176,0.8296493057528418,25.178660108836176,0.8143040741816305,37159.1026087,36938.089479,836.3920303156774,36061.825024,39024.295464,3,10,680,1024,340,512,2026-08-30T19:27:34.838617+00:00,3.12.3,2.5.2,12.3.0,0.26.0,Linux-7.0.0-1011-aws-x86_64-with-glibc2.39,x86_64,m7i.2xlarge,parallel_process_workers,4
Urban100,img_051.png,x2,nedi,prepared_bicubic_lr,img_051.png,2,native_nedi_grid_then_full_target_size_adjustment,gaussian_11x11_sigma_1.5_population_covariance,8,8.0,native_x2,1,290550,286598,234791,0,False,1024,680,even_insertion_2x_half_pixel_aligned,29.21771521342609,0.9008621483849182,27.69833536574022,0.8872748868897298,37690.947658799996,37320.1213215,788.50624754365,36708.172797,39588.805612,3,10,1024,680,512,340,2026-08-30T19:27:44.345754+00:00,3.12.3,2.5.2,12.3.0,0.26.0,Linux-7.0.0-1011-aws-x86_64-with-glibc2.39,x86_64,m7i.2xlarge,parallel_process_workers,4
Urban100,img_052.png,x2,nedi,prepared_bicubic_lr,img_052.png,2,native_nedi_grid_then_full_target_size_adjustment,gaussian_11x11_sigma_1.5_population_covariance,8,8.0,native_x2,1,218229,215797,305592,0,False,1024,680,even_insertion_2x_half_pixel_aligned,27.910555483936857,0.8956438997229701,26.540636657436973,0.8846959571899126,35375.281172,35251.360335000005,838.775079446557,34267.156187,37406.506424,3,10,1024,680,512,340,2026-08-30T19:29:06.894897+00:00,3.12.3,2.5.2,12.3.0,0.26.0,Linux-7.0.0-1011-aws-x86_64-with-glibc2.39,x86_64,m7i.2xlarge,parallel_process_workers,4
Urban100,img_053.png,x2,nedi,prepared_bicubic_lr,img_053.png,2,native_nedi_grid_then_full_target_size_adjustment,gaussian_11x11_sigma_1.5_population_covariance,8,8.0,native_x2,1,370940,367169,135800,0,False,1024,656,even_insertion_2x_half_pixel_aligned,23.392021783993492,0.8004944092532633,22.056785307562894,0.7912175834280161,38463.8382074,38521.381042,719.248802971596,37136.126179,39582.537711,3,10,1024,656,512,328,2026-08-30T19:34:56.636024+00:00,3.12.3,2.5.2,12.3.0,0.26.0,Linux-7.0.0-1011-aws-x86_64-with-glibc2.39,x86_64,m7i.2xlarge,parallel_process_workers,4
Urban100,img_054.png,x2,nedi,prepared_bicubic_lr,img_054.png,2,native_nedi_grid_then_full_target_size_adjustment,gaussian_11x11_sigma_1.5_population_covariance,8,8.0,native_x2,1,350571,347047,174342,0,False,1024,680,even_insertion_2x_half_pixel_aligned,22.538062682130967,0.7337807525443975,21.042118431659162,0.7198369430876306,39071.1322535,38797.814211000004,918.2101810669861,38072.366058,40915.718339,3,10,1024,680,512,340,2026-08-30T19:36:05.381275+00:00,3.12.3,2.5.2,12.3.0,0.26.0,Linux-7.0.0-1011-aws-x86_64-with-glibc2.39,x86_64,m7i.2xlarge,parallel_process_workers,4
Urban100,img_055.png,x2,nedi,prepared_bicubic_lr,img_055.png,2,native_nedi_grid_then_full_target_size_adjustment,gaussian_11x11_sigma_1.5_population_covariance,8,8.0,native_x2,1,236412,233530,355399,0,False,1024,768,even_insertion_2x_half_pixel_aligned,30.596100549863895,0.9363371019463158,28.88607840080224,0.9137259892231336,39826.3923977,39611.3597715,1000.6815665023369,38614.177036,41814.555725,3,10,1024,768,512,384,2026-08-30T19:36:24.356001+00:00,3.12.3,2.5.2,12.3.0,0.26.0,Linux-7.0.0-1011-aws-x86_64-with-glibc2.39,x86_64,m7i.2xlarge,parallel_process_workers,4
Urban100,img_056.png,x2,nedi,prepared_bicubic_lr,img_056.png,2,native_nedi_grid_then_full_target_size_adjustment,gaussian_11x11_sigma_1.5_population_covariance,8,8.0,native_x2,1,403244,399014,189915,0,False,1024,768,even_insertion_2x_half_pixel_aligned,25.856542570503667,0.8358919577429679,24.509946855904907,0.8238397909855357,46071.457551,45615.8957745,1539.161433044139,43451.733051,48434.874181,3,10,1024,768,512,384,2026-08-30T19:39:01.489161+00:00,3.12.3,2.5.2,12.3.0,0.26.0,Linux-7.0.0-1011-aws-x86_64-with-glibc2.39,x86_64,m7i.2xlarge,parallel_process_workers,4
Urban100,img_057.png,x2,nedi,prepared_bicubic_lr,img_057.png,2,native_nedi_grid_then_full_target_size_adjustment,gaussian_11x11_sigma_1.5_population_covariance,8,8.0,native_x2,1,234986,232975,322184,0,False,1024,724,even_insertion_2x_half_pixel_aligned,30.481922974651845,0.9139976359956257,29.028865832881003,0.8946796834079734,38242.220305,37835.215292,1502.241340122139,36769.687051,40527.607296,3,10,1024,724,512,362,2026-08-30T19:43:16.502773+00:00,3.12.3,2.5.2,12.3.0,0.26.0,Linux-7.0.0-1011-aws-x86_64-with-glibc2.39,x86_64,m7i.2xlarge,parallel_process_workers,4
Urban100,img_058.png,x2,nedi,prepared_bicubic_lr,img_058.png,2,native_nedi_grid_then_full_target_size_adjustment,gaussian_11x11_sigma_1.5_population_covariance,8,8.0,native_x2,1,370122,370122,160477,0,False,1024,692,even_insertion_2x_half_pixel_aligned,27.786300343926783,0.9116740811005365,26.283467630083095,0.9020987448391403,39863.372349,39551.35891150001,686.4689868030054,39176.392174,41458.718294,3,10,1024,692,512,346,2026-08-30T19:44:52.457016+00:00,3.12.3,2.5.2,12.3.0,0.26.0,Linux-7.0.0-1011-aws-x86_64-with-glibc2.39,x86_64,m7i.2xlarge,parallel_process_workers,4
Urban100,img_059.png,x2,nedi,prepared_bicubic_lr,img_059.png,2,native_nedi_grid_then_full_target_size_adjustment,gaussian_11x11_sigma_1.5_population_covariance,8,8.0,native_x2,1,193993,192092,317017,0,False,1024,664,even_insertion_2x_half_pixel_aligned,23.792364272747037,0.8262773675640854,22.409255014831444,0.8120083997938222,33793.9660617,33704.0506065,1037.304176912277,32254.385193,35921.433996,3,10,1024,664,512,332,2026-08-30T19:43:50.606355+00:00,3.12.3,2.5.2,12.3.0,0.26.0,Linux-7.0.0-1011-aws-x86_64-with-glibc2.39,x86_64,m7i.2xlarge,parallel_process_workers,4
Urban100,img_060.png,x2,nedi,prepared_bicubic_lr,img_060.png,2,native_nedi_grid_then_full_target_size_adjustment,gaussian_11x11_sigma_1.5_population_covariance,8,8.0,native_x2,1,411254,405339,116050,0,False,1024,680,even_insertion_2x_half_pixel_aligned,23.379220875262554,0.6657362542505596,21.994937933270414,0.651589128942628,40804.6573816,40670.800438,917.6844937460861,39561.377002,42594.417402,3,10,1024,680,512,340,2026-08-30T19:47:54.034096+00:00,3.12.3,2.5.2,12.3.0,0.26.0,Linux-7.0.0-1011-aws-x86_64-with-glibc2.39,x86_64,m7i.2xlarge,parallel_process_workers,4
Urban100,img_061.png,x2,nedi,prepared_bicubic_lr,img_061.png,2,native_nedi_grid_then_full_target_size_adjustment,gaussian_11x11_sigma_1.5_population_covariance,8,8.0,native_x2,1,329306,325855,189394,0,False,1024,672,even_insertion_2x_half_pixel_aligned,26.352302975414737,0.8268654468107236,24.76305526249532,0.8165310252726597,37781.9625371,37696.983101000005,415.4482913027619,37201.814353,38629.019104,3,10,1024,672,512,336,2026-08-30T19:51:27.343608+00:00,3.12.3,2.5.2,12.3.0,0.26.0,Linux-7.0.0-1011-aws-x86_64-with-glibc2.39,x86_64,m7i.2xlarge,parallel_process_workers,4
Urban100,img_062.png,x2,nedi,prepared_bicubic_lr,img_062.png,2,native_nedi_grid_then_full_target_size_adjustment,gaussian_11x11_sigma_1.5_population_covariance,8,8.0,native_x2,1,274055,271735,249654,0,False,1024,680,even_insertion_2x_half_pixel_aligned,23.70176556974537,0.8535508296714974,22.302934313189375,0.8398738386679191,37200.2870514,37082.6588055,599.527927412827,36130.527031,38134.533357,3,10,1024,680,512,340,2026-08-30T19:51:52.022187+00:00,3.12.3,2.5.2,12.3.0,0.26.0,Linux-7.0.0-1011-aws-x86_64-with-glibc2.39,x86_64,m7i.2xlarge,parallel_process_workers,4
Urban100,img_063.png,x2,nedi,prepared_bicubic_lr,img_063.png,2,native_nedi_grid_then_full_target_size_adjustment,gaussian_11x11_sigma_1.5_population_covariance,8,8.0,native_x2,1,435405,430805,303206,0,False,1000,980,even_insertion_2x_half_pixel_aligned,22.615302601746066,0.6587613991277178,21.27589682020762,0.6281556815471414,54776.7761262,54669.251430000004,1144.5426934213865,53131.054786,56891.015552,3,10,1000,980,500,490,2026-08-30T19:56:42.719096+00:00,3.12.3,2.5.2,12.3.0,0.26.0,Linux-7.0.0-1011-aws-x86_64-with-glibc2.39,x86_64,m7i.2xlarge,parallel_process_workers,4
Urban100,img_064.png,x2,nedi,prepared_bicubic_lr,img_064.png,2,native_nedi_grid_then_full_target_size_adjustment,gaussian_11x11_sigma_1.5_population_covariance,8,8.0,native_x2,1,362770,358666,162723,0,False,1024,680,even_insertion_2x_half_pixel_aligned,28.49283013863115,0.8626890629703897,27.11185631030153,0.8514926881236257,39954.4354783,39664.725743,1206.9937508146054,38347.186607,42365.810362,3,10,1024,680,512,340,2026-08-30T19:56:36.146669+00:00,3.12.3,2.5.2,12.3.0,0.26.0,Linux-7.0.0-1011-aws-x86_64-with-glibc2.39,x86_64,m7i.2xlarge,parallel_process_workers,4
Urban100,img_065.png,x2,nedi,prepared_bicubic_lr,img_065.png,2,native_nedi_grid_then_full_target_size_adjustment,gaussian_11x11_sigma_1.5_population_covariance,8,8.0,native_x2,1,415242,410255,111134,0,False,1024,680,even_insertion_2x_half_pixel_aligned,27.771027114714514,0.8441795501854881,26.21586462757092,0.8342966765333673,41365.7940973,40871.272616999995,1252.7822099088644,39797.322293,43788.428979,3,10,1024,680,512,340,2026-08-30T20:00:24.852580+00:00,3.12.3,2.5.2,12.3.0,0.26.0,Linux-7.0.0-1011-aws-x86_64-with-glibc2.39,x86_64,m7i.2xlarge,parallel_process_workers,4
Urban100,img_066.png,x2,nedi,prepared_bicubic_lr,img_066.png,2,native_nedi_grid_then_full_target_size_adjustment,gaussian_11x11_sigma_1.5_population_covariance,8,8.0,native_x2,1,455931,451202,211407,0,False,1024,864,even_insertion_2x_half_pixel_aligned,23.9155191243252,0.7582785109011224,22.577253244494237,0.7423407456268549,51017.043147000004,50866.7122505,1251.9794688540687,48897.249351,53076.801602,3,10,1024,864,512,432,2026-08-30T20:02:55.087273+00:00,3.12.3,2.5.2,12.3.0,0.26.0,Linux-7.0.0-1011-aws-x86_64-with-glibc2.39,x86_64,m7i.2xlarge,parallel_process_workers,4
Urban100,img_067.png,x2,nedi,prepared_bicubic_lr,img_067.png,2,native_nedi_grid_then_full_target_size_adjustment,gaussian_11x11_sigma_1.5_population_covariance,8,8.0,native_x2,1,237583,236315,285074,0,False,1024,680,even_insertion_2x_half_pixel_aligned,20.511967615750677,0.8819187117479929,19.031133039179025,0.865843872763855,37064.5114777,36968.2265285,922.4660720662279,35908.922455,38572.009132,3,10,1024,680,512,340,2026-08-30T20:04:35.379295+00:00,3.12.3,2.5.2,12.3.0,0.26.0,Linux-7.0.0-1011-aws-x86_64-with-glibc2.39,x86_64,m7i.2xlarge,parallel_process_workers,4
Urban100,img_068.png,x2,nedi,prepared_bicubic_lr,img_068.png,2,native_nedi_grid_then_full_target_size_adjustment,gaussian_11x11_sigma_1.5_population_covariance,8,8.0,native_x2,1,367702,362970,422439,0,False,1024,1024,even_insertion_2x_half_pixel_aligned,32.47006744269348,0.9287326877770643,31.01055214943706,0.916171455214005,56434.5508289,56136.402837500005,1350.2575851709512,54028.222527,58134.971226,3,10,1024,1024,512,512,2026-08-30T20:08:53.495086+00:00,3.12.3,2.5.2,12.3.0,0.26.0,Linux-7.0.0-1011-aws-x86_64-with-glibc2.39,x86_64,m7i.2xlarge,parallel_process_workers,4
Urban100,img_069.png,x2,nedi,prepared_bicubic_lr,img_069.png,2,native_nedi_grid_then_full_target_size_adjustment,gaussian_11x11_sigma_1.5_population_covariance,8,8.0,native_x2,1,454904,449783,290806,0,False,1200,824,even_insertion_2x_half_pixel_aligned,26.290229328440216,0.82941354170997,24.955612975699452,0.8162064954598051,55350.8746743,54787.0847095,1470.5708447300628,53526.489412,58265.712204,3,10,1200,824,600,412,2026-08-30T20:12:28.132488+00:00,3.12.3,2.5.2,12.3.0,0.26.0,Linux-7.0.0-1011-aws-x86_64-with-glibc2.39,x86_64,m7i.2xlarge,parallel_process_workers,4
Urban100,img_070.png,x2,nedi,prepared_bicubic_lr,img_070.png,2,native_nedi_grid_then_full_target_size_adjustment,gaussian_11x11_sigma_1.5_population_covariance,8,8.0,native_x2,1,362032,358311,230618,0,False,1024,768,even_insertion_2x_half_pixel_aligned,23.214097007798777,0.6898294563483092,21.88362212120405,0.6736992803726233,43623.0629519,43493.904141499996,714.1005798209361,42723.947236,45212.846663,3,10,1024,768,512,384,2026-08-30T20:12:28.045721+00:00,3.12.3,2.5.2,12.3.0,0.26.0,Linux-7.0.0-1011-aws-x86_64-with-glibc2.39,x86_64,m7i.2xlarge,parallel_process_workers,4
Urban100,img_071.png,x2,nedi,prepared_bicubic_lr,img_071.png,2,native_nedi_grid_then_full_target_size_adjustment,gaussian_11x11_sigma_1.5_population_covariance,8,8.0,native_x2,1,362024,356960,231969,0,False,1024,768,even_insertion_2x_half_pixel_aligned,28.618603597856783,0.7464088764668267,27.20760716200925,0.7205202860954302,43668.6156345,43662.9716665,912.0949721991527,42402.264858,45536.193007,3,10,1024,768,512,384,2026-08-30T20:14:03.816482+00:00,3.12.3,2.5.2,12.3.0,0.26.0,Linux-7.0.0-1011-aws-x86_64-with-glibc2.39,x86_64,m7i.2xlarge,parallel_process_workers,4
Urban100,img_072.png,x2,nedi,prepared_bicubic_lr,img_072.png,2,native_nedi_grid_then_full_target_size_adjustment,gaussian_11x11_sigma_1.5_population_covariance,8,8.0,native_x2,1,373677,369417,151972,0,False,680,1024,even_insertion_2x_half_pixel_aligned,20.60600105956029,0.8339356456101388,19.28407974768355,0.8287214219551466,40065.9669332,40101.1841775,685.3999551130911,38861.421402,40953.976023,3,10,680,1024,340,512,2026-08-30T20:17:37.537823+00:00,3.12.3,2.5.2,12.3.0,0.26.0,Linux-7.0.0-1011-aws-x86_64-with-glibc2.39,x86_64,m7i.2xlarge,parallel_process_workers,4
Urban100,img_073.png,x2,nedi,prepared_bicubic_lr,img_073.png,2,native_nedi_grid_then_full_target_size_adjustment,gaussian_11x11_sigma_1.5_population_covariance,8,8.0,native_x2,1,532735,526429,59430,0,False,1024,764,even_insertion_2x_half_pixel_aligned,22.767390782797143,0.727878820417148,21.53423704967638,0.7153896141502031,47838.866215,47782.3720715,436.42758535279887,47066.914518,48740.107268,3,10,1024,764,512,382,2026-08-30T20:22:50.461637+00:00,3.12.3,2.5.2,12.3.0,0.26.0,Linux-7.0.0-1011-aws-x86_64-with-glibc2.39,x86_64,m7i.2xlarge,parallel_process_workers,4
Urban100,img_074.png,x2,nedi,prepared_bicubic_lr,img_074.png,2,native_nedi_grid_then_full_target_size_adjustment,gaussian_11x11_sigma_1.5_population_covariance,8,8.0,native_x2,1,289759,288178,233211,0,False,680,1024,even_insertion_2x_half_pixel_aligned,25.19275708726132,0.7921824146261275,23.777186149491428,0.7877282217155849,37392.107251,37348.179285499995,534.8734430905945,36600.794597,38203.485344,3,10,680,1024,340,512,2026-08-30T20:20:34.121478+00:00,3.12.3,2.5.2,12.3.0,0.26.0,Linux-7.0.0-1011-aws-x86_64-with-glibc2.39,x86_64,m7i.2xlarge,parallel_process_workers,4
Urban100,img_075.png,x2,nedi,prepared_bicubic_lr,img_075.png,2,native_nedi_grid_then_full_target_size_adjustment,gaussian_11x11_sigma_1.5_population_covariance,8,8.0,native_x2,1,148286,146439,374950,0,False,1024,680,even_insertion_2x_half_pixel_aligned,31.217811590735774,0.9008578104102343,29.434096842161182,0.8830045371879779,32805.1131392,32736.313831,382.63759001332556,32195.447423,33405.424834,3,10,1024,680,512,340,2026-08-30T20:21:11.258315+00:00,3.12.3,2.5.2,12.3.0,0.26.0,Linux-7.0.0-1011-aws-x86_64-with-glibc2.39,x86_64,m7i.2xlarge,parallel_process_workers,4
Urban100,img_076.png,x2,nedi,prepared_bicubic_lr,img_076.png,2,native_nedi_grid_then_full_target_size_adjustment,gaussian_11x11_sigma_1.5_population_covariance,8,8.0,native_x2,1,329019,324904,193415,0,False,1024,676,even_insertion_2x_half_pixel_aligned,25.581453020056053,0.8584059590995557,24.09863840352434,0.8393452385803412,40033.2832927,39969.670637999996,1701.6382980953483,37690.434361,43031.06998,3,10,1024,676,512,338,2026-08-30T20:26:12.389469+00:00,3.12.3,2.5.2,12.3.0,0.26.0,Linux-7.0.0-1011-aws-x86_64-with-glibc2.39,x86_64,m7i.2xlarge,parallel_process_workers,4
Urban100,img_077.png,x2,nedi,prepared_bicubic_lr,img_077.png,2,native_nedi_grid_then_full_target_size_adjustment,gaussian_11x11_sigma_1.5_population_covariance,8,8.0,native_x2,1,325492,321335,200054,0,False,1024,680,even_insertion_2x_half_pixel_aligned,23.927989639595438,0.7561305047718652,22.553986591494745,0.7399107138340802,40841.0603328,40938.426628,942.0803860267396,39223.869934,42587.449217,3,10,1024,680,512,340,2026-08-30T20:29:20.680389+00:00,3.12.3,2.5.2,12.3.0,0.26.0,Linux-7.0.0-1011-aws-x86_64-with-glibc2.39,x86_64,m7i.2xlarge,parallel_process_workers,4
Urban100,img_078.png,x2,nedi,prepared_bicubic_lr,img_078.png,2,native_nedi_grid_then_full_target_size_adjustment,gaussian_11x11_sigma_1.5_population_covariance,8,8.0,native_x2,1,277401,272777,288522,0,False,1024,732,even_insertion_2x_half_pixel_aligned,29.42291231314462,0.8564904198552696,28.13326733305803,0.831536066513458,42147.5638314,41670.370887,1154.7748388291054,40576.405526,44263.311132,3,10,1024,732,512,366,2026-08-30T20:30:14.862129+00:00,3.12.3,2.5.2,12.3.0,0.26.0,Linux-7.0.0-1011-aws-x86_64-with-glibc2.39,x86_64,m7i.2xlarge,parallel_process_workers,4
Urban100,img_079.png,x2,nedi,prepared_bicubic_lr,img_079.png,2,native_nedi_grid_then_full_target_size_adjustment,gaussian_11x11_sigma_1.5_population_covariance,8,8.0,native_x2,1,394185,389840,199089,0,False,1024,768,even_insertion_2x_half_pixel_aligned,26.70834359392321,0.774165487622684,25.274225594686786,0.7515733924186088,46330.5056377,45675.734018,1284.173922566331,44927.820556,48023.188434,3,10,1024,768,512,384,2026-08-30T20:32:58.970146+00:00,3.12.3,2.5.2,12.3.0,0.26.0,Linux-7.0.0-1011-aws-x86_64-with-glibc2.39,x86_64,m7i.2xlarge,parallel_process_workers,4
Urban100,img_080.png,x2,nedi,prepared_bicubic_lr,img_080.png,2,native_nedi_grid_then_full_target_size_adjustment,gaussian_11x11_sigma_1.5_population_covariance,8,8.0,native_x2,1,114671,113704,488343,0,False,776,1036,even_insertion_2x_half_pixel_aligned,36.35716267845124,0.9645342990732604,34.6878955929926,0.9547079075909481,38621.8190949,38255.9657895,1604.2798748311698,36462.552097,41935.149386,3,10,776,1036,388,518,2026-08-30T20:34:34.395522+00:00,3.12.3,2.5.2,12.3.0,0.26.0,Linux-7.0.0-1011-aws-x86_64-with-glibc2.39,x86_64,m7i.2xlarge,parallel_process_workers,4
Urban100,img_081.png,x2,nedi,prepared_bicubic_lr,img_081.png,2,native_nedi_grid_then_full_target_size_adjustment,gaussian_11x11_sigma_1.5_population_covariance,8,8.0,native_x2,1,213697,211413,573996,0,False,1024,1024,even_insertion_2x_half_pixel_aligned,34.74530005864412,0.971371922834112,32.55298270031454,0.9403241297757204,49737.5864454,49468.567767,1362.343312717754,47802.211358,51827.210324,3,10,1024,1024,512,512,2026-08-30T20:40:18.574520+00:00,3.12.3,2.5.2,12.3.0,0.26.0,Linux-7.0.0-1011-aws-x86_64-with-glibc2.39,x86_64,m7i.2xlarge,parallel_process_workers,4
Urban100,img_082.png,x2,nedi,prepared_bicubic_lr,img_082.png,2,native_nedi_grid_then_full_target_size_adjustment,gaussian_11x11_sigma_1.5_population_covariance,8,8.0,native_x2,1,235397,232257,553152,0,False,1024,1024,even_insertion_2x_half_pixel_aligned,33.91964185860332,0.9566251683999948,32.35666779198645,0.941694697456414,49475.7797341,48997.10793,1205.9804195753675,48113.436741,52183.845666,3,10,1024,1024,512,512,2026-08-30T20:41:08.082829+00:00,3.12.3,2.5.2,12.3.0,0.26.0,Linux-7.0.0-1011-aws-x86_64-with-glibc2.39,x86_64,m7i.2xlarge,parallel_process_workers,4
Urban100,img_083.png,x2,nedi,prepared_bicubic_lr,img_083.png,2,native_nedi_grid_then_full_target_size_adjustment,gaussian_11x11_sigma_1.5_population_covariance,8,8.0,native_x2,1,520292,515330,254729,0,False,1004,1024,even_insertion_2x_half_pixel_aligned,23.42229858818756,0.7760184564746581,22.140367717358814,0.7639976085488104,56387.4404942,56494.7276545,934.1574016339467,54746.694598,57638.103333,3,10,1004,1024,502,512,2026-08-30T20:45:21.282676+00:00,3.12.3,2.5.2,12.3.0,0.26.0,Linux-7.0.0-1011-aws-x86_64-with-glibc2.39,x86_64,m7i.2xlarge,parallel_process_workers,4
Urban100,img_084.png,x2,nedi,prepared_bicubic_lr,img_084.png,2,native_nedi_grid_then_full_target_size_adjustment,gaussian_11x11_sigma_1.5_population_covariance,8,8.0,native_x2,1,515773,510693,274716,0,False,1024,1024,even_insertion_2x_half_pixel_aligned,30.667737077978224,0.8817251093543088,28.97137411388083,0.8567941442707139,57423.4257226,56739.889481499995,1694.7160318999593,55719.179752,60910.262881,3,10,1024,1024,512,512,2026-08-30T20:47:08.442143+00:00,3.12.3,2.5.2,12.3.0,0.26.0,Linux-7.0.0-1011-aws-x86_64-with-glibc2.39,x86_64,m7i.2xlarge,parallel_process_workers,4
Urban100,img_085.png,x2,nedi,prepared_bicubic_lr,img_085.png,2,native_nedi_grid_then_full_target_size_adjustment,gaussian_11x11_sigma_1.5_population_covariance,8,8.0,native_x2,1,175066,174530,343789,0,False,1024,676,even_insertion_2x_half_pixel_aligned,30.140769528809066,0.9355004399304246,28.542936783003128,0.9176439093125572,32800.7456588,32385.8030075,1049.2529361545821,31547.799818,34189.335036,3,10,1024,676,512,338,2026-08-30T20:47:24.329943+00:00,3.12.3,2.5.2,12.3.0,0.26.0,Linux-7.0.0-1011-aws-x86_64-with-glibc2.39,x86_64,m7i.2xlarge,parallel_process_workers,4
Urban100,img_086.png,x2,nedi,prepared_bicubic_lr,img_086.png,2,native_nedi_grid_then_full_target_size_adjustment,gaussian_11x11_sigma_1.5_population_covariance,8,8.0,native_x2,1,187321,185454,403475,0,False,1024,768,even_insertion_2x_half_pixel_aligned,32.200378916706434,0.9248966577903862,30.760525959179738,0.9141674851438241,37555.5500521,38216.860397,1353.519777072309,34850.146738,38917.997145,3,10,1024,768,512,384,2026-08-30T20:49:11.590044+00:00,3.12.3,2.5.2,12.3.0,0.26.0,Linux-7.0.0-1011-aws-x86_64-with-glibc2.39,x86_64,m7i.2xlarge,parallel_process_workers,4
Urban100,img_087.png,x2,nedi,prepared_bicubic_lr,img_087.png,2,native_nedi_grid_then_full_target_size_adjustment,gaussian_11x11_sigma_1.5_population_covariance,8,8.0,native_x2,1,310255,308174,477235,0,False,1024,1024,even_insertion_2x_half_pixel_aligned,27.219686686464843,0.892848590157953,25.842590605069503,0.8730228933008158,55723.6928717,55468.782032,1258.6055537899163,54278.601015,57845.667544,3,10,1024,1024,512,512,2026-08-30T20:57:22.434690+00:00,3.12.3,2.5.2,12.3.0,0.26.0,Linux-7.0.0-1011-aws-x86_64-with-glibc2.39,x86_64,m7i.2xlarge,parallel_process_workers,4
Urban100,img_088.png,x2,nedi,prepared_bicubic_lr,img_088.png,2,native_nedi_grid_then_full_target_size_adjustment,gaussian_11x11_sigma_1.5_population_covariance,8,8.0,native_x2,1,438637,432934,82315,0,False,1024,672,even_insertion_2x_half_pixel_aligned,21.273864622791066,0.6843688732667857,19.95825351800142,0.6718604892256956,43515.1424937,43728.436562999996,1098.334868349686,41490.944028,45400.923198,3,10,1024,672,512,336,2026-08-30T20:56:30.436978+00:00,3.12.3,2.5.2,12.3.0,0.26.0,Linux-7.0.0-1011-aws-x86_64-with-glibc2.39,x86_64,m7i.2xlarge,parallel_process_workers,4
Urban100,img_089.png,x2,nedi,prepared_bicubic_lr,img_089.png,2,native_nedi_grid_then_full_target_size_adjustment,gaussian_11x11_sigma_1.5_population_covariance,8,8.0,native_x2,1,382665,378371,210558,0,False,768,1024,even_insertion_2x_half_pixel_aligned,28.721703106417095,0.8213641253780697,27.34088878980614,0.8077060307551193,46419.5609482,46482.473328,797.4686790668267,45033.31529,47428.84641,3,10,768,1024,384,512,2026-08-30T20:57:23.144206+00:00,3.12.3,2.5.2,12.3.0,0.26.0,Linux-7.0.0-1011-aws-x86_64-with-glibc2.39,x86_64,m7i.2xlarge,parallel_process_workers,4
Urban100,img_090.png,x2,nedi,prepared_bicubic_lr,img_090.png,2,native_nedi_grid_then_full_target_size_adjustment,gaussian_11x11_sigma_1.5_population_covariance,8,8.0,native_x2,1,133341,132170,389219,0,False,1024,680,even_insertion_2x_half_pixel_aligned,36.70401514559074,0.9723246219442963,34.99577771063326,0.9625097064418192,34751.6135305,34931.091220500006,800.70456005247,33395.84452,35685.447986,3,10,1024,680,512,340,2026-08-30T20:56:44.151373+00:00,3.12.3,2.5.2,12.3.0,0.26.0,Linux-7.0.0-1011-aws-x86_64-with-glibc2.39,x86_64,m7i.2xlarge,parallel_process_workers,4
Urban100,img_091.png,x2,nedi,prepared_bicubic_lr,img_091.png,2,native_nedi_grid_then_full_target_size_adjustment,gaussian_11x11_sigma_1.5_population_covariance,8,8.0,native_x2,1,395165,390134,131255,0,False,1024,680,even_insertion_2x_half_pixel_aligned,25.407838584286438,0.7730497483549847,23.601747171410228,0.7502335493680253,39953.1426615,40151.531933,1003.0635017957355,38223.1881,41411.047717,3,10,1024,680,512,340,2026-08-31T12:42:31.684689+00:00,3.12.3,2.5.2,12.3.0,0.26.0,Linux-7.0.0-1011-aws-x86_64-with-glibc2.39,x86_64,m7i.2xlarge,parallel_process_workers,4
Urban100,img_092.png,x2,nedi,prepared_bicubic_lr,img_092.png,2,native_nedi_grid_then_full_target_size_adjustment,gaussian_11x11_sigma_1.5_population_covariance,8,8.0,native_x2,1,327244,324239,206360,0,False,1024,692,even_insertion_2x_half_pixel_aligned,19.533925796909426,0.6875186397613292,18.208546157772023,0.6706648536486894,38757.1394861,38803.163975999996,695.7506311216614,37615.080775,39841.709761,3,10,1024,692,512,346,2026-08-31T12:42:15.989077+00:00,3.12.3,2.5.2,12.3.0,0.26.0,Linux-7.0.0-1011-aws-x86_64-with-glibc2.39,x86_64,m7i.2xlarge,parallel_process_workers,4
Urban100,img_093.png,x2,nedi,prepared_bicubic_lr,img_093.png,2,native_nedi_grid_then_full_target_size_adjustment,gaussian_11x11_sigma_1.5_population_covariance,8,8.0,native_x2,1,237210,233901,355028,0,False,1024,768,even_insertion_2x_half_pixel_aligned,30.541644882399908,0.948112487488252,29.096663005011454,0.9373315175296358,39423.7500881,39524.9976095,730.7687351570172,38200.124784,40540.964092,3,10,1024,768,512,384,2026-08-31T12:42:26.022451+00:00,3.12.3,2.5.2,12.3.0,0.26.0,Linux-7.0.0-1011-aws-x86_64-with-glibc2.39,x86_64,m7i.2xlarge,parallel_process_workers,4
Urban100,img_094.png,x2,nedi,prepared_bicubic_lr,img_094.png,2,native_nedi_grid_then_full_target_size_adjustment,gaussian_11x11_sigma_1.5_population_covariance,8,8.0,native_x2,1,266722,263575,325354,0,False,1024,768,even_insertion_2x_half_pixel_aligned,28.180167326798294,0.8404234549914438,26.802727990742298,0.8181018690263716,40357.3228784,40389.272403,996.5830817505254,38690.293387,41841.332731,3,10,1024,768,512,384,2026-08-31T12:42:36.812232+00:00,3.12.3,2.5.2,12.3.0,0.26.0,Linux-7.0.0-1011-aws-x86_64-with-glibc2.39,x86_64,m7i.2xlarge,parallel_process_workers,4
Urban100,img_095.png,x2,nedi,prepared_bicubic_lr,img_095.png,2,native_nedi_grid_then_full_target_size_adjustment,gaussian_11x11_sigma_1.5_population_covariance,8,8.0,native_x2,1,528027,521747,67182,0,False,1024,768,even_insertion_2x_half_pixel_aligned,21.164347714872108,0.5755923520842631,19.842426402995372,0.5624232212163237,44026.5904138,43262.1138375,1531.5229903839518,42607.030691,47768.203425,3,10,1024,768,512,384,2026-08-31T12:52:04.000761+00:00,3.12.3,2.5.2,12.3.0,0.26.0,Linux-7.0.0-1011-aws-x86_64-with-glibc2.39,x86_64,m7i.2xlarge,parallel_process_workers,4
Urban100,img_096.png,x2,nedi,prepared_bicubic_lr,img_096.png,2,native_nedi_grid_then_full_target_size_adjustment,gaussian_11x11_sigma_1.5_population_covariance,8,8.0,native_x2,1,285487,283762,305167,0,False,1024,768,even_insertion_2x_half_pixel_aligned,25.430505504786144,0.8713832807646897,24.078977742536892,0.8595280307288885,37495.466931999996,36942.752271000005,1408.8922911527864,35682.109545,40409.828849,3,10,1024,768,512,384,2026-08-31T12:50:45.982686+00:00,3.12.3,2.5.2,12.3.0,0.26.0,Linux-7.0.0-1011-aws-x86_64-with-glibc2.39,x86_64,m7i.2xlarge,parallel_process_workers,4
Urban100,img_097.png,x2,nedi,prepared_bicubic_lr,img_097.png,2,native_nedi_grid_then_full_target_size_adjustment,gaussian_11x11_sigma_1.5_population_covariance,8,8.0,native_x2,1,314385,311185,210204,0,False,1024,680,even_insertion_2x_half_pixel_aligned,26.071159661456385,0.8168275223057399,24.65169052995822,0.8043755144370829,35172.774478,34573.770182,1221.190519773878,34193.376652,38079.607335,3,10,1024,680,512,340,2026-08-31T12:50:21.753838+00:00,3.12.3,2.5.2,12.3.0,0.26.0,Linux-7.0.0-1011-aws-x86_64-with-glibc2.39,x86_64,m7i.2xlarge,parallel_process_workers,4
Urban100,img_098.png,x2,nedi,prepared_bicubic_lr,img_098.png,2,native_nedi_grid_then_full_target_size_adjustment,gaussian_11x11_sigma_1.5_population_covariance,8,8.0,native_x2,1,432839,427741,93648,0,False,1024,680,even_insertion_2x_half_pixel_aligned,21.95829636510159,0.6447089196775807,20.604522163931733,0.6290911926793458,38146.4464788,37751.4808215,1337.213939338358,36767.495471,41071.508361,3,10,1024,680,512,340,2026-08-31T12:51:04.538843+00:00,3.12.3,2.5.2,12.3.0,0.26.0,Linux-7.0.0-1011-aws-x86_64-with-glibc2.39,x86_64,m7i.2xlarge,parallel_process_workers,4
Urban100,img_099.png,x2,nedi,prepared_bicubic_lr,img_099.png,2,native_nedi_grid_then_full_target_size_adjustment,gaussian_11x11_sigma_1.5_population_covariance,8,8.0,native_x2,1,364556,362385,254174,0,False,1024,804,even_insertion_2x_half_pixel_aligned,25.547494869960584,0.7969069845099411,23.39834535066524,0.7672786993278998,43505.5899371,44242.599453999996,3070.2750613175212,38999.474886,48093.222287,3,10,1024,804,512,402,2026-08-31T12:59:37.772942+00:00,3.12.3,2.5.2,12.3.0,0.26.0,Linux-7.0.0-1011-aws-x86_64-with-glibc2.39,x86_64,m7i.2xlarge,parallel_process_workers,4
Urban100,img_100.png,x2,nedi,prepared_bicubic_lr,img_100.png,2,native_nedi_grid_then_full_target_size_adjustment,gaussian_11x11_sigma_1.5_population_covariance,8,8.0,native_x2,1,471615,466007,319402,0,False,1024,1024,even_insertion_2x_half_pixel_aligned,25.840773570060612,0.7791980414906436,22.510688818179666,0.7340090516851955,57002.1826926,57926.419221000004,3117.4696140358474,50956.185408,61012.849287,3,10,1024,1024,512,512,2026-08-31T13:02:48.871553+00:00,3.12.3,2.5.2,12.3.0,0.26.0,Linux-7.0.0-1011-aws-x86_64-with-glibc2.39,x86_64,m7i.2xlarge,parallel_process_workers,4
