dataset,image,scale,method,degradation,lr_source_file,metric_border_pixels,dimension_policy,ssim_protocol,nedi_window_size,nedi_edge_threshold,nedi_scale_strategy,nedi_native_passes,nedi_edge_pixel_count,nedi_pixel_count,nedi_bilinear_fallback_count,nedi_numerical_fallback_count,nedi_dimension_adjustment,nedi_native_width,nedi_native_height,nedi_sampling_grid,psnr_y,ssim_y,psnr_rgb,ssim_rgb,latency_mean_ms,latency_median_ms,latency_std_ms,latency_min_ms,latency_max_ms,warmup_runs,timed_runs,hr_width,hr_height,lr_width,lr_height,generated_at_utc,python_version,numpy_version,pillow_version,skimage_version,operating_system,processor,compute_instance,execution_mode,worker_count
Set5,baby.png,x3,nedi,prepared_bicubic_lr,baby.png,3,native_nedi_grid_then_full_target_size_adjustment,gaussian_11x11_sigma_1.5_population_covariance,8,8.0,native_x2_then_bicubic_to_target,1,43360,42236,44125,0,True,340,340,even_insertion_2x_half_pixel_aligned,33.11220555510565,0.8896797916252378,31.572350734988678,0.8640096856108676,5258.0700654,5241.2879004999995,75.29326302784473,5117.929122,5366.162285,3,10,512,512,170,170,2026-08-31T17:15:30.838295+00:00,3.12.3,2.5.2,12.3.0,0.26.0,Linux-7.0.0-1011-aws-x86_64-with-glibc2.39,x86_64,m7i.2xlarge,parallel_process_workers,4
Set5,bird.png,x3,nedi,prepared_bicubic_lr,bird.png,3,native_nedi_grid_then_full_target_size_adjustment,gaussian_11x11_sigma_1.5_population_covariance,8,8.0,native_x2_then_bicubic_to_target,1,18570,17416,10041,0,True,192,192,even_insertion_2x_half_pixel_aligned,31.80008095977238,0.9140196850603245,29.944823483253288,0.8853399314372861,1814.6294181,1803.791346,48.311861424479865,1743.368359,1880.874615,3,10,288,288,96,96,2026-08-31T17:14:45.028667+00:00,3.12.3,2.5.2,12.3.0,0.26.0,Linux-7.0.0-1011-aws-x86_64-with-glibc2.39,x86_64,m7i.2xlarge,parallel_process_workers,4
Set5,butterfly.png,x3,nedi,prepared_bicubic_lr,butterfly.png,3,native_nedi_grid_then_full_target_size_adjustment,gaussian_11x11_sigma_1.5_population_covariance,8,8.0,native_x2_then_bicubic_to_target,1,14775,13801,7705,0,True,170,170,even_insertion_2x_half_pixel_aligned,23.637863669237298,0.8197308368025891,22.347390453702175,0.7891616538380255,1424.6757753,1415.280701,81.15978930148879,1322.147725,1586.335067,3,10,256,256,85,85,2026-08-31T17:14:39.765410+00:00,3.12.3,2.5.2,12.3.0,0.26.0,Linux-7.0.0-1011-aws-x86_64-with-glibc2.39,x86_64,m7i.2xlarge,parallel_process_workers,4
Set5,head.png,x3,nedi,prepared_bicubic_lr,head.png,3,native_nedi_grid_then_full_target_size_adjustment,gaussian_11x11_sigma_1.5_population_covariance,8,8.0,native_x2_then_bicubic_to_target,1,13781,13061,12701,0,True,186,186,even_insertion_2x_half_pixel_aligned,32.64588317111359,0.790833517228904,29.682274146870693,0.7117380903844657,1597.4173702,1603.7579075,52.78425465458932,1476.784152,1675.09066,3,10,280,280,93,93,2026-08-31T17:14:42.052657+00:00,3.12.3,2.5.2,12.3.0,0.26.0,Linux-7.0.0-1011-aws-x86_64-with-glibc2.39,x86_64,m7i.2xlarge,parallel_process_workers,4
Set5,woman.png,x3,nedi,prepared_bicubic_lr,woman.png,3,native_nedi_grid_then_full_target_size_adjustment,gaussian_11x11_sigma_1.5_population_covariance,8,8.0,native_x2_then_bicubic_to_target,1,14801,13918,11885,0,True,152,228,even_insertion_2x_half_pixel_aligned,28.23645736476945,0.883506420629146,26.858561368533852,0.8666976458650483,1575.3136309000001,1566.2649815,27.675101919251606,1538.58311,1618.393981,3,10,228,344,76,114,2026-08-31T17:15:00.569725+00:00,3.12.3,2.5.2,12.3.0,0.26.0,Linux-7.0.0-1011-aws-x86_64-with-glibc2.39,x86_64,m7i.2xlarge,parallel_process_workers,4
Set14,baboon.png,x3,nedi,prepared_bicubic_lr,baboon.png,3,native_nedi_grid_then_full_target_size_adjustment,gaussian_11x11_sigma_1.5_population_covariance,8,8.0,native_x2_then_bicubic_to_target,1,63832,61566,17789,0,True,332,320,even_insertion_2x_half_pixel_aligned,23.047129275923616,0.5207258992144096,21.00977526006828,0.45816467378557646,5597.4677641,5604.5502325,50.08380494256464,5510.76456,5680.504408,3,10,500,480,166,160,2026-08-31T17:16:45.168106+00:00,3.12.3,2.5.2,12.3.0,0.26.0,Linux-7.0.0-1011-aws-x86_64-with-glibc2.39,x86_64,m7i.2xlarge,parallel_process_workers,4
Set14,barbara.png,x3,nedi,prepared_bicubic_lr,barbara.png,3,native_nedi_grid_then_full_target_size_adjustment,gaussian_11x11_sigma_1.5_population_covariance,8,8.0,native_x2_then_bicubic_to_target,1,78091,75836,61973,0,True,480,384,even_insertion_2x_half_pixel_aligned,26.095645175668707,0.7465536152272677,24.55615980990475,0.7130331483754858,8976.9323745,8965.713734,136.86153164429294,8800.353238,9241.891456,3,10,720,576,240,192,2026-08-31T17:17:29.198284+00:00,3.12.3,2.5.2,12.3.0,0.26.0,Linux-7.0.0-1011-aws-x86_64-with-glibc2.39,x86_64,m7i.2xlarge,parallel_process_workers,4
Set14,bridge.png,x3,nedi,prepared_bicubic_lr,bridge.png,3,native_nedi_grid_then_full_target_size_adjustment,gaussian_11x11_sigma_1.5_population_covariance,8,8.0,native_x2_then_bicubic_to_target,1,73182,70732,15629,0,True,340,340,even_insertion_2x_half_pixel_aligned,25.185597443916276,0.62640083572606,23.863676132039544,0.6038062501954224,6139.8409785,6140.9934945,74.11067282435494,5988.832894,6289.221163,3,10,512,512,170,170,2026-08-31T17:16:52.234839+00:00,3.12.3,2.5.2,12.3.0,0.26.0,Linux-7.0.0-1011-aws-x86_64-with-glibc2.39,x86_64,m7i.2xlarge,parallel_process_workers,4
Set14,coastguard.png,x3,nedi,prepared_bicubic_lr,coastguard.png,3,native_nedi_grid_then_full_target_size_adjustment,gaussian_11x11_sigma_1.5_population_covariance,8,8.0,native_x2_then_bicubic_to_target,1,22189,20915,12569,0,True,234,192,even_insertion_2x_half_pixel_aligned,26.188402362735992,0.5909950323754262,24.842895501674874,0.5532189369990989,2169.9430439,2163.6534225,58.75621263939899,2057.79148,2257.500575,3,10,352,288,117,96,2026-08-31T17:16:00.119143+00:00,3.12.3,2.5.2,12.3.0,0.26.0,Linux-7.0.0-1011-aws-x86_64-with-glibc2.39,x86_64,m7i.2xlarge,parallel_process_workers,4
Set14,comic.png,x3,nedi,prepared_bicubic_lr,comic.png,3,native_nedi_grid_then_full_target_size_adjustment,gaussian_11x11_sigma_1.5_population_covariance,8,8.0,native_x2_then_bicubic_to_target,1,25673,24317,5361,0,True,166,240,even_insertion_2x_half_pixel_aligned,22.6880742352271,0.6660606695491765,21.225967414013805,0.6508300132966105,2038.9548611,2034.2985294999999,30.98171907736827,1986.585088,2108.202711,3,10,250,361,83,120,2026-08-31T17:16:26.652154+00:00,3.12.3,2.5.2,12.3.0,0.26.0,Linux-7.0.0-1011-aws-x86_64-with-glibc2.39,x86_64,m7i.2xlarge,parallel_process_workers,4
Set14,face.png,x3,nedi,prepared_bicubic_lr,face.png,3,native_nedi_grid_then_full_target_size_adjustment,gaussian_11x11_sigma_1.5_population_covariance,8,8.0,native_x2_then_bicubic_to_target,1,13544,12821,12388,0,True,184,184,even_insertion_2x_half_pixel_aligned,32.568649780689505,0.7891996707020803,29.613706590468066,0.7101712792493221,1522.556647,1522.0030904999999,21.9401186082164,1492.693054,1560.8944,3,10,276,276,92,92,2026-08-31T17:16:46.450749+00:00,3.12.3,2.5.2,12.3.0,0.26.0,Linux-7.0.0-1011-aws-x86_64-with-glibc2.39,x86_64,m7i.2xlarge,parallel_process_workers,4
Set14,flowers.png,x3,nedi,prepared_bicubic_lr,flowers.png,3,native_nedi_grid_then_full_target_size_adjustment,gaussian_11x11_sigma_1.5_population_covariance,8,8.0,native_x2_then_bicubic_to_target,1,39125,38298,21177,0,True,332,240,even_insertion_2x_half_pixel_aligned,26.683836620024437,0.7795630749169028,24.9128123165943,0.7551130936645868,3985.4835106,3964.652613,57.366077329337344,3928.093368,4087.018481,3,10,500,362,166,120,2026-08-31T17:17:37.075792+00:00,3.12.3,2.5.2,12.3.0,0.26.0,Linux-7.0.0-1011-aws-x86_64-with-glibc2.39,x86_64,m7i.2xlarge,parallel_process_workers,4
Set14,foreman.png,x3,nedi,prepared_bicubic_lr,foreman.png,3,native_nedi_grid_then_full_target_size_adjustment,gaussian_11x11_sigma_1.5_population_covariance,8,8.0,native_x2_then_bicubic_to_target,1,16301,15160,18324,0,True,234,192,even_insertion_2x_half_pixel_aligned,31.118980654226903,0.9068976058462533,29.55475592989163,0.8895042621137863,2011.6786451,2015.443938,24.32980326292897,1969.490127,2057.677185,3,10,352,288,117,96,2026-08-31T17:17:12.632779+00:00,3.12.3,2.5.2,12.3.0,0.26.0,Linux-7.0.0-1011-aws-x86_64-with-glibc2.39,x86_64,m7i.2xlarge,parallel_process_workers,4
Set14,lenna.png,x3,nedi,prepared_bicubic_lr,lenna.png,3,native_nedi_grid_then_full_target_size_adjustment,gaussian_11x11_sigma_1.5_population_covariance,8,8.0,native_x2_then_bicubic_to_target,1,40053,39196,47165,0,True,340,340,even_insertion_2x_half_pixel_aligned,31.393682784032933,0.8507172914381168,29.519000273325993,0.776671590166786,5515.1287771,5523.3189624999995,94.51729761811102,5378.521866,5697.584925,3,10,512,512,170,170,2026-08-31T17:18:03.384566+00:00,3.12.3,2.5.2,12.3.0,0.26.0,Linux-7.0.0-1011-aws-x86_64-with-glibc2.39,x86_64,m7i.2xlarge,parallel_process_workers,4
Set14,man.png,x3,nedi,prepared_bicubic_lr,man.png,3,native_nedi_grid_then_full_target_size_adjustment,gaussian_11x11_sigma_1.5_population_covariance,8,8.0,native_x2_then_bicubic_to_target,1,58503,56546,29815,0,True,340,340,even_insertion_2x_half_pixel_aligned,26.71738715044315,0.7308364053900919,25.395465838566416,0.7043034820760493,6075.0916162,6078.352684,69.23211927977275,5963.71991,6205.641479,3,10,512,512,170,170,2026-08-31T17:18:31.517182+00:00,3.12.3,2.5.2,12.3.0,0.26.0,Linux-7.0.0-1011-aws-x86_64-with-glibc2.39,x86_64,m7i.2xlarge,parallel_process_workers,4
Set14,monarch.png,x3,nedi,prepared_bicubic_lr,monarch.png,3,native_nedi_grid_then_full_target_size_adjustment,gaussian_11x11_sigma_1.5_population_covariance,8,8.0,native_x2_then_bicubic_to_target,1,58625,57539,72596,0,True,512,340,even_insertion_2x_half_pixel_aligned,28.867555018278786,0.9118926416339578,27.512080682517418,0.8952064921695574,8292.9175371,8274.430589,201.1370361307673,7959.34551,8531.446439,3,10,768,512,256,170,2026-08-31T17:19:17.745977+00:00,3.12.3,2.5.2,12.3.0,0.26.0,Linux-7.0.0-1011-aws-x86_64-with-glibc2.39,x86_64,m7i.2xlarge,parallel_process_workers,4
Set14,pepper.png,x3,nedi,prepared_bicubic_lr,pepper.png,3,native_nedi_grid_then_full_target_size_adjustment,gaussian_11x11_sigma_1.5_population_covariance,8,8.0,native_x2_then_bicubic_to_target,1,39430,37782,48579,0,True,340,340,even_insertion_2x_half_pixel_aligned,32.13247172498072,0.8657165030868155,29.79496740871683,0.7802499310307445,5534.6456879,5537.5737545,89.38491613702654,5302.65744,5638.302598,3,10,512,512,170,170,2026-08-31T17:18:49.491805+00:00,3.12.3,2.5.2,12.3.0,0.26.0,Linux-7.0.0-1011-aws-x86_64-with-glibc2.39,x86_64,m7i.2xlarge,parallel_process_workers,4
Set14,ppt3.png,x3,nedi,prepared_bicubic_lr,ppt3.png,3,native_nedi_grid_then_full_target_size_adjustment,gaussian_11x11_sigma_1.5_population_covariance,8,8.0,native_x2_then_bicubic_to_target,1,40439,40383,74328,0,True,352,436,even_insertion_2x_half_pixel_aligned,23.169407748487863,0.8717133638029543,21.625717127755614,0.8516975427450607,7021.536956,7003.0459335,135.53239142465844,6795.513983,7275.948561,3,10,529,656,176,218,2026-08-31T17:19:35.075693+00:00,3.12.3,2.5.2,12.3.0,0.26.0,Linux-7.0.0-1011-aws-x86_64-with-glibc2.39,x86_64,m7i.2xlarge,parallel_process_workers,4
Set14,zebra.png,x3,nedi,prepared_bicubic_lr,zebra.png,3,native_nedi_grid_then_full_target_size_adjustment,gaussian_11x11_sigma_1.5_population_covariance,8,8.0,native_x2_then_bicubic_to_target,1,62545,60326,15400,0,True,390,260,even_insertion_2x_half_pixel_aligned,26.28246154848597,0.7660340549674823,24.919263481457467,0.7454522756638675,5484.296742500001,5475.591709,137.59427676167172,5291.795052,5698.399416,3,10,586,391,195,130,2026-08-31T17:19:43.079624+00:00,3.12.3,2.5.2,12.3.0,0.26.0,Linux-7.0.0-1011-aws-x86_64-with-glibc2.39,x86_64,m7i.2xlarge,parallel_process_workers,4
BSD100,101085.png,x3,nedi,prepared_bicubic_lr,101085.png,3,native_nedi_grid_then_full_target_size_adjustment,gaussian_11x11_sigma_1.5_population_covariance,8,8.0,native_x2_then_bicubic_to_target,1,41585,39703,11391,0,True,214,320,even_insertion_2x_half_pixel_aligned,23.661216548908808,0.5549457551153116,22.345010619885525,0.5199540711045354,3828.2963535999997,3829.1623385,70.2370316245936,3695.530656,3983.912837,3,10,321,481,107,160,2026-08-31T17:20:35.990875+00:00,3.12.3,2.5.2,12.3.0,0.26.0,Linux-7.0.0-1011-aws-x86_64-with-glibc2.39,x86_64,m7i.2xlarge,parallel_process_workers,4
BSD100,101087.png,x3,nedi,prepared_bicubic_lr,101087.png,3,native_nedi_grid_then_full_target_size_adjustment,gaussian_11x11_sigma_1.5_population_covariance,8,8.0,native_x2_then_bicubic_to_target,1,21387,20707,30387,0,True,214,320,even_insertion_2x_half_pixel_aligned,28.075111497106832,0.7988167562513454,26.727842362866024,0.7834408035579754,3221.8623263,3230.8641875000003,65.0243077727849,3087.080645,3337.684008,3,10,321,481,107,160,2026-08-31T17:20:27.869625+00:00,3.12.3,2.5.2,12.3.0,0.26.0,Linux-7.0.0-1011-aws-x86_64-with-glibc2.39,x86_64,m7i.2xlarge,parallel_process_workers,4
BSD100,102061.png,x3,nedi,prepared_bicubic_lr,102061.png,3,native_nedi_grid_then_full_target_size_adjustment,gaussian_11x11_sigma_1.5_population_covariance,8,8.0,native_x2_then_bicubic_to_target,1,21046,20543,30551,0,True,214,320,even_insertion_2x_half_pixel_aligned,25.815327000145665,0.7832088945662863,24.438820183610957,0.7633723614295688,3225.9044554,3217.5665515,55.82089225840098,3112.073829,3341.464761,3,10,321,481,107,160,2026-08-31T17:20:28.174319+00:00,3.12.3,2.5.2,12.3.0,0.26.0,Linux-7.0.0-1011-aws-x86_64-with-glibc2.39,x86_64,m7i.2xlarge,parallel_process_workers,4
BSD100,103070.png,x3,nedi,prepared_bicubic_lr,103070.png,3,native_nedi_grid_then_full_target_size_adjustment,gaussian_11x11_sigma_1.5_population_covariance,8,8.0,native_x2_then_bicubic_to_target,1,34128,32603,18491,0,True,320,214,even_insertion_2x_half_pixel_aligned,30.275273228300968,0.8415057358084725,28.85951567011076,0.824780288083784,3601.1701361,3581.328679,65.6917807739204,3531.242597,3728.21836,3,10,481,321,160,107,2026-08-31T17:20:32.850203+00:00,3.12.3,2.5.2,12.3.0,0.26.0,Linux-7.0.0-1011-aws-x86_64-with-glibc2.39,x86_64,m7i.2xlarge,parallel_process_workers,4
BSD100,105025.png,x3,nedi,prepared_bicubic_lr,105025.png,3,native_nedi_grid_then_full_target_size_adjustment,gaussian_11x11_sigma_1.5_population_covariance,8,8.0,native_x2_then_bicubic_to_target,1,36093,34742,16352,0,True,320,214,even_insertion_2x_half_pixel_aligned,26.15915598547927,0.7021419992656001,24.810653400304282,0.6809562467662308,3601.6798207,3599.554453,40.414539594125124,3536.639107,3655.266838,3,10,481,321,160,107,2026-08-31T17:21:14.818664+00:00,3.12.3,2.5.2,12.3.0,0.26.0,Linux-7.0.0-1011-aws-x86_64-with-glibc2.39,x86_64,m7i.2xlarge,parallel_process_workers,4
BSD100,106024.png,x3,nedi,prepared_bicubic_lr,106024.png,3,native_nedi_grid_then_full_target_size_adjustment,gaussian_11x11_sigma_1.5_population_covariance,8,8.0,native_x2_then_bicubic_to_target,1,21859,20423,30671,0,True,320,214,even_insertion_2x_half_pixel_aligned,32.49586303923546,0.8888542472871566,30.992668487576562,0.8735691813470244,3234.9182331,3231.8262674999996,41.01406979404983,3167.119753,3299.289085,3,10,481,321,160,107,2026-08-31T17:21:10.360093+00:00,3.12.3,2.5.2,12.3.0,0.26.0,Linux-7.0.0-1011-aws-x86_64-with-glibc2.39,x86_64,m7i.2xlarge,parallel_process_workers,4
BSD100,108005.png,x3,nedi,prepared_bicubic_lr,108005.png,3,native_nedi_grid_then_full_target_size_adjustment,gaussian_11x11_sigma_1.5_population_covariance,8,8.0,native_x2_then_bicubic_to_target,1,40478,38899,12195,0,True,320,214,even_insertion_2x_half_pixel_aligned,26.08398148813809,0.7385602510792051,24.783456188456704,0.7085985633069306,3756.7427477,3750.6636900000003,54.425139571664246,3667.789384,3844.005381,3,10,481,321,160,107,2026-08-31T17:21:21.733765+00:00,3.12.3,2.5.2,12.3.0,0.26.0,Linux-7.0.0-1011-aws-x86_64-with-glibc2.39,x86_64,m7i.2xlarge,parallel_process_workers,4
BSD100,108070.png,x3,nedi,prepared_bicubic_lr,108070.png,3,native_nedi_grid_then_full_target_size_adjustment,gaussian_11x11_sigma_1.5_population_covariance,8,8.0,native_x2_then_bicubic_to_target,1,40229,38598,12496,0,True,320,214,even_insertion_2x_half_pixel_aligned,23.080515649002002,0.5811181285606151,21.777029689096018,0.5455794625126701,3801.9803972,3780.0959105,72.36779111408558,3700.541104,3949.583054,3,10,481,321,160,107,2026-08-31T17:21:25.268858+00:00,3.12.3,2.5.2,12.3.0,0.26.0,Linux-7.0.0-1011-aws-x86_64-with-glibc2.39,x86_64,m7i.2xlarge,parallel_process_workers,4
BSD100,108082.png,x3,nedi,prepared_bicubic_lr,108082.png,3,native_nedi_grid_then_full_target_size_adjustment,gaussian_11x11_sigma_1.5_population_covariance,8,8.0,native_x2_then_bicubic_to_target,1,32739,31686,19408,0,True,320,214,even_insertion_2x_half_pixel_aligned,27.125834983447156,0.7785504679827265,25.773132558192092,0.7555732920225114,3539.1915042,3554.0655509999997,43.44586521940013,3440.357199,3615.304366,3,10,481,321,160,107,2026-08-31T17:21:56.712134+00:00,3.12.3,2.5.2,12.3.0,0.26.0,Linux-7.0.0-1011-aws-x86_64-with-glibc2.39,x86_64,m7i.2xlarge,parallel_process_workers,4
BSD100,109053.png,x3,nedi,prepared_bicubic_lr,109053.png,3,native_nedi_grid_then_full_target_size_adjustment,gaussian_11x11_sigma_1.5_population_covariance,8,8.0,native_x2_then_bicubic_to_target,1,30925,29641,21453,0,True,320,214,even_insertion_2x_half_pixel_aligned,29.0008301294236,0.7952181519745785,27.62961667278165,0.77486943155126,3480.647287,3475.2871640000003,38.180695481630096,3436.262136,3569.506224,3,10,481,321,160,107,2026-08-31T17:22:00.309777+00:00,3.12.3,2.5.2,12.3.0,0.26.0,Linux-7.0.0-1011-aws-x86_64-with-glibc2.39,x86_64,m7i.2xlarge,parallel_process_workers,4
BSD100,119082.png,x3,nedi,prepared_bicubic_lr,119082.png,3,native_nedi_grid_then_full_target_size_adjustment,gaussian_11x11_sigma_1.5_population_covariance,8,8.0,native_x2_then_bicubic_to_target,1,36528,34985,16109,0,True,320,214,even_insertion_2x_half_pixel_aligned,23.300779054512812,0.6747411890041926,21.993687614350847,0.6485968646337259,3633.6913176,3632.1208855,41.37173610561378,3564.664301,3698.546972,3,10,481,321,160,107,2026-08-31T17:22:09.053556+00:00,3.12.3,2.5.2,12.3.0,0.26.0,Linux-7.0.0-1011-aws-x86_64-with-glibc2.39,x86_64,m7i.2xlarge,parallel_process_workers,4
BSD100,12084.png,x3,nedi,prepared_bicubic_lr,12084.png,3,native_nedi_grid_then_full_target_size_adjustment,gaussian_11x11_sigma_1.5_population_covariance,8,8.0,native_x2_then_bicubic_to_target,1,38076,36618,14476,0,True,320,214,even_insertion_2x_half_pixel_aligned,27.32347368688319,0.7186666868287376,25.846217205713952,0.7038766565465192,3721.6522901,3723.2101620000003,47.718108539901664,3645.544092,3829.451972,3,10,481,321,160,107,2026-08-31T17:22:13.670789+00:00,3.12.3,2.5.2,12.3.0,0.26.0,Linux-7.0.0-1011-aws-x86_64-with-glibc2.39,x86_64,m7i.2xlarge,parallel_process_workers,4
BSD100,123074.png,x3,nedi,prepared_bicubic_lr,123074.png,3,native_nedi_grid_then_full_target_size_adjustment,gaussian_11x11_sigma_1.5_population_covariance,8,8.0,native_x2_then_bicubic_to_target,1,37672,35981,15113,0,True,320,214,even_insertion_2x_half_pixel_aligned,29.85008364349013,0.807442027732643,28.44783080139312,0.7890806700651153,3691.5465499,3688.9992435,37.60413285600858,3645.55584,3782.917109,3,10,481,321,160,107,2026-08-31T17:22:44.804628+00:00,3.12.3,2.5.2,12.3.0,0.26.0,Linux-7.0.0-1011-aws-x86_64-with-glibc2.39,x86_64,m7i.2xlarge,parallel_process_workers,4
BSD100,126007.png,x3,nedi,prepared_bicubic_lr,126007.png,3,native_nedi_grid_then_full_target_size_adjustment,gaussian_11x11_sigma_1.5_population_covariance,8,8.0,native_x2_then_bicubic_to_target,1,19911,19235,31859,0,True,320,214,even_insertion_2x_half_pixel_aligned,28.386110995457333,0.8091248746027291,26.9646925129234,0.7842884294620216,3167.6705885,3163.8851745,18.744993266107844,3135.495693,3213.091266,3,10,481,321,160,107,2026-08-31T17:22:41.888281+00:00,3.12.3,2.5.2,12.3.0,0.26.0,Linux-7.0.0-1011-aws-x86_64-with-glibc2.39,x86_64,m7i.2xlarge,parallel_process_workers,4
BSD100,130026.png,x3,nedi,prepared_bicubic_lr,130026.png,3,native_nedi_grid_then_full_target_size_adjustment,gaussian_11x11_sigma_1.5_population_covariance,8,8.0,native_x2_then_bicubic_to_target,1,34969,33559,17535,0,True,320,214,even_insertion_2x_half_pixel_aligned,24.938711496666514,0.6662116697969681,23.633235381910758,0.6358742315702738,3569.6534882,3535.682551,78.66368663287543,3466.404695,3699.771996,3,10,481,321,160,107,2026-08-31T17:22:55.743163+00:00,3.12.3,2.5.2,12.3.0,0.26.0,Linux-7.0.0-1011-aws-x86_64-with-glibc2.39,x86_64,m7i.2xlarge,parallel_process_workers,4
BSD100,134035.png,x3,nedi,prepared_bicubic_lr,134035.png,3,native_nedi_grid_then_full_target_size_adjustment,gaussian_11x11_sigma_1.5_population_covariance,8,8.0,native_x2_then_bicubic_to_target,1,41145,39448,11646,0,True,320,214,even_insertion_2x_half_pixel_aligned,23.722939290975972,0.7080758706275396,22.30728327890298,0.6900098158675031,3781.8828619,3778.7132435000003,31.770172180877413,3729.616358,3841.459325,3,10,481,321,160,107,2026-08-31T17:23:02.994726+00:00,3.12.3,2.5.2,12.3.0,0.26.0,Linux-7.0.0-1011-aws-x86_64-with-glibc2.39,x86_64,m7i.2xlarge,parallel_process_workers,4
BSD100,14037.png,x3,nedi,prepared_bicubic_lr,14037.png,3,native_nedi_grid_then_full_target_size_adjustment,gaussian_11x11_sigma_1.5_population_covariance,8,8.0,native_x2_then_bicubic_to_target,1,17411,16599,34495,0,True,320,214,even_insertion_2x_half_pixel_aligned,33.422491560472764,0.8823505456091578,31.918648015044724,0.8575231894594456,3152.3067434,3161.526303,53.052489039323795,3071.148596,3232.513404,3,10,481,321,160,107,2026-08-31T17:23:22.937384+00:00,3.12.3,2.5.2,12.3.0,0.26.0,Linux-7.0.0-1011-aws-x86_64-with-glibc2.39,x86_64,m7i.2xlarge,parallel_process_workers,4
BSD100,143090.png,x3,nedi,prepared_bicubic_lr,143090.png,3,native_nedi_grid_then_full_target_size_adjustment,gaussian_11x11_sigma_1.5_population_covariance,8,8.0,native_x2_then_bicubic_to_target,1,15941,15463,35631,0,True,320,214,even_insertion_2x_half_pixel_aligned,32.293739725703965,0.8850778201033329,30.647208406691988,0.869421507849538,3094.6898594,3073.9645060000003,58.07588576179889,3042.150859,3237.426281,3,10,481,321,160,107,2026-08-31T17:23:25.175680+00:00,3.12.3,2.5.2,12.3.0,0.26.0,Linux-7.0.0-1011-aws-x86_64-with-glibc2.39,x86_64,m7i.2xlarge,parallel_process_workers,4
BSD100,145086.png,x3,nedi,prepared_bicubic_lr,145086.png,3,native_nedi_grid_then_full_target_size_adjustment,gaussian_11x11_sigma_1.5_population_covariance,8,8.0,native_x2_then_bicubic_to_target,1,28404,27151,23943,0,True,320,214,even_insertion_2x_half_pixel_aligned,25.128790695917196,0.7099435934537145,23.807597088450933,0.678118484143666,3425.8778927,3438.2811300000003,82.10724650423057,3255.865643,3528.634663,3,10,481,321,160,107,2026-08-31T17:23:40.427550+00:00,3.12.3,2.5.2,12.3.0,0.26.0,Linux-7.0.0-1011-aws-x86_64-with-glibc2.39,x86_64,m7i.2xlarge,parallel_process_workers,4
BSD100,147091.png,x3,nedi,prepared_bicubic_lr,147091.png,3,native_nedi_grid_then_full_target_size_adjustment,gaussian_11x11_sigma_1.5_population_covariance,8,8.0,native_x2_then_bicubic_to_target,1,21604,20825,30269,0,True,320,214,even_insertion_2x_half_pixel_aligned,25.30018466886958,0.7795494043456761,23.938928161544556,0.7542225676575084,3227.1255004,3254.620602,86.58861903224904,3072.902835,3344.255987,3,10,481,321,160,107,2026-08-31T17:23:45.264121+00:00,3.12.3,2.5.2,12.3.0,0.26.0,Linux-7.0.0-1011-aws-x86_64-with-glibc2.39,x86_64,m7i.2xlarge,parallel_process_workers,4
BSD100,148026.png,x3,nedi,prepared_bicubic_lr,148026.png,3,native_nedi_grid_then_full_target_size_adjustment,gaussian_11x11_sigma_1.5_population_covariance,8,8.0,native_x2_then_bicubic_to_target,1,38661,37038,14056,0,True,214,320,even_insertion_2x_half_pixel_aligned,21.512208891084825,0.6250555015253607,20.240958286984675,0.5945165331700232,3735.1278024,3726.5748635,40.06945328644399,3693.778483,3822.145765,3,10,321,481,107,160,2026-08-31T17:24:11.585756+00:00,3.12.3,2.5.2,12.3.0,0.26.0,Linux-7.0.0-1011-aws-x86_64-with-glibc2.39,x86_64,m7i.2xlarge,parallel_process_workers,4
BSD100,148089.png,x3,nedi,prepared_bicubic_lr,148089.png,3,native_nedi_grid_then_full_target_size_adjustment,gaussian_11x11_sigma_1.5_population_covariance,8,8.0,native_x2_then_bicubic_to_target,1,41598,40031,11063,0,True,320,214,even_insertion_2x_half_pixel_aligned,23.284465784795408,0.5894011461331925,21.997974362751997,0.5576714248245738,3821.078649,3812.3163320000003,86.90613567556612,3659.933826,3923.481832,3,10,481,321,160,107,2026-08-31T17:24:15.265730+00:00,3.12.3,2.5.2,12.3.0,0.26.0,Linux-7.0.0-1011-aws-x86_64-with-glibc2.39,x86_64,m7i.2xlarge,parallel_process_workers,4
BSD100,156065.png,x3,nedi,prepared_bicubic_lr,156065.png,3,native_nedi_grid_then_full_target_size_adjustment,gaussian_11x11_sigma_1.5_population_covariance,8,8.0,native_x2_then_bicubic_to_target,1,34097,32772,18322,0,True,320,214,even_insertion_2x_half_pixel_aligned,24.828607148339277,0.5589758167165232,23.51727618058856,0.5228448433261971,3665.194129,3679.9311225,74.79684873520067,3526.653178,3763.224619,3,10,481,321,160,107,2026-08-31T17:24:28.010946+00:00,3.12.3,2.5.2,12.3.0,0.26.0,Linux-7.0.0-1011-aws-x86_64-with-glibc2.39,x86_64,m7i.2xlarge,parallel_process_workers,4
BSD100,157055.png,x3,nedi,prepared_bicubic_lr,157055.png,3,native_nedi_grid_then_full_target_size_adjustment,gaussian_11x11_sigma_1.5_population_covariance,8,8.0,native_x2_then_bicubic_to_target,1,34135,32974,18120,0,True,320,214,even_insertion_2x_half_pixel_aligned,25.902901695838253,0.7641665131104841,24.497005341615296,0.7443152431530368,3684.961218,3708.731179,108.3877977924498,3515.985234,3861.391527,3,10,481,321,160,107,2026-08-31T17:24:33.304669+00:00,3.12.3,2.5.2,12.3.0,0.26.0,Linux-7.0.0-1011-aws-x86_64-with-glibc2.39,x86_64,m7i.2xlarge,parallel_process_workers,4
BSD100,159008.png,x3,nedi,prepared_bicubic_lr,159008.png,3,native_nedi_grid_then_full_target_size_adjustment,gaussian_11x11_sigma_1.5_population_covariance,8,8.0,native_x2_then_bicubic_to_target,1,37883,36168,14926,0,True,320,214,even_insertion_2x_half_pixel_aligned,26.6073304333003,0.7998163348785231,25.33471913907983,0.7704735812649742,3685.5471617,3678.2299045,22.787181451079366,3655.950599,3722.399435,3,10,481,321,160,107,2026-08-31T17:25:00.215365+00:00,3.12.3,2.5.2,12.3.0,0.26.0,Linux-7.0.0-1011-aws-x86_64-with-glibc2.39,x86_64,m7i.2xlarge,parallel_process_workers,4
BSD100,160068.png,x3,nedi,prepared_bicubic_lr,160068.png,3,native_nedi_grid_then_full_target_size_adjustment,gaussian_11x11_sigma_1.5_population_covariance,8,8.0,native_x2_then_bicubic_to_target,1,21831,21455,29639,0,True,320,214,even_insertion_2x_half_pixel_aligned,26.65060805318764,0.8199281513266278,25.3578877440641,0.8010034441494088,3240.5842375,3218.124675,75.0428369545632,3157.24006,3397.036,3,10,481,321,160,107,2026-08-31T17:24:57.933020+00:00,3.12.3,2.5.2,12.3.0,0.26.0,Linux-7.0.0-1011-aws-x86_64-with-glibc2.39,x86_64,m7i.2xlarge,parallel_process_workers,4
BSD100,16077.png,x3,nedi,prepared_bicubic_lr,16077.png,3,native_nedi_grid_then_full_target_size_adjustment,gaussian_11x11_sigma_1.5_population_covariance,8,8.0,native_x2_then_bicubic_to_target,1,34088,32551,18543,0,True,320,214,even_insertion_2x_half_pixel_aligned,27.37441317548722,0.7277780253541085,26.025248698434837,0.69751767224784,3590.7515357,3602.0401915,47.13831886836829,3507.473352,3646.625382,3,10,481,321,160,107,2026-08-31T17:25:14.917888+00:00,3.12.3,2.5.2,12.3.0,0.26.0,Linux-7.0.0-1011-aws-x86_64-with-glibc2.39,x86_64,m7i.2xlarge,parallel_process_workers,4
BSD100,163085.png,x3,nedi,prepared_bicubic_lr,163085.png,3,native_nedi_grid_then_full_target_size_adjustment,gaussian_11x11_sigma_1.5_population_covariance,8,8.0,native_x2_then_bicubic_to_target,1,30549,29253,21841,0,True,320,214,even_insertion_2x_half_pixel_aligned,29.483866927298834,0.7966615567068106,28.0654841326746,0.7759700438807252,3476.7540641,3492.3594805000002,77.42612896551628,3367.747499,3626.785394,3,10,481,321,160,107,2026-08-31T17:25:18.632881+00:00,3.12.3,2.5.2,12.3.0,0.26.0,Linux-7.0.0-1011-aws-x86_64-with-glibc2.39,x86_64,m7i.2xlarge,parallel_process_workers,4
BSD100,167062.png,x3,nedi,prepared_bicubic_lr,167062.png,3,native_nedi_grid_then_full_target_size_adjustment,gaussian_11x11_sigma_1.5_population_covariance,8,8.0,native_x2_then_bicubic_to_target,1,9622,9302,41792,0,True,320,214,even_insertion_2x_half_pixel_aligned,29.71751840528046,0.8738888110631902,28.371064410740956,0.8499178273322885,2894.955494,2889.2999179999997,45.71453036430381,2838.036423,2989.403719,3,10,481,321,160,107,2026-08-31T17:25:35.494283+00:00,3.12.3,2.5.2,12.3.0,0.26.0,Linux-7.0.0-1011-aws-x86_64-with-glibc2.39,x86_64,m7i.2xlarge,parallel_process_workers,4
BSD100,167083.png,x3,nedi,prepared_bicubic_lr,167083.png,3,native_nedi_grid_then_full_target_size_adjustment,gaussian_11x11_sigma_1.5_population_covariance,8,8.0,native_x2_then_bicubic_to_target,1,38953,37459,13635,0,True,214,320,even_insertion_2x_half_pixel_aligned,19.86970224873261,0.48150874954853934,18.560858977081132,0.4650435098807922,3733.7699008,3743.5142164999997,30.46716151127259,3675.351363,3765.269869,3,10,321,481,107,160,2026-08-31T17:25:48.944994+00:00,3.12.3,2.5.2,12.3.0,0.26.0,Linux-7.0.0-1011-aws-x86_64-with-glibc2.39,x86_64,m7i.2xlarge,parallel_process_workers,4
BSD100,170057.png,x3,nedi,prepared_bicubic_lr,170057.png,3,native_nedi_grid_then_full_target_size_adjustment,gaussian_11x11_sigma_1.5_population_covariance,8,8.0,native_x2_then_bicubic_to_target,1,35563,33964,17130,0,True,320,214,even_insertion_2x_half_pixel_aligned,29.522799225565052,0.8152489154692292,28.18217756230731,0.7878555776741103,3648.629779,3655.7776025000003,41.38510787307156,3569.147355,3700.312807,3,10,481,321,160,107,2026-08-31T17:26:02.297859+00:00,3.12.3,2.5.2,12.3.0,0.26.0,Linux-7.0.0-1011-aws-x86_64-with-glibc2.39,x86_64,m7i.2xlarge,parallel_process_workers,4
BSD100,175032.png,x3,nedi,prepared_bicubic_lr,175032.png,3,native_nedi_grid_then_full_target_size_adjustment,gaussian_11x11_sigma_1.5_population_covariance,8,8.0,native_x2_then_bicubic_to_target,1,46812,44873,6221,0,True,214,320,even_insertion_2x_half_pixel_aligned,21.09579443396249,0.4203018808517119,19.799355832220257,0.3963661643202683,3937.8105802,3939.095198,49.891012615525014,3859.821077,4028.164883,3,10,321,481,107,160,2026-08-31T17:26:10.004441+00:00,3.12.3,2.5.2,12.3.0,0.26.0,Linux-7.0.0-1011-aws-x86_64-with-glibc2.39,x86_64,m7i.2xlarge,parallel_process_workers,4
BSD100,175043.png,x3,nedi,prepared_bicubic_lr,175043.png,3,native_nedi_grid_then_full_target_size_adjustment,gaussian_11x11_sigma_1.5_population_covariance,8,8.0,native_x2_then_bicubic_to_target,1,46742,44789,6305,0,True,320,214,even_insertion_2x_half_pixel_aligned,24.95807796750426,0.645755830407117,23.632978843911726,0.621346778988029,3949.1533385,3958.799476,72.92511082385262,3824.798243,4067.77251,3,10,481,321,160,107,2026-08-31T17:26:26.962343+00:00,3.12.3,2.5.2,12.3.0,0.26.0,Linux-7.0.0-1011-aws-x86_64-with-glibc2.39,x86_64,m7i.2xlarge,parallel_process_workers,4
BSD100,182053.png,x3,nedi,prepared_bicubic_lr,182053.png,3,native_nedi_grid_then_full_target_size_adjustment,gaussian_11x11_sigma_1.5_population_covariance,8,8.0,native_x2_then_bicubic_to_target,1,27062,25991,25103,0,True,320,214,even_insertion_2x_half_pixel_aligned,24.058156844700047,0.7325516588769798,22.738172163258024,0.7121838056878874,3287.3698719,3307.2095879999997,84.46555772346335,3137.087831,3430.88468,3,10,481,321,160,107,2026-08-31T17:26:32.095341+00:00,3.12.3,2.5.2,12.3.0,0.26.0,Linux-7.0.0-1011-aws-x86_64-with-glibc2.39,x86_64,m7i.2xlarge,parallel_process_workers,4
BSD100,189080.png,x3,nedi,prepared_bicubic_lr,189080.png,3,native_nedi_grid_then_full_target_size_adjustment,gaussian_11x11_sigma_1.5_population_covariance,8,8.0,native_x2_then_bicubic_to_target,1,19230,18579,32515,0,True,214,320,even_insertion_2x_half_pixel_aligned,32.210988071783035,0.8812561696731775,30.83137669281902,0.8543764969854304,3108.5385017,3116.9921155,59.20339566797306,3009.151329,3189.786744,3,10,321,481,107,160,2026-08-31T17:26:42.976895+00:00,3.12.3,2.5.2,12.3.0,0.26.0,Linux-7.0.0-1011-aws-x86_64-with-glibc2.39,x86_64,m7i.2xlarge,parallel_process_workers,4
BSD100,19021.png,x3,nedi,prepared_bicubic_lr,19021.png,3,native_nedi_grid_then_full_target_size_adjustment,gaussian_11x11_sigma_1.5_population_covariance,8,8.0,native_x2_then_bicubic_to_target,1,33530,32212,18882,0,True,320,214,even_insertion_2x_half_pixel_aligned,26.326193028637647,0.7212731213028898,24.95882811884432,0.6934501495984887,3499.8482657,3521.9241545,79.3799086263685,3331.937123,3616.188453,3,10,481,321,160,107,2026-08-31T17:26:55.392908+00:00,3.12.3,2.5.2,12.3.0,0.26.0,Linux-7.0.0-1011-aws-x86_64-with-glibc2.39,x86_64,m7i.2xlarge,parallel_process_workers,4
BSD100,196073.png,x3,nedi,prepared_bicubic_lr,196073.png,3,native_nedi_grid_then_full_target_size_adjustment,gaussian_11x11_sigma_1.5_population_covariance,8,8.0,native_x2_then_bicubic_to_target,1,19887,18874,32220,0,True,320,214,even_insertion_2x_half_pixel_aligned,27.93513793637864,0.519884384498614,26.57433374441958,0.4669889016562751,3086.7643908,3086.5216075,54.504358649012644,3009.210811,3207.250603,3,10,481,321,160,107,2026-08-31T17:27:07.050358+00:00,3.12.3,2.5.2,12.3.0,0.26.0,Linux-7.0.0-1011-aws-x86_64-with-glibc2.39,x86_64,m7i.2xlarge,parallel_process_workers,4
BSD100,197017.png,x3,nedi,prepared_bicubic_lr,197017.png,3,native_nedi_grid_then_full_target_size_adjustment,gaussian_11x11_sigma_1.5_population_covariance,8,8.0,native_x2_then_bicubic_to_target,1,27794,26611,24483,0,True,320,214,even_insertion_2x_half_pixel_aligned,27.522423956820443,0.7029586523015654,26.17486588701773,0.6738604937707716,3299.8315304,3252.7698235,106.60604716395362,3190.969094,3508.489371,3,10,481,321,160,107,2026-08-31T17:27:15.217398+00:00,3.12.3,2.5.2,12.3.0,0.26.0,Linux-7.0.0-1011-aws-x86_64-with-glibc2.39,x86_64,m7i.2xlarge,parallel_process_workers,4
BSD100,208001.png,x3,nedi,prepared_bicubic_lr,208001.png,3,native_nedi_grid_then_full_target_size_adjustment,gaussian_11x11_sigma_1.5_population_covariance,8,8.0,native_x2_then_bicubic_to_target,1,35610,33820,17274,0,True,214,320,even_insertion_2x_half_pixel_aligned,28.100900288377225,0.7401360323172901,26.831721430524414,0.7017462906433258,3492.6613052000002,3501.574367,53.30739756525926,3401.267434,3589.694186,3,10,321,481,107,160,2026-08-31T17:27:28.723051+00:00,3.12.3,2.5.2,12.3.0,0.26.0,Linux-7.0.0-1011-aws-x86_64-with-glibc2.39,x86_64,m7i.2xlarge,parallel_process_workers,4
BSD100,210088.png,x3,nedi,prepared_bicubic_lr,210088.png,3,native_nedi_grid_then_full_target_size_adjustment,gaussian_11x11_sigma_1.5_population_covariance,8,8.0,native_x2_then_bicubic_to_target,1,29473,27932,23162,0,True,214,320,even_insertion_2x_half_pixel_aligned,30.91432837474345,0.909009586534224,29.40306335855325,0.8929687327495986,3322.369361,3313.7967015,44.44365806626887,3239.15395,3384.685527,3,10,321,481,107,160,2026-08-31T17:27:38.859643+00:00,3.12.3,2.5.2,12.3.0,0.26.0,Linux-7.0.0-1011-aws-x86_64-with-glibc2.39,x86_64,m7i.2xlarge,parallel_process_workers,4
BSD100,21077.png,x3,nedi,prepared_bicubic_lr,21077.png,3,native_nedi_grid_then_full_target_size_adjustment,gaussian_11x11_sigma_1.5_population_covariance,8,8.0,native_x2_then_bicubic_to_target,1,27619,26663,24431,0,True,320,214,even_insertion_2x_half_pixel_aligned,25.76540683362574,0.7156652900141475,24.411358988962704,0.6814241750375674,3213.1463586,3215.3623305,37.8220116438275,3156.749136,3276.677912,3,10,481,321,160,107,2026-08-31T17:27:49.042597+00:00,3.12.3,2.5.2,12.3.0,0.26.0,Linux-7.0.0-1011-aws-x86_64-with-glibc2.39,x86_64,m7i.2xlarge,parallel_process_workers,4
BSD100,216081.png,x3,nedi,prepared_bicubic_lr,216081.png,3,native_nedi_grid_then_full_target_size_adjustment,gaussian_11x11_sigma_1.5_population_covariance,8,8.0,native_x2_then_bicubic_to_target,1,31040,30031,21063,0,True,320,214,even_insertion_2x_half_pixel_aligned,25.045907359873677,0.6822575516913529,23.796615605162074,0.6493784599441894,3318.4784856,3323.7468135,61.64239675542106,3186.172857,3394.565904,3,10,481,321,160,107,2026-08-31T17:27:58.531259+00:00,3.12.3,2.5.2,12.3.0,0.26.0,Linux-7.0.0-1011-aws-x86_64-with-glibc2.39,x86_64,m7i.2xlarge,parallel_process_workers,4
BSD100,219090.png,x3,nedi,prepared_bicubic_lr,219090.png,3,native_nedi_grid_then_full_target_size_adjustment,gaussian_11x11_sigma_1.5_population_covariance,8,8.0,native_x2_then_bicubic_to_target,1,21584,20950,30144,0,True,320,214,even_insertion_2x_half_pixel_aligned,26.06700403627356,0.738554306482277,24.746531867004368,0.7074611574154964,3101.2683552,3095.088061,56.99707414716671,3026.56218,3185.724096,3,10,481,321,160,107,2026-08-31T17:28:09.094846+00:00,3.12.3,2.5.2,12.3.0,0.26.0,Linux-7.0.0-1011-aws-x86_64-with-glibc2.39,x86_64,m7i.2xlarge,parallel_process_workers,4
BSD100,220075.png,x3,nedi,prepared_bicubic_lr,220075.png,3,native_nedi_grid_then_full_target_size_adjustment,gaussian_11x11_sigma_1.5_population_covariance,8,8.0,native_x2_then_bicubic_to_target,1,32887,31604,19490,0,True,320,214,even_insertion_2x_half_pixel_aligned,26.526797346476755,0.8473586127939167,25.21498886662767,0.8259852300525488,3397.1724434,3380.8585000000003,101.39461110400683,3258.5669,3583.353941,3,10,481,321,160,107,2026-08-31T17:28:22.966163+00:00,3.12.3,2.5.2,12.3.0,0.26.0,Linux-7.0.0-1011-aws-x86_64-with-glibc2.39,x86_64,m7i.2xlarge,parallel_process_workers,4
BSD100,223061.png,x3,nedi,prepared_bicubic_lr,223061.png,3,native_nedi_grid_then_full_target_size_adjustment,gaussian_11x11_sigma_1.5_population_covariance,8,8.0,native_x2_then_bicubic_to_target,1,34489,33192,17902,0,True,320,214,even_insertion_2x_half_pixel_aligned,24.526963209414603,0.6479436959022385,23.180172388277338,0.6269180836440151,3434.0428241,3431.313236,85.95990692998166,3328.29916,3568.460599,3,10,481,321,160,107,2026-08-31T17:28:33.649209+00:00,3.12.3,2.5.2,12.3.0,0.26.0,Linux-7.0.0-1011-aws-x86_64-with-glibc2.39,x86_64,m7i.2xlarge,parallel_process_workers,4
BSD100,227092.png,x3,nedi,prepared_bicubic_lr,227092.png,3,native_nedi_grid_then_full_target_size_adjustment,gaussian_11x11_sigma_1.5_population_covariance,8,8.0,native_x2_then_bicubic_to_target,1,13790,13705,37389,0,True,214,320,even_insertion_2x_half_pixel_aligned,33.74028960378898,0.8572205810183253,32.202480547098624,0.8362005208667358,2843.0304945,2833.431767,64.41531653127632,2743.182221,3004.220805,3,10,321,481,107,160,2026-08-31T17:28:35.948550+00:00,3.12.3,2.5.2,12.3.0,0.26.0,Linux-7.0.0-1011-aws-x86_64-with-glibc2.39,x86_64,m7i.2xlarge,parallel_process_workers,4
BSD100,229036.png,x3,nedi,prepared_bicubic_lr,229036.png,3,native_nedi_grid_then_full_target_size_adjustment,gaussian_11x11_sigma_1.5_population_covariance,8,8.0,native_x2_then_bicubic_to_target,1,40403,38623,12471,0,True,320,214,even_insertion_2x_half_pixel_aligned,22.382032404825804,0.5891744831178509,21.05178606493171,0.5626150763369494,3441.6553027,3437.316659,63.01979672070879,3318.114181,3542.144414,3,10,481,321,160,107,2026-08-31T17:28:54.240525+00:00,3.12.3,2.5.2,12.3.0,0.26.0,Linux-7.0.0-1011-aws-x86_64-with-glibc2.39,x86_64,m7i.2xlarge,parallel_process_workers,4
BSD100,236037.png,x3,nedi,prepared_bicubic_lr,236037.png,3,native_nedi_grid_then_full_target_size_adjustment,gaussian_11x11_sigma_1.5_population_covariance,8,8.0,native_x2_then_bicubic_to_target,1,44890,42961,8133,0,True,320,214,even_insertion_2x_half_pixel_aligned,24.939981787121283,0.6233344211415752,23.577471010951946,0.6035045595902151,3533.4529155,3546.2200679999996,67.80135226311673,3382.384311,3641.685186,3,10,481,321,160,107,2026-08-31T17:29:09.260435+00:00,3.12.3,2.5.2,12.3.0,0.26.0,Linux-7.0.0-1011-aws-x86_64-with-glibc2.39,x86_64,m7i.2xlarge,parallel_process_workers,4
BSD100,24077.png,x3,nedi,prepared_bicubic_lr,24077.png,3,native_nedi_grid_then_full_target_size_adjustment,gaussian_11x11_sigma_1.5_population_covariance,8,8.0,native_x2_then_bicubic_to_target,1,33078,31828,19266,0,True,320,214,even_insertion_2x_half_pixel_aligned,24.760233456776056,0.8195854009430792,23.366883879101316,0.8043062394438109,3272.9914311,3265.6539430000003,48.080732722800214,3205.154875,3372.240271,3,10,481,321,160,107,2026-08-31T17:29:16.225857+00:00,3.12.3,2.5.2,12.3.0,0.26.0,Linux-7.0.0-1011-aws-x86_64-with-glibc2.39,x86_64,m7i.2xlarge,parallel_process_workers,4
BSD100,241004.png,x3,nedi,prepared_bicubic_lr,241004.png,3,native_nedi_grid_then_full_target_size_adjustment,gaussian_11x11_sigma_1.5_population_covariance,8,8.0,native_x2_then_bicubic_to_target,1,15894,15179,35915,0,True,320,214,even_insertion_2x_half_pixel_aligned,31.71525302545584,0.8351878587616517,30.27886158113681,0.8067192267323297,2809.317171,2811.6786485000002,34.452322422802986,2738.184805,2868.113192,3,10,481,321,160,107,2026-08-31T17:29:12.587247+00:00,3.12.3,2.5.2,12.3.0,0.26.0,Linux-7.0.0-1011-aws-x86_64-with-glibc2.39,x86_64,m7i.2xlarge,parallel_process_workers,4
BSD100,241048.png,x3,nedi,prepared_bicubic_lr,241048.png,3,native_nedi_grid_then_full_target_size_adjustment,gaussian_11x11_sigma_1.5_population_covariance,8,8.0,native_x2_then_bicubic_to_target,1,36625,35355,15739,0,True,320,214,even_insertion_2x_half_pixel_aligned,24.79463815053664,0.6087949297293553,23.458898648706658,0.5830736731532681,3388.0463710999998,3384.5838655,46.73435476120603,3311.262498,3464.878757,3,10,481,321,160,107,2026-08-31T17:29:38.363735+00:00,3.12.3,2.5.2,12.3.0,0.26.0,Linux-7.0.0-1011-aws-x86_64-with-glibc2.39,x86_64,m7i.2xlarge,parallel_process_workers,4
BSD100,253027.png,x3,nedi,prepared_bicubic_lr,253027.png,3,native_nedi_grid_then_full_target_size_adjustment,gaussian_11x11_sigma_1.5_population_covariance,8,8.0,native_x2_then_bicubic_to_target,1,34478,33274,17820,0,True,320,214,even_insertion_2x_half_pixel_aligned,22.529597117648656,0.6927347183527329,21.186454432352065,0.6680344820720242,3331.9959508,3335.510675,26.8922370694243,3275.735619,3363.754054,3,10,481,321,160,107,2026-08-31T17:29:52.488646+00:00,3.12.3,2.5.2,12.3.0,0.26.0,Linux-7.0.0-1011-aws-x86_64-with-glibc2.39,x86_64,m7i.2xlarge,parallel_process_workers,4
BSD100,253055.png,x3,nedi,prepared_bicubic_lr,253055.png,3,native_nedi_grid_then_full_target_size_adjustment,gaussian_11x11_sigma_1.5_population_covariance,8,8.0,native_x2_then_bicubic_to_target,1,17554,16775,34319,0,True,320,214,even_insertion_2x_half_pixel_aligned,31.758785416948108,0.8378948051032522,30.375883465180355,0.8106236450117447,2874.6370502,2879.6412609999998,35.96342998211066,2827.929347,2934.007193,3,10,481,321,160,107,2026-08-31T17:29:50.110715+00:00,3.12.3,2.5.2,12.3.0,0.26.0,Linux-7.0.0-1011-aws-x86_64-with-glibc2.39,x86_64,m7i.2xlarge,parallel_process_workers,4
BSD100,260058.png,x3,nedi,prepared_bicubic_lr,260058.png,3,native_nedi_grid_then_full_target_size_adjustment,gaussian_11x11_sigma_1.5_population_covariance,8,8.0,native_x2_then_bicubic_to_target,1,20991,19874,31220,0,True,320,214,even_insertion_2x_half_pixel_aligned,32.488323511600925,0.7991912345948883,31.042212789776755,0.7642443822001805,2959.2986392,2953.3116755,32.98829148554021,2897.616468,3011.234721,3,10,481,321,160,107,2026-08-31T17:29:54.904988+00:00,3.12.3,2.5.2,12.3.0,0.26.0,Linux-7.0.0-1011-aws-x86_64-with-glibc2.39,x86_64,m7i.2xlarge,parallel_process_workers,4
BSD100,271035.png,x3,nedi,prepared_bicubic_lr,271035.png,3,native_nedi_grid_then_full_target_size_adjustment,gaussian_11x11_sigma_1.5_population_covariance,8,8.0,native_x2_then_bicubic_to_target,1,34412,33175,17919,0,True,214,320,even_insertion_2x_half_pixel_aligned,26.830970690345897,0.7424928033484364,25.483549456236737,0.7134099957207285,3406.3917686,3408.7446605,32.58011309098976,3346.135615,3464.392383,3,10,321,481,107,160,2026-08-31T17:30:22.661255+00:00,3.12.3,2.5.2,12.3.0,0.26.0,Linux-7.0.0-1011-aws-x86_64-with-glibc2.39,x86_64,m7i.2xlarge,parallel_process_workers,4
BSD100,285079.png,x3,nedi,prepared_bicubic_lr,285079.png,3,native_nedi_grid_then_full_target_size_adjustment,gaussian_11x11_sigma_1.5_population_covariance,8,8.0,native_x2_then_bicubic_to_target,1,38564,36976,14118,0,True,214,320,even_insertion_2x_half_pixel_aligned,24.79901212304962,0.6638421116128844,23.477199186339934,0.6338902481991937,3518.1972565,3511.3946025,70.21396895432638,3405.004878,3656.433878,3,10,321,481,107,160,2026-08-31T17:30:35.948214+00:00,3.12.3,2.5.2,12.3.0,0.26.0,Linux-7.0.0-1011-aws-x86_64-with-glibc2.39,x86_64,m7i.2xlarge,parallel_process_workers,4
BSD100,291000.png,x3,nedi,prepared_bicubic_lr,291000.png,3,native_nedi_grid_then_full_target_size_adjustment,gaussian_11x11_sigma_1.5_population_covariance,8,8.0,native_x2_then_bicubic_to_target,1,46253,44265,6829,0,True,320,214,even_insertion_2x_half_pixel_aligned,21.371412999667186,0.40603778560427223,19.997358200888918,0.3855266223253449,3692.7771018,3696.4657055,62.155910527489446,3544.38262,3766.320693,3,10,481,321,160,107,2026-08-31T17:30:40.799849+00:00,3.12.3,2.5.2,12.3.0,0.26.0,Linux-7.0.0-1011-aws-x86_64-with-glibc2.39,x86_64,m7i.2xlarge,parallel_process_workers,4
BSD100,295087.png,x3,nedi,prepared_bicubic_lr,295087.png,3,native_nedi_grid_then_full_target_size_adjustment,gaussian_11x11_sigma_1.5_population_covariance,8,8.0,native_x2_then_bicubic_to_target,1,25370,24582,26512,0,True,320,214,even_insertion_2x_half_pixel_aligned,27.31283998809659,0.706681208314124,25.95271399600722,0.6852528045890848,3139.5846698,3137.4653975,73.52767920003527,3011.29103,3268.834752,3,10,481,321,160,107,2026-08-31T17:30:35.896734+00:00,3.12.3,2.5.2,12.3.0,0.26.0,Linux-7.0.0-1011-aws-x86_64-with-glibc2.39,x86_64,m7i.2xlarge,parallel_process_workers,4
BSD100,296007.png,x3,nedi,prepared_bicubic_lr,296007.png,3,native_nedi_grid_then_full_target_size_adjustment,gaussian_11x11_sigma_1.5_population_covariance,8,8.0,native_x2_then_bicubic_to_target,1,18683,17785,33309,0,True,320,214,even_insertion_2x_half_pixel_aligned,32.02164868868345,0.7950829692108791,30.592824109510293,0.7621624570967667,2951.591899,2948.5931365,64.15094291010351,2870.818006,3050.097056,3,10,481,321,160,107,2026-08-31T17:31:01.089577+00:00,3.12.3,2.5.2,12.3.0,0.26.0,Linux-7.0.0-1011-aws-x86_64-with-glibc2.39,x86_64,m7i.2xlarge,parallel_process_workers,4
BSD100,296059.png,x3,nedi,prepared_bicubic_lr,296059.png,3,native_nedi_grid_then_full_target_size_adjustment,gaussian_11x11_sigma_1.5_population_covariance,8,8.0,native_x2_then_bicubic_to_target,1,20880,19997,31097,0,True,320,214,even_insertion_2x_half_pixel_aligned,30.207520475396056,0.7715213263112936,28.820075946764558,0.7390764265542794,3124.4172849,3143.1473889999997,71.57724498939675,3011.063778,3230.582807,3,10,481,321,160,107,2026-08-31T17:31:16.360920+00:00,3.12.3,2.5.2,12.3.0,0.26.0,Linux-7.0.0-1011-aws-x86_64-with-glibc2.39,x86_64,m7i.2xlarge,parallel_process_workers,4
BSD100,299086.png,x3,nedi,prepared_bicubic_lr,299086.png,3,native_nedi_grid_then_full_target_size_adjustment,gaussian_11x11_sigma_1.5_population_covariance,8,8.0,native_x2_then_bicubic_to_target,1,15815,15328,35766,0,True,320,214,even_insertion_2x_half_pixel_aligned,31.502872484350597,0.8052244683608871,30.06572854526088,0.7741925198324077,2965.215386,2946.6421725,72.92511197556738,2875.980171,3087.34791,3,10,481,321,160,107,2026-08-31T17:31:14.464378+00:00,3.12.3,2.5.2,12.3.0,0.26.0,Linux-7.0.0-1011-aws-x86_64-with-glibc2.39,x86_64,m7i.2xlarge,parallel_process_workers,4
BSD100,300091.png,x3,nedi,prepared_bicubic_lr,300091.png,3,native_nedi_grid_then_full_target_size_adjustment,gaussian_11x11_sigma_1.5_population_covariance,8,8.0,native_x2_then_bicubic_to_target,1,18780,18004,33090,0,True,320,214,even_insertion_2x_half_pixel_aligned,28.299311296794425,0.7811129489963277,26.907158863565314,0.7527581608911064,3008.8556189,2980.9866455,76.0711888399217,2932.049416,3200.466854,3,10,481,321,160,107,2026-08-31T17:31:19.881328+00:00,3.12.3,2.5.2,12.3.0,0.26.0,Linux-7.0.0-1011-aws-x86_64-with-glibc2.39,x86_64,m7i.2xlarge,parallel_process_workers,4
BSD100,302008.png,x3,nedi,prepared_bicubic_lr,302008.png,3,native_nedi_grid_then_full_target_size_adjustment,gaussian_11x11_sigma_1.5_population_covariance,8,8.0,native_x2_then_bicubic_to_target,1,19033,18710,32384,0,True,214,320,even_insertion_2x_half_pixel_aligned,29.985374590318393,0.9289196832765093,28.559971988803838,0.9130578018821783,3014.04574,3000.619039,33.492797619016656,2971.58027,3081.668361,3,10,321,481,107,160,2026-08-31T17:31:40.564057+00:00,3.12.3,2.5.2,12.3.0,0.26.0,Linux-7.0.0-1011-aws-x86_64-with-glibc2.39,x86_64,m7i.2xlarge,parallel_process_workers,4
BSD100,304034.png,x3,nedi,prepared_bicubic_lr,304034.png,3,native_nedi_grid_then_full_target_size_adjustment,gaussian_11x11_sigma_1.5_population_covariance,8,8.0,native_x2_then_bicubic_to_target,1,46387,44492,6602,0,True,320,214,even_insertion_2x_half_pixel_aligned,24.19890717884271,0.6618916319421565,22.908733036664838,0.6347336506429078,3698.5042224,3714.2204300000003,55.39069960895321,3608.846815,3773.637731,3,10,481,321,160,107,2026-08-31T17:32:02.708959+00:00,3.12.3,2.5.2,12.3.0,0.26.0,Linux-7.0.0-1011-aws-x86_64-with-glibc2.39,x86_64,m7i.2xlarge,parallel_process_workers,4
BSD100,304074.png,x3,nedi,prepared_bicubic_lr,304074.png,3,native_nedi_grid_then_full_target_size_adjustment,gaussian_11x11_sigma_1.5_population_covariance,8,8.0,native_x2_then_bicubic_to_target,1,39257,37500,13594,0,True,214,320,even_insertion_2x_half_pixel_aligned,25.6336809621583,0.6089853807216644,24.29202126783312,0.574959290687844,3540.9226049,3552.0231315,62.419007135560804,3421.573701,3629.313398,3,10,321,481,107,160,2026-08-31T17:32:02.518866+00:00,3.12.3,2.5.2,12.3.0,0.26.0,Linux-7.0.0-1011-aws-x86_64-with-glibc2.39,x86_64,m7i.2xlarge,parallel_process_workers,4
BSD100,306005.png,x3,nedi,prepared_bicubic_lr,306005.png,3,native_nedi_grid_then_full_target_size_adjustment,gaussian_11x11_sigma_1.5_population_covariance,8,8.0,native_x2_then_bicubic_to_target,1,29561,28511,22583,0,True,320,214,even_insertion_2x_half_pixel_aligned,27.724843558302197,0.775190610241702,26.3453185070631,0.7491987407352548,3282.1782135,3288.4752635,39.63009196859971,3196.436584,3326.545835,3,10,481,321,160,107,2026-08-31T17:32:02.726746+00:00,3.12.3,2.5.2,12.3.0,0.26.0,Linux-7.0.0-1011-aws-x86_64-with-glibc2.39,x86_64,m7i.2xlarge,parallel_process_workers,4
BSD100,3096.png,x3,nedi,prepared_bicubic_lr,3096.png,3,native_nedi_grid_then_full_target_size_adjustment,gaussian_11x11_sigma_1.5_population_covariance,8,8.0,native_x2_then_bicubic_to_target,1,4230,4119,46975,0,True,320,214,even_insertion_2x_half_pixel_aligned,36.38331976610347,0.9704843640295638,34.757614790461936,0.9610841143381009,2566.7189717,2566.1652080000003,35.627230227295755,2506.79067,2622.577798,3,10,481,321,160,107,2026-08-31T17:32:14.118269+00:00,3.12.3,2.5.2,12.3.0,0.26.0,Linux-7.0.0-1011-aws-x86_64-with-glibc2.39,x86_64,m7i.2xlarge,parallel_process_workers,4
BSD100,33039.png,x3,nedi,prepared_bicubic_lr,33039.png,3,native_nedi_grid_then_full_target_size_adjustment,gaussian_11x11_sigma_1.5_population_covariance,8,8.0,native_x2_then_bicubic_to_target,1,48777,46794,4300,0,True,214,320,even_insertion_2x_half_pixel_aligned,20.874860588706166,0.5539001376598587,19.56300083401814,0.5358317261221,3812.3233383,3809.316399,68.16292710032496,3709.739537,3972.30679,3,10,321,481,107,160,2026-08-31T17:32:52.028141+00:00,3.12.3,2.5.2,12.3.0,0.26.0,Linux-7.0.0-1011-aws-x86_64-with-glibc2.39,x86_64,m7i.2xlarge,parallel_process_workers,4
BSD100,351093.png,x3,nedi,prepared_bicubic_lr,351093.png,3,native_nedi_grid_then_full_target_size_adjustment,gaussian_11x11_sigma_1.5_population_covariance,8,8.0,native_x2_then_bicubic_to_target,1,32248,30939,20155,0,True,320,214,even_insertion_2x_half_pixel_aligned,22.55300018521671,0.6266329027569383,21.234083378927465,0.6039482612808712,3372.297259,3378.5321034999997,43.949297335156416,3273.301361,3430.30295,3,10,481,321,160,107,2026-08-31T17:32:46.590511+00:00,3.12.3,2.5.2,12.3.0,0.26.0,Linux-7.0.0-1011-aws-x86_64-with-glibc2.39,x86_64,m7i.2xlarge,parallel_process_workers,4
BSD100,361010.png,x3,nedi,prepared_bicubic_lr,361010.png,3,native_nedi_grid_then_full_target_size_adjustment,gaussian_11x11_sigma_1.5_population_covariance,8,8.0,native_x2_then_bicubic_to_target,1,29766,28386,22708,0,True,320,214,even_insertion_2x_half_pixel_aligned,27.392756732447047,0.792454907385254,26.074243697219302,0.7568112092186352,3277.0055432,3276.922807,25.62988955616786,3232.405357,3320.043058,3,10,481,321,160,107,2026-08-31T17:32:45.470045+00:00,3.12.3,2.5.2,12.3.0,0.26.0,Linux-7.0.0-1011-aws-x86_64-with-glibc2.39,x86_64,m7i.2xlarge,parallel_process_workers,4
BSD100,37073.png,x3,nedi,prepared_bicubic_lr,37073.png,3,native_nedi_grid_then_full_target_size_adjustment,gaussian_11x11_sigma_1.5_population_covariance,8,8.0,native_x2_then_bicubic_to_target,1,15924,15495,35599,0,True,320,214,even_insertion_2x_half_pixel_aligned,29.044828614627356,0.7818764356586089,27.698975397176717,0.7450436577181406,2926.4929299,2919.717768,40.24579894313701,2867.363108,3003.240532,3,10,481,321,160,107,2026-08-31T17:32:52.272786+00:00,3.12.3,2.5.2,12.3.0,0.26.0,Linux-7.0.0-1011-aws-x86_64-with-glibc2.39,x86_64,m7i.2xlarge,parallel_process_workers,4
BSD100,376043.png,x3,nedi,prepared_bicubic_lr,376043.png,3,native_nedi_grid_then_full_target_size_adjustment,gaussian_11x11_sigma_1.5_population_covariance,8,8.0,native_x2_then_bicubic_to_target,1,42834,41046,10048,0,True,214,320,even_insertion_2x_half_pixel_aligned,25.382096325232073,0.5906114081460121,23.99737329610514,0.5690486897135942,3689.2434841,3685.3353960000004,98.46469111148508,3528.053356,3868.080044,3,10,321,481,107,160,2026-08-31T17:33:33.592560+00:00,3.12.3,2.5.2,12.3.0,0.26.0,Linux-7.0.0-1011-aws-x86_64-with-glibc2.39,x86_64,m7i.2xlarge,parallel_process_workers,4
BSD100,38082.png,x3,nedi,prepared_bicubic_lr,38082.png,3,native_nedi_grid_then_full_target_size_adjustment,gaussian_11x11_sigma_1.5_population_covariance,8,8.0,native_x2_then_bicubic_to_target,1,41662,39849,11245,0,True,320,214,even_insertion_2x_half_pixel_aligned,27.31724845944775,0.6052002106248936,25.963222271332516,0.5725260793025927,3656.3903498,3642.5683365,105.14329971838744,3524.483851,3849.7553,3,10,481,321,160,107,2026-08-31T17:33:34.186802+00:00,3.12.3,2.5.2,12.3.0,0.26.0,Linux-7.0.0-1011-aws-x86_64-with-glibc2.39,x86_64,m7i.2xlarge,parallel_process_workers,4
BSD100,38092.png,x3,nedi,prepared_bicubic_lr,38092.png,3,native_nedi_grid_then_full_target_size_adjustment,gaussian_11x11_sigma_1.5_population_covariance,8,8.0,native_x2_then_bicubic_to_target,1,33835,32571,18523,0,True,320,214,even_insertion_2x_half_pixel_aligned,26.024041493263447,0.6872575399110148,24.71607924035712,0.659895605937232,3420.7663762,3351.894272,116.93292626513481,3299.926846,3615.34695,3,10,481,321,160,107,2026-08-31T17:33:36.424797+00:00,3.12.3,2.5.2,12.3.0,0.26.0,Linux-7.0.0-1011-aws-x86_64-with-glibc2.39,x86_64,m7i.2xlarge,parallel_process_workers,4
BSD100,385039.png,x3,nedi,prepared_bicubic_lr,385039.png,3,native_nedi_grid_then_full_target_size_adjustment,gaussian_11x11_sigma_1.5_population_covariance,8,8.0,native_x2_then_bicubic_to_target,1,28698,27604,23490,0,True,320,214,even_insertion_2x_half_pixel_aligned,23.315607455389102,0.6626921215816172,21.97963374336385,0.635627342269978,3324.7484125,3308.22591,96.76686715270836,3161.412009,3518.406876,3,10,481,321,160,107,2026-08-31T17:33:35.326266+00:00,3.12.3,2.5.2,12.3.0,0.26.0,Linux-7.0.0-1011-aws-x86_64-with-glibc2.39,x86_64,m7i.2xlarge,parallel_process_workers,4
BSD100,41033.png,x3,nedi,prepared_bicubic_lr,41033.png,3,native_nedi_grid_then_full_target_size_adjustment,gaussian_11x11_sigma_1.5_population_covariance,8,8.0,native_x2_then_bicubic_to_target,1,28357,26872,24222,0,True,320,214,even_insertion_2x_half_pixel_aligned,30.14218248822388,0.7861456734998657,28.754172872676268,0.7539414917165111,3210.1507866,3212.0630805,56.89589394315531,3100.839354,3292.615347,3,10,481,321,160,107,2026-08-31T17:34:15.611021+00:00,3.12.3,2.5.2,12.3.0,0.26.0,Linux-7.0.0-1011-aws-x86_64-with-glibc2.39,x86_64,m7i.2xlarge,parallel_process_workers,4
BSD100,41069.png,x3,nedi,prepared_bicubic_lr,41069.png,3,native_nedi_grid_then_full_target_size_adjustment,gaussian_11x11_sigma_1.5_population_covariance,8,8.0,native_x2_then_bicubic_to_target,1,42507,40662,10432,0,True,320,214,even_insertion_2x_half_pixel_aligned,23.743439184962895,0.4781092178603423,22.415287129735106,0.44754487115739033,3640.711878,3626.552006,40.728354657941146,3590.841049,3737.653162,3,10,481,321,160,107,2026-08-31T17:34:21.756934+00:00,3.12.3,2.5.2,12.3.0,0.26.0,Linux-7.0.0-1011-aws-x86_64-with-glibc2.39,x86_64,m7i.2xlarge,parallel_process_workers,4
BSD100,42012.png,x3,nedi,prepared_bicubic_lr,42012.png,3,native_nedi_grid_then_full_target_size_adjustment,gaussian_11x11_sigma_1.5_population_covariance,8,8.0,native_x2_then_bicubic_to_target,1,34886,33619,17475,0,True,214,320,even_insertion_2x_half_pixel_aligned,29.253752146936733,0.8052235882328246,27.884847502606114,0.7837058172053762,3451.0173104,3453.2759534999996,50.38233021899825,3383.503098,3527.418105,3,10,321,481,107,160,2026-08-31T17:34:20.256251+00:00,3.12.3,2.5.2,12.3.0,0.26.0,Linux-7.0.0-1011-aws-x86_64-with-glibc2.39,x86_64,m7i.2xlarge,parallel_process_workers,4
BSD100,42049.png,x3,nedi,prepared_bicubic_lr,42049.png,3,native_nedi_grid_then_full_target_size_adjustment,gaussian_11x11_sigma_1.5_population_covariance,8,8.0,native_x2_then_bicubic_to_target,1,12739,12358,38736,0,True,320,214,even_insertion_2x_half_pixel_aligned,28.346323170265574,0.9103564151425457,26.994189453874316,0.8977228141592885,2788.0056652,2807.3488989999996,53.57164340865167,2698.456428,2868.55293,3,10,481,321,160,107,2026-08-31T17:34:12.892422+00:00,3.12.3,2.5.2,12.3.0,0.26.0,Linux-7.0.0-1011-aws-x86_64-with-glibc2.39,x86_64,m7i.2xlarge,parallel_process_workers,4
BSD100,43074.png,x3,nedi,prepared_bicubic_lr,43074.png,3,native_nedi_grid_then_full_target_size_adjustment,gaussian_11x11_sigma_1.5_population_covariance,8,8.0,native_x2_then_bicubic_to_target,1,22965,21823,29271,0,True,320,214,even_insertion_2x_half_pixel_aligned,29.88466194852613,0.8214716689893529,28.564186802816366,0.7985672955471688,3054.7030765,3030.8372655000003,66.37002589830024,2968.222137,3173.093196,3,10,481,321,160,107,2026-08-31T17:34:52.916145+00:00,3.12.3,2.5.2,12.3.0,0.26.0,Linux-7.0.0-1011-aws-x86_64-with-glibc2.39,x86_64,m7i.2xlarge,parallel_process_workers,4
BSD100,45096.png,x3,nedi,prepared_bicubic_lr,45096.png,3,native_nedi_grid_then_full_target_size_adjustment,gaussian_11x11_sigma_1.5_population_covariance,8,8.0,native_x2_then_bicubic_to_target,1,9995,9819,41275,0,True,320,214,even_insertion_2x_half_pixel_aligned,34.38079731834108,0.9292418201091414,32.845614409293226,0.9039378582389755,2738.3713616,2731.528434,26.66272246307656,2706.447937,2788.992422,3,10,481,321,160,107,2026-08-31T17:34:51.348066+00:00,3.12.3,2.5.2,12.3.0,0.26.0,Linux-7.0.0-1011-aws-x86_64-with-glibc2.39,x86_64,m7i.2xlarge,parallel_process_workers,4
BSD100,54082.png,x3,nedi,prepared_bicubic_lr,54082.png,3,native_nedi_grid_then_full_target_size_adjustment,gaussian_11x11_sigma_1.5_population_covariance,8,8.0,native_x2_then_bicubic_to_target,1,23380,22575,28519,0,True,214,320,even_insertion_2x_half_pixel_aligned,28.289690848210096,0.7027603200242064,26.92696449179102,0.6734316726804347,3148.8338439,3159.9031505,47.73742253186076,3035.905415,3200.747171,3,10,321,481,107,160,2026-08-31T17:35:01.182032+00:00,3.12.3,2.5.2,12.3.0,0.26.0,Linux-7.0.0-1011-aws-x86_64-with-glibc2.39,x86_64,m7i.2xlarge,parallel_process_workers,4
BSD100,55073.png,x3,nedi,prepared_bicubic_lr,55073.png,3,native_nedi_grid_then_full_target_size_adjustment,gaussian_11x11_sigma_1.5_population_covariance,8,8.0,native_x2_then_bicubic_to_target,1,43181,41328,9766,0,True,214,320,even_insertion_2x_half_pixel_aligned,22.105244905393448,0.5070879596580288,20.855067131363768,0.4699953622210404,3641.8282375,3641.155156,37.255067970097954,3570.298238,3716.143454,3,10,321,481,107,160,2026-08-31T17:35:09.309799+00:00,3.12.3,2.5.2,12.3.0,0.26.0,Linux-7.0.0-1011-aws-x86_64-with-glibc2.39,x86_64,m7i.2xlarge,parallel_process_workers,4
BSD100,58060.png,x3,nedi,prepared_bicubic_lr,58060.png,3,native_nedi_grid_then_full_target_size_adjustment,gaussian_11x11_sigma_1.5_population_covariance,8,8.0,native_x2_then_bicubic_to_target,1,33028,31788,19306,0,True,320,214,even_insertion_2x_half_pixel_aligned,21.060419710750672,0.5760821258342707,19.820118642323948,0.5509682115924331,3380.7235104,3372.3733365,82.28504838769189,3247.165429,3529.104438,3,10,481,321,160,107,2026-08-31T17:35:35.327804+00:00,3.12.3,2.5.2,12.3.0,0.26.0,Linux-7.0.0-1011-aws-x86_64-with-glibc2.39,x86_64,m7i.2xlarge,parallel_process_workers,4
BSD100,62096.png,x3,nedi,prepared_bicubic_lr,62096.png,3,native_nedi_grid_then_full_target_size_adjustment,gaussian_11x11_sigma_1.5_population_covariance,8,8.0,native_x2_then_bicubic_to_target,1,25559,24454,26640,0,True,320,214,even_insertion_2x_half_pixel_aligned,24.27400748163518,0.7386827123727473,22.887538723535418,0.7164884815965488,3175.1241401,3183.6620970000004,28.278883113714038,3118.93205,3214.313203,3,10,481,321,160,107,2026-08-31T17:35:34.198846+00:00,3.12.3,2.5.2,12.3.0,0.26.0,Linux-7.0.0-1011-aws-x86_64-with-glibc2.39,x86_64,m7i.2xlarge,parallel_process_workers,4
BSD100,65033.png,x3,nedi,prepared_bicubic_lr,65033.png,3,native_nedi_grid_then_full_target_size_adjustment,gaussian_11x11_sigma_1.5_population_covariance,8,8.0,native_x2_then_bicubic_to_target,1,42071,40270,10824,0,True,320,214,even_insertion_2x_half_pixel_aligned,24.738520185014412,0.5836620395832194,23.47438182788663,0.5394546379980266,3597.8647168,3594.6161810000003,66.92374658968515,3501.09552,3725.175682,3,10,481,321,160,107,2026-08-31T17:35:48.310815+00:00,3.12.3,2.5.2,12.3.0,0.26.0,Linux-7.0.0-1011-aws-x86_64-with-glibc2.39,x86_64,m7i.2xlarge,parallel_process_workers,4
BSD100,66053.png,x3,nedi,prepared_bicubic_lr,66053.png,3,native_nedi_grid_then_full_target_size_adjustment,gaussian_11x11_sigma_1.5_population_covariance,8,8.0,native_x2_then_bicubic_to_target,1,37341,35577,15517,0,True,320,214,even_insertion_2x_half_pixel_aligned,27.19904837184503,0.6873226856160646,25.91042017248787,0.6558220435766778,3496.1308014,3495.2490835,69.31047232646142,3355.282684,3615.87097,3,10,481,321,160,107,2026-08-31T17:35:54.863004+00:00,3.12.3,2.5.2,12.3.0,0.26.0,Linux-7.0.0-1011-aws-x86_64-with-glibc2.39,x86_64,m7i.2xlarge,parallel_process_workers,4
BSD100,69015.png,x3,nedi,prepared_bicubic_lr,69015.png,3,native_nedi_grid_then_full_target_size_adjustment,gaussian_11x11_sigma_1.5_population_covariance,8,8.0,native_x2_then_bicubic_to_target,1,34240,33073,18021,0,True,214,320,even_insertion_2x_half_pixel_aligned,30.045209655550806,0.7986572100356695,28.681281907820807,0.7721638276468054,3374.7380097,3379.9878205,57.960716317153036,3256.371604,3471.439606,3,10,321,481,107,160,2026-08-31T17:36:18.450175+00:00,3.12.3,2.5.2,12.3.0,0.26.0,Linux-7.0.0-1011-aws-x86_64-with-glibc2.39,x86_64,m7i.2xlarge,parallel_process_workers,4
BSD100,69020.png,x3,nedi,prepared_bicubic_lr,69020.png,3,native_nedi_grid_then_full_target_size_adjustment,gaussian_11x11_sigma_1.5_population_covariance,8,8.0,native_x2_then_bicubic_to_target,1,38777,37036,14058,0,True,320,214,even_insertion_2x_half_pixel_aligned,27.22849318391024,0.5618479404996154,25.84001845736505,0.5345350561458418,3523.5733219,3523.8865729999998,28.785630368632486,3465.910685,3568.789763,3,10,481,321,160,107,2026-08-31T17:36:21.159664+00:00,3.12.3,2.5.2,12.3.0,0.26.0,Linux-7.0.0-1011-aws-x86_64-with-glibc2.39,x86_64,m7i.2xlarge,parallel_process_workers,4
BSD100,69040.png,x3,nedi,prepared_bicubic_lr,69040.png,3,native_nedi_grid_then_full_target_size_adjustment,gaussian_11x11_sigma_1.5_population_covariance,8,8.0,native_x2_then_bicubic_to_target,1,43089,41217,9877,0,True,320,214,even_insertion_2x_half_pixel_aligned,25.20523860097476,0.6402324569604938,23.84425364853555,0.6179033069025351,3635.3156211,3646.9288324999998,48.23149284293477,3554.208796,3726.24375,3,10,481,321,160,107,2026-08-31T17:36:35.664696+00:00,3.12.3,2.5.2,12.3.0,0.26.0,Linux-7.0.0-1011-aws-x86_64-with-glibc2.39,x86_64,m7i.2xlarge,parallel_process_workers,4
BSD100,76053.png,x3,nedi,prepared_bicubic_lr,76053.png,3,native_nedi_grid_then_full_target_size_adjustment,gaussian_11x11_sigma_1.5_population_covariance,8,8.0,native_x2_then_bicubic_to_target,1,32991,31855,19239,0,True,320,214,even_insertion_2x_half_pixel_aligned,28.872997748004963,0.7083312380729138,27.581857168880248,0.6622697488951153,3341.1639913,3328.6802435,44.993580924829544,3274.498291,3410.710889,3,10,481,321,160,107,2026-08-31T17:36:38.408605+00:00,3.12.3,2.5.2,12.3.0,0.26.0,Linux-7.0.0-1011-aws-x86_64-with-glibc2.39,x86_64,m7i.2xlarge,parallel_process_workers,4
BSD100,78004.png,x3,nedi,prepared_bicubic_lr,78004.png,3,native_nedi_grid_then_full_target_size_adjustment,gaussian_11x11_sigma_1.5_population_covariance,8,8.0,native_x2_then_bicubic_to_target,1,28438,27370,23724,0,True,214,320,even_insertion_2x_half_pixel_aligned,25.30660795383875,0.7114455599834002,23.98523676955977,0.6829007208293502,3207.9408284,3205.300981,47.46078196006438,3131.248027,3274.480153,3,10,321,481,107,160,2026-08-31T17:37:00.455199+00:00,3.12.3,2.5.2,12.3.0,0.26.0,Linux-7.0.0-1011-aws-x86_64-with-glibc2.39,x86_64,m7i.2xlarge,parallel_process_workers,4
BSD100,8023.png,x3,nedi,prepared_bicubic_lr,8023.png,3,native_nedi_grid_then_full_target_size_adjustment,gaussian_11x11_sigma_1.5_population_covariance,8,8.0,native_x2_then_bicubic_to_target,1,35468,34101,16993,0,True,320,214,even_insertion_2x_half_pixel_aligned,30.494520157815032,0.8705807140748225,29.055827343469986,0.8559819384702624,3425.7384857,3426.4441214999997,58.402348026237185,3295.085996,3515.332945,3,10,481,321,160,107,2026-08-31T17:37:06.074315+00:00,3.12.3,2.5.2,12.3.0,0.26.0,Linux-7.0.0-1011-aws-x86_64-with-glibc2.39,x86_64,m7i.2xlarge,parallel_process_workers,4
BSD100,85048.png,x3,nedi,prepared_bicubic_lr,85048.png,3,native_nedi_grid_then_full_target_size_adjustment,gaussian_11x11_sigma_1.5_population_covariance,8,8.0,native_x2_then_bicubic_to_target,1,42173,40436,10658,0,True,320,214,even_insertion_2x_half_pixel_aligned,25.33709314631831,0.6917723979754996,23.980364717052574,0.6684426782340213,3604.8832774,3602.2065574999997,41.80803067798074,3532.574529,3685.209956,3,10,481,321,160,107,2026-08-31T17:37:22.672932+00:00,3.12.3,2.5.2,12.3.0,0.26.0,Linux-7.0.0-1011-aws-x86_64-with-glibc2.39,x86_64,m7i.2xlarge,parallel_process_workers,4
BSD100,86000.png,x3,nedi,prepared_bicubic_lr,86000.png,3,native_nedi_grid_then_full_target_size_adjustment,gaussian_11x11_sigma_1.5_population_covariance,8,8.0,native_x2_then_bicubic_to_target,1,29583,28638,22456,0,True,214,320,even_insertion_2x_half_pixel_aligned,25.29974912796316,0.7596759977441957,23.963067642556275,0.7379815325123444,3298.0966607,3291.063275,45.18151385785163,3229.499217,3395.247197,3,10,321,481,107,160,2026-08-31T17:37:21.320325+00:00,3.12.3,2.5.2,12.3.0,0.26.0,Linux-7.0.0-1011-aws-x86_64-with-glibc2.39,x86_64,m7i.2xlarge,parallel_process_workers,4
BSD100,86016.png,x3,nedi,prepared_bicubic_lr,86016.png,3,native_nedi_grid_then_full_target_size_adjustment,gaussian_11x11_sigma_1.5_population_covariance,8,8.0,native_x2_then_bicubic_to_target,1,41487,39743,11351,0,True,320,214,even_insertion_2x_half_pixel_aligned,22.07773033069749,0.3225051340271483,20.742836161856335,0.295779861890195,3581.5620026,3577.6096545,54.70464913023544,3521.476037,3662.418661,3,10,481,321,160,107,2026-08-31T17:37:47.327568+00:00,3.12.3,2.5.2,12.3.0,0.26.0,Linux-7.0.0-1011-aws-x86_64-with-glibc2.39,x86_64,m7i.2xlarge,parallel_process_workers,4
BSD100,86068.png,x3,nedi,prepared_bicubic_lr,86068.png,3,native_nedi_grid_then_full_target_size_adjustment,gaussian_11x11_sigma_1.5_population_covariance,8,8.0,native_x2_then_bicubic_to_target,1,34108,32538,18556,0,True,320,214,even_insertion_2x_half_pixel_aligned,27.05708359675188,0.5597608099937448,25.715003679515394,0.5187344573402238,3396.3536914,3390.2762985,44.349472287645355,3318.487734,3477.248324,3,10,481,321,160,107,2026-08-31T17:37:50.458369+00:00,3.12.3,2.5.2,12.3.0,0.26.0,Linux-7.0.0-1011-aws-x86_64-with-glibc2.39,x86_64,m7i.2xlarge,parallel_process_workers,4
BSD100,87046.png,x3,nedi,prepared_bicubic_lr,87046.png,3,native_nedi_grid_then_full_target_size_adjustment,gaussian_11x11_sigma_1.5_population_covariance,8,8.0,native_x2_then_bicubic_to_target,1,41651,39823,11271,0,True,320,214,even_insertion_2x_half_pixel_aligned,25.903979875935224,0.762234056970663,24.56868004618255,0.7438744564211489,3560.9699761,3547.145331,42.747729714950246,3511.857436,3663.903857,3,10,481,321,160,107,2026-08-31T17:38:07.826316+00:00,3.12.3,2.5.2,12.3.0,0.26.0,Linux-7.0.0-1011-aws-x86_64-with-glibc2.39,x86_64,m7i.2xlarge,parallel_process_workers,4
BSD100,89072.png,x3,nedi,prepared_bicubic_lr,89072.png,3,native_nedi_grid_then_full_target_size_adjustment,gaussian_11x11_sigma_1.5_population_covariance,8,8.0,native_x2_then_bicubic_to_target,1,31913,30385,20709,0,True,214,320,even_insertion_2x_half_pixel_aligned,26.130014365895477,0.7040927045306049,24.79591992386224,0.6743406267835824,3314.7371133,3318.497965,27.294691960525082,3257.918624,3361.108007,3,10,321,481,107,160,2026-08-31T17:38:05.856573+00:00,3.12.3,2.5.2,12.3.0,0.26.0,Linux-7.0.0-1011-aws-x86_64-with-glibc2.39,x86_64,m7i.2xlarge,parallel_process_workers,4
BSD100,97033.png,x3,nedi,prepared_bicubic_lr,97033.png,3,native_nedi_grid_then_full_target_size_adjustment,gaussian_11x11_sigma_1.5_population_covariance,8,8.0,native_x2_then_bicubic_to_target,1,35021,33582,17512,0,True,320,214,even_insertion_2x_half_pixel_aligned,24.152236004281853,0.6807653950748741,22.83176998237115,0.656528948497251,3296.2885235,3288.628146,54.78236340577245,3210.069076,3376.554718,3,10,481,321,160,107,2026-08-31T17:38:30.644807+00:00,3.12.3,2.5.2,12.3.0,0.26.0,Linux-7.0.0-1011-aws-x86_64-with-glibc2.39,x86_64,m7i.2xlarge,parallel_process_workers,4
Urban100,img_001.png,x3,nedi,prepared_bicubic_lr,img_001.png,3,native_nedi_grid_then_full_target_size_adjustment,gaussian_11x11_sigma_1.5_population_covariance,8,8.0,native_x2_then_bicubic_to_target,1,123044,120666,97702,0,True,682,428,even_insertion_2x_half_pixel_aligned,26.163863181635122,0.7242409008937738,24.7420369615547,0.6928492776740923,15057.5487161,15014.5008915,162.18500818654658,14864.175432,15399.68223,3,10,1024,644,341,214,2026-08-31T17:42:03.209828+00:00,3.12.3,2.5.2,12.3.0,0.26.0,Linux-7.0.0-1011-aws-x86_64-with-glibc2.39,x86_64,m7i.2xlarge,parallel_process_workers,4
Urban100,img_002.png,x3,nedi,prepared_bicubic_lr,img_002.png,3,native_nedi_grid_then_full_target_size_adjustment,gaussian_11x11_sigma_1.5_population_covariance,8,8.0,native_x2_then_bicubic_to_target,1,180310,177414,83878,0,True,682,512,even_insertion_2x_half_pixel_aligned,25.416053193038604,0.7658584238495614,24.06926738940301,0.744694814427637,19264.1612796,19289.3666685,168.40442542145138,19015.102694,19606.844221,3,10,1024,768,341,256,2026-08-31T17:42:57.321560+00:00,3.12.3,2.5.2,12.3.0,0.26.0,Linux-7.0.0-1011-aws-x86_64-with-glibc2.39,x86_64,m7i.2xlarge,parallel_process_workers,4
Urban100,img_003.png,x3,nedi,prepared_bicubic_lr,img_003.png,3,native_nedi_grid_then_full_target_size_adjustment,gaussian_11x11_sigma_1.5_population_covariance,8,8.0,native_x2_then_bicubic_to_target,1,176471,172828,57804,0,True,682,452,even_insertion_2x_half_pixel_aligned,22.842919124939232,0.620744149593792,21.283728347383423,0.5852440746970591,17314.3619726,17329.757475,105.73265986612572,17139.535533,17473.780638,3,10,1024,680,341,226,2026-08-31T17:42:32.288010+00:00,3.12.3,2.5.2,12.3.0,0.26.0,Linux-7.0.0-1011-aws-x86_64-with-glibc2.39,x86_64,m7i.2xlarge,parallel_process_workers,4
Urban100,img_004.png,x3,nedi,prepared_bicubic_lr,img_004.png,3,native_nedi_grid_then_full_target_size_adjustment,gaussian_11x11_sigma_1.5_population_covariance,8,8.0,native_x2_then_bicubic_to_target,1,180357,177054,53578,0,True,682,452,even_insertion_2x_half_pixel_aligned,22.05621751610615,0.7550626360129027,20.762295369559915,0.731056354655571,17296.386523,17316.8292565,130.96055576369685,17042.164412,17471.816845,3,10,1024,680,341,226,2026-08-31T17:42:32.359252+00:00,3.12.3,2.5.2,12.3.0,0.26.0,Linux-7.0.0-1011-aws-x86_64-with-glibc2.39,x86_64,m7i.2xlarge,parallel_process_workers,4
Urban100,img_005.png,x3,nedi,prepared_bicubic_lr,img_005.png,3,native_nedi_grid_then_full_target_size_adjustment,gaussian_11x11_sigma_1.5_population_covariance,8,8.0,native_x2_then_bicubic_to_target,1,91178,90121,171171,0,True,682,512,even_insertion_2x_half_pixel_aligned,25.206120835876305,0.8945799731897255,23.85219105522967,0.8763299153101273,16405.3312485,16418.1662175,283.684612406537,15822.591885,16916.404333,3,10,1024,768,341,256,2026-08-31T17:45:37.475948+00:00,3.12.3,2.5.2,12.3.0,0.26.0,Linux-7.0.0-1011-aws-x86_64-with-glibc2.39,x86_64,m7i.2xlarge,parallel_process_workers,4
Urban100,img_006.png,x3,nedi,prepared_bicubic_lr,img_006.png,3,native_nedi_grid_then_full_target_size_adjustment,gaussian_11x11_sigma_1.5_population_covariance,8,8.0,native_x2_then_bicubic_to_target,1,239493,235414,112748,0,True,682,682,even_insertion_2x_half_pixel_aligned,21.773885702212866,0.5815076453374064,20.421795170487748,0.5546689838304967,24854.515884,24727.6946365,564.582691864216,24205.949101,25822.261623,3,10,1024,1024,341,341,2026-08-31T17:47:59.358162+00:00,3.12.3,2.5.2,12.3.0,0.26.0,Linux-7.0.0-1011-aws-x86_64-with-glibc2.39,x86_64,m7i.2xlarge,parallel_process_workers,4
Urban100,img_007.png,x3,nedi,prepared_bicubic_lr,img_007.png,3,native_nedi_grid_then_full_target_size_adjustment,gaussian_11x11_sigma_1.5_population_covariance,8,8.0,native_x2_then_bicubic_to_target,1,169328,166307,64325,0,True,682,452,even_insertion_2x_half_pixel_aligned,27.912136234166674,0.837039962034843,26.434607380269263,0.8162076930097282,16909.3554089,16970.196251499998,297.2209339363656,16273.124809,17377.316846,3,10,1024,680,341,226,2026-08-31T17:46:14.340229+00:00,3.12.3,2.5.2,12.3.0,0.26.0,Linux-7.0.0-1011-aws-x86_64-with-glibc2.39,x86_64,m7i.2xlarge,parallel_process_workers,4
Urban100,img_008.png,x3,nedi,prepared_bicubic_lr,img_008.png,3,native_nedi_grid_then_full_target_size_adjustment,gaussian_11x11_sigma_1.5_population_covariance,8,8.0,native_x2_then_bicubic_to_target,1,164999,161661,32179,0,True,682,380,even_insertion_2x_half_pixel_aligned,20.66478567750073,0.5892917780873811,19.4391532587872,0.5797474144228986,14858.4902738,14826.954436,343.17389821577865,14406.651053,15643.36423,3,10,1024,572,341,190,2026-08-31T17:46:12.386712+00:00,3.12.3,2.5.2,12.3.0,0.26.0,Linux-7.0.0-1011-aws-x86_64-with-glibc2.39,x86_64,m7i.2xlarge,parallel_process_workers,4
Urban100,img_009.png,x3,nedi,prepared_bicubic_lr,img_009.png,3,native_nedi_grid_then_full_target_size_adjustment,gaussian_11x11_sigma_1.5_population_covariance,8,8.0,native_x2_then_bicubic_to_target,1,66982,66292,204198,0,True,682,530,even_insertion_2x_half_pixel_aligned,32.163732529085635,0.8878299004434343,30.50308645218078,0.8687223458959906,15347.8763067,15381.796346,196.32539625433577,15027.515949,15717.960339,3,10,1024,796,341,265,2026-08-31T17:48:58.812472+00:00,3.12.3,2.5.2,12.3.0,0.26.0,Linux-7.0.0-1011-aws-x86_64-with-glibc2.39,x86_64,m7i.2xlarge,parallel_process_workers,4
Urban100,img_010.png,x3,nedi,prepared_bicubic_lr,img_010.png,3,native_nedi_grid_then_full_target_size_adjustment,gaussian_11x11_sigma_1.5_population_covariance,8,8.0,native_x2_then_bicubic_to_target,1,91667,90384,187260,0,True,682,544,even_insertion_2x_half_pixel_aligned,24.96967641130077,0.8364623664686269,23.58697127700043,0.8145382834201094,16554.2459458,16614.6062665,205.62721762366922,16220.088967,16800.006378,3,10,1024,816,341,272,2026-08-31T17:49:47.898587+00:00,3.12.3,2.5.2,12.3.0,0.26.0,Linux-7.0.0-1011-aws-x86_64-with-glibc2.39,x86_64,m7i.2xlarge,parallel_process_workers,4
Urban100,img_011.png,x3,nedi,prepared_bicubic_lr,img_011.png,3,native_nedi_grid_then_full_target_size_adjustment,gaussian_11x11_sigma_1.5_population_covariance,8,8.0,native_x2_then_bicubic_to_target,1,117302,114860,76936,0,True,376,682,even_insertion_2x_half_pixel_aligned,17.16878879644916,0.7077595483627951,15.846867484572424,0.6788724668134481,12756.4229042,12751.640403500001,141.82524138112788,12569.871963,13028.971745,3,10,564,1024,188,341,2026-08-31T17:49:01.078814+00:00,3.12.3,2.5.2,12.3.0,0.26.0,Linux-7.0.0-1011-aws-x86_64-with-glibc2.39,x86_64,m7i.2xlarge,parallel_process_workers,4
Urban100,img_012.png,x3,nedi,prepared_bicubic_lr,img_012.png,3,native_nedi_grid_then_full_target_size_adjustment,gaussian_11x11_sigma_1.5_population_covariance,8,8.0,native_x2_then_bicubic_to_target,1,170618,167024,94268,0,True,682,512,even_insertion_2x_half_pixel_aligned,23.367144510903877,0.6830733433812206,21.519470646207807,0.6611486246658501,18016.4594255,17980.7627435,170.58514339821227,17769.726868,18292.559579,3,10,1024,768,341,256,2026-08-31T17:51:53.388585+00:00,3.12.3,2.5.2,12.3.0,0.26.0,Linux-7.0.0-1011-aws-x86_64-with-glibc2.39,x86_64,m7i.2xlarge,parallel_process_workers,4
Urban100,img_013.png,x3,nedi,prepared_bicubic_lr,img_013.png,3,native_nedi_grid_then_full_target_size_adjustment,gaussian_11x11_sigma_1.5_population_covariance,8,8.0,native_x2_then_bicubic_to_target,1,154427,151401,107847,0,True,682,508,even_insertion_2x_half_pixel_aligned,27.838763845497347,0.7915115799246268,26.579965387114495,0.742634603027175,17558.4514715,17570.3122455,76.24351814107762,17408.55855,17653.105963,3,10,1024,764,341,254,2026-08-31T17:52:46.892510+00:00,3.12.3,2.5.2,12.3.0,0.26.0,Linux-7.0.0-1011-aws-x86_64-with-glibc2.39,x86_64,m7i.2xlarge,parallel_process_workers,4
Urban100,img_014.png,x3,nedi,prepared_bicubic_lr,img_014.png,3,native_nedi_grid_then_full_target_size_adjustment,gaussian_11x11_sigma_1.5_population_covariance,8,8.0,native_x2_then_bicubic_to_target,1,204543,202403,145759,0,True,682,682,even_insertion_2x_half_pixel_aligned,21.891228238752184,0.6373117501253684,20.589886350577643,0.6176436412493608,23959.8875056,23918.9143215,308.55644329509636,23462.271915,24637.218953,3,10,1024,1024,341,341,2026-08-31T17:54:11.726188+00:00,3.12.3,2.5.2,12.3.0,0.26.0,Linux-7.0.0-1011-aws-x86_64-with-glibc2.39,x86_64,m7i.2xlarge,parallel_process_workers,4
Urban100,img_015.png,x3,nedi,prepared_bicubic_lr,img_015.png,3,native_nedi_grid_then_full_target_size_adjustment,gaussian_11x11_sigma_1.5_population_covariance,8,8.0,native_x2_then_bicubic_to_target,1,139741,138061,124253,0,True,682,514,even_insertion_2x_half_pixel_aligned,24.2378428045693,0.6756206082311701,22.91507672823892,0.6289479934603212,17623.9031575,17620.753446,131.56779197750384,17451.305775,17933.48118,3,10,1024,772,341,257,2026-08-31T17:53:37.396516+00:00,3.12.3,2.5.2,12.3.0,0.26.0,Linux-7.0.0-1011-aws-x86_64-with-glibc2.39,x86_64,m7i.2xlarge,parallel_process_workers,4
Urban100,img_016.png,x3,nedi,prepared_bicubic_lr,img_016.png,3,native_nedi_grid_then_full_target_size_adjustment,gaussian_11x11_sigma_1.5_population_covariance,8,8.0,native_x2_then_bicubic_to_target,1,114773,113944,234218,0,True,682,682,even_insertion_2x_half_pixel_aligned,27.485761931266612,0.8760805489914743,26.07715842672226,0.859517848398481,21510.1016691,21445.952136,235.35348313549417,21198.803989,22019.542466,3,10,1024,1024,341,341,2026-08-31T17:56:33.122132+00:00,3.12.3,2.5.2,12.3.0,0.26.0,Linux-7.0.0-1011-aws-x86_64-with-glibc2.39,x86_64,m7i.2xlarge,parallel_process_workers,4
Urban100,img_017.png,x3,nedi,prepared_bicubic_lr,img_017.png,3,native_nedi_grid_then_full_target_size_adjustment,gaussian_11x11_sigma_1.5_population_covariance,8,8.0,native_x2_then_bicubic_to_target,1,144761,142437,92283,0,True,682,460,even_insertion_2x_half_pixel_aligned,24.72060717995668,0.7818657589738881,23.271691190520603,0.7658711965424096,16267.4991132,16332.505678000001,234.40563020629557,15779.428661,16605.980237,3,10,1024,692,341,230,2026-08-31T17:56:19.394853+00:00,3.12.3,2.5.2,12.3.0,0.26.0,Linux-7.0.0-1011-aws-x86_64-with-glibc2.39,x86_64,m7i.2xlarge,parallel_process_workers,4
Urban100,img_018.png,x3,nedi,prepared_bicubic_lr,img_018.png,3,native_nedi_grid_then_full_target_size_adjustment,gaussian_11x11_sigma_1.5_population_covariance,8,8.0,native_x2_then_bicubic_to_target,1,206117,202614,58678,0,True,682,512,even_insertion_2x_half_pixel_aligned,25.764983247371525,0.6860768596435051,24.050238600599975,0.6487798858276529,19210.2968701,19416.28965,605.515846181116,18232.379731,19915.158051,3,10,1024,768,341,256,2026-08-31T17:57:48.483948+00:00,3.12.3,2.5.2,12.3.0,0.26.0,Linux-7.0.0-1011-aws-x86_64-with-glibc2.39,x86_64,m7i.2xlarge,parallel_process_workers,4
Urban100,img_019.png,x3,nedi,prepared_bicubic_lr,img_019.png,3,native_nedi_grid_then_full_target_size_adjustment,gaussian_11x11_sigma_1.5_population_covariance,8,8.0,native_x2_then_bicubic_to_target,1,132379,130282,100350,0,True,682,452,even_insertion_2x_half_pixel_aligned,20.00782774249852,0.7173154458019607,18.650112860411937,0.6678209000154366,15372.0136692,15407.979016500001,441.2288701512801,14764.737952,16095.372679,3,10,1024,680,341,226,2026-08-31T17:57:32.898814+00:00,3.12.3,2.5.2,12.3.0,0.26.0,Linux-7.0.0-1011-aws-x86_64-with-glibc2.39,x86_64,m7i.2xlarge,parallel_process_workers,4
Urban100,img_020.png,x3,nedi,prepared_bicubic_lr,img_020.png,3,native_nedi_grid_then_full_target_size_adjustment,gaussian_11x11_sigma_1.5_population_covariance,8,8.0,native_x2_then_bicubic_to_target,1,282569,278546,129669,0,True,852,640,even_insertion_2x_half_pixel_aligned,21.536687714527275,0.67104704508586,20.163462933746324,0.65458587240367,28802.7477941,28849.4192755,308.934708284857,28298.177935,29229.766398,3,10,1280,960,426,320,2026-08-31T18:02:33.445079+00:00,3.12.3,2.5.2,12.3.0,0.26.0,Linux-7.0.0-1011-aws-x86_64-with-glibc2.39,x86_64,m7i.2xlarge,parallel_process_workers,4
Urban100,img_021.png,x3,nedi,prepared_bicubic_lr,img_021.png,3,native_nedi_grid_then_full_target_size_adjustment,gaussian_11x11_sigma_1.5_population_covariance,8,8.0,native_x2_then_bicubic_to_target,1,155937,151764,165572,0,True,530,800,even_insertion_2x_half_pixel_aligned,28.792541903166722,0.7720020568901649,27.39453475741807,0.7432837257706396,20555.7334209,20595.6688765,292.6403983687168,20115.394874,20982.128713,3,10,796,1200,265,400,2026-08-31T18:01:00.312197+00:00,3.12.3,2.5.2,12.3.0,0.26.0,Linux-7.0.0-1011-aws-x86_64-with-glibc2.39,x86_64,m7i.2xlarge,parallel_process_workers,4
Urban100,img_022.png,x3,nedi,prepared_bicubic_lr,img_022.png,3,native_nedi_grid_then_full_target_size_adjustment,gaussian_11x11_sigma_1.5_population_covariance,8,8.0,native_x2_then_bicubic_to_target,1,111753,110282,120350,0,True,682,452,even_insertion_2x_half_pixel_aligned,25.64478547000771,0.7289951936760932,24.297592284705477,0.706716095373965,14659.6883212,14653.357035,122.87600888599731,14523.776453,14845.390341,3,10,1024,680,341,226,2026-08-31T18:00:43.319129+00:00,3.12.3,2.5.2,12.3.0,0.26.0,Linux-7.0.0-1011-aws-x86_64-with-glibc2.39,x86_64,m7i.2xlarge,parallel_process_workers,4
Urban100,img_023.png,x3,nedi,prepared_bicubic_lr,img_023.png,3,native_nedi_grid_then_full_target_size_adjustment,gaussian_11x11_sigma_1.5_population_covariance,8,8.0,native_x2_then_bicubic_to_target,1,193021,190027,158135,0,True,682,682,even_insertion_2x_half_pixel_aligned,28.658976890675163,0.8793774312916344,27.01161883473979,0.8618593844595068,23483.8678123,23452.907423999997,257.8558008606433,23090.051063,23912.052178,3,10,1024,1024,341,341,2026-08-31T18:02:53.295429+00:00,3.12.3,2.5.2,12.3.0,0.26.0,Linux-7.0.0-1011-aws-x86_64-with-glibc2.39,x86_64,m7i.2xlarge,parallel_process_workers,4
Urban100,img_024.png,x3,nedi,prepared_bicubic_lr,img_024.png,3,native_nedi_grid_then_full_target_size_adjustment,gaussian_11x11_sigma_1.5_population_covariance,8,8.0,native_x2_then_bicubic_to_target,1,170831,167282,57218,0,True,682,440,even_insertion_2x_half_pixel_aligned,19.38033181661638,0.577846287815874,18.041999013047306,0.5621743587546623,16268.8589576,16189.413263999999,220.6805710836744,15931.35911,16775.547385,3,10,1024,660,341,220,2026-08-31T18:04:14.923924+00:00,3.12.3,2.5.2,12.3.0,0.26.0,Linux-7.0.0-1011-aws-x86_64-with-glibc2.39,x86_64,m7i.2xlarge,parallel_process_workers,4
Urban100,img_025.png,x3,nedi,prepared_bicubic_lr,img_025.png,3,native_nedi_grid_then_full_target_size_adjustment,gaussian_11x11_sigma_1.5_population_covariance,8,8.0,native_x2_then_bicubic_to_target,1,117820,114774,135276,0,True,682,490,even_insertion_2x_half_pixel_aligned,28.024443723399706,0.8584200382584884,26.649740348455467,0.8322167187730187,16213.460156000001,16169.2824445,212.2012581660245,15922.733783,16611.422755,3,10,1024,736,341,245,2026-08-31T18:04:31.355759+00:00,3.12.3,2.5.2,12.3.0,0.26.0,Linux-7.0.0-1011-aws-x86_64-with-glibc2.39,x86_64,m7i.2xlarge,parallel_process_workers,4
Urban100,img_026.png,x3,nedi,prepared_bicubic_lr,img_026.png,3,native_nedi_grid_then_full_target_size_adjustment,gaussian_11x11_sigma_1.5_population_covariance,8,8.0,native_x2_then_bicubic_to_target,1,86737,84769,176523,0,True,682,512,even_insertion_2x_half_pixel_aligned,26.551637288067514,0.6648359149893224,25.140347812371083,0.6133556438952367,15886.7677575,15918.257819499999,281.4985739788031,15150.464075,16179.622042,3,10,1024,768,341,256,2026-08-31T18:06:01.437869+00:00,3.12.3,2.5.2,12.3.0,0.26.0,Linux-7.0.0-1011-aws-x86_64-with-glibc2.39,x86_64,m7i.2xlarge,parallel_process_workers,4
Urban100,img_027.png,x3,nedi,prepared_bicubic_lr,img_027.png,3,native_nedi_grid_then_full_target_size_adjustment,gaussian_11x11_sigma_1.5_population_covariance,8,8.0,native_x2_then_bicubic_to_target,1,146390,144165,138589,0,True,682,554,even_insertion_2x_half_pixel_aligned,27.379470801800704,0.7681522946673048,26.12395289568348,0.7450419829141187,18564.5880924,18581.931692500002,415.43385466961166,17951.494888,19170.602455,3,10,1024,832,341,277,2026-08-31T18:06:57.021510+00:00,3.12.3,2.5.2,12.3.0,0.26.0,Linux-7.0.0-1011-aws-x86_64-with-glibc2.39,x86_64,m7i.2xlarge,parallel_process_workers,4
Urban100,img_028.png,x3,nedi,prepared_bicubic_lr,img_028.png,3,native_nedi_grid_then_full_target_size_adjustment,gaussian_11x11_sigma_1.5_population_covariance,8,8.0,native_x2_then_bicubic_to_target,1,82722,81764,148868,0,True,682,452,even_insertion_2x_half_pixel_aligned,29.554029585335705,0.8488071539327895,28.232108273458966,0.8304756357736264,13924.2281096,13903.0198615,279.12718296168697,13561.369278,14542.918721,3,10,1024,680,341,226,2026-08-31T18:07:17.873099+00:00,3.12.3,2.5.2,12.3.0,0.26.0,Linux-7.0.0-1011-aws-x86_64-with-glibc2.39,x86_64,m7i.2xlarge,parallel_process_workers,4
Urban100,img_029.png,x3,nedi,prepared_bicubic_lr,img_029.png,3,native_nedi_grid_then_full_target_size_adjustment,gaussian_11x11_sigma_1.5_population_covariance,8,8.0,native_x2_then_bicubic_to_target,1,115589,113724,115886,0,True,682,450,even_insertion_2x_half_pixel_aligned,23.938200797082303,0.7705143397851442,22.61947403109584,0.7454907273116648,14804.9647877,14739.1605255,251.4908506452862,14336.376186,15217.175835,3,10,1024,676,341,225,2026-08-31T18:07:45.686700+00:00,3.12.3,2.5.2,12.3.0,0.26.0,Linux-7.0.0-1011-aws-x86_64-with-glibc2.39,x86_64,m7i.2xlarge,parallel_process_workers,4
Urban100,img_030.png,x3,nedi,prepared_bicubic_lr,img_030.png,3,native_nedi_grid_then_full_target_size_adjustment,gaussian_11x11_sigma_1.5_population_covariance,8,8.0,native_x2_then_bicubic_to_target,1,174778,172054,58578,0,True,452,682,even_insertion_2x_half_pixel_aligned,22.902796394538996,0.721404731454001,21.220587462988316,0.6915248589223482,16677.7505276,16665.9967265,152.32797580724906,16389.826925,16938.560175,3,10,680,1024,226,341,2026-08-31T18:09:37.674864+00:00,3.12.3,2.5.2,12.3.0,0.26.0,Linux-7.0.0-1011-aws-x86_64-with-glibc2.39,x86_64,m7i.2xlarge,parallel_process_workers,4
Urban100,img_031.png,x3,nedi,prepared_bicubic_lr,img_031.png,3,native_nedi_grid_then_full_target_size_adjustment,gaussian_11x11_sigma_1.5_population_covariance,8,8.0,native_x2_then_bicubic_to_target,1,131098,128876,101756,0,True,682,452,even_insertion_2x_half_pixel_aligned,23.62130139814886,0.7473125826028904,22.195706746913032,0.7217511949460294,15592.1384952,15657.274225,120.15323695101864,15374.920539,15746.165096,3,10,1024,680,341,226,2026-08-31T18:10:19.756342+00:00,3.12.3,2.5.2,12.3.0,0.26.0,Linux-7.0.0-1011-aws-x86_64-with-glibc2.39,x86_64,m7i.2xlarge,parallel_process_workers,4
Urban100,img_032.png,x3,nedi,prepared_bicubic_lr,img_032.png,3,native_nedi_grid_then_full_target_size_adjustment,gaussian_11x11_sigma_1.5_population_covariance,8,8.0,native_x2_then_bicubic_to_target,1,93852,92042,138590,0,True,682,452,even_insertion_2x_half_pixel_aligned,27.27785665664498,0.8078043074423424,25.811230189797726,0.7859891897583188,14584.6257768,14606.673583,133.40478558170435,14336.717664,14843.314308,3,10,1024,680,341,226,2026-08-31T18:10:28.232587+00:00,3.12.3,2.5.2,12.3.0,0.26.0,Linux-7.0.0-1011-aws-x86_64-with-glibc2.39,x86_64,m7i.2xlarge,parallel_process_workers,4
Urban100,img_033.png,x3,nedi,prepared_bicubic_lr,img_033.png,3,native_nedi_grid_then_full_target_size_adjustment,gaussian_11x11_sigma_1.5_population_covariance,8,8.0,native_x2_then_bicubic_to_target,1,99546,98136,132496,0,True,682,452,even_insertion_2x_half_pixel_aligned,25.00635506031937,0.7192586225071372,23.460498553730325,0.6912015008520558,14744.507839,14718.2778635,70.34681480205563,14678.837856,14933.031678,3,10,1024,680,341,226,2026-08-31T18:10:58.299570+00:00,3.12.3,2.5.2,12.3.0,0.26.0,Linux-7.0.0-1011-aws-x86_64-with-glibc2.39,x86_64,m7i.2xlarge,parallel_process_workers,4
Urban100,img_034.png,x3,nedi,prepared_bicubic_lr,img_034.png,3,native_nedi_grid_then_full_target_size_adjustment,gaussian_11x11_sigma_1.5_population_covariance,8,8.0,native_x2_then_bicubic_to_target,1,169987,166851,63781,0,True,682,452,even_insertion_2x_half_pixel_aligned,22.235268061644465,0.541108076514298,20.463441526740162,0.5359436563600428,16688.8292162,16734.1832725,179.03986926029154,16367.221054,17022.848415,3,10,1024,680,341,226,2026-08-31T18:13:15.598090+00:00,3.12.3,2.5.2,12.3.0,0.26.0,Linux-7.0.0-1011-aws-x86_64-with-glibc2.39,x86_64,m7i.2xlarge,parallel_process_workers,4
Urban100,img_035.png,x3,nedi,prepared_bicubic_lr,img_035.png,3,native_nedi_grid_then_full_target_size_adjustment,gaussian_11x11_sigma_1.5_population_covariance,8,8.0,native_x2_then_bicubic_to_target,1,125257,123361,110337,0,True,682,458,even_insertion_2x_half_pixel_aligned,26.136260340094314,0.7942202408282029,24.74498287591887,0.7718832913396318,15758.1915442,15809.284229500001,199.28925855212034,15371.486512,16013.356503,3,10,1024,688,341,229,2026-08-31T18:13:45.188195+00:00,3.12.3,2.5.2,12.3.0,0.26.0,Linux-7.0.0-1011-aws-x86_64-with-glibc2.39,x86_64,m7i.2xlarge,parallel_process_workers,4
Urban100,img_036.png,x3,nedi,prepared_bicubic_lr,img_036.png,3,native_nedi_grid_then_full_target_size_adjustment,gaussian_11x11_sigma_1.5_population_covariance,8,8.0,native_x2_then_bicubic_to_target,1,115289,113754,124032,0,True,466,682,even_insertion_2x_half_pixel_aligned,26.79471513069053,0.8452891197995573,25.472793818813795,0.8310963378607844,15862.350497,15845.032444,313.70511945139225,15386.497288,16461.060788,3,10,700,1024,233,341,2026-08-31T18:13:54.071477+00:00,3.12.3,2.5.2,12.3.0,0.26.0,Linux-7.0.0-1011-aws-x86_64-with-glibc2.39,x86_64,m7i.2xlarge,parallel_process_workers,4
Urban100,img_037.png,x3,nedi,prepared_bicubic_lr,img_037.png,3,native_nedi_grid_then_full_target_size_adjustment,gaussian_11x11_sigma_1.5_population_covariance,8,8.0,native_x2_then_bicubic_to_target,1,174732,170891,80181,0,True,492,682,even_insertion_2x_half_pixel_aligned,25.317274506480757,0.7712537589583975,23.959110057427495,0.7440938752761284,18001.978595200002,17864.489773,337.0947635346196,17699.43764,18861.29589,3,10,740,1024,246,341,2026-08-31T18:14:53.455708+00:00,3.12.3,2.5.2,12.3.0,0.26.0,Linux-7.0.0-1011-aws-x86_64-with-glibc2.39,x86_64,m7i.2xlarge,parallel_process_workers,4
Urban100,img_038.png,x3,nedi,prepared_bicubic_lr,img_038.png,3,native_nedi_grid_then_full_target_size_adjustment,gaussian_11x11_sigma_1.5_population_covariance,8,8.0,native_x2_then_bicubic_to_target,1,165947,162536,98756,0,True,512,682,even_insertion_2x_half_pixel_aligned,25.72363754908472,0.6194329112844255,24.386537999854426,0.5749672559733363,17972.539732,17937.455144,274.14464260996647,17512.836294,18447.894929,3,10,768,1024,256,341,2026-08-31T18:17:11.400990+00:00,3.12.3,2.5.2,12.3.0,0.26.0,Linux-7.0.0-1011-aws-x86_64-with-glibc2.39,x86_64,m7i.2xlarge,parallel_process_workers,4
Urban100,img_039.png,x3,nedi,prepared_bicubic_lr,img_039.png,3,native_nedi_grid_then_full_target_size_adjustment,gaussian_11x11_sigma_1.5_population_covariance,8,8.0,native_x2_then_bicubic_to_target,1,154415,152744,108548,0,True,512,682,even_insertion_2x_half_pixel_aligned,21.703376693866794,0.6490487199966078,20.381640892574996,0.6335362391547165,17594.005850499998,17525.688101,257.4982789326538,17170.335249,18136.779097,3,10,768,1024,256,341,2026-08-31T18:17:35.924096+00:00,3.12.3,2.5.2,12.3.0,0.26.0,Linux-7.0.0-1011-aws-x86_64-with-glibc2.39,x86_64,m7i.2xlarge,parallel_process_workers,4
Urban100,img_040.png,x3,nedi,prepared_bicubic_lr,img_040.png,3,native_nedi_grid_then_full_target_size_adjustment,gaussian_11x11_sigma_1.5_population_covariance,8,8.0,native_x2_then_bicubic_to_target,1,124940,122180,73704,0,True,682,384,even_insertion_2x_half_pixel_aligned,21.66028818551475,0.8236307582915897,20.350862048804586,0.8088052310884231,13381.4856644,13417.8485645,162.63958274262524,13115.112846,13687.49188,3,10,1024,576,341,192,2026-08-31T18:16:49.144901+00:00,3.12.3,2.5.2,12.3.0,0.26.0,Linux-7.0.0-1011-aws-x86_64-with-glibc2.39,x86_64,m7i.2xlarge,parallel_process_workers,4
Urban100,img_041.png,x3,nedi,prepared_bicubic_lr,img_041.png,3,native_nedi_grid_then_full_target_size_adjustment,gaussian_11x11_sigma_1.5_population_covariance,8,8.0,native_x2_then_bicubic_to_target,1,155163,152089,78543,0,True,682,452,even_insertion_2x_half_pixel_aligned,22.381548708384894,0.7598714269801883,20.943902540214538,0.7441111380363189,15752.8771555,15906.938516999999,281.0401203821118,15118.105264,16033.650246,3,10,1024,680,341,226,2026-08-31T18:18:20.045863+00:00,3.12.3,2.5.2,12.3.0,0.26.0,Linux-7.0.0-1011-aws-x86_64-with-glibc2.39,x86_64,m7i.2xlarge,parallel_process_workers,4
Urban100,img_042.png,x3,nedi,prepared_bicubic_lr,img_042.png,3,native_nedi_grid_then_full_target_size_adjustment,gaussian_11x11_sigma_1.5_population_covariance,8,8.0,native_x2_then_bicubic_to_target,1,129532,126933,103699,0,True,682,452,even_insertion_2x_half_pixel_aligned,26.830435556492397,0.8476973027414768,25.508514244615657,0.836539742685325,14731.9808224,14712.057391,167.9145398563296,14527.74557,15132.322827,3,10,1024,680,341,226,2026-08-31T18:20:02.497445+00:00,3.12.3,2.5.2,12.3.0,0.26.0,Linux-7.0.0-1011-aws-x86_64-with-glibc2.39,x86_64,m7i.2xlarge,parallel_process_workers,4
Urban100,img_043.png,x3,nedi,prepared_bicubic_lr,img_043.png,3,native_nedi_grid_then_full_target_size_adjustment,gaussian_11x11_sigma_1.5_population_covariance,8,8.0,native_x2_then_bicubic_to_target,1,114216,111879,116709,0,True,682,448,even_insertion_2x_half_pixel_aligned,24.180707896845743,0.8561873327104486,22.90453764027467,0.8214212366911718,14146.4295491,14100.186888,209.30769674476153,13881.893675,14490.747765,3,10,1024,672,341,224,2026-08-31T18:20:16.370890+00:00,3.12.3,2.5.2,12.3.0,0.26.0,Linux-7.0.0-1011-aws-x86_64-with-glibc2.39,x86_64,m7i.2xlarge,parallel_process_workers,4
Urban100,img_044.png,x3,nedi,prepared_bicubic_lr,img_044.png,3,native_nedi_grid_then_full_target_size_adjustment,gaussian_11x11_sigma_1.5_population_covariance,8,8.0,native_x2_then_bicubic_to_target,1,155580,152125,78507,0,True,682,452,even_insertion_2x_half_pixel_aligned,29.36545324176098,0.8204324315626094,27.521451206325224,0.7884399709057194,15285.5086395,15198.4102955,179.8586831450529,15096.624496,15656.132316,3,10,1024,680,341,226,2026-08-31T18:20:55.629469+00:00,3.12.3,2.5.2,12.3.0,0.26.0,Linux-7.0.0-1011-aws-x86_64-with-glibc2.39,x86_64,m7i.2xlarge,parallel_process_workers,4
Urban100,img_045.png,x3,nedi,prepared_bicubic_lr,img_045.png,3,native_nedi_grid_then_full_target_size_adjustment,gaussian_11x11_sigma_1.5_population_covariance,8,8.0,native_x2_then_bicubic_to_target,1,236181,231956,29336,0,True,682,512,even_insertion_2x_half_pixel_aligned,23.33111932422778,0.7043419636167301,22.009198012351042,0.6913974839464946,19042.5788578,19051.482592,183.1278373286563,18741.485824,19346.844754,3,10,1024,768,341,256,2026-08-31T18:22:27.481705+00:00,3.12.3,2.5.2,12.3.0,0.26.0,Linux-7.0.0-1011-aws-x86_64-with-glibc2.39,x86_64,m7i.2xlarge,parallel_process_workers,4
Urban100,img_046.png,x3,nedi,prepared_bicubic_lr,img_046.png,3,native_nedi_grid_then_full_target_size_adjustment,gaussian_11x11_sigma_1.5_population_covariance,8,8.0,native_x2_then_bicubic_to_target,1,108119,106849,127871,0,True,460,682,even_insertion_2x_half_pixel_aligned,23.379049058884597,0.7292611538574736,22.000405638209315,0.7241423213387463,14747.5367446,14743.94477,341.6949574992664,14163.869032,15370.242699,3,10,692,1024,230,341,2026-08-31T18:23:13.460525+00:00,3.12.3,2.5.2,12.3.0,0.26.0,Linux-7.0.0-1011-aws-x86_64-with-glibc2.39,x86_64,m7i.2xlarge,parallel_process_workers,4
Urban100,img_047.png,x3,nedi,prepared_bicubic_lr,img_047.png,3,native_nedi_grid_then_full_target_size_adjustment,gaussian_11x11_sigma_1.5_population_covariance,8,8.0,native_x2_then_bicubic_to_target,1,120989,118649,90521,0,True,682,410,even_insertion_2x_half_pixel_aligned,21.11890226111921,0.7087315703976147,19.63910395202031,0.6963924465208521,13612.865968,13531.221387000001,257.1760243377649,13289.407469,13982.985621,3,10,1024,616,341,205,2026-08-31T18:23:12.657223+00:00,3.12.3,2.5.2,12.3.0,0.26.0,Linux-7.0.0-1011-aws-x86_64-with-glibc2.39,x86_64,m7i.2xlarge,parallel_process_workers,4
Urban100,img_048.png,x3,nedi,prepared_bicubic_lr,img_048.png,3,native_nedi_grid_then_full_target_size_adjustment,gaussian_11x11_sigma_1.5_population_covariance,8,8.0,native_x2_then_bicubic_to_target,1,118458,117430,115246,0,True,456,682,even_insertion_2x_half_pixel_aligned,19.18764419382519,0.7391362001188687,17.896864227266207,0.7263432862900546,14955.6771209,14947.5252345,229.29593663352767,14506.124669,15355.95941,3,10,684,1024,228,341,2026-08-31T18:24:09.612543+00:00,3.12.3,2.5.2,12.3.0,0.26.0,Linux-7.0.0-1011-aws-x86_64-with-glibc2.39,x86_64,m7i.2xlarge,parallel_process_workers,4
Urban100,img_049.png,x3,nedi,prepared_bicubic_lr,img_049.png,3,native_nedi_grid_then_full_target_size_adjustment,gaussian_11x11_sigma_1.5_population_covariance,8,8.0,native_x2_then_bicubic_to_target,1,180520,177312,53320,0,True,682,452,even_insertion_2x_half_pixel_aligned,21.633782567461743,0.6739025044395384,20.15351750038831,0.6469974611474409,16742.5756438,16712.038875,229.37679864272658,16332.520059,17105.350879,3,10,1024,680,341,226,2026-08-31T18:26:06.006897+00:00,3.12.3,2.5.2,12.3.0,0.26.0,Linux-7.0.0-1011-aws-x86_64-with-glibc2.39,x86_64,m7i.2xlarge,parallel_process_workers,4
Urban100,img_050.png,x3,nedi,prepared_bicubic_lr,img_050.png,3,native_nedi_grid_then_full_target_size_adjustment,gaussian_11x11_sigma_1.5_population_covariance,8,8.0,native_x2_then_bicubic_to_target,1,130436,128160,102472,0,True,452,682,even_insertion_2x_half_pixel_aligned,24.45385552186226,0.7214638749383415,23.048218750963947,0.7029926588770352,15195.6366749,15148.2428625,234.94460287056418,14871.008856,15638.104176,3,10,680,1024,226,341,2026-08-31T18:26:30.411985+00:00,3.12.3,2.5.2,12.3.0,0.26.0,Linux-7.0.0-1011-aws-x86_64-with-glibc2.39,x86_64,m7i.2xlarge,parallel_process_workers,4
Urban100,img_051.png,x3,nedi,prepared_bicubic_lr,img_051.png,3,native_nedi_grid_then_full_target_size_adjustment,gaussian_11x11_sigma_1.5_population_covariance,8,8.0,native_x2_then_bicubic_to_target,1,149248,146352,84280,0,True,682,452,even_insertion_2x_half_pixel_aligned,26.295833300980345,0.8080844013480367,24.798578460024252,0.7863743892745355,15920.6352752,15974.83594,259.4713072294576,15410.93635,16341.159986,3,10,1024,680,341,226,2026-08-31T18:26:40.526885+00:00,3.12.3,2.5.2,12.3.0,0.26.0,Linux-7.0.0-1011-aws-x86_64-with-glibc2.39,x86_64,m7i.2xlarge,parallel_process_workers,4
Urban100,img_052.png,x3,nedi,prepared_bicubic_lr,img_052.png,3,native_nedi_grid_then_full_target_size_adjustment,gaussian_11x11_sigma_1.5_population_covariance,8,8.0,native_x2_then_bicubic_to_target,1,120444,118418,112214,0,True,682,452,even_insertion_2x_half_pixel_aligned,25.220801876569432,0.80783639364858,23.863457763855642,0.7898500412250536,15095.5088282,14997.8129405,206.55067427776464,14866.144413,15522.156339,3,10,1024,680,341,226,2026-08-31T18:27:25.960884+00:00,3.12.3,2.5.2,12.3.0,0.26.0,Linux-7.0.0-1011-aws-x86_64-with-glibc2.39,x86_64,m7i.2xlarge,parallel_process_workers,4
Urban100,img_053.png,x3,nedi,prepared_bicubic_lr,img_053.png,3,native_nedi_grid_then_full_target_size_adjustment,gaussian_11x11_sigma_1.5_population_covariance,8,8.0,native_x2_then_bicubic_to_target,1,176474,173709,48747,0,True,682,436,even_insertion_2x_half_pixel_aligned,21.105937592779767,0.664229942315033,19.77423713292175,0.648968735542191,15854.5996246,15893.527926,318.2629116822545,15191.4316,16204.102174,3,10,1024,656,341,218,2026-08-31T18:29:33.133570+00:00,3.12.3,2.5.2,12.3.0,0.26.0,Linux-7.0.0-1011-aws-x86_64-with-glibc2.39,x86_64,m7i.2xlarge,parallel_process_workers,4
Urban100,img_054.png,x3,nedi,prepared_bicubic_lr,img_054.png,3,native_nedi_grid_then_full_target_size_adjustment,gaussian_11x11_sigma_1.5_population_covariance,8,8.0,native_x2_then_bicubic_to_target,1,161111,158763,71869,0,True,682,452,even_insertion_2x_half_pixel_aligned,20.75008466942259,0.5995807057205104,19.24697407839051,0.5800967346316026,15713.0900342,15670.993416,275.24343445413143,15347.380456,16115.636507,3,10,1024,680,341,226,2026-08-31T18:29:56.576740+00:00,3.12.3,2.5.2,12.3.0,0.26.0,Linux-7.0.0-1011-aws-x86_64-with-glibc2.39,x86_64,m7i.2xlarge,parallel_process_workers,4
Urban100,img_055.png,x3,nedi,prepared_bicubic_lr,img_055.png,3,native_nedi_grid_then_full_target_size_adjustment,gaussian_11x11_sigma_1.5_population_covariance,8,8.0,native_x2_then_bicubic_to_target,1,128930,126563,134729,0,True,682,512,even_insertion_2x_half_pixel_aligned,27.262439218410016,0.8626700848104326,25.48597306544552,0.8286027292855694,16582.5245115,16599.936179,172.97641330003424,16264.425078,16941.704563,3,10,1024,768,341,256,2026-08-31T18:30:17.539937+00:00,3.12.3,2.5.2,12.3.0,0.26.0,Linux-7.0.0-1011-aws-x86_64-with-glibc2.39,x86_64,m7i.2xlarge,parallel_process_workers,4
Urban100,img_056.png,x3,nedi,prepared_bicubic_lr,img_056.png,3,native_nedi_grid_then_full_target_size_adjustment,gaussian_11x11_sigma_1.5_population_covariance,8,8.0,native_x2_then_bicubic_to_target,1,198930,195746,65546,0,True,682,512,even_insertion_2x_half_pixel_aligned,23.383339859623263,0.7106397515371244,22.04060500334499,0.6909197651980895,18282.2116805,18316.175557000002,217.70849802415756,17954.220961,18644.500662,3,10,1024,768,341,256,2026-08-31T18:31:26.005997+00:00,3.12.3,2.5.2,12.3.0,0.26.0,Linux-7.0.0-1011-aws-x86_64-with-glibc2.39,x86_64,m7i.2xlarge,parallel_process_workers,4
Urban100,img_057.png,x3,nedi,prepared_bicubic_lr,img_057.png,3,native_nedi_grid_then_full_target_size_adjustment,gaussian_11x11_sigma_1.5_population_covariance,8,8.0,native_x2_then_bicubic_to_target,1,124815,123076,122886,0,True,682,482,even_insertion_2x_half_pixel_aligned,27.466178768171634,0.8410385469107008,26.05514810148588,0.8138903381476065,15679.8163795,15721.330557500001,125.97634047265699,15500.415278,15831.510952,3,10,1024,724,341,241,2026-08-31T18:32:57.361730+00:00,3.12.3,2.5.2,12.3.0,0.26.0,Linux-7.0.0-1011-aws-x86_64-with-glibc2.39,x86_64,m7i.2xlarge,parallel_process_workers,4
Urban100,img_058.png,x3,nedi,prepared_bicubic_lr,img_058.png,3,native_nedi_grid_then_full_target_size_adjustment,gaussian_11x11_sigma_1.5_population_covariance,8,8.0,native_x2_then_bicubic_to_target,1,179768,179436,55284,0,True,682,460,even_insertion_2x_half_pixel_aligned,24.277215078762854,0.8062596137628463,22.827763214796803,0.7877026355396372,16620.989005299998,16618.650628,170.82577595363452,16345.658796,16905.251344,3,10,1024,692,341,230,2026-08-31T18:33:33.221162+00:00,3.12.3,2.5.2,12.3.0,0.26.0,Linux-7.0.0-1011-aws-x86_64-with-glibc2.39,x86_64,m7i.2xlarge,parallel_process_workers,4
Urban100,img_059.png,x3,nedi,prepared_bicubic_lr,img_059.png,3,native_nedi_grid_then_full_target_size_adjustment,gaussian_11x11_sigma_1.5_population_covariance,8,8.0,native_x2_then_bicubic_to_target,1,85085,84014,141508,0,True,682,442,even_insertion_2x_half_pixel_aligned,21.43875671067985,0.7194697649920908,20.041250948852824,0.6991230785144259,13599.2983465,13618.7728645,167.82694450348794,13324.554053,13942.375154,3,10,1024,664,341,221,2026-08-31T18:33:14.325759+00:00,3.12.3,2.5.2,12.3.0,0.26.0,Linux-7.0.0-1011-aws-x86_64-with-glibc2.39,x86_64,m7i.2xlarge,parallel_process_workers,4
Urban100,img_060.png,x3,nedi,prepared_bicubic_lr,img_060.png,3,native_nedi_grid_then_full_target_size_adjustment,gaussian_11x11_sigma_1.5_population_covariance,8,8.0,native_x2_then_bicubic_to_target,1,182788,178859,51773,0,True,682,452,even_insertion_2x_half_pixel_aligned,21.792920050533024,0.5130570512743792,20.364426829182673,0.494509869385172,16565.6346091,16576.8773205,159.5909376585891,16319.753799,16823.879988,3,10,1024,680,341,226,2026-08-31T18:35:01.182533+00:00,3.12.3,2.5.2,12.3.0,0.26.0,Linux-7.0.0-1011-aws-x86_64-with-glibc2.39,x86_64,m7i.2xlarge,parallel_process_workers,4
Urban100,img_061.png,x3,nedi,prepared_bicubic_lr,img_061.png,3,native_nedi_grid_then_full_target_size_adjustment,gaussian_11x11_sigma_1.5_population_covariance,8,8.0,native_x2_then_bicubic_to_target,1,157874,154994,73594,0,True,682,448,even_insertion_2x_half_pixel_aligned,23.965548771447,0.7027731665372244,22.416888418918845,0.6859648636372032,15938.0314504,15760.442794499999,475.42709250314743,15239.995161,16857.71694,3,10,1024,672,341,224,2026-08-31T18:36:25.077766+00:00,3.12.3,2.5.2,12.3.0,0.26.0,Linux-7.0.0-1011-aws-x86_64-with-glibc2.39,x86_64,m7i.2xlarge,parallel_process_workers,4
Urban100,img_062.png,x3,nedi,prepared_bicubic_lr,img_062.png,3,native_nedi_grid_then_full_target_size_adjustment,gaussian_11x11_sigma_1.5_population_covariance,8,8.0,native_x2_then_bicubic_to_target,1,136628,134801,95831,0,True,682,452,even_insertion_2x_half_pixel_aligned,20.958155481536423,0.726149491787941,19.545951331693917,0.7063338900229317,15751.1960764,15682.117269999999,333.48293690521365,15348.159029,16330.681439,3,10,1024,680,341,226,2026-08-31T18:36:38.448616+00:00,3.12.3,2.5.2,12.3.0,0.26.0,Linux-7.0.0-1011-aws-x86_64-with-glibc2.39,x86_64,m7i.2xlarge,parallel_process_workers,4
Urban100,img_063.png,x3,nedi,prepared_bicubic_lr,img_063.png,3,native_nedi_grid_then_full_target_size_adjustment,gaussian_11x11_sigma_1.5_population_covariance,8,8.0,native_x2_then_bicubic_to_target,1,194964,191901,133115,0,True,666,652,even_insertion_2x_half_pixel_aligned,19.586159583063655,0.5293607183594016,18.339668406753447,0.4898077625954487,22120.3950461,22111.9688415,626.0638562946003,21156.255151,23004.785123,3,10,1000,980,333,326,2026-08-31T18:38:21.231522+00:00,3.12.3,2.5.2,12.3.0,0.26.0,Linux-7.0.0-1011-aws-x86_64-with-glibc2.39,x86_64,m7i.2xlarge,parallel_process_workers,4
Urban100,img_064.png,x3,nedi,prepared_bicubic_lr,img_064.png,3,native_nedi_grid_then_full_target_size_adjustment,gaussian_11x11_sigma_1.5_population_covariance,8,8.0,native_x2_then_bicubic_to_target,1,176681,173416,57216,0,True,682,452,even_insertion_2x_half_pixel_aligned,25.937693307862617,0.7590200700609901,24.592963408479868,0.7411950231237308,16668.5352265,16821.487681,437.08160248931665,15921.820017,17437.111156,3,10,1024,680,341,226,2026-08-31T18:38:40.858373+00:00,3.12.3,2.5.2,12.3.0,0.26.0,Linux-7.0.0-1011-aws-x86_64-with-glibc2.39,x86_64,m7i.2xlarge,parallel_process_workers,4
Urban100,img_065.png,x3,nedi,prepared_bicubic_lr,img_065.png,3,native_nedi_grid_then_full_target_size_adjustment,gaussian_11x11_sigma_1.5_population_covariance,8,8.0,native_x2_then_bicubic_to_target,1,195861,192139,38493,0,True,682,452,even_insertion_2x_half_pixel_aligned,25.124987968992333,0.7020341671261404,23.502636737527723,0.6846920978781786,16529.5483844,16560.500175,251.6862425106306,16100.395317,17028.99397,3,10,1024,680,341,226,2026-08-31T18:40:02.175747+00:00,3.12.3,2.5.2,12.3.0,0.26.0,Linux-7.0.0-1011-aws-x86_64-with-glibc2.39,x86_64,m7i.2xlarge,parallel_process_workers,4
Urban100,img_066.png,x3,nedi,prepared_bicubic_lr,img_066.png,3,native_nedi_grid_then_full_target_size_adjustment,gaussian_11x11_sigma_1.5_population_covariance,8,8.0,native_x2_then_bicubic_to_target,1,212564,209359,84637,0,True,682,576,even_insertion_2x_half_pixel_aligned,22.06437467855233,0.6245200016970787,20.732245476080205,0.6007745917385486,20410.2414603,20349.884396,320.2867972109114,20030.095288,20989.927441,3,10,1024,864,341,288,2026-08-31T18:41:06.920922+00:00,3.12.3,2.5.2,12.3.0,0.26.0,Linux-7.0.0-1011-aws-x86_64-with-glibc2.39,x86_64,m7i.2xlarge,parallel_process_workers,4
Urban100,img_067.png,x3,nedi,prepared_bicubic_lr,img_067.png,3,native_nedi_grid_then_full_target_size_adjustment,gaussian_11x11_sigma_1.5_population_covariance,8,8.0,native_x2_then_bicubic_to_target,1,124034,122998,107634,0,True,682,452,even_insertion_2x_half_pixel_aligned,18.0099189105108,0.7762566381516047,16.54069918582292,0.7501839996628449,14680.5724373,14661.835460999999,263.69773907959996,14303.908658,15003.59146,3,10,1024,680,341,226,2026-08-31T18:41:32.601346+00:00,3.12.3,2.5.2,12.3.0,0.26.0,Linux-7.0.0-1011-aws-x86_64-with-glibc2.39,x86_64,m7i.2xlarge,parallel_process_workers,4
Urban100,img_068.png,x3,nedi,prepared_bicubic_lr,img_068.png,3,native_nedi_grid_then_full_target_size_adjustment,gaussian_11x11_sigma_1.5_population_covariance,8,8.0,native_x2_then_bicubic_to_target,1,189782,186205,161957,0,True,682,682,even_insertion_2x_half_pixel_aligned,28.87921046793702,0.8390357683961673,27.480350155546994,0.8182718278032673,22077.5214106,22103.747019000002,514.1080963159657,21404.303788,23345.844495,3,10,1024,1024,341,341,2026-08-31T18:43:31.379876+00:00,3.12.3,2.5.2,12.3.0,0.26.0,Linux-7.0.0-1011-aws-x86_64-with-glibc2.39,x86_64,m7i.2xlarge,parallel_process_workers,4
Urban100,img_069.png,x3,nedi,prepared_bicubic_lr,img_069.png,3,native_nedi_grid_then_full_target_size_adjustment,gaussian_11x11_sigma_1.5_population_covariance,8,8.0,native_x2_then_bicubic_to_target,1,221050,217472,110655,0,True,800,548,even_insertion_2x_half_pixel_aligned,23.941654444738315,0.7042338051601748,22.631268194282335,0.6820484177053304,21463.4344475,21485.708342500002,267.29658770588725,21023.998188,21950.863598,3,10,1200,824,400,274,2026-08-31T18:44:43.834432+00:00,3.12.3,2.5.2,12.3.0,0.26.0,Linux-7.0.0-1011-aws-x86_64-with-glibc2.39,x86_64,m7i.2xlarge,parallel_process_workers,4
Urban100,img_070.png,x3,nedi,prepared_bicubic_lr,img_070.png,3,native_nedi_grid_then_full_target_size_adjustment,gaussian_11x11_sigma_1.5_population_covariance,8,8.0,native_x2_then_bicubic_to_target,1,160548,158085,103207,0,True,682,512,even_insertion_2x_half_pixel_aligned,21.96199080352514,0.5735606564429767,20.636408397367546,0.5511975947042825,16499.7715451,16459.840689,174.7390752128032,16245.774325,16781.682102,3,10,1024,768,341,256,2026-08-31T18:44:43.323989+00:00,3.12.3,2.5.2,12.3.0,0.26.0,Linux-7.0.0-1011-aws-x86_64-with-glibc2.39,x86_64,m7i.2xlarge,parallel_process_workers,4
Urban100,img_071.png,x3,nedi,prepared_bicubic_lr,img_071.png,3,native_nedi_grid_then_full_target_size_adjustment,gaussian_11x11_sigma_1.5_population_covariance,8,8.0,native_x2_then_bicubic_to_target,1,155054,151828,109464,0,True,682,512,even_insertion_2x_half_pixel_aligned,26.622956738629217,0.6190496423599645,25.21396056109093,0.5804642732840811,16332.3094087,16320.864119,158.02857132856565,16119.125372,16716.674887,3,10,1024,768,341,256,2026-08-31T18:45:07.100478+00:00,3.12.3,2.5.2,12.3.0,0.26.0,Linux-7.0.0-1011-aws-x86_64-with-glibc2.39,x86_64,m7i.2xlarge,parallel_process_workers,4
Urban100,img_072.png,x3,nedi,prepared_bicubic_lr,img_072.png,3,native_nedi_grid_then_full_target_size_adjustment,gaussian_11x11_sigma_1.5_population_covariance,8,8.0,native_x2_then_bicubic_to_target,1,184918,181603,49029,0,True,452,682,even_insertion_2x_half_pixel_aligned,17.964676561228515,0.6812886258691729,16.642755249351776,0.6702379926894966,15742.3710171,15723.71963,101.72927255934175,15628.837641,16003.891975,3,10,680,1024,226,341,2026-08-31T18:46:56.426701+00:00,3.12.3,2.5.2,12.3.0,0.26.0,Linux-7.0.0-1011-aws-x86_64-with-glibc2.39,x86_64,m7i.2xlarge,parallel_process_workers,4
Urban100,img_073.png,x3,nedi,prepared_bicubic_lr,img_073.png,3,native_nedi_grid_then_full_target_size_adjustment,gaussian_11x11_sigma_1.5_population_covariance,8,8.0,native_x2_then_bicubic_to_target,1,241069,236755,22493,0,True,682,508,even_insertion_2x_half_pixel_aligned,20.40988808619574,0.536227532177269,19.18388573795133,0.5217893789160476,18482.6252913,18493.641056499997,85.37637223697591,18348.221409,18634.301405,3,10,1024,764,341,254,2026-08-31T18:48:44.966717+00:00,3.12.3,2.5.2,12.3.0,0.26.0,Linux-7.0.0-1011-aws-x86_64-with-glibc2.39,x86_64,m7i.2xlarge,parallel_process_workers,4
Urban100,img_074.png,x3,nedi,prepared_bicubic_lr,img_074.png,3,native_nedi_grid_then_full_target_size_adjustment,gaussian_11x11_sigma_1.5_population_covariance,8,8.0,native_x2_then_bicubic_to_target,1,139121,137969,92663,0,True,452,682,even_insertion_2x_half_pixel_aligned,22.993535837869352,0.6376842568305645,21.51080364925638,0.6258865867909863,14544.0989165,14478.510856500001,202.0069610129312,14293.693459,15081.480284,3,10,680,1024,226,341,2026-08-31T18:47:53.511188+00:00,3.12.3,2.5.2,12.3.0,0.26.0,Linux-7.0.0-1011-aws-x86_64-with-glibc2.39,x86_64,m7i.2xlarge,parallel_process_workers,4
Urban100,img_075.png,x3,nedi,prepared_bicubic_lr,img_075.png,3,native_nedi_grid_then_full_target_size_adjustment,gaussian_11x11_sigma_1.5_population_covariance,8,8.0,native_x2_then_bicubic_to_target,1,74453,73235,157397,0,True,682,452,even_insertion_2x_half_pixel_aligned,28.541905185498727,0.8432991778104211,26.79941324738635,0.8189412336168557,12813.2735386,12812.525926999999,67.47022292965156,12709.244938,12930.551452,3,10,1024,680,341,226,2026-08-31T18:47:54.753023+00:00,3.12.3,2.5.2,12.3.0,0.26.0,Linux-7.0.0-1011-aws-x86_64-with-glibc2.39,x86_64,m7i.2xlarge,parallel_process_workers,4
Urban100,img_076.png,x3,nedi,prepared_bicubic_lr,img_076.png,3,native_nedi_grid_then_full_target_size_adjustment,gaussian_11x11_sigma_1.5_population_covariance,8,8.0,native_x2_then_bicubic_to_target,1,154854,151855,77755,0,True,682,450,even_insertion_2x_half_pixel_aligned,22.63709820182898,0.7093257691645841,21.172976191448388,0.6884596671065258,14736.0564929,14749.275286,107.72369316248391,14527.638753,14910.31286,3,10,1024,676,341,225,2026-08-31T18:50:08.571713+00:00,3.12.3,2.5.2,12.3.0,0.26.0,Linux-7.0.0-1011-aws-x86_64-with-glibc2.39,x86_64,m7i.2xlarge,parallel_process_workers,4
Urban100,img_077.png,x3,nedi,prepared_bicubic_lr,img_077.png,3,native_nedi_grid_then_full_target_size_adjustment,gaussian_11x11_sigma_1.5_population_covariance,8,8.0,native_x2_then_bicubic_to_target,1,151510,148591,82041,0,True,682,452,even_insertion_2x_half_pixel_aligned,22.497327697209926,0.6441543702152351,21.10170699902323,0.6249581596237199,14663.342661,14652.072307,54.6286223653205,14590.490599,14770.2999,3,10,1024,680,341,226,2026-08-31T18:51:05.109198+00:00,3.12.3,2.5.2,12.3.0,0.26.0,Linux-7.0.0-1011-aws-x86_64-with-glibc2.39,x86_64,m7i.2xlarge,parallel_process_workers,4
Urban100,img_078.png,x3,nedi,prepared_bicubic_lr,img_078.png,3,native_nedi_grid_then_full_target_size_adjustment,gaussian_11x11_sigma_1.5_population_covariance,8,8.0,native_x2_then_bicubic_to_target,1,121961,119314,129714,0,True,682,488,even_insertion_2x_half_pixel_aligned,26.71206450593982,0.7419272155820589,25.495808465160287,0.7020545952935026,14893.5075976,14901.849487,72.98780055605563,14786.704736,14995.06281,3,10,1024,732,341,244,2026-08-31T18:51:09.658185+00:00,3.12.3,2.5.2,12.3.0,0.26.0,Linux-7.0.0-1011-aws-x86_64-with-glibc2.39,x86_64,m7i.2xlarge,parallel_process_workers,4
Urban100,img_079.png,x3,nedi,prepared_bicubic_lr,img_079.png,3,native_nedi_grid_then_full_target_size_adjustment,gaussian_11x11_sigma_1.5_population_covariance,8,8.0,native_x2_then_bicubic_to_target,1,184137,181039,80253,0,True,682,512,even_insertion_2x_half_pixel_aligned,24.631956952582556,0.6538141182500642,23.20074784583765,0.6249231690249994,17115.5456743,17097.3754955,154.49318719050444,16929.2939,17446.286165,3,10,1024,768,341,256,2026-08-31T18:52:27.739126+00:00,3.12.3,2.5.2,12.3.0,0.26.0,Linux-7.0.0-1011-aws-x86_64-with-glibc2.39,x86_64,m7i.2xlarge,parallel_process_workers,4
Urban100,img_080.png,x3,nedi,prepared_bicubic_lr,img_080.png,3,native_nedi_grid_then_full_target_size_adjustment,gaussian_11x11_sigma_1.5_population_covariance,8,8.0,native_x2_then_bicubic_to_target,1,64448,63564,202864,0,True,516,690,even_insertion_2x_half_pixel_aligned,33.74119412931586,0.9351478401918689,32.15436572263855,0.9191504510262916,14442.5943869,14380.7070475,222.7248979625164,14165.361236,14970.512206,3,10,776,1036,258,345,2026-08-31T18:53:16.339390+00:00,3.12.3,2.5.2,12.3.0,0.26.0,Linux-7.0.0-1011-aws-x86_64-with-glibc2.39,x86_64,m7i.2xlarge,parallel_process_workers,4
Urban100,img_081.png,x3,nedi,prepared_bicubic_lr,img_081.png,3,native_nedi_grid_then_full_target_size_adjustment,gaussian_11x11_sigma_1.5_population_covariance,8,8.0,native_x2_then_bicubic_to_target,1,126750,124756,223406,0,True,682,682,even_insertion_2x_half_pixel_aligned,30.99372675260485,0.9378487758776638,28.765150826916425,0.8977210187333639,20157.3392054,20120.357667999997,259.62622054338146,19845.509243,20624.204993,3,10,1024,1024,341,341,2026-08-31T18:55:27.884048+00:00,3.12.3,2.5.2,12.3.0,0.26.0,Linux-7.0.0-1011-aws-x86_64-with-glibc2.39,x86_64,m7i.2xlarge,parallel_process_workers,4
Urban100,img_082.png,x3,nedi,prepared_bicubic_lr,img_082.png,3,native_nedi_grid_then_full_target_size_adjustment,gaussian_11x11_sigma_1.5_population_covariance,8,8.0,native_x2_then_bicubic_to_target,1,127937,125521,222641,0,True,682,682,even_insertion_2x_half_pixel_aligned,30.22588129744106,0.9183485755215983,28.734595569543874,0.8963033731875499,20024.81463,20037.7661185,286.3579767513143,19575.004759,20463.159612,3,10,1024,1024,341,341,2026-08-31T18:55:30.815150+00:00,3.12.3,2.5.2,12.3.0,0.26.0,Linux-7.0.0-1011-aws-x86_64-with-glibc2.39,x86_64,m7i.2xlarge,parallel_process_workers,4
Urban100,img_083.png,x3,nedi,prepared_bicubic_lr,img_083.png,3,native_nedi_grid_then_full_target_size_adjustment,gaussian_11x11_sigma_1.5_population_covariance,8,8.0,native_x2_then_bicubic_to_target,1,248419,244774,96234,0,True,668,682,even_insertion_2x_half_pixel_aligned,21.40691718789479,0.6356995760789179,20.139115751414266,0.6168994702594484,22829.3238632,22777.171480999998,199.52622961464564,22515.180568,23211.523317,3,10,1004,1024,334,341,2026-08-31T18:57:25.933577+00:00,3.12.3,2.5.2,12.3.0,0.26.0,Linux-7.0.0-1011-aws-x86_64-with-glibc2.39,x86_64,m7i.2xlarge,parallel_process_workers,4
Urban100,img_084.png,x3,nedi,prepared_bicubic_lr,img_084.png,3,native_nedi_grid_then_full_target_size_adjustment,gaussian_11x11_sigma_1.5_population_covariance,8,8.0,native_x2_then_bicubic_to_target,1,253991,250134,98028,0,True,682,682,even_insertion_2x_half_pixel_aligned,27.886510437632058,0.7862360610962963,26.37934728403551,0.7550959620477941,23346.9177338,23395.582019,174.98383540837833,23029.220572,23599.507928,3,10,1024,1024,341,341,2026-08-31T18:58:20.490257+00:00,3.12.3,2.5.2,12.3.0,0.26.0,Linux-7.0.0-1011-aws-x86_64-with-glibc2.39,x86_64,m7i.2xlarge,parallel_process_workers,4
Urban100,img_085.png,x3,nedi,prepared_bicubic_lr,img_085.png,3,native_nedi_grid_then_full_target_size_adjustment,gaussian_11x11_sigma_1.5_population_covariance,8,8.0,native_x2_then_bicubic_to_target,1,87389,86924,142686,0,True,682,450,even_insertion_2x_half_pixel_aligned,27.321176455300794,0.8771608806121258,25.759818904835544,0.857225809531751,13093.6373349,13105.438974,116.53141687962719,12868.097251,13341.431013,3,10,1024,676,341,225,2026-08-31T18:58:18.687157+00:00,3.12.3,2.5.2,12.3.0,0.26.0,Linux-7.0.0-1011-aws-x86_64-with-glibc2.39,x86_64,m7i.2xlarge,parallel_process_workers,4
Urban100,img_086.png,x3,nedi,prepared_bicubic_lr,img_086.png,3,native_nedi_grid_then_full_target_size_adjustment,gaussian_11x11_sigma_1.5_population_covariance,8,8.0,native_x2_then_bicubic_to_target,1,89293,87973,173319,0,True,682,512,even_insertion_2x_half_pixel_aligned,29.154174293893558,0.8644231128904337,27.74136211349378,0.8462418517389091,14623.9671053,14654.686506999999,157.2859336137856,14436.725496,14948.314547,3,10,1024,768,341,256,2026-08-31T18:58:41.768423+00:00,3.12.3,2.5.2,12.3.0,0.26.0,Linux-7.0.0-1011-aws-x86_64-with-glibc2.39,x86_64,m7i.2xlarge,parallel_process_workers,4
Urban100,img_087.png,x3,nedi,prepared_bicubic_lr,img_087.png,3,native_nedi_grid_then_full_target_size_adjustment,gaussian_11x11_sigma_1.5_population_covariance,8,8.0,native_x2_then_bicubic_to_target,1,171759,169748,178414,0,True,682,682,even_insertion_2x_half_pixel_aligned,24.245296648543597,0.8013565364873446,22.93113788173749,0.7750220331543248,21675.182395800002,21780.364150499998,433.385192874997,21119.971194,22432.794767,3,10,1024,1024,341,341,2026-08-31T19:02:07.245911+00:00,3.12.3,2.5.2,12.3.0,0.26.0,Linux-7.0.0-1011-aws-x86_64-with-glibc2.39,x86_64,m7i.2xlarge,parallel_process_workers,4
Urban100,img_088.png,x3,nedi,prepared_bicubic_lr,img_088.png,3,native_nedi_grid_then_full_target_size_adjustment,gaussian_11x11_sigma_1.5_population_covariance,8,8.0,native_x2_then_bicubic_to_target,1,199809,196005,32583,0,True,682,448,even_insertion_2x_half_pixel_aligned,19.36108920414207,0.502124930032455,18.00365655751718,0.4845674791877032,16434.4678982,16569.347274,394.0267912203583,15770.759972,17069.370742,3,10,1024,672,341,224,2026-08-31T19:01:51.701281+00:00,3.12.3,2.5.2,12.3.0,0.26.0,Linux-7.0.0-1011-aws-x86_64-with-glibc2.39,x86_64,m7i.2xlarge,parallel_process_workers,4
Urban100,img_089.png,x3,nedi,prepared_bicubic_lr,img_089.png,3,native_nedi_grid_then_full_target_size_adjustment,gaussian_11x11_sigma_1.5_population_covariance,8,8.0,native_x2_then_bicubic_to_target,1,178686,175762,85530,0,True,512,682,even_insertion_2x_half_pixel_aligned,26.4189414046994,0.6970484225063976,25.055475160676934,0.6748724011513327,17579.7459181,17593.9471165,314.98834876190625,16966.277821,18202.201962,3,10,768,1024,256,341,2026-08-31T19:02:08.323958+00:00,3.12.3,2.5.2,12.3.0,0.26.0,Linux-7.0.0-1011-aws-x86_64-with-glibc2.39,x86_64,m7i.2xlarge,parallel_process_workers,4
Urban100,img_090.png,x3,nedi,prepared_bicubic_lr,img_090.png,3,native_nedi_grid_then_full_target_size_adjustment,gaussian_11x11_sigma_1.5_population_covariance,8,8.0,native_x2_then_bicubic_to_target,1,78293,77233,153399,0,True,682,452,even_insertion_2x_half_pixel_aligned,32.561630798147135,0.9331668626985481,31.05651734502507,0.9201048508556697,13326.4880799,13336.670249499999,248.05344776836347,12857.62295,13790.107488,3,10,1024,680,341,226,2026-08-31T19:01:34.470099+00:00,3.12.3,2.5.2,12.3.0,0.26.0,Linux-7.0.0-1011-aws-x86_64-with-glibc2.39,x86_64,m7i.2xlarge,parallel_process_workers,4
Urban100,img_091.png,x3,nedi,prepared_bicubic_lr,img_091.png,3,native_nedi_grid_then_full_target_size_adjustment,gaussian_11x11_sigma_1.5_population_covariance,8,8.0,native_x2_then_bicubic_to_target,1,182432,179102,51530,0,True,682,452,even_insertion_2x_half_pixel_aligned,23.08553742814879,0.6119542439169553,21.274085263110464,0.5788449032088742,16262.1863395,16206.574026,131.0326540951317,16030.586866,16446.231358,3,10,1024,680,341,226,2026-08-31T19:05:06.424701+00:00,3.12.3,2.5.2,12.3.0,0.26.0,Linux-7.0.0-1011-aws-x86_64-with-glibc2.39,x86_64,m7i.2xlarge,parallel_process_workers,4
Urban100,img_092.png,x3,nedi,prepared_bicubic_lr,img_092.png,3,native_nedi_grid_then_full_target_size_adjustment,gaussian_11x11_sigma_1.5_population_covariance,8,8.0,native_x2_then_bicubic_to_target,1,149523,147585,87135,0,True,682,460,even_insertion_2x_half_pixel_aligned,17.574817246579688,0.537675931932696,16.250656049726903,0.5165849016539634,15665.2413451,15658.0634045,143.03567924476806,15461.7358,15917.102476,3,10,1024,692,341,230,2026-08-31T19:05:15.287766+00:00,3.12.3,2.5.2,12.3.0,0.26.0,Linux-7.0.0-1011-aws-x86_64-with-glibc2.39,x86_64,m7i.2xlarge,parallel_process_workers,4
Urban100,img_093.png,x3,nedi,prepared_bicubic_lr,img_093.png,3,native_nedi_grid_then_full_target_size_adjustment,gaussian_11x11_sigma_1.5_population_covariance,8,8.0,native_x2_then_bicubic_to_target,1,131854,129339,131953,0,True,682,512,even_insertion_2x_half_pixel_aligned,26.65983520744806,0.892674760880413,25.268842756147794,0.874140995270409,16564.965066,16542.695578500003,219.7457052927529,16219.306644,16970.18165,3,10,1024,768,341,256,2026-08-31T19:05:42.824972+00:00,3.12.3,2.5.2,12.3.0,0.26.0,Linux-7.0.0-1011-aws-x86_64-with-glibc2.39,x86_64,m7i.2xlarge,parallel_process_workers,4
Urban100,img_094.png,x3,nedi,prepared_bicubic_lr,img_094.png,3,native_nedi_grid_then_full_target_size_adjustment,gaussian_11x11_sigma_1.5_population_covariance,8,8.0,native_x2_then_bicubic_to_target,1,127891,125953,135339,0,True,682,512,even_insertion_2x_half_pixel_aligned,26.24542739968784,0.75273925842951,24.877302685137007,0.7160386970916749,16509.2809815,16483.504742999998,214.29365787269995,16133.507637,16842.539003,3,10,1024,768,341,256,2026-08-31T19:05:43.061687+00:00,3.12.3,2.5.2,12.3.0,0.26.0,Linux-7.0.0-1011-aws-x86_64-with-glibc2.39,x86_64,m7i.2xlarge,parallel_process_workers,4
Urban100,img_095.png,x3,nedi,prepared_bicubic_lr,img_095.png,3,native_nedi_grid_then_full_target_size_adjustment,gaussian_11x11_sigma_1.5_population_covariance,8,8.0,native_x2_then_bicubic_to_target,1,228972,224819,36473,0,True,682,512,even_insertion_2x_half_pixel_aligned,19.406865910920814,0.3699982832212644,18.08494459904408,0.3497034739228828,19376.5873135,19449.007215,366.8175848343138,18876.404222,19936.292417,3,10,1024,768,341,256,2026-08-31T19:09:19.756469+00:00,3.12.3,2.5.2,12.3.0,0.26.0,Linux-7.0.0-1011-aws-x86_64-with-glibc2.39,x86_64,m7i.2xlarge,parallel_process_workers,4
Urban100,img_096.png,x3,nedi,prepared_bicubic_lr,img_096.png,3,native_nedi_grid_then_full_target_size_adjustment,gaussian_11x11_sigma_1.5_population_covariance,8,8.0,native_x2_then_bicubic_to_target,1,140209,138889,122403,0,True,682,512,even_insertion_2x_half_pixel_aligned,22.759951009137023,0.7679574141292028,21.4462756375231,0.7509898132415601,16989.1671156,16920.6279575,281.38070672677804,16566.67846,17473.289519,3,10,1024,768,341,256,2026-08-31T19:08:57.067838+00:00,3.12.3,2.5.2,12.3.0,0.26.0,Linux-7.0.0-1011-aws-x86_64-with-glibc2.39,x86_64,m7i.2xlarge,parallel_process_workers,4
Urban100,img_097.png,x3,nedi,prepared_bicubic_lr,img_097.png,3,native_nedi_grid_then_full_target_size_adjustment,gaussian_11x11_sigma_1.5_population_covariance,8,8.0,native_x2_then_bicubic_to_target,1,153659,151338,79294,0,True,682,452,even_insertion_2x_half_pixel_aligned,23.978089349116686,0.7077810355983997,22.563066130087414,0.6886865143894637,15744.5074408,15726.445033,243.4732810174017,15411.169267,16091.320893,3,10,1024,680,341,226,2026-08-31T19:09:07.946965+00:00,3.12.3,2.5.2,12.3.0,0.26.0,Linux-7.0.0-1011-aws-x86_64-with-glibc2.39,x86_64,m7i.2xlarge,parallel_process_workers,4
Urban100,img_098.png,x3,nedi,prepared_bicubic_lr,img_098.png,3,native_nedi_grid_then_full_target_size_adjustment,gaussian_11x11_sigma_1.5_population_covariance,8,8.0,native_x2_then_bicubic_to_target,1,192610,189035,41597,0,True,682,452,even_insertion_2x_half_pixel_aligned,20.31689703687823,0.4709392497814208,18.94099385664752,0.45006059533198456,16777.245274,16876.025113,364.2747651284792,16301.651037,17262.985202,3,10,1024,680,341,226,2026-08-31T19:09:21.809757+00:00,3.12.3,2.5.2,12.3.0,0.26.0,Linux-7.0.0-1011-aws-x86_64-with-glibc2.39,x86_64,m7i.2xlarge,parallel_process_workers,4
Urban100,img_099.png,x3,nedi,prepared_bicubic_lr,img_099.png,3,native_nedi_grid_then_full_target_size_adjustment,gaussian_11x11_sigma_1.5_population_covariance,8,8.0,native_x2_then_bicubic_to_target,1,178535,176912,96644,0,True,682,536,even_insertion_2x_half_pixel_aligned,23.297926391008723,0.6600564201945759,21.24265538622282,0.6163530716346427,17494.4976801,17485.3147915,223.2460913344456,17149.956603,17822.264878,3,10,1024,804,341,268,2026-08-31T19:12:46.529855+00:00,3.12.3,2.5.2,12.3.0,0.26.0,Linux-7.0.0-1011-aws-x86_64-with-glibc2.39,x86_64,m7i.2xlarge,parallel_process_workers,4
Urban100,img_100.png,x3,nedi,prepared_bicubic_lr,img_100.png,3,native_nedi_grid_then_full_target_size_adjustment,gaussian_11x11_sigma_1.5_population_covariance,8,8.0,native_x2_then_bicubic_to_target,1,207503,203772,144390,0,True,682,682,even_insertion_2x_half_pixel_aligned,23.73311647176086,0.6744328266428085,20.658876247544896,0.6055670562028058,21932.5679537,21965.1545885,314.65110357501493,21288.863098,22411.280295,3,10,1024,1024,341,341,2026-08-31T19:13:54.710853+00:00,3.12.3,2.5.2,12.3.0,0.26.0,Linux-7.0.0-1011-aws-x86_64-with-glibc2.39,x86_64,m7i.2xlarge,parallel_process_workers,4
Set5,baby.png,x4,nedi,prepared_bicubic_lr,baby.png,4,native_nedi_grid_then_full_target_size_adjustment,gaussian_11x11_sigma_1.5_population_covariance,8,8.0,native_x2_twice_then_bicubic_to_target,2,86707,84825,160169,0,False,512,512,even_insertion_2x_half_pixel_aligned,30.831988364533828,0.8380770759868341,29.209853709348927,0.8004776219240456,13407.7513205,13376.363375,175.6090319215746,13173.72706,13710.619155,3,10,512,512,128,128,2026-08-31T19:16:50.701172+00:00,3.12.3,2.5.2,12.3.0,0.26.0,Linux-7.0.0-1011-aws-x86_64-with-glibc2.39,x86_64,m7i.2xlarge,parallel_process_workers,4
Set5,bird.png,x4,nedi,prepared_bicubic_lr,bird.png,4,native_nedi_grid_then_full_target_size_adjustment,gaussian_11x11_sigma_1.5_population_covariance,8,8.0,native_x2_twice_then_bicubic_to_target,2,42153,39925,37405,0,False,288,288,even_insertion_2x_half_pixel_aligned,29.198317979410163,0.8524626306634396,27.23615131936338,0.7925090029405575,4597.7684728,4579.3234649999995,79.5470697045747,4507.799903,4766.049438,3,10,288,288,72,72,2026-08-31T19:14:54.510739+00:00,3.12.3,2.5.2,12.3.0,0.26.0,Linux-7.0.0-1011-aws-x86_64-with-glibc2.39,x86_64,m7i.2xlarge,parallel_process_workers,4
Set5,butterfly.png,x4,nedi,prepared_bicubic_lr,butterfly.png,4,native_nedi_grid_then_full_target_size_adjustment,gaussian_11x11_sigma_1.5_population_covariance,8,8.0,native_x2_twice_then_bicubic_to_target,2,40611,38538,22520,0,False,256,256,even_insertion_2x_half_pixel_aligned,21.55821999019277,0.7347195649140619,20.290686853023395,0.695115514318774,3729.69171,3734.162456,83.36190757697082,3595.320299,3855.248973,3,10,256,256,64,64,2026-08-31T19:14:43.189466+00:00,3.12.3,2.5.2,12.3.0,0.26.0,Linux-7.0.0-1011-aws-x86_64-with-glibc2.39,x86_64,m7i.2xlarge,parallel_process_workers,4
Set5,head.png,x4,nedi,prepared_bicubic_lr,head.png,4,native_nedi_grid_then_full_target_size_adjustment,gaussian_11x11_sigma_1.5_population_covariance,8,8.0,native_x2_twice_then_bicubic_to_target,2,23564,22495,50587,0,False,280,280,even_insertion_2x_half_pixel_aligned,31.13910424260935,0.7421576277960031,28.360845794945625,0.6503278762049712,3944.3890314,3910.0554285,95.95346388212177,3826.281288,4145.369527,3,10,280,280,70,70,2026-08-31T19:14:45.943366+00:00,3.12.3,2.5.2,12.3.0,0.26.0,Linux-7.0.0-1011-aws-x86_64-with-glibc2.39,x86_64,m7i.2xlarge,parallel_process_workers,4
Set5,woman.png,x4,nedi,prepared_bicubic_lr,woman.png,4,native_nedi_grid_then_full_target_size_adjustment,gaussian_11x11_sigma_1.5_population_covariance,8,8.0,native_x2_twice_then_bicubic_to_target,2,36342,34577,38526,0,False,228,344,even_insertion_2x_half_pixel_aligned,26.00895498061011,0.8241787696067461,24.588362848031476,0.7921733210358838,4135.8057285,4095.8693384999997,102.18375860020149,4040.776189,4378.796959,3,10,228,344,57,86,2026-08-31T19:15:37.002980+00:00,3.12.3,2.5.2,12.3.0,0.26.0,Linux-7.0.0-1011-aws-x86_64-with-glibc2.39,x86_64,m7i.2xlarge,parallel_process_workers,4
Set14,baboon.png,x4,nedi,prepared_bicubic_lr,baboon.png,4,native_nedi_grid_then_full_target_size_adjustment,gaussian_11x11_sigma_1.5_population_covariance,8,8.0,native_x2_twice_then_bicubic_to_target,2,121871,118047,106220,0,False,500,480,even_insertion_2x_half_pixel_aligned,22.24466264725708,0.4304258301714042,20.231857919376765,0.36868811021153264,13793.0531161,13790.594077,198.69461618820284,13527.948017,14049.218856,3,10,500,480,125,120,2026-08-31T19:19:50.303083+00:00,3.12.3,2.5.2,12.3.0,0.26.0,Linux-7.0.0-1011-aws-x86_64-with-glibc2.39,x86_64,m7i.2xlarge,parallel_process_workers,4
Set14,barbara.png,x4,nedi,prepared_bicubic_lr,barbara.png,4,native_nedi_grid_then_full_target_size_adjustment,gaussian_11x11_sigma_1.5_population_covariance,8,8.0,native_x2_twice_then_bicubic_to_target,2,172160,167788,220042,0,False,720,576,even_insertion_2x_half_pixel_aligned,25.023829232626085,0.6832749697058657,23.443949116491414,0.6427374887819597,23462.7500924,23394.324613999997,409.54966383290247,22804.558909,24113.912909,3,10,720,576,180,144,2026-08-31T19:21:54.721207+00:00,3.12.3,2.5.2,12.3.0,0.26.0,Linux-7.0.0-1011-aws-x86_64-with-glibc2.39,x86_64,m7i.2xlarge,parallel_process_workers,4
Set14,bridge.png,x4,nedi,prepared_bicubic_lr,bridge.png,4,native_nedi_grid_then_full_target_size_adjustment,gaussian_11x11_sigma_1.5_population_covariance,8,8.0,native_x2_twice_then_bicubic_to_target,2,149175,144662,100332,0,False,512,512,even_insertion_2x_half_pixel_aligned,24.002490662770782,0.5278238780601857,22.680569350894046,0.4984706010081555,15527.9023227,15626.388887000001,267.0935885740811,15076.426731,15868.945996,3,10,512,512,128,128,2026-08-31T19:20:12.541659+00:00,3.12.3,2.5.2,12.3.0,0.26.0,Linux-7.0.0-1011-aws-x86_64-with-glibc2.39,x86_64,m7i.2xlarge,parallel_process_workers,4
Set14,coastguard.png,x4,nedi,prepared_bicubic_lr,coastguard.png,4,native_nedi_grid_then_full_target_size_adjustment,gaussian_11x11_sigma_1.5_population_covariance,8,8.0,native_x2_twice_then_bicubic_to_target,2,33233,31038,63524,0,False,352,288,even_insertion_2x_half_pixel_aligned,25.13866465796912,0.5018890294835224,23.77513915987337,0.4555537683192042,5125.8656313,5098.0456030000005,73.41860324690506,5039.164107,5289.699957,3,10,352,288,88,72,2026-08-31T19:17:57.930419+00:00,3.12.3,2.5.2,12.3.0,0.26.0,Linux-7.0.0-1011-aws-x86_64-with-glibc2.39,x86_64,m7i.2xlarge,parallel_process_workers,4
Set14,comic.png,x4,nedi,prepared_bicubic_lr,comic.png,4,native_nedi_grid_then_full_target_size_adjustment,gaussian_11x11_sigma_1.5_population_covariance,8,8.0,native_x2_twice_then_bicubic_to_target,2,61802,58926,24320,0,True,248,360,even_insertion_2x_half_pixel_aligned,21.18477334508009,0.541210330789411,19.692087522302653,0.521899178670416,5423.7926501,5386.8994475,94.36190275503435,5297.967481,5591.836388,3,10,250,361,62,90,2026-08-31T19:19:08.210110+00:00,3.12.3,2.5.2,12.3.0,0.26.0,Linux-7.0.0-1011-aws-x86_64-with-glibc2.39,x86_64,m7i.2xlarge,parallel_process_workers,4
Set14,face.png,x4,nedi,prepared_bicubic_lr,face.png,4,native_nedi_grid_then_full_target_size_adjustment,gaussian_11x11_sigma_1.5_population_covariance,8,8.0,native_x2_twice_then_bicubic_to_target,2,23015,21977,49026,0,False,276,276,even_insertion_2x_half_pixel_aligned,31.10680245553166,0.740739467682832,28.326544782154638,0.6488980082125585,3871.3411904,3872.057107,27.57810814906093,3825.110559,3910.241568,3,10,276,276,69,69,2026-08-31T19:19:58.639715+00:00,3.12.3,2.5.2,12.3.0,0.26.0,Linux-7.0.0-1011-aws-x86_64-with-glibc2.39,x86_64,m7i.2xlarge,parallel_process_workers,4
Set14,flowers.png,x4,nedi,prepared_bicubic_lr,flowers.png,4,native_nedi_grid_then_full_target_size_adjustment,gaussian_11x11_sigma_1.5_population_covariance,8,8.0,native_x2_twice_then_bicubic_to_target,2,87632,86160,81947,0,True,500,360,even_insertion_2x_half_pixel_aligned,24.872459220593264,0.6924526284068973,23.10096890258382,0.6616147863124408,10485.6091585,10483.693335,161.60142757886916,10250.146941,10714.317457,3,10,500,362,125,90,2026-08-31T19:22:06.400817+00:00,3.12.3,2.5.2,12.3.0,0.26.0,Linux-7.0.0-1011-aws-x86_64-with-glibc2.39,x86_64,m7i.2xlarge,parallel_process_workers,4
Set14,foreman.png,x4,nedi,prepared_bicubic_lr,foreman.png,4,native_nedi_grid_then_full_target_size_adjustment,gaussian_11x11_sigma_1.5_population_covariance,8,8.0,native_x2_twice_then_bicubic_to_target,2,39199,36664,57898,0,False,352,288,even_insertion_2x_half_pixel_aligned,29.174636827974453,0.865957471579521,27.570064768529857,0.843936917962875,5505.3628211,5488.891633499999,94.13960564670738,5379.242514,5669.50349,3,10,352,288,88,72,2026-08-31T19:21:09.960133+00:00,3.12.3,2.5.2,12.3.0,0.26.0,Linux-7.0.0-1011-aws-x86_64-with-glibc2.39,x86_64,m7i.2xlarge,parallel_process_workers,4
Set14,lenna.png,x4,nedi,prepared_bicubic_lr,lenna.png,4,native_nedi_grid_then_full_target_size_adjustment,gaussian_11x11_sigma_1.5_population_covariance,8,8.0,native_x2_twice_then_bicubic_to_target,2,87279,85687,159307,0,False,512,512,even_insertion_2x_half_pixel_aligned,29.47835301752125,0.806986897358518,27.74800425839473,0.7269121907226427,14166.941096300001,14111.4265295,208.03278366465193,13917.782281,14510.729075,3,10,512,512,128,128,2026-08-31T19:23:16.959438+00:00,3.12.3,2.5.2,12.3.0,0.26.0,Linux-7.0.0-1011-aws-x86_64-with-glibc2.39,x86_64,m7i.2xlarge,parallel_process_workers,4
Set14,man.png,x4,nedi,prepared_bicubic_lr,man.png,4,native_nedi_grid_then_full_target_size_adjustment,gaussian_11x11_sigma_1.5_population_covariance,8,8.0,native_x2_twice_then_bicubic_to_target,2,122008,118541,126453,0,False,512,512,even_insertion_2x_half_pixel_aligned,25.339950623574865,0.6550808555555087,24.018029311698122,0.6193566340626413,14993.5611733,14995.5387595,107.49897388549478,14792.367417,15153.186573,3,10,512,512,128,128,2026-08-31T19:24:26.121742+00:00,3.12.3,2.5.2,12.3.0,0.26.0,Linux-7.0.0-1011-aws-x86_64-with-glibc2.39,x86_64,m7i.2xlarge,parallel_process_workers,4
Set14,monarch.png,x4,nedi,prepared_bicubic_lr,monarch.png,4,native_nedi_grid_then_full_target_size_adjustment,gaussian_11x11_sigma_1.5_population_covariance,8,8.0,native_x2_twice_then_bicubic_to_target,2,139967,137960,229722,0,False,768,512,even_insertion_2x_half_pixel_aligned,26.6617843470696,0.8671534278925526,25.273037591100525,0.8448381554698327,21289.5070233,21284.7488495,408.50820329876683,20714.591352,21892.49658,3,10,768,512,192,128,2026-08-31T19:26:32.358653+00:00,3.12.3,2.5.2,12.3.0,0.26.0,Linux-7.0.0-1011-aws-x86_64-with-glibc2.39,x86_64,m7i.2xlarge,parallel_process_workers,4
Set14,pepper.png,x4,nedi,prepared_bicubic_lr,pepper.png,4,native_nedi_grid_then_full_target_size_adjustment,gaussian_11x11_sigma_1.5_population_covariance,8,8.0,native_x2_twice_then_bicubic_to_target,2,88336,85080,159914,0,False,512,512,even_insertion_2x_half_pixel_aligned,30.125444886240743,0.8316973546364672,27.99876200877119,0.736590776239716,14015.504376500001,13975.955191500001,152.64728899275661,13843.00245,14375.989047,3,10,512,512,128,128,2026-08-31T19:25:09.076877+00:00,3.12.3,2.5.2,12.3.0,0.26.0,Linux-7.0.0-1011-aws-x86_64-with-glibc2.39,x86_64,m7i.2xlarge,parallel_process_workers,4
Set14,ppt3.png,x4,nedi,prepared_bicubic_lr,ppt3.png,4,native_nedi_grid_then_full_target_size_adjustment,gaussian_11x11_sigma_1.5_population_covariance,8,8.0,native_x2_twice_then_bicubic_to_target,2,117421,117285,206549,0,True,528,656,even_insertion_2x_half_pixel_aligned,21.472999296090215,0.8074940195290495,19.890927091911184,0.7825438811976507,18625.742333,18743.577672,396.2847036244826,18049.375967,19213.708329,3,10,529,656,132,164,2026-08-31T19:27:19.131244+00:00,3.12.3,2.5.2,12.3.0,0.26.0,Linux-7.0.0-1011-aws-x86_64-with-glibc2.39,x86_64,m7i.2xlarge,parallel_process_workers,4
Set14,zebra.png,x4,nedi,prepared_bicubic_lr,zebra.png,4,native_nedi_grid_then_full_target_size_adjustment,gaussian_11x11_sigma_1.5_population_covariance,8,8.0,native_x2_twice_then_bicubic_to_target,2,121313,118191,93512,0,True,584,388,even_insertion_2x_half_pixel_aligned,23.930499636934115,0.6566502918178057,22.54530966646749,0.6216870610947353,13108.636365800001,12968.1697775,304.50237670582726,12763.105738,13632.763112,3,10,586,391,146,97,2026-08-31T19:27:17.642138+00:00,3.12.3,2.5.2,12.3.0,0.26.0,Linux-7.0.0-1011-aws-x86_64-with-glibc2.39,x86_64,m7i.2xlarge,parallel_process_workers,4
BSD100,101085.png,x4,nedi,prepared_bicubic_lr,101085.png,4,native_nedi_grid_then_full_target_size_adjustment,gaussian_11x11_sigma_1.5_population_covariance,8,8.0,native_x2_twice_then_bicubic_to_target,2,84245,80738,62664,0,True,320,480,even_insertion_2x_half_pixel_aligned,22.728526653277953,0.4699268489293523,21.41091199851622,0.42848865962261856,8970.3429718,8963.5563095,150.02713929832026,8765.042202,9208.523535,3,10,321,481,80,120,2026-08-31T19:29:18.295370+00:00,3.12.3,2.5.2,12.3.0,0.26.0,Linux-7.0.0-1011-aws-x86_64-with-glibc2.39,x86_64,m7i.2xlarge,parallel_process_workers,4
BSD100,101087.png,x4,nedi,prepared_bicubic_lr,101087.png,4,native_nedi_grid_then_full_target_size_adjustment,gaussian_11x11_sigma_1.5_population_covariance,8,8.0,native_x2_twice_then_bicubic_to_target,2,42684,41344,102058,0,True,320,480,even_insertion_2x_half_pixel_aligned,26.78099358270422,0.7476605033343633,25.381776069578677,0.7278979314110509,7882.4651604,7912.1321905,124.53587641364287,7686.319523,8056.889156,3,10,321,481,80,120,2026-08-31T19:29:04.136168+00:00,3.12.3,2.5.2,12.3.0,0.26.0,Linux-7.0.0-1011-aws-x86_64-with-glibc2.39,x86_64,m7i.2xlarge,parallel_process_workers,4
BSD100,102061.png,x4,nedi,prepared_bicubic_lr,102061.png,4,native_nedi_grid_then_full_target_size_adjustment,gaussian_11x11_sigma_1.5_population_covariance,8,8.0,native_x2_twice_then_bicubic_to_target,2,44915,44050,99352,0,True,320,480,even_insertion_2x_half_pixel_aligned,24.816609185748252,0.737922908250611,23.384128456416853,0.7126255850875318,7963.4218688,8001.2822445,123.89752694826518,7709.263969,8104.083993,3,10,321,481,80,120,2026-08-31T19:29:05.132921+00:00,3.12.3,2.5.2,12.3.0,0.26.0,Linux-7.0.0-1011-aws-x86_64-with-glibc2.39,x86_64,m7i.2xlarge,parallel_process_workers,4
BSD100,103070.png,x4,nedi,prepared_bicubic_lr,103070.png,4,native_nedi_grid_then_full_target_size_adjustment,gaussian_11x11_sigma_1.5_population_covariance,8,8.0,native_x2_twice_then_bicubic_to_target,2,63352,60901,82501,0,True,480,320,even_insertion_2x_half_pixel_aligned,28.727682983316114,0.7770492515563623,27.213205918341533,0.7514926321625556,8404.5021888,8452.0786415,166.26925574519186,8108.852253,8614.872989,3,10,481,321,120,80,2026-08-31T19:29:10.695619+00:00,3.12.3,2.5.2,12.3.0,0.26.0,Linux-7.0.0-1011-aws-x86_64-with-glibc2.39,x86_64,m7i.2xlarge,parallel_process_workers,4
BSD100,105025.png,x4,nedi,prepared_bicubic_lr,105025.png,4,native_nedi_grid_then_full_target_size_adjustment,gaussian_11x11_sigma_1.5_population_covariance,8,8.0,native_x2_twice_then_bicubic_to_target,2,72914,70501,72901,0,True,480,320,even_insertion_2x_half_pixel_aligned,25.011757940808543,0.6238912181594772,23.63044215735566,0.5963885481548122,8504.5370855,8440.2347785,152.82337820735543,8386.003159,8871.82801,3,10,481,321,120,80,2026-08-31T19:30:54.649626+00:00,3.12.3,2.5.2,12.3.0,0.26.0,Linux-7.0.0-1011-aws-x86_64-with-glibc2.39,x86_64,m7i.2xlarge,parallel_process_workers,4
BSD100,106024.png,x4,nedi,prepared_bicubic_lr,106024.png,4,native_nedi_grid_then_full_target_size_adjustment,gaussian_11x11_sigma_1.5_population_covariance,8,8.0,native_x2_twice_then_bicubic_to_target,2,39224,36912,106490,0,True,480,320,even_insertion_2x_half_pixel_aligned,30.921107166591085,0.861581002664126,29.245658705992057,0.840373953302147,7640.8937471,7578.372100500001,140.85387731258413,7514.895222,7933.109554,3,10,481,321,120,80,2026-08-31T19:30:44.370369+00:00,3.12.3,2.5.2,12.3.0,0.26.0,Linux-7.0.0-1011-aws-x86_64-with-glibc2.39,x86_64,m7i.2xlarge,parallel_process_workers,4
BSD100,108005.png,x4,nedi,prepared_bicubic_lr,108005.png,4,native_nedi_grid_then_full_target_size_adjustment,gaussian_11x11_sigma_1.5_population_covariance,8,8.0,native_x2_twice_then_bicubic_to_target,2,80264,77854,65548,0,True,480,320,even_insertion_2x_half_pixel_aligned,24.35608163694313,0.6305842683739474,23.054354634277644,0.5918104292115658,8691.2312444,8669.747546499999,105.88749520740642,8606.414987,8996.257038,3,10,481,321,120,80,2026-08-31T19:31:04.170290+00:00,3.12.3,2.5.2,12.3.0,0.26.0,Linux-7.0.0-1011-aws-x86_64-with-glibc2.39,x86_64,m7i.2xlarge,parallel_process_workers,4
BSD100,108070.png,x4,nedi,prepared_bicubic_lr,108070.png,4,native_nedi_grid_then_full_target_size_adjustment,gaussian_11x11_sigma_1.5_population_covariance,8,8.0,native_x2_twice_then_bicubic_to_target,2,72449,69958,73444,0,True,480,320,even_insertion_2x_half_pixel_aligned,22.12550317608735,0.4778599879094111,20.8199399064436,0.4364216980638284,8434.5568711,8440.8315195,32.75500456239793,8369.14763,8494.095032,3,10,481,321,120,80,2026-08-31T19:31:08.890213+00:00,3.12.3,2.5.2,12.3.0,0.26.0,Linux-7.0.0-1011-aws-x86_64-with-glibc2.39,x86_64,m7i.2xlarge,parallel_process_workers,4
BSD100,108082.png,x4,nedi,prepared_bicubic_lr,108082.png,4,native_nedi_grid_then_full_target_size_adjustment,gaussian_11x11_sigma_1.5_population_covariance,8,8.0,native_x2_twice_then_bicubic_to_target,2,66620,64884,78518,0,True,480,320,even_insertion_2x_half_pixel_aligned,25.60753136819585,0.7049356538231971,24.231721252792436,0.6738357366624298,8454.0833037,8435.526743999999,97.16121779716109,8308.465922,8632.236229,3,10,481,321,120,80,2026-08-31T19:32:33.936124+00:00,3.12.3,2.5.2,12.3.0,0.26.0,Linux-7.0.0-1011-aws-x86_64-with-glibc2.39,x86_64,m7i.2xlarge,parallel_process_workers,4
BSD100,109053.png,x4,nedi,prepared_bicubic_lr,109053.png,4,native_nedi_grid_then_full_target_size_adjustment,gaussian_11x11_sigma_1.5_population_covariance,8,8.0,native_x2_twice_then_bicubic_to_target,2,57010,55073,88329,0,True,480,320,even_insertion_2x_half_pixel_aligned,27.636817344386667,0.7313332468006547,26.196348938453472,0.7030950092806529,8161.8044725,8122.8364635,117.38457758085167,8016.160329,8368.572079,3,10,481,321,120,80,2026-08-31T19:32:40.641888+00:00,3.12.3,2.5.2,12.3.0,0.26.0,Linux-7.0.0-1011-aws-x86_64-with-glibc2.39,x86_64,m7i.2xlarge,parallel_process_workers,4
BSD100,119082.png,x4,nedi,prepared_bicubic_lr,119082.png,4,native_nedi_grid_then_full_target_size_adjustment,gaussian_11x11_sigma_1.5_population_covariance,8,8.0,native_x2_twice_then_bicubic_to_target,2,86760,83458,59944,0,True,480,320,even_insertion_2x_half_pixel_aligned,21.778312992175252,0.5702744694938243,20.472786052626574,0.5366134344417607,8880.4269517,8848.1369565,114.23191144555196,8731.348502,9091.589532,3,10,481,321,120,80,2026-08-31T19:32:59.824818+00:00,3.12.3,2.5.2,12.3.0,0.26.0,Linux-7.0.0-1011-aws-x86_64-with-glibc2.39,x86_64,m7i.2xlarge,parallel_process_workers,4
BSD100,12084.png,x4,nedi,prepared_bicubic_lr,12084.png,4,native_nedi_grid_then_full_target_size_adjustment,gaussian_11x11_sigma_1.5_population_covariance,8,8.0,native_x2_twice_then_bicubic_to_target,2,72082,69560,73842,0,True,480,320,even_insertion_2x_half_pixel_aligned,25.563358504765787,0.6057035055942733,23.976801423787602,0.5846675196962978,8550.5162245,8541.7519445,115.48468925493633,8384.391953,8827.407634,3,10,481,321,120,80,2026-08-31T19:33:00.414119+00:00,3.12.3,2.5.2,12.3.0,0.26.0,Linux-7.0.0-1011-aws-x86_64-with-glibc2.39,x86_64,m7i.2xlarge,parallel_process_workers,4
BSD100,123074.png,x4,nedi,prepared_bicubic_lr,123074.png,4,native_nedi_grid_then_full_target_size_adjustment,gaussian_11x11_sigma_1.5_population_covariance,8,8.0,native_x2_twice_then_bicubic_to_target,2,70641,67629,75773,0,True,480,320,even_insertion_2x_half_pixel_aligned,28.177123919516205,0.7284375678188157,26.71078486070244,0.7008032677366215,8485.6765511,8458.5589705,90.79007876607632,8358.587387,8616.692182,3,10,481,321,120,80,2026-08-31T19:34:24.264202+00:00,3.12.3,2.5.2,12.3.0,0.26.0,Linux-7.0.0-1011-aws-x86_64-with-glibc2.39,x86_64,m7i.2xlarge,parallel_process_workers,4
BSD100,126007.png,x4,nedi,prepared_bicubic_lr,126007.png,4,native_nedi_grid_then_full_target_size_adjustment,gaussian_11x11_sigma_1.5_population_covariance,8,8.0,native_x2_twice_then_bicubic_to_target,2,40420,39300,104102,0,True,480,320,even_insertion_2x_half_pixel_aligned,26.935740359440953,0.7557514534889348,25.404697158763998,0.7240925645444887,7683.0835265,7652.487778500001,93.42002618481749,7534.111491,7824.066814,3,10,481,321,120,80,2026-08-31T19:34:20.482307+00:00,3.12.3,2.5.2,12.3.0,0.26.0,Linux-7.0.0-1011-aws-x86_64-with-glibc2.39,x86_64,m7i.2xlarge,parallel_process_workers,4
BSD100,130026.png,x4,nedi,prepared_bicubic_lr,130026.png,4,native_nedi_grid_then_full_target_size_adjustment,gaussian_11x11_sigma_1.5_population_covariance,8,8.0,native_x2_twice_then_bicubic_to_target,2,69424,66947,76455,0,True,480,320,even_insertion_2x_half_pixel_aligned,23.853483606777864,0.5824312300201864,22.545069472921625,0.5453253468783785,8412.9881836,8422.95087,73.69150905232593,8279.33031,8524.667848,3,10,481,321,120,80,2026-08-31T19:34:49.331812+00:00,3.12.3,2.5.2,12.3.0,0.26.0,Linux-7.0.0-1011-aws-x86_64-with-glibc2.39,x86_64,m7i.2xlarge,parallel_process_workers,4
BSD100,134035.png,x4,nedi,prepared_bicubic_lr,134035.png,4,native_nedi_grid_then_full_target_size_adjustment,gaussian_11x11_sigma_1.5_population_covariance,8,8.0,native_x2_twice_then_bicubic_to_target,2,93566,90419,52983,0,True,480,320,even_insertion_2x_half_pixel_aligned,21.848306525574873,0.5802655298948793,20.396946830624508,0.5538394145515771,9124.6160662,9131.5592865,118.19102887774271,8937.037134,9366.347728,3,10,481,321,120,80,2026-08-31T19:34:59.150176+00:00,3.12.3,2.5.2,12.3.0,0.26.0,Linux-7.0.0-1011-aws-x86_64-with-glibc2.39,x86_64,m7i.2xlarge,parallel_process_workers,4
BSD100,14037.png,x4,nedi,prepared_bicubic_lr,14037.png,4,native_nedi_grid_then_full_target_size_adjustment,gaussian_11x11_sigma_1.5_population_covariance,8,8.0,native_x2_twice_then_bicubic_to_target,2,30732,29328,114074,0,True,480,320,even_insertion_2x_half_pixel_aligned,31.93066032211422,0.848689233193632,30.248384972326182,0.8102953262948601,7630.918167100001,7641.752445,54.771671847065505,7489.330184,7693.077013,3,10,481,321,120,80,2026-08-31T19:35:59.212295+00:00,3.12.3,2.5.2,12.3.0,0.26.0,Linux-7.0.0-1011-aws-x86_64-with-glibc2.39,x86_64,m7i.2xlarge,parallel_process_workers,4
BSD100,143090.png,x4,nedi,prepared_bicubic_lr,143090.png,4,native_nedi_grid_then_full_target_size_adjustment,gaussian_11x11_sigma_1.5_population_covariance,8,8.0,native_x2_twice_then_bicubic_to_target,2,30327,28919,114483,0,True,480,320,even_insertion_2x_half_pixel_aligned,30.958593003244857,0.8529324649522183,29.07369157988343,0.8294454891117807,7624.0442519,7636.1824685,59.32879725050805,7509.139805,7702.395867,3,10,481,321,120,80,2026-08-31T19:36:02.943212+00:00,3.12.3,2.5.2,12.3.0,0.26.0,Linux-7.0.0-1011-aws-x86_64-with-glibc2.39,x86_64,m7i.2xlarge,parallel_process_workers,4
BSD100,145086.png,x4,nedi,prepared_bicubic_lr,145086.png,4,native_nedi_grid_then_full_target_size_adjustment,gaussian_11x11_sigma_1.5_population_covariance,8,8.0,native_x2_twice_then_bicubic_to_target,2,51847,49830,93572,0,True,480,320,even_insertion_2x_half_pixel_aligned,24.03207929178378,0.6531734155593665,22.689338356363894,0.6105018576726227,8322.0735304,8285.18238,104.50406709146186,8154.779443,8512.282136,3,10,481,321,120,80,2026-08-31T19:36:37.410062+00:00,3.12.3,2.5.2,12.3.0,0.26.0,Linux-7.0.0-1011-aws-x86_64-with-glibc2.39,x86_64,m7i.2xlarge,parallel_process_workers,4
BSD100,147091.png,x4,nedi,prepared_bicubic_lr,147091.png,4,native_nedi_grid_then_full_target_size_adjustment,gaussian_11x11_sigma_1.5_population_covariance,8,8.0,native_x2_twice_then_bicubic_to_target,2,43116,41701,101701,0,True,480,320,even_insertion_2x_half_pixel_aligned,24.189130495614343,0.7338515905475733,22.771848580767966,0.7015639812949659,8062.5838936,8011.584114,120.19805075396394,7930.340886,8294.148212,3,10,481,321,120,80,2026-08-31T19:36:43.998532+00:00,3.12.3,2.5.2,12.3.0,0.26.0,Linux-7.0.0-1011-aws-x86_64-with-glibc2.39,x86_64,m7i.2xlarge,parallel_process_workers,4
BSD100,148026.png,x4,nedi,prepared_bicubic_lr,148026.png,4,native_nedi_grid_then_full_target_size_adjustment,gaussian_11x11_sigma_1.5_population_covariance,8,8.0,native_x2_twice_then_bicubic_to_target,2,94430,91004,52398,0,True,320,480,even_insertion_2x_half_pixel_aligned,20.18811879280372,0.5104767654203846,18.934345186661428,0.47146146500890573,9504.743904500001,9472.6066045,99.6091423167912,9367.515353,9688.480571,3,10,321,481,80,120,2026-08-31T19:38:03.320743+00:00,3.12.3,2.5.2,12.3.0,0.26.0,Linux-7.0.0-1011-aws-x86_64-with-glibc2.39,x86_64,m7i.2xlarge,parallel_process_workers,4
BSD100,148089.png,x4,nedi,prepared_bicubic_lr,148089.png,4,native_nedi_grid_then_full_target_size_adjustment,gaussian_11x11_sigma_1.5_population_covariance,8,8.0,native_x2_twice_then_bicubic_to_target,2,88668,85551,57851,0,True,480,320,even_insertion_2x_half_pixel_aligned,22.02835942280934,0.4781481955530311,20.731994351270238,0.4390503958945618,9361.5889294,9318.6620905,86.37997692213105,9272.305885,9533.855879,3,10,481,321,120,80,2026-08-31T19:38:04.938596+00:00,3.12.3,2.5.2,12.3.0,0.26.0,Linux-7.0.0-1011-aws-x86_64-with-glibc2.39,x86_64,m7i.2xlarge,parallel_process_workers,4
BSD100,156065.png,x4,nedi,prepared_bicubic_lr,156065.png,4,native_nedi_grid_then_full_target_size_adjustment,gaussian_11x11_sigma_1.5_population_covariance,8,8.0,native_x2_twice_then_bicubic_to_target,2,61848,59786,83616,0,True,480,320,even_insertion_2x_half_pixel_aligned,24.043425912109548,0.4860288163785785,22.717510913345688,0.44204382209692933,8597.6973587,8584.267334,65.91910822705721,8516.31153,8712.688051,3,10,481,321,120,80,2026-08-31T19:38:29.605100+00:00,3.12.3,2.5.2,12.3.0,0.26.0,Linux-7.0.0-1011-aws-x86_64-with-glibc2.39,x86_64,m7i.2xlarge,parallel_process_workers,4
BSD100,157055.png,x4,nedi,prepared_bicubic_lr,157055.png,4,native_nedi_grid_then_full_target_size_adjustment,gaussian_11x11_sigma_1.5_population_covariance,8,8.0,native_x2_twice_then_bicubic_to_target,2,73590,71293,72109,0,True,480,320,even_insertion_2x_half_pixel_aligned,24.57453400882652,0.6810891632504895,23.12299514071404,0.6532951462911673,8914.9789068,8907.8013075,75.00365035881178,8786.122673,9087.042903,3,10,481,321,120,80,2026-08-31T19:38:40.248041+00:00,3.12.3,2.5.2,12.3.0,0.26.0,Linux-7.0.0-1011-aws-x86_64-with-glibc2.39,x86_64,m7i.2xlarge,parallel_process_workers,4
BSD100,159008.png,x4,nedi,prepared_bicubic_lr,159008.png,4,native_nedi_grid_then_full_target_size_adjustment,gaussian_11x11_sigma_1.5_population_covariance,8,8.0,native_x2_twice_then_bicubic_to_target,2,89314,85825,57577,0,True,480,320,even_insertion_2x_half_pixel_aligned,24.80241246148131,0.7143335549365009,23.55069714603159,0.669110405277836,9302.585014299999,9281.454406,88.28788266793738,9165.587266,9478.67721,3,10,481,321,120,80,2026-08-31T19:40:04.158897+00:00,3.12.3,2.5.2,12.3.0,0.26.0,Linux-7.0.0-1011-aws-x86_64-with-glibc2.39,x86_64,m7i.2xlarge,parallel_process_workers,4
BSD100,160068.png,x4,nedi,prepared_bicubic_lr,160068.png,4,native_nedi_grid_then_full_target_size_adjustment,gaussian_11x11_sigma_1.5_population_covariance,8,8.0,native_x2_twice_then_bicubic_to_target,2,49848,49215,94187,0,True,480,320,even_insertion_2x_half_pixel_aligned,25.01828119005888,0.7564224353643929,23.72961939589875,0.7285820184957985,8288.2565096,8257.005848,82.47714405091476,8180.625175,8414.872722,3,10,481,321,120,80,2026-08-31T19:39:52.545842+00:00,3.12.3,2.5.2,12.3.0,0.26.0,Linux-7.0.0-1011-aws-x86_64-with-glibc2.39,x86_64,m7i.2xlarge,parallel_process_workers,4
BSD100,16077.png,x4,nedi,prepared_bicubic_lr,16077.png,4,native_nedi_grid_then_full_target_size_adjustment,gaussian_11x11_sigma_1.5_population_covariance,8,8.0,native_x2_twice_then_bicubic_to_target,2,71223,68449,74953,0,True,480,320,even_insertion_2x_half_pixel_aligned,25.908517973686802,0.6510452642934343,24.540927513489027,0.6128496759498927,8838.6839097,8802.5308325,132.06029077025875,8642.841875,9117.008451,3,10,481,321,120,80,2026-08-31T19:40:24.496046+00:00,3.12.3,2.5.2,12.3.0,0.26.0,Linux-7.0.0-1011-aws-x86_64-with-glibc2.39,x86_64,m7i.2xlarge,parallel_process_workers,4
BSD100,163085.png,x4,nedi,prepared_bicubic_lr,163085.png,4,native_nedi_grid_then_full_target_size_adjustment,gaussian_11x11_sigma_1.5_population_covariance,8,8.0,native_x2_twice_then_bicubic_to_target,2,58060,55600,87802,0,True,480,320,even_insertion_2x_half_pixel_aligned,27.947367052091103,0.7311136199164772,26.430939419429535,0.6972360714321478,8464.3924369,8443.226644999999,82.94489492160116,8369.538356,8674.71072,3,10,481,321,120,80,2026-08-31T19:40:30.512283+00:00,3.12.3,2.5.2,12.3.0,0.26.0,Linux-7.0.0-1011-aws-x86_64-with-glibc2.39,x86_64,m7i.2xlarge,parallel_process_workers,4
BSD100,167062.png,x4,nedi,prepared_bicubic_lr,167062.png,4,native_nedi_grid_then_full_target_size_adjustment,gaussian_11x11_sigma_1.5_population_covariance,8,8.0,native_x2_twice_then_bicubic_to_target,2,16782,16399,127003,0,True,480,320,even_insertion_2x_half_pixel_aligned,28.107927001674298,0.8431086906488544,26.72662526923647,0.8036193118425997,7249.2462366,7261.6022045,85.67064870206339,7112.496683,7359.546751,3,10,481,321,120,80,2026-08-31T19:41:27.131203+00:00,3.12.3,2.5.2,12.3.0,0.26.0,Linux-7.0.0-1011-aws-x86_64-with-glibc2.39,x86_64,m7i.2xlarge,parallel_process_workers,4
BSD100,167083.png,x4,nedi,prepared_bicubic_lr,167083.png,4,native_nedi_grid_then_full_target_size_adjustment,gaussian_11x11_sigma_1.5_population_covariance,8,8.0,native_x2_twice_then_bicubic_to_target,2,81023,78316,65086,0,True,320,480,even_insertion_2x_half_pixel_aligned,19.0880580422334,0.3973148191225119,17.770226803044093,0.37748289396044515,8881.7433283,8881.668850999999,135.92624471583142,8616.317273,9078.854296,3,10,321,481,80,120,2026-08-31T19:42:00.398915+00:00,3.12.3,2.5.2,12.3.0,0.26.0,Linux-7.0.0-1011-aws-x86_64-with-glibc2.39,x86_64,m7i.2xlarge,parallel_process_workers,4
BSD100,170057.png,x4,nedi,prepared_bicubic_lr,170057.png,4,native_nedi_grid_then_full_target_size_adjustment,gaussian_11x11_sigma_1.5_population_covariance,8,8.0,native_x2_twice_then_bicubic_to_target,2,59910,57501,85901,0,True,480,320,even_insertion_2x_half_pixel_aligned,27.905338706145265,0.734911906792784,26.524616955842767,0.6966047029535557,8293.2056112,8287.0521385,135.45974101830853,8103.581526,8562.199434,3,10,481,321,120,80,2026-08-31T19:42:12.901747+00:00,3.12.3,2.5.2,12.3.0,0.26.0,Linux-7.0.0-1011-aws-x86_64-with-glibc2.39,x86_64,m7i.2xlarge,parallel_process_workers,4
BSD100,175032.png,x4,nedi,prepared_bicubic_lr,175032.png,4,native_nedi_grid_then_full_target_size_adjustment,gaussian_11x11_sigma_1.5_population_covariance,8,8.0,native_x2_twice_then_bicubic_to_target,2,93414,90097,53305,0,True,320,480,even_insertion_2x_half_pixel_aligned,20.298435792699973,0.3084702891393759,18.994546836189073,0.2821932428140728,9124.8500259,9108.813976000001,96.53275425001041,8999.637041,9264.753643,3,10,321,481,80,120,2026-08-31T19:42:30.123200+00:00,3.12.3,2.5.2,12.3.0,0.26.0,Linux-7.0.0-1011-aws-x86_64-with-glibc2.39,x86_64,m7i.2xlarge,parallel_process_workers,4
BSD100,175043.png,x4,nedi,prepared_bicubic_lr,175043.png,4,native_nedi_grid_then_full_target_size_adjustment,gaussian_11x11_sigma_1.5_population_covariance,8,8.0,native_x2_twice_then_bicubic_to_target,2,102862,99251,44151,0,True,480,320,even_insertion_2x_half_pixel_aligned,23.439822040127893,0.5195399412800251,22.107159498229798,0.4886562074365208,9325.4664037,9305.306129,127.43174266560398,9206.992934,9676.559192,3,10,481,321,120,80,2026-08-31T19:43:28.808609+00:00,3.12.3,2.5.2,12.3.0,0.26.0,Linux-7.0.0-1011-aws-x86_64-with-glibc2.39,x86_64,m7i.2xlarge,parallel_process_workers,4
BSD100,182053.png,x4,nedi,prepared_bicubic_lr,182053.png,4,native_nedi_grid_then_full_target_size_adjustment,gaussian_11x11_sigma_1.5_population_covariance,8,8.0,native_x2_twice_then_bicubic_to_target,2,64165,62001,81401,0,True,480,320,even_insertion_2x_half_pixel_aligned,22.926573571425898,0.6637872778831491,21.596078495173288,0.6384096987580824,8258.4306013,8212.2553685,98.60076695270827,8171.46355,8489.699782,3,10,481,321,120,80,2026-08-31T19:43:47.707419+00:00,3.12.3,2.5.2,12.3.0,0.26.0,Linux-7.0.0-1011-aws-x86_64-with-glibc2.39,x86_64,m7i.2xlarge,parallel_process_workers,4
BSD100,189080.png,x4,nedi,prepared_bicubic_lr,189080.png,4,native_nedi_grid_then_full_target_size_adjustment,gaussian_11x11_sigma_1.5_population_covariance,8,8.0,native_x2_twice_then_bicubic_to_target,2,40189,38720,104682,0,True,320,480,even_insertion_2x_half_pixel_aligned,30.492973523289713,0.8466511525221107,28.976704992858814,0.8126086488668315,7749.8197328,7699.5411195,112.63127797788792,7653.097844,8056.754429,3,10,321,481,80,120,2026-08-31T19:43:53.554615+00:00,3.12.3,2.5.2,12.3.0,0.26.0,Linux-7.0.0-1011-aws-x86_64-with-glibc2.39,x86_64,m7i.2xlarge,parallel_process_workers,4
BSD100,19021.png,x4,nedi,prepared_bicubic_lr,19021.png,4,native_nedi_grid_then_full_target_size_adjustment,gaussian_11x11_sigma_1.5_population_covariance,8,8.0,native_x2_twice_then_bicubic_to_target,2,66643,64605,78797,0,True,480,320,even_insertion_2x_half_pixel_aligned,24.90149706070216,0.6457489035897501,23.493690519844886,0.6101115139916826,8430.5236743,8399.9380325,82.84261722893869,8351.653,8621.991869,3,10,481,321,120,80,2026-08-31T19:44:19.667772+00:00,3.12.3,2.5.2,12.3.0,0.26.0,Linux-7.0.0-1011-aws-x86_64-with-glibc2.39,x86_64,m7i.2xlarge,parallel_process_workers,4
BSD100,196073.png,x4,nedi,prepared_bicubic_lr,196073.png,4,native_nedi_grid_then_full_target_size_adjustment,gaussian_11x11_sigma_1.5_population_covariance,8,8.0,native_x2_twice_then_bicubic_to_target,2,15479,14877,128525,0,True,480,320,even_insertion_2x_half_pixel_aligned,27.3125751823615,0.4723908553584511,25.91332645187201,0.41365396979051555,6951.1121518,6935.6436335,44.818867476818184,6897.648516,7024.938343,3,10,481,321,120,80,2026-08-31T19:44:59.640603+00:00,3.12.3,2.5.2,12.3.0,0.26.0,Linux-7.0.0-1011-aws-x86_64-with-glibc2.39,x86_64,m7i.2xlarge,parallel_process_workers,4
BSD100,197017.png,x4,nedi,prepared_bicubic_lr,197017.png,4,native_nedi_grid_then_full_target_size_adjustment,gaussian_11x11_sigma_1.5_population_covariance,8,8.0,native_x2_twice_then_bicubic_to_target,2,45550,44074,99328,0,True,480,320,even_insertion_2x_half_pixel_aligned,26.421990075754298,0.6489442328147366,25.033034737817314,0.6127598216629921,7786.4032225,7781.1762775,77.7368313116806,7653.073716,7943.945066,3,10,481,321,120,80,2026-08-31T19:45:29.066532+00:00,3.12.3,2.5.2,12.3.0,0.26.0,Linux-7.0.0-1011-aws-x86_64-with-glibc2.39,x86_64,m7i.2xlarge,parallel_process_workers,4
BSD100,208001.png,x4,nedi,prepared_bicubic_lr,208001.png,4,native_nedi_grid_then_full_target_size_adjustment,gaussian_11x11_sigma_1.5_population_covariance,8,8.0,native_x2_twice_then_bicubic_to_target,2,60312,57613,85789,0,True,320,480,even_insertion_2x_half_pixel_aligned,26.64919496807968,0.6451123211820213,25.39444344717884,0.6003879897326858,8234.5644301,8228.452375,67.18879433065595,8151.021494,8337.319406,3,10,321,481,80,120,2026-08-31T19:45:40.762777+00:00,3.12.3,2.5.2,12.3.0,0.26.0,Linux-7.0.0-1011-aws-x86_64-with-glibc2.39,x86_64,m7i.2xlarge,parallel_process_workers,4
BSD100,210088.png,x4,nedi,prepared_bicubic_lr,210088.png,4,native_nedi_grid_then_full_target_size_adjustment,gaussian_11x11_sigma_1.5_population_covariance,8,8.0,native_x2_twice_then_bicubic_to_target,2,67337,64329,79073,0,True,320,480,even_insertion_2x_half_pixel_aligned,28.44515719960386,0.846915710106877,26.824138926674294,0.8214795721776054,8410.2485456,8387.7699775,78.88772875189021,8293.344832,8519.858037,3,10,321,481,80,120,2026-08-31T19:46:09.102309+00:00,3.12.3,2.5.2,12.3.0,0.26.0,Linux-7.0.0-1011-aws-x86_64-with-glibc2.39,x86_64,m7i.2xlarge,parallel_process_workers,4
BSD100,21077.png,x4,nedi,prepared_bicubic_lr,21077.png,4,native_nedi_grid_then_full_target_size_adjustment,gaussian_11x11_sigma_1.5_population_covariance,8,8.0,native_x2_twice_then_bicubic_to_target,2,57749,56119,87283,0,True,480,320,even_insertion_2x_half_pixel_aligned,24.398442641458647,0.6460979977681762,23.025557857063433,0.6047424542831912,8095.8458621,8087.9400165,61.31438055666256,7991.380977,8188.602392,3,10,481,321,120,80,2026-08-31T19:46:45.392099+00:00,3.12.3,2.5.2,12.3.0,0.26.0,Linux-7.0.0-1011-aws-x86_64-with-glibc2.39,x86_64,m7i.2xlarge,parallel_process_workers,4
BSD100,216081.png,x4,nedi,prepared_bicubic_lr,216081.png,4,native_nedi_grid_then_full_target_size_adjustment,gaussian_11x11_sigma_1.5_population_covariance,8,8.0,native_x2_twice_then_bicubic_to_target,2,65180,63614,79788,0,True,480,320,even_insertion_2x_half_pixel_aligned,23.915522017585836,0.6122259021260323,22.63904291644399,0.5717392866307858,8315.9717194,8280.3803835,90.61090757484894,8223.696059,8556.18417,3,10,481,321,120,80,2026-08-31T19:47:17.320023+00:00,3.12.3,2.5.2,12.3.0,0.26.0,Linux-7.0.0-1011-aws-x86_64-with-glibc2.39,x86_64,m7i.2xlarge,parallel_process_workers,4
BSD100,219090.png,x4,nedi,prepared_bicubic_lr,219090.png,4,native_nedi_grid_then_full_target_size_adjustment,gaussian_11x11_sigma_1.5_population_covariance,8,8.0,native_x2_twice_then_bicubic_to_target,2,42440,41474,101928,0,True,480,320,even_insertion_2x_half_pixel_aligned,24.83518745418518,0.6834636565554564,23.492117608681834,0.6455051273842715,7710.5311813,7699.452031999999,61.1993214347981,7623.29604,7818.175141,3,10,481,321,120,80,2026-08-31T19:47:21.066712+00:00,3.12.3,2.5.2,12.3.0,0.26.0,Linux-7.0.0-1011-aws-x86_64-with-glibc2.39,x86_64,m7i.2xlarge,parallel_process_workers,4
BSD100,220075.png,x4,nedi,prepared_bicubic_lr,220075.png,4,native_nedi_grid_then_full_target_size_adjustment,gaussian_11x11_sigma_1.5_population_covariance,8,8.0,native_x2_twice_then_bicubic_to_target,2,73406,71251,72151,0,True,480,320,even_insertion_2x_half_pixel_aligned,24.787917099096187,0.7786339302055043,23.44862553978824,0.7472305964239224,8535.4741406,8520.530349,69.48520004142858,8439.589296,8715.256737,3,10,481,321,120,80,2026-08-31T19:47:59.943458+00:00,3.12.3,2.5.2,12.3.0,0.26.0,Linux-7.0.0-1011-aws-x86_64-with-glibc2.39,x86_64,m7i.2xlarge,parallel_process_workers,4
BSD100,223061.png,x4,nedi,prepared_bicubic_lr,223061.png,4,native_nedi_grid_then_full_target_size_adjustment,gaussian_11x11_sigma_1.5_population_covariance,8,8.0,native_x2_twice_then_bicubic_to_target,2,67743,65653,77749,0,True,480,320,even_insertion_2x_half_pixel_aligned,23.562116676067223,0.5649834419599224,22.18525478429209,0.5379984446959639,8388.3498485,8380.533574000001,51.590045883714076,8327.235771,8490.101633,3,10,481,321,120,80,2026-08-31T19:48:34.968618+00:00,3.12.3,2.5.2,12.3.0,0.26.0,Linux-7.0.0-1011-aws-x86_64-with-glibc2.39,x86_64,m7i.2xlarge,parallel_process_workers,4
BSD100,227092.png,x4,nedi,prepared_bicubic_lr,227092.png,4,native_nedi_grid_then_full_target_size_adjustment,gaussian_11x11_sigma_1.5_population_covariance,8,8.0,native_x2_twice_then_bicubic_to_target,2,22197,22079,121323,0,True,320,480,even_insertion_2x_half_pixel_aligned,32.322493268021475,0.8228289107925761,30.599267690113354,0.7950432206458468,7191.5278305,7174.3345545,76.11070725568048,7084.920659,7349.275157,3,10,321,481,80,120,2026-08-31T19:48:50.866532+00:00,3.12.3,2.5.2,12.3.0,0.26.0,Linux-7.0.0-1011-aws-x86_64-with-glibc2.39,x86_64,m7i.2xlarge,parallel_process_workers,4
BSD100,229036.png,x4,nedi,prepared_bicubic_lr,229036.png,4,native_nedi_grid_then_full_target_size_adjustment,gaussian_11x11_sigma_1.5_population_covariance,8,8.0,native_x2_twice_then_bicubic_to_target,2,82439,79390,64012,0,True,480,320,even_insertion_2x_half_pixel_aligned,21.110357895490388,0.4776784767610523,19.76829730190887,0.4441468487300586,8725.5486943,8712.245672000001,73.99005596861284,8634.895922,8848.341484,3,10,481,321,120,80,2026-08-31T19:49:14.706898+00:00,3.12.3,2.5.2,12.3.0,0.26.0,Linux-7.0.0-1011-aws-x86_64-with-glibc2.39,x86_64,m7i.2xlarge,parallel_process_workers,4
BSD100,236037.png,x4,nedi,prepared_bicubic_lr,236037.png,4,native_nedi_grid_then_full_target_size_adjustment,gaussian_11x11_sigma_1.5_population_covariance,8,8.0,native_x2_twice_then_bicubic_to_target,2,88425,85109,58293,0,True,480,320,even_insertion_2x_half_pixel_aligned,23.77790869264684,0.5150451476351678,22.37159984579941,0.48703031530807994,8867.9374357,8875.8413595,32.118328929497395,8823.022408,8908.717561,3,10,481,321,120,80,2026-08-31T19:49:55.563414+00:00,3.12.3,2.5.2,12.3.0,0.26.0,Linux-7.0.0-1011-aws-x86_64-with-glibc2.39,x86_64,m7i.2xlarge,parallel_process_workers,4
BSD100,24077.png,x4,nedi,prepared_bicubic_lr,24077.png,4,native_nedi_grid_then_full_target_size_adjustment,gaussian_11x11_sigma_1.5_population_covariance,8,8.0,native_x2_twice_then_bicubic_to_target,2,82703,79986,63416,0,True,480,320,even_insertion_2x_half_pixel_aligned,22.68093267452374,0.7313390731474395,21.253660354785723,0.7087797250945167,8754.494131899999,8757.487272499999,32.42188977002531,8693.225575,8797.093659,3,10,481,321,120,80,2026-08-31T19:50:28.711235+00:00,3.12.3,2.5.2,12.3.0,0.26.0,Linux-7.0.0-1011-aws-x86_64-with-glibc2.39,x86_64,m7i.2xlarge,parallel_process_workers,4
BSD100,241004.png,x4,nedi,prepared_bicubic_lr,241004.png,4,native_nedi_grid_then_full_target_size_adjustment,gaussian_11x11_sigma_1.5_population_covariance,8,8.0,native_x2_twice_then_bicubic_to_target,2,28152,27143,116259,0,True,480,320,even_insertion_2x_half_pixel_aligned,30.454666883514673,0.7990982685804922,28.908557462385815,0.7625400396386127,7275.8341101999995,7265.134518999999,54.32513148584503,7211.382213,7416.013219,3,10,481,321,120,80,2026-08-31T19:50:25.427361+00:00,3.12.3,2.5.2,12.3.0,0.26.0,Linux-7.0.0-1011-aws-x86_64-with-glibc2.39,x86_64,m7i.2xlarge,parallel_process_workers,4
BSD100,241048.png,x4,nedi,prepared_bicubic_lr,241048.png,4,native_nedi_grid_then_full_target_size_adjustment,gaussian_11x11_sigma_1.5_population_covariance,8,8.0,native_x2_twice_then_bicubic_to_target,2,70814,68690,74712,0,True,480,320,even_insertion_2x_half_pixel_aligned,23.81078298313358,0.5294652917575869,22.446635571164922,0.49922709449800046,8426.665702,8405.720763000001,49.98598529500267,8371.821384,8527.06373,3,10,481,321,120,80,2026-08-31T19:51:04.397037+00:00,3.12.3,2.5.2,12.3.0,0.26.0,Linux-7.0.0-1011-aws-x86_64-with-glibc2.39,x86_64,m7i.2xlarge,parallel_process_workers,4
BSD100,253027.png,x4,nedi,prepared_bicubic_lr,253027.png,4,native_nedi_grid_then_full_target_size_adjustment,gaussian_11x11_sigma_1.5_population_covariance,8,8.0,native_x2_twice_then_bicubic_to_target,2,61733,60396,83006,0,True,480,320,even_insertion_2x_half_pixel_aligned,21.263670949847324,0.611059270743934,19.904347980145754,0.5793709298417514,8181.0018533,8177.3110305,62.712737368707295,8086.289511,8279.781616,3,10,481,321,120,80,2026-08-31T19:51:42.022683+00:00,3.12.3,2.5.2,12.3.0,0.26.0,Linux-7.0.0-1011-aws-x86_64-with-glibc2.39,x86_64,m7i.2xlarge,parallel_process_workers,4
BSD100,253055.png,x4,nedi,prepared_bicubic_lr,253055.png,4,native_nedi_grid_then_full_target_size_adjustment,gaussian_11x11_sigma_1.5_population_covariance,8,8.0,native_x2_twice_then_bicubic_to_target,2,27343,26542,116860,0,True,480,320,even_insertion_2x_half_pixel_aligned,30.585457252790683,0.8028170002799054,29.081171940715297,0.7691946069164337,7220.2630451,7225.158740000001,42.82452166023636,7147.095885,7294.167834,3,10,481,321,120,80,2026-08-31T19:51:59.634058+00:00,3.12.3,2.5.2,12.3.0,0.26.0,Linux-7.0.0-1011-aws-x86_64-with-glibc2.39,x86_64,m7i.2xlarge,parallel_process_workers,4
BSD100,260058.png,x4,nedi,prepared_bicubic_lr,260058.png,4,native_nedi_grid_then_full_target_size_adjustment,gaussian_11x11_sigma_1.5_population_covariance,8,8.0,native_x2_twice_then_bicubic_to_target,2,28265,26700,116702,0,True,480,320,even_insertion_2x_half_pixel_aligned,31.30220499564333,0.7553114134066685,29.696780887574224,0.7126620516921215,7299.3762589,7296.233783,43.96112631000986,7240.197872,7384.085654,3,10,481,321,120,80,2026-08-31T19:52:03.736894+00:00,3.12.3,2.5.2,12.3.0,0.26.0,Linux-7.0.0-1011-aws-x86_64-with-glibc2.39,x86_64,m7i.2xlarge,parallel_process_workers,4
BSD100,271035.png,x4,nedi,prepared_bicubic_lr,271035.png,4,native_nedi_grid_then_full_target_size_adjustment,gaussian_11x11_sigma_1.5_population_covariance,8,8.0,native_x2_twice_then_bicubic_to_target,2,75683,73289,70113,0,True,320,480,even_insertion_2x_half_pixel_aligned,25.2204056884812,0.6540373474921227,23.844720435613294,0.6169820633834303,8634.2164821,8636.3307945,49.254307267661325,8568.00023,8752.954331,3,10,321,481,80,120,2026-08-31T19:52:56.423114+00:00,3.12.3,2.5.2,12.3.0,0.26.0,Linux-7.0.0-1011-aws-x86_64-with-glibc2.39,x86_64,m7i.2xlarge,parallel_process_workers,4
BSD100,285079.png,x4,nedi,prepared_bicubic_lr,285079.png,4,native_nedi_grid_then_full_target_size_adjustment,gaussian_11x11_sigma_1.5_population_covariance,8,8.0,native_x2_twice_then_bicubic_to_target,2,76436,73799,69603,0,True,320,480,even_insertion_2x_half_pixel_aligned,23.395975325486308,0.5674074138876174,22.06786030189714,0.529430879085163,8724.5196062,8709.7336345,93.17963493735998,8583.129418,8906.977576,3,10,321,481,80,120,2026-08-31T19:53:35.286148+00:00,3.12.3,2.5.2,12.3.0,0.26.0,Linux-7.0.0-1011-aws-x86_64-with-glibc2.39,x86_64,m7i.2xlarge,parallel_process_workers,4
BSD100,291000.png,x4,nedi,prepared_bicubic_lr,291000.png,4,native_nedi_grid_then_full_target_size_adjustment,gaussian_11x11_sigma_1.5_population_covariance,8,8.0,native_x2_twice_then_bicubic_to_target,2,87743,84316,59086,0,True,480,320,even_insertion_2x_half_pixel_aligned,20.68062480162167,0.3168389161782676,19.26843675720742,0.29292659211931915,8985.550252000001,8986.146614000001,56.046544553762224,8895.391678,9106.838222,3,10,481,321,120,80,2026-08-31T19:53:56.207876+00:00,3.12.3,2.5.2,12.3.0,0.26.0,Linux-7.0.0-1011-aws-x86_64-with-glibc2.39,x86_64,m7i.2xlarge,parallel_process_workers,4
BSD100,295087.png,x4,nedi,prepared_bicubic_lr,295087.png,4,native_nedi_grid_then_full_target_size_adjustment,gaussian_11x11_sigma_1.5_population_covariance,8,8.0,native_x2_twice_then_bicubic_to_target,2,45027,43872,99530,0,True,480,320,even_insertion_2x_half_pixel_aligned,26.325822502311386,0.6473143150279612,24.874684246261506,0.6222907063031143,7903.9826661,7899.8040435,82.72732317711417,7796.178736,8061.016075,3,10,481,321,120,80,2026-08-31T19:53:46.285611+00:00,3.12.3,2.5.2,12.3.0,0.26.0,Linux-7.0.0-1011-aws-x86_64-with-glibc2.39,x86_64,m7i.2xlarge,parallel_process_workers,4
BSD100,296007.png,x4,nedi,prepared_bicubic_lr,296007.png,4,native_nedi_grid_then_full_target_size_adjustment,gaussian_11x11_sigma_1.5_population_covariance,8,8.0,native_x2_twice_then_bicubic_to_target,2,27081,25874,117528,0,True,480,320,even_insertion_2x_half_pixel_aligned,30.967950979572436,0.7563701457559553,29.394113914843494,0.7172672922909819,7339.7241529,7328.022683499999,61.30616936646048,7247.98032,7456.917654,3,10,481,321,120,80,2026-08-31T19:54:31.827037+00:00,3.12.3,2.5.2,12.3.0,0.26.0,Linux-7.0.0-1011-aws-x86_64-with-glibc2.39,x86_64,m7i.2xlarge,parallel_process_workers,4
BSD100,296059.png,x4,nedi,prepared_bicubic_lr,296059.png,4,native_nedi_grid_then_full_target_size_adjustment,gaussian_11x11_sigma_1.5_population_covariance,8,8.0,native_x2_twice_then_bicubic_to_target,2,35795,34618,108784,0,True,480,320,even_insertion_2x_half_pixel_aligned,29.11555063689555,0.7301845928740366,27.65348619786304,0.6906341397145145,7602.4030413,7602.383411,57.39063153564687,7521.935019,7693.949113,3,10,481,321,120,80,2026-08-31T19:55:14.320576+00:00,3.12.3,2.5.2,12.3.0,0.26.0,Linux-7.0.0-1011-aws-x86_64-with-glibc2.39,x86_64,m7i.2xlarge,parallel_process_workers,4
BSD100,299086.png,x4,nedi,prepared_bicubic_lr,299086.png,4,native_nedi_grid_then_full_target_size_adjustment,gaussian_11x11_sigma_1.5_population_covariance,8,8.0,native_x2_twice_then_bicubic_to_target,2,25789,25163,118239,0,True,480,320,even_insertion_2x_half_pixel_aligned,30.349009593359348,0.7667922664154946,28.773602099965927,0.7290527020681893,7286.1594702,7273.0732625,36.31283217758684,7237.571629,7336.648184,3,10,481,321,120,80,2026-08-31T19:55:21.331820+00:00,3.12.3,2.5.2,12.3.0,0.26.0,Linux-7.0.0-1011-aws-x86_64-with-glibc2.39,x86_64,m7i.2xlarge,parallel_process_workers,4
BSD100,300091.png,x4,nedi,prepared_bicubic_lr,300091.png,4,native_nedi_grid_then_full_target_size_adjustment,gaussian_11x11_sigma_1.5_population_covariance,8,8.0,native_x2_twice_then_bicubic_to_target,2,32419,30868,112534,0,True,480,320,even_insertion_2x_half_pixel_aligned,27.01704660255023,0.7345897434059587,25.54760584732017,0.6988179851825032,7426.0707372,7413.3913545,49.40566240240227,7353.222883,7516.131574,3,10,481,321,120,80,2026-08-31T19:55:32.786039+00:00,3.12.3,2.5.2,12.3.0,0.26.0,Linux-7.0.0-1011-aws-x86_64-with-glibc2.39,x86_64,m7i.2xlarge,parallel_process_workers,4
BSD100,302008.png,x4,nedi,prepared_bicubic_lr,302008.png,4,native_nedi_grid_then_full_target_size_adjustment,gaussian_11x11_sigma_1.5_population_covariance,8,8.0,native_x2_twice_then_bicubic_to_target,2,47201,46535,96867,0,True,320,480,even_insertion_2x_half_pixel_aligned,27.13665413983566,0.890475315368042,25.675270933234113,0.8644245429323307,7896.9936599,7888.6563675,48.38622087186194,7825.298091,7982.062721,3,10,321,481,80,120,2026-08-31T19:56:14.526194+00:00,3.12.3,2.5.2,12.3.0,0.26.0,Linux-7.0.0-1011-aws-x86_64-with-glibc2.39,x86_64,m7i.2xlarge,parallel_process_workers,4
BSD100,304034.png,x4,nedi,prepared_bicubic_lr,304034.png,4,native_nedi_grid_then_full_target_size_adjustment,gaussian_11x11_sigma_1.5_population_covariance,8,8.0,native_x2_twice_then_bicubic_to_target,2,101282,97682,45720,0,True,480,320,even_insertion_2x_half_pixel_aligned,22.93883618647294,0.5466985814270713,21.651502791282773,0.5087383621862295,9273.9715506,9275.7199525,48.38338412459618,9176.613051,9348.143583,3,10,481,321,120,80,2026-08-31T19:57:14.992853+00:00,3.12.3,2.5.2,12.3.0,0.26.0,Linux-7.0.0-1011-aws-x86_64-with-glibc2.39,x86_64,m7i.2xlarge,parallel_process_workers,4
BSD100,304074.png,x4,nedi,prepared_bicubic_lr,304074.png,4,native_nedi_grid_then_full_target_size_adjustment,gaussian_11x11_sigma_1.5_population_covariance,8,8.0,native_x2_twice_then_bicubic_to_target,2,74078,71405,71997,0,True,320,480,even_insertion_2x_half_pixel_aligned,24.378496414012293,0.518769421683545,23.01714440825048,0.4775895775084835,8609.6142568,8606.8854685,60.77178931040846,8522.340878,8706.967711,3,10,321,481,80,120,2026-08-31T19:57:13.495635+00:00,3.12.3,2.5.2,12.3.0,0.26.0,Linux-7.0.0-1011-aws-x86_64-with-glibc2.39,x86_64,m7i.2xlarge,parallel_process_workers,4
BSD100,306005.png,x4,nedi,prepared_bicubic_lr,306005.png,4,native_nedi_grid_then_full_target_size_adjustment,gaussian_11x11_sigma_1.5_population_covariance,8,8.0,native_x2_twice_then_bicubic_to_target,2,61075,59274,84128,0,True,480,320,even_insertion_2x_half_pixel_aligned,26.327000704026435,0.7116388166026426,24.873670958924237,0.6604553827957366,8204.553622200001,8214.4953515,59.33832239424194,8107.719929,8320.928522,3,10,481,321,120,80,2026-08-31T19:57:19.675767+00:00,3.12.3,2.5.2,12.3.0,0.26.0,Linux-7.0.0-1011-aws-x86_64-with-glibc2.39,x86_64,m7i.2xlarge,parallel_process_workers,4
BSD100,3096.png,x4,nedi,prepared_bicubic_lr,3096.png,4,native_nedi_grid_then_full_target_size_adjustment,gaussian_11x11_sigma_1.5_population_covariance,8,8.0,native_x2_twice_then_bicubic_to_target,2,10107,9969,133433,0,True,480,320,even_insertion_2x_half_pixel_aligned,34.33936695807044,0.9601862928207565,32.38406959805558,0.9463284801693116,6856.6290457000005,6834.7516585,98.28115570694135,6733.584136,7119.847407,3,10,481,321,120,80,2026-08-31T19:57:43.628925+00:00,3.12.3,2.5.2,12.3.0,0.26.0,Linux-7.0.0-1011-aws-x86_64-with-glibc2.39,x86_64,m7i.2xlarge,parallel_process_workers,4
BSD100,33039.png,x4,nedi,prepared_bicubic_lr,33039.png,4,native_nedi_grid_then_full_target_size_adjustment,gaussian_11x11_sigma_1.5_population_covariance,8,8.0,native_x2_twice_then_bicubic_to_target,2,119431,115551,27851,0,True,320,480,even_insertion_2x_half_pixel_aligned,19.613959013633362,0.4278484721880814,18.3052481265688,0.4055699952834295,9781.3282724,9775.320499000001,72.32005240664729,9679.419474,9897.625821,3,10,321,481,80,120,2026-08-31T19:59:20.970705+00:00,3.12.3,2.5.2,12.3.0,0.26.0,Linux-7.0.0-1011-aws-x86_64-with-glibc2.39,x86_64,m7i.2xlarge,parallel_process_workers,4
BSD100,351093.png,x4,nedi,prepared_bicubic_lr,351093.png,4,native_nedi_grid_then_full_target_size_adjustment,gaussian_11x11_sigma_1.5_population_covariance,8,8.0,native_x2_twice_then_bicubic_to_target,2,70953,68538,74864,0,True,480,320,even_insertion_2x_half_pixel_aligned,21.657902316378713,0.5554106978037724,20.336651414289122,0.5290586988258692,8514.6788202,8496.501631,91.0416219530308,8427.557254,8745.528783,3,10,481,321,120,80,2026-08-31T19:59:05.842394+00:00,3.12.3,2.5.2,12.3.0,0.26.0,Linux-7.0.0-1011-aws-x86_64-with-glibc2.39,x86_64,m7i.2xlarge,parallel_process_workers,4
BSD100,361010.png,x4,nedi,prepared_bicubic_lr,361010.png,4,native_nedi_grid_then_full_target_size_adjustment,gaussian_11x11_sigma_1.5_population_covariance,8,8.0,native_x2_twice_then_bicubic_to_target,2,55032,52948,90454,0,True,480,320,even_insertion_2x_half_pixel_aligned,25.743047963759956,0.7199002316873989,24.401434491386848,0.6735588081228273,8032.8008767,8036.5140775,73.74223141430457,7929.053605,8162.390864,3,10,481,321,120,80,2026-08-31T19:59:04.452233+00:00,3.12.3,2.5.2,12.3.0,0.26.0,Linux-7.0.0-1011-aws-x86_64-with-glibc2.39,x86_64,m7i.2xlarge,parallel_process_workers,4
BSD100,37073.png,x4,nedi,prepared_bicubic_lr,37073.png,4,native_nedi_grid_then_full_target_size_adjustment,gaussian_11x11_sigma_1.5_population_covariance,8,8.0,native_x2_twice_then_bicubic_to_target,2,32421,31810,111592,0,True,480,320,even_insertion_2x_half_pixel_aligned,27.767832935812784,0.734232362644927,26.403412899827284,0.6914941618590401,7458.4872528,7453.4678925,59.86961420781315,7382.696354,7595.130377,3,10,481,321,120,80,2026-08-31T19:59:20.773028+00:00,3.12.3,2.5.2,12.3.0,0.26.0,Linux-7.0.0-1011-aws-x86_64-with-glibc2.39,x86_64,m7i.2xlarge,parallel_process_workers,4
BSD100,376043.png,x4,nedi,prepared_bicubic_lr,376043.png,4,native_nedi_grid_then_full_target_size_adjustment,gaussian_11x11_sigma_1.5_population_covariance,8,8.0,native_x2_twice_then_bicubic_to_target,2,77655,74947,68455,0,True,320,480,even_insertion_2x_half_pixel_aligned,24.188075639354935,0.48544708069695425,22.755689080942993,0.4549033955473673,8659.9205938,8647.481579,64.43153073633944,8572.920465,8811.784972,3,10,321,481,80,120,2026-08-31T20:00:57.009074+00:00,3.12.3,2.5.2,12.3.0,0.26.0,Linux-7.0.0-1011-aws-x86_64-with-glibc2.39,x86_64,m7i.2xlarge,parallel_process_workers,4
BSD100,38082.png,x4,nedi,prepared_bicubic_lr,38082.png,4,native_nedi_grid_then_full_target_size_adjustment,gaussian_11x11_sigma_1.5_population_covariance,8,8.0,native_x2_twice_then_bicubic_to_target,2,72115,69422,73980,0,True,480,320,even_insertion_2x_half_pixel_aligned,26.288387155243495,0.5199384623310275,24.879683324908477,0.47881189801604807,8486.5480769,8490.025214000001,66.8183032947577,8373.485217,8593.69544,3,10,481,321,120,80,2026-08-31T20:00:56.195007+00:00,3.12.3,2.5.2,12.3.0,0.26.0,Linux-7.0.0-1011-aws-x86_64-with-glibc2.39,x86_64,m7i.2xlarge,parallel_process_workers,4
BSD100,38092.png,x4,nedi,prepared_bicubic_lr,38092.png,4,native_nedi_grid_then_full_target_size_adjustment,gaussian_11x11_sigma_1.5_population_covariance,8,8.0,native_x2_twice_then_bicubic_to_target,2,68059,65920,77482,0,True,480,320,even_insertion_2x_half_pixel_aligned,24.93560886947335,0.6204273665090592,23.617624901665543,0.5867840278143187,8380.12277,8381.807549500001,56.229579777482435,8285.08451,8500.132376,3,10,481,321,120,80,2026-08-31T20:01:09.586018+00:00,3.12.3,2.5.2,12.3.0,0.26.0,Linux-7.0.0-1011-aws-x86_64-with-glibc2.39,x86_64,m7i.2xlarge,parallel_process_workers,4
BSD100,385039.png,x4,nedi,prepared_bicubic_lr,385039.png,4,native_nedi_grid_then_full_target_size_adjustment,gaussian_11x11_sigma_1.5_population_covariance,8,8.0,native_x2_twice_then_bicubic_to_target,2,58466,56812,86590,0,True,480,320,even_insertion_2x_half_pixel_aligned,22.195142457611922,0.5921418015741844,20.841726781359565,0.5581856250430969,8162.0935384,8150.928857,53.658349223109354,8077.733819,8291.095942,3,10,481,321,120,80,2026-08-31T20:01:07.171473+00:00,3.12.3,2.5.2,12.3.0,0.26.0,Linux-7.0.0-1011-aws-x86_64-with-glibc2.39,x86_64,m7i.2xlarge,parallel_process_workers,4
BSD100,41033.png,x4,nedi,prepared_bicubic_lr,41033.png,4,native_nedi_grid_then_full_target_size_adjustment,gaussian_11x11_sigma_1.5_population_covariance,8,8.0,native_x2_twice_then_bicubic_to_target,2,46216,43592,99810,0,True,480,320,even_insertion_2x_half_pixel_aligned,28.81260015841041,0.7303207094086818,27.320770971041902,0.6873796479917226,7808.3085942,7788.705373999999,66.04537976021848,7712.195995,7958.000716,3,10,481,321,120,80,2026-08-31T20:02:37.834612+00:00,3.12.3,2.5.2,12.3.0,0.26.0,Linux-7.0.0-1011-aws-x86_64-with-glibc2.39,x86_64,m7i.2xlarge,parallel_process_workers,4
BSD100,41069.png,x4,nedi,prepared_bicubic_lr,41069.png,4,native_nedi_grid_then_full_target_size_adjustment,gaussian_11x11_sigma_1.5_population_covariance,8,8.0,native_x2_twice_then_bicubic_to_target,2,67888,64858,78544,0,True,480,320,even_insertion_2x_half_pixel_aligned,22.97136791768565,0.3835249638091141,21.627287594580547,0.3474718143405126,8379.5646422,8378.039095,51.8149806431278,8296.023375,8480.802443,3,10,481,321,120,80,2026-08-31T20:02:46.063939+00:00,3.12.3,2.5.2,12.3.0,0.26.0,Linux-7.0.0-1011-aws-x86_64-with-glibc2.39,x86_64,m7i.2xlarge,parallel_process_workers,4
BSD100,42012.png,x4,nedi,prepared_bicubic_lr,42012.png,4,native_nedi_grid_then_full_target_size_adjustment,gaussian_11x11_sigma_1.5_population_covariance,8,8.0,native_x2_twice_then_bicubic_to_target,2,69435,67319,76083,0,True,320,480,even_insertion_2x_half_pixel_aligned,27.788069917905858,0.7429619551526663,26.364847890192355,0.7129217782740587,8514.0516561,8510.2382325,45.62485437261931,8434.310201,8602.427375,3,10,321,481,80,120,2026-08-31T20:02:57.972743+00:00,3.12.3,2.5.2,12.3.0,0.26.0,Linux-7.0.0-1011-aws-x86_64-with-glibc2.39,x86_64,m7i.2xlarge,parallel_process_workers,4
BSD100,42049.png,x4,nedi,prepared_bicubic_lr,42049.png,4,native_nedi_grid_then_full_target_size_adjustment,gaussian_11x11_sigma_1.5_population_covariance,8,8.0,native_x2_twice_then_bicubic_to_target,2,34113,33184,110218,0,True,480,320,even_insertion_2x_half_pixel_aligned,26.588829671996805,0.8773923483333037,25.191011520662194,0.8610425915283004,7481.6245143,7470.936634,43.841168951947246,7415.543819,7576.889911,3,10,481,321,120,80,2026-08-31T20:02:47.041818+00:00,3.12.3,2.5.2,12.3.0,0.26.0,Linux-7.0.0-1011-aws-x86_64-with-glibc2.39,x86_64,m7i.2xlarge,parallel_process_workers,4
BSD100,43074.png,x4,nedi,prepared_bicubic_lr,43074.png,4,native_nedi_grid_then_full_target_size_adjustment,gaussian_11x11_sigma_1.5_population_covariance,8,8.0,native_x2_twice_then_bicubic_to_target,2,31733,30268,113134,0,True,480,320,even_insertion_2x_half_pixel_aligned,28.90986685464518,0.7793726969350996,27.482724710092224,0.7460788386744609,7249.9154831,7186.098483,148.63293873035585,7132.407808,7548.70294,3,10,481,321,120,80,2026-08-31T20:04:12.727520+00:00,3.12.3,2.5.2,12.3.0,0.26.0,Linux-7.0.0-1011-aws-x86_64-with-glibc2.39,x86_64,m7i.2xlarge,parallel_process_workers,4
BSD100,45096.png,x4,nedi,prepared_bicubic_lr,45096.png,4,native_nedi_grid_then_full_target_size_adjustment,gaussian_11x11_sigma_1.5_population_covariance,8,8.0,native_x2_twice_then_bicubic_to_target,2,21085,20887,122515,0,True,480,320,even_insertion_2x_half_pixel_aligned,32.57421717210661,0.9089151818480687,30.87865953138361,0.857297073463133,6952.8299053,6886.3014485,146.53771977744637,6798.618494,7251.829422,3,10,481,321,120,80,2026-08-31T20:04:16.782201+00:00,3.12.3,2.5.2,12.3.0,0.26.0,Linux-7.0.0-1011-aws-x86_64-with-glibc2.39,x86_64,m7i.2xlarge,parallel_process_workers,4
BSD100,54082.png,x4,nedi,prepared_bicubic_lr,54082.png,4,native_nedi_grid_then_full_target_size_adjustment,gaussian_11x11_sigma_1.5_population_covariance,8,8.0,native_x2_twice_then_bicubic_to_target,2,39505,38301,105101,0,True,320,480,even_insertion_2x_half_pixel_aligned,27.43056569517404,0.657047593863763,26.00074327438869,0.6217516133201064,7480.6320693,7423.6366985,140.62324467130983,7358.649691,7796.606035,3,10,321,481,80,120,2026-08-31T20:04:24.727709+00:00,3.12.3,2.5.2,12.3.0,0.26.0,Linux-7.0.0-1011-aws-x86_64-with-glibc2.39,x86_64,m7i.2xlarge,parallel_process_workers,4
BSD100,55073.png,x4,nedi,prepared_bicubic_lr,55073.png,4,native_nedi_grid_then_full_target_size_adjustment,gaussian_11x11_sigma_1.5_population_covariance,8,8.0,native_x2_twice_then_bicubic_to_target,2,83454,80381,63021,0,True,320,480,even_insertion_2x_half_pixel_aligned,21.218189653381128,0.40795849642757454,19.96989649897326,0.36689792407420097,8540.6258319,8539.089304,32.24181753092353,8486.462187,8578.055767,3,10,321,481,80,120,2026-08-31T20:04:50.031102+00:00,3.12.3,2.5.2,12.3.0,0.26.0,Linux-7.0.0-1011-aws-x86_64-with-glibc2.39,x86_64,m7i.2xlarge,parallel_process_workers,4
BSD100,58060.png,x4,nedi,prepared_bicubic_lr,58060.png,4,native_nedi_grid_then_full_target_size_adjustment,gaussian_11x11_sigma_1.5_population_covariance,8,8.0,native_x2_twice_then_bicubic_to_target,2,69778,67817,75585,0,True,480,320,even_insertion_2x_half_pixel_aligned,20.28763278389624,0.49783435351385813,19.045188520503324,0.46246332189326694,8279.3617693,8251.826926500002,133.01354260916182,8075.547163,8501.313438,3,10,481,321,120,80,2026-08-31T20:06:00.114919+00:00,3.12.3,2.5.2,12.3.0,0.26.0,Linux-7.0.0-1011-aws-x86_64-with-glibc2.39,x86_64,m7i.2xlarge,parallel_process_workers,4
BSD100,62096.png,x4,nedi,prepared_bicubic_lr,62096.png,4,native_nedi_grid_then_full_target_size_adjustment,gaussian_11x11_sigma_1.5_population_covariance,8,8.0,native_x2_twice_then_bicubic_to_target,2,57110,54939,88463,0,True,480,320,even_insertion_2x_half_pixel_aligned,23.081704845747964,0.6744403367787416,21.677357198695564,0.644722776888189,7897.4085302,7915.701149500001,117.56510766360363,7738.043899,8082.593121,3,10,481,321,120,80,2026-08-31T20:05:59.258720+00:00,3.12.3,2.5.2,12.3.0,0.26.0,Linux-7.0.0-1011-aws-x86_64-with-glibc2.39,x86_64,m7i.2xlarge,parallel_process_workers,4
BSD100,65033.png,x4,nedi,prepared_bicubic_lr,65033.png,4,native_nedi_grid_then_full_target_size_adjustment,gaussian_11x11_sigma_1.5_population_covariance,8,8.0,native_x2_twice_then_bicubic_to_target,2,77517,74569,68833,0,True,480,320,even_insertion_2x_half_pixel_aligned,23.609886037041537,0.47684996938379576,22.35373109308661,0.4312496541256539,8456.1170664,8421.776162499998,116.51959458463745,8294.743803,8618.428573,3,10,481,321,120,80,2026-08-31T20:06:14.276372+00:00,3.12.3,2.5.2,12.3.0,0.26.0,Linux-7.0.0-1011-aws-x86_64-with-glibc2.39,x86_64,m7i.2xlarge,parallel_process_workers,4
BSD100,66053.png,x4,nedi,prepared_bicubic_lr,66053.png,4,native_nedi_grid_then_full_target_size_adjustment,gaussian_11x11_sigma_1.5_population_covariance,8,8.0,native_x2_twice_then_bicubic_to_target,2,67205,64245,79157,0,True,480,320,even_insertion_2x_half_pixel_aligned,26.11074653881431,0.6104287662385386,24.78917807059004,0.5698586711127144,8183.9116044,8150.381891499999,91.86014246983548,8050.438003,8339.934952,3,10,481,321,120,80,2026-08-31T20:06:36.400284+00:00,3.12.3,2.5.2,12.3.0,0.26.0,Linux-7.0.0-1011-aws-x86_64-with-glibc2.39,x86_64,m7i.2xlarge,parallel_process_workers,4
BSD100,69015.png,x4,nedi,prepared_bicubic_lr,69015.png,4,native_nedi_grid_then_full_target_size_adjustment,gaussian_11x11_sigma_1.5_population_covariance,8,8.0,native_x2_twice_then_bicubic_to_target,2,66508,64293,79109,0,True,320,480,even_insertion_2x_half_pixel_aligned,28.301161986515865,0.7231001289111386,26.882281916910785,0.6786073702743162,8082.404890100001,8077.625828,39.31286863247965,8026.936213,8138.188118,3,10,321,481,80,120,2026-08-31T20:07:44.775860+00:00,3.12.3,2.5.2,12.3.0,0.26.0,Linux-7.0.0-1011-aws-x86_64-with-glibc2.39,x86_64,m7i.2xlarge,parallel_process_workers,4
BSD100,69020.png,x4,nedi,prepared_bicubic_lr,69020.png,4,native_nedi_grid_then_full_target_size_adjustment,gaussian_11x11_sigma_1.5_population_covariance,8,8.0,native_x2_twice_then_bicubic_to_target,2,58924,56719,86683,0,True,480,320,even_insertion_2x_half_pixel_aligned,26.31652681399737,0.4850044483248202,24.857107258444376,0.4494390878462145,7871.5055283,7867.2238645,35.13239795051297,7797.085657,7926.783593,3,10,481,321,120,80,2026-08-31T20:07:42.830798+00:00,3.12.3,2.5.2,12.3.0,0.26.0,Linux-7.0.0-1011-aws-x86_64-with-glibc2.39,x86_64,m7i.2xlarge,parallel_process_workers,4
BSD100,69040.png,x4,nedi,prepared_bicubic_lr,69040.png,4,native_nedi_grid_then_full_target_size_adjustment,gaussian_11x11_sigma_1.5_population_covariance,8,8.0,native_x2_twice_then_bicubic_to_target,2,81273,78221,65181,0,True,480,320,even_insertion_2x_half_pixel_aligned,23.92914283526068,0.5191476450059218,22.521684705946384,0.48744565524487315,8427.1720393,8435.819477500001,43.575569626501924,8357.349002,8501.798835,3,10,481,321,120,80,2026-08-31T20:08:04.331134+00:00,3.12.3,2.5.2,12.3.0,0.26.0,Linux-7.0.0-1011-aws-x86_64-with-glibc2.39,x86_64,m7i.2xlarge,parallel_process_workers,4
BSD100,76053.png,x4,nedi,prepared_bicubic_lr,76053.png,4,native_nedi_grid_then_full_target_size_adjustment,gaussian_11x11_sigma_1.5_population_covariance,8,8.0,native_x2_twice_then_bicubic_to_target,2,53541,51749,91653,0,True,480,320,even_insertion_2x_half_pixel_aligned,27.579014758236433,0.6291184847771526,26.269350389801815,0.5773947812696014,7733.3590995,7716.7006315,55.014919857721544,7664.287505,7840.310903,3,10,481,321,120,80,2026-08-31T20:08:17.128043+00:00,3.12.3,2.5.2,12.3.0,0.26.0,Linux-7.0.0-1011-aws-x86_64-with-glibc2.39,x86_64,m7i.2xlarge,parallel_process_workers,4
BSD100,78004.png,x4,nedi,prepared_bicubic_lr,78004.png,4,native_nedi_grid_then_full_target_size_adjustment,gaussian_11x11_sigma_1.5_population_covariance,8,8.0,native_x2_twice_then_bicubic_to_target,2,57232,55638,87764,0,True,320,480,even_insertion_2x_half_pixel_aligned,24.21518264575795,0.635622491998633,22.885389395903392,0.5986644343931133,7919.0813246,7900.550403499999,83.58366231671823,7815.527491,8085.700867,3,10,321,481,80,120,2026-08-31T20:09:25.785787+00:00,3.12.3,2.5.2,12.3.0,0.26.0,Linux-7.0.0-1011-aws-x86_64-with-glibc2.39,x86_64,m7i.2xlarge,parallel_process_workers,4
BSD100,8023.png,x4,nedi,prepared_bicubic_lr,8023.png,4,native_nedi_grid_then_full_target_size_adjustment,gaussian_11x11_sigma_1.5_population_covariance,8,8.0,native_x2_twice_then_bicubic_to_target,2,63492,61439,81963,0,True,480,320,even_insertion_2x_half_pixel_aligned,27.99614264187685,0.79699014574516,26.516644819573983,0.7721459699628678,8017.357379,7998.696629,85.29714976876491,7903.566171,8198.710034,3,10,481,321,120,80,2026-08-31T20:09:28.928549+00:00,3.12.3,2.5.2,12.3.0,0.26.0,Linux-7.0.0-1011-aws-x86_64-with-glibc2.39,x86_64,m7i.2xlarge,parallel_process_workers,4
BSD100,85048.png,x4,nedi,prepared_bicubic_lr,85048.png,4,native_nedi_grid_then_full_target_size_adjustment,gaussian_11x11_sigma_1.5_population_covariance,8,8.0,native_x2_twice_then_bicubic_to_target,2,90896,87718,55684,0,True,480,320,even_insertion_2x_half_pixel_aligned,23.749954287619417,0.5847870833704315,22.371309081764835,0.5533684902357275,8763.3088861,8786.482383499999,84.04390283252484,8578.986036,8858.540566,3,10,481,321,120,80,2026-08-31T20:09:57.829112+00:00,3.12.3,2.5.2,12.3.0,0.26.0,Linux-7.0.0-1011-aws-x86_64-with-glibc2.39,x86_64,m7i.2xlarge,parallel_process_workers,4
BSD100,86000.png,x4,nedi,prepared_bicubic_lr,86000.png,4,native_nedi_grid_then_full_target_size_adjustment,gaussian_11x11_sigma_1.5_population_covariance,8,8.0,native_x2_twice_then_bicubic_to_target,2,65012,63382,80020,0,True,320,480,even_insertion_2x_half_pixel_aligned,23.836101447946163,0.6747819046174757,22.485890572779024,0.6480532455286387,8180.6010929,8203.3499345,64.1754909713628,8068.632515,8265.888561,3,10,321,481,80,120,2026-08-31T20:10:03.274633+00:00,3.12.3,2.5.2,12.3.0,0.26.0,Linux-7.0.0-1011-aws-x86_64-with-glibc2.39,x86_64,m7i.2xlarge,parallel_process_workers,4
BSD100,86016.png,x4,nedi,prepared_bicubic_lr,86016.png,4,native_nedi_grid_then_full_target_size_adjustment,gaussian_11x11_sigma_1.5_population_covariance,8,8.0,native_x2_twice_then_bicubic_to_target,2,58790,56500,86902,0,True,480,320,even_insertion_2x_half_pixel_aligned,21.640518194308402,0.2512308309127803,20.287074933093294,0.22113714075898092,8154.6642212,8207.885748,134.757746605512,7935.511296,8313.625391,3,10,481,321,120,80,2026-08-31T20:11:11.570884+00:00,3.12.3,2.5.2,12.3.0,0.26.0,Linux-7.0.0-1011-aws-x86_64-with-glibc2.39,x86_64,m7i.2xlarge,parallel_process_workers,4
BSD100,86068.png,x4,nedi,prepared_bicubic_lr,86068.png,4,native_nedi_grid_then_full_target_size_adjustment,gaussian_11x11_sigma_1.5_population_covariance,8,8.0,native_x2_twice_then_bicubic_to_target,2,47954,45912,97490,0,True,480,320,even_insertion_2x_half_pixel_aligned,26.301387221186342,0.4941035183876313,24.916280955039177,0.44710773797728837,7819.6394668,7864.2715965,129.4155822849449,7532.570523,7952.694896,3,10,481,321,120,80,2026-08-31T20:11:10.407872+00:00,3.12.3,2.5.2,12.3.0,0.26.0,Linux-7.0.0-1011-aws-x86_64-with-glibc2.39,x86_64,m7i.2xlarge,parallel_process_workers,4
BSD100,87046.png,x4,nedi,prepared_bicubic_lr,87046.png,4,native_nedi_grid_then_full_target_size_adjustment,gaussian_11x11_sigma_1.5_population_covariance,8,8.0,native_x2_twice_then_bicubic_to_target,2,86332,82971,60431,0,True,480,320,even_insertion_2x_half_pixel_aligned,24.427565777330877,0.6776094306801378,23.084059566239628,0.6515261072010498,8838.1553763,8810.199113499999,104.59166572546745,8708.797024,9027.151325,3,10,481,321,120,80,2026-08-31T20:11:52.302539+00:00,3.12.3,2.5.2,12.3.0,0.26.0,Linux-7.0.0-1011-aws-x86_64-with-glibc2.39,x86_64,m7i.2xlarge,parallel_process_workers,4
BSD100,89072.png,x4,nedi,prepared_bicubic_lr,89072.png,4,native_nedi_grid_then_full_target_size_adjustment,gaussian_11x11_sigma_1.5_population_covariance,8,8.0,native_x2_twice_then_bicubic_to_target,2,66514,63525,79877,0,True,320,480,even_insertion_2x_half_pixel_aligned,24.8104609705478,0.6250603885868833,23.457736424085283,0.5872273986581094,8377.6159823,8370.1118665,96.72279344439244,8241.613912,8560.107279,3,10,321,481,80,120,2026-08-31T20:11:52.325221+00:00,3.12.3,2.5.2,12.3.0,0.26.0,Linux-7.0.0-1011-aws-x86_64-with-glibc2.39,x86_64,m7i.2xlarge,parallel_process_workers,4
BSD100,97033.png,x4,nedi,prepared_bicubic_lr,97033.png,4,native_nedi_grid_then_full_target_size_adjustment,gaussian_11x11_sigma_1.5_population_covariance,8,8.0,native_x2_twice_then_bicubic_to_target,2,77731,74880,68522,0,True,480,320,even_insertion_2x_half_pixel_aligned,22.855263224753376,0.5933582238489278,21.514156299674273,0.5626221985373758,8350.6735521,8317.7976495,96.60052369425978,8206.502177,8528.670149,3,10,481,321,120,80,2026-08-31T20:12:59.766309+00:00,3.12.3,2.5.2,12.3.0,0.26.0,Linux-7.0.0-1011-aws-x86_64-with-glibc2.39,x86_64,m7i.2xlarge,parallel_process_workers,4
Urban100,img_001.png,x4,nedi,prepared_bicubic_lr,img_001.png,4,native_nedi_grid_then_full_target_size_adjustment,gaussian_11x11_sigma_1.5_population_covariance,8,8.0,native_x2_twice_then_bicubic_to_target,2,251444,247183,369808,0,False,1024,644,even_insertion_2x_half_pixel_aligned,25.00889908653601,0.6634556136329745,23.543405969123775,0.6187188085276283,36542.8419806,36458.2264725,186.0848795724419,36335.887787,36878.120691,3,10,1024,644,256,161,2026-08-31T20:21:09.161810+00:00,3.12.3,2.5.2,12.3.0,0.26.0,Linux-7.0.0-1011-aws-x86_64-with-glibc2.39,x86_64,m7i.2xlarge,parallel_process_workers,4
Urban100,img_002.png,x4,nedi,prepared_bicubic_lr,img_002.png,4,native_nedi_grid_then_full_target_size_adjustment,gaussian_11x11_sigma_1.5_population_covariance,8,8.0,native_x2_twice_then_bicubic_to_target,2,444314,438399,297539,0,False,1024,768,even_insertion_2x_half_pixel_aligned,24.0723171760194,0.6819725256813258,22.71768937047447,0.6537546943868485,47699.862530700004,47560.884171,466.49789976335524,47284.534968,48924.961621,3,10,1024,768,256,192,2026-08-31T20:23:34.357278+00:00,3.12.3,2.5.2,12.3.0,0.26.0,Linux-7.0.0-1011-aws-x86_64-with-glibc2.39,x86_64,m7i.2xlarge,parallel_process_workers,4
Urban100,img_003.png,x4,nedi,prepared_bicubic_lr,img_003.png,4,native_nedi_grid_then_full_target_size_adjustment,gaussian_11x11_sigma_1.5_population_covariance,8,8.0,native_x2_twice_then_bicubic_to_target,2,386454,380077,271447,0,False,1024,680,even_insertion_2x_half_pixel_aligned,21.847251942101916,0.5353041262823465,20.266941821842067,0.49116068803012025,41796.258021,41794.7284915,194.40569308296008,41559.82818,42145.910023,3,10,1024,680,256,170,2026-08-31T20:22:17.252107+00:00,3.12.3,2.5.2,12.3.0,0.26.0,Linux-7.0.0-1011-aws-x86_64-with-glibc2.39,x86_64,m7i.2xlarge,parallel_process_workers,4
Urban100,img_004.png,x4,nedi,prepared_bicubic_lr,img_004.png,4,native_nedi_grid_then_full_target_size_adjustment,gaussian_11x11_sigma_1.5_population_covariance,8,8.0,native_x2_twice_then_bicubic_to_target,2,482817,475675,175849,0,False,1024,680,even_insertion_2x_half_pixel_aligned,20.391514430408012,0.6494065108442824,19.09533674871931,0.6145373826864734,44290.3190317,44219.9487465,267.7283757055188,43985.743974,44815.60027,3,10,1024,680,256,170,2026-08-31T20:22:49.537206+00:00,3.12.3,2.5.2,12.3.0,0.26.0,Linux-7.0.0-1011-aws-x86_64-with-glibc2.39,x86_64,m7i.2xlarge,parallel_process_workers,4
Urban100,img_005.png,x4,nedi,prepared_bicubic_lr,img_005.png,4,native_nedi_grid_then_full_target_size_adjustment,gaussian_11x11_sigma_1.5_population_covariance,8,8.0,native_x2_twice_then_bicubic_to_target,2,259436,256898,479040,0,False,1024,768,even_insertion_2x_half_pixel_aligned,23.165735673728097,0.8371235601458632,21.789533769343965,0.8089203578585528,42616.4616964,42645.5946265,237.39435148133379,42292.98656,43005.4316,3,10,1024,768,256,192,2026-08-31T20:30:23.654264+00:00,3.12.3,2.5.2,12.3.0,0.26.0,Linux-7.0.0-1011-aws-x86_64-with-glibc2.39,x86_64,m7i.2xlarge,parallel_process_workers,4
Urban100,img_006.png,x4,nedi,prepared_bicubic_lr,img_006.png,4,native_nedi_grid_then_full_target_size_adjustment,gaussian_11x11_sigma_1.5_population_covariance,8,8.0,native_x2_twice_then_bicubic_to_target,2,565568,557845,423661,0,False,1024,1024,even_insertion_2x_half_pixel_aligned,20.536841478518554,0.4833898886453204,19.16695695093854,0.4498883517630517,62953.8546153,63004.7059835,221.60900339233888,62593.224284,63262.247912,3,10,1024,1024,256,256,2026-08-31T20:35:57.708924+00:00,3.12.3,2.5.2,12.3.0,0.26.0,Linux-7.0.0-1011-aws-x86_64-with-glibc2.39,x86_64,m7i.2xlarge,parallel_process_workers,4
Urban100,img_007.png,x4,nedi,prepared_bicubic_lr,img_007.png,4,native_nedi_grid_then_full_target_size_adjustment,gaussian_11x11_sigma_1.5_population_covariance,8,8.0,native_x2_twice_then_bicubic_to_target,2,390317,384524,267000,0,False,1024,680,even_insertion_2x_half_pixel_aligned,25.85186991798626,0.7553399475561018,24.348043799752613,0.7251938201240375,41730.2595386,41689.299098,163.3678404609313,41534.372344,42018.002421,3,10,1024,680,256,170,2026-08-31T20:31:53.789532+00:00,3.12.3,2.5.2,12.3.0,0.26.0,Linux-7.0.0-1011-aws-x86_64-with-glibc2.39,x86_64,m7i.2xlarge,parallel_process_workers,4
Urban100,img_008.png,x4,nedi,prepared_bicubic_lr,img_008.png,4,native_nedi_grid_then_full_target_size_adjustment,gaussian_11x11_sigma_1.5_population_covariance,8,8.0,native_x2_twice_then_bicubic_to_target,2,380572,373869,174056,0,False,1024,572,even_insertion_2x_half_pixel_aligned,19.532050949723946,0.47082747232108785,18.259654299567657,0.4556301960582632,36575.0821769,36612.1112915,235.17944635098453,36009.904913,36881.168398,3,10,1024,572,256,143,2026-08-31T20:31:30.157747+00:00,3.12.3,2.5.2,12.3.0,0.26.0,Linux-7.0.0-1011-aws-x86_64-with-glibc2.39,x86_64,m7i.2xlarge,parallel_process_workers,4
Urban100,img_009.png,x4,nedi,prepared_bicubic_lr,img_009.png,4,native_nedi_grid_then_full_target_size_adjustment,gaussian_11x11_sigma_1.5_population_covariance,8,8.0,native_x2_twice_then_bicubic_to_target,2,128084,126892,635905,0,False,1024,796,even_insertion_2x_half_pixel_aligned,30.61211737551985,0.853384768966684,28.86472077855728,0.8275371435531905,40300.9702225,40245.417972,217.5474029076982,39955.269786,40697.795067,3,10,1024,796,256,199,2026-08-31T20:39:07.847776+00:00,3.12.3,2.5.2,12.3.0,0.26.0,Linux-7.0.0-1011-aws-x86_64-with-glibc2.39,x86_64,m7i.2xlarge,parallel_process_workers,4
Urban100,img_010.png,x4,nedi,prepared_bicubic_lr,img_010.png,4,native_nedi_grid_then_full_target_size_adjustment,gaussian_11x11_sigma_1.5_population_covariance,8,8.0,native_x2_twice_then_bicubic_to_target,2,216219,213957,568025,0,False,1024,816,even_insertion_2x_half_pixel_aligned,23.888145156144645,0.7968269092464653,22.475235139116915,0.7690202244921149,43562.1908606,43659.633974,337.0311155781591,42991.008114,44020.2818,3,10,1024,816,256,204,2026-08-31T20:40:57.578766+00:00,3.12.3,2.5.2,12.3.0,0.26.0,Linux-7.0.0-1011-aws-x86_64-with-glibc2.39,x86_64,m7i.2xlarge,parallel_process_workers,4
Urban100,img_011.png,x4,nedi,prepared_bicubic_lr,img_011.png,4,native_nedi_grid_then_full_target_size_adjustment,gaussian_11x11_sigma_1.5_population_covariance,8,8.0,native_x2_twice_then_bicubic_to_target,2,312448,308507,231744,0,False,564,1024,even_insertion_2x_half_pixel_aligned,15.612387154105063,0.5916151196608536,14.290465842228325,0.5490706820366488,34267.5520367,34348.964176,253.67756629869407,33827.708277,34539.231614,3,10,564,1024,141,256,2026-08-31T20:39:19.316338+00:00,3.12.3,2.5.2,12.3.0,0.26.0,Linux-7.0.0-1011-aws-x86_64-with-glibc2.39,x86_64,m7i.2xlarge,parallel_process_workers,4
Urban100,img_012.png,x4,nedi,prepared_bicubic_lr,img_012.png,4,native_nedi_grid_then_full_target_size_adjustment,gaussian_11x11_sigma_1.5_population_covariance,8,8.0,native_x2_twice_then_bicubic_to_target,2,379347,372541,363397,0,False,1024,768,even_insertion_2x_half_pixel_aligned,22.41108218713393,0.6048401120865468,20.52070645470811,0.5772403955883596,45308.0273096,45243.205544,635.6693857657413,44537.128282,46765.25081,3,10,1024,768,256,192,2026-08-31T20:45:48.580640+00:00,3.12.3,2.5.2,12.3.0,0.26.0,Linux-7.0.0-1011-aws-x86_64-with-glibc2.39,x86_64,m7i.2xlarge,parallel_process_workers,4
Urban100,img_013.png,x4,nedi,prepared_bicubic_lr,img_013.png,4,native_nedi_grid_then_full_target_size_adjustment,gaussian_11x11_sigma_1.5_population_covariance,8,8.0,native_x2_twice_then_bicubic_to_target,2,367140,359820,372281,0,False,1024,764,even_insertion_2x_half_pixel_aligned,26.343989926916414,0.7233230987096747,25.027879708152156,0.6656999555418411,45318.9048091,45444.246002500004,682.8160134188029,43975.543066,46426.40229,3,10,1024,764,256,191,2026-08-31T20:48:55.368012+00:00,3.12.3,2.5.2,12.3.0,0.26.0,Linux-7.0.0-1011-aws-x86_64-with-glibc2.39,x86_64,m7i.2xlarge,parallel_process_workers,4
Urban100,img_014.png,x4,nedi,prepared_bicubic_lr,img_014.png,4,native_nedi_grid_then_full_target_size_adjustment,gaussian_11x11_sigma_1.5_population_covariance,8,8.0,native_x2_twice_then_bicubic_to_target,2,442379,438206,543300,0,False,1024,1024,even_insertion_2x_half_pixel_aligned,21.247219991865226,0.5738531053624208,19.930409044597265,0.5492758113160434,59666.7237598,59725.572194,543.3536951105696,58625.666452,60651.134168,3,10,1024,1024,256,256,2026-08-31T20:52:12.427083+00:00,3.12.3,2.5.2,12.3.0,0.26.0,Linux-7.0.0-1011-aws-x86_64-with-glibc2.39,x86_64,m7i.2xlarge,parallel_process_workers,4
Urban100,img_015.png,x4,nedi,prepared_bicubic_lr,img_015.png,4,native_nedi_grid_then_full_target_size_adjustment,gaussian_11x11_sigma_1.5_population_covariance,8,8.0,native_x2_twice_then_bicubic_to_target,2,340965,337689,402086,0,False,1024,772,even_insertion_2x_half_pixel_aligned,23.119946229074802,0.6123126959914278,21.75862866077683,0.5526079518638013,45133.2541145,45087.7945235,349.38277453728415,44609.25222,45844.679837,3,10,1024,772,256,193,2026-08-31T20:50:42.916414+00:00,3.12.3,2.5.2,12.3.0,0.26.0,Linux-7.0.0-1011-aws-x86_64-with-glibc2.39,x86_64,m7i.2xlarge,parallel_process_workers,4
Urban100,img_016.png,x4,nedi,prepared_bicubic_lr,img_016.png,4,native_nedi_grid_then_full_target_size_adjustment,gaussian_11x11_sigma_1.5_population_covariance,8,8.0,native_x2_twice_then_bicubic_to_target,2,293205,291366,690140,0,False,1024,1024,even_insertion_2x_half_pixel_aligned,25.90266526798301,0.8390796938441512,24.480174985171097,0.8179792496919253,55429.2960818,55474.237924,510.72987607963245,54287.42772,56270.990619,3,10,1024,1024,256,256,2026-08-31T20:57:49.737176+00:00,3.12.3,2.5.2,12.3.0,0.26.0,Linux-7.0.0-1011-aws-x86_64-with-glibc2.39,x86_64,m7i.2xlarge,parallel_process_workers,4
Urban100,img_017.png,x4,nedi,prepared_bicubic_lr,img_017.png,4,native_nedi_grid_then_full_target_size_adjustment,gaussian_11x11_sigma_1.5_population_covariance,8,8.0,native_x2_twice_then_bicubic_to_target,2,350460,346218,316817,0,False,1024,692,even_insertion_2x_half_pixel_aligned,23.312164571649667,0.7069788602901695,21.838595687164872,0.6855130259131395,41728.9934762,41674.387858,259.1140482831066,41398.86233,42119.557723,3,10,1024,692,256,173,2026-08-31T20:57:56.016206+00:00,3.12.3,2.5.2,12.3.0,0.26.0,Linux-7.0.0-1011-aws-x86_64-with-glibc2.39,x86_64,m7i.2xlarge,parallel_process_workers,4
Urban100,img_018.png,x4,nedi,prepared_bicubic_lr,img_018.png,4,native_nedi_grid_then_full_target_size_adjustment,gaussian_11x11_sigma_1.5_population_covariance,8,8.0,native_x2_twice_then_bicubic_to_target,2,418053,411429,324509,0,False,1024,768,even_insertion_2x_half_pixel_aligned,24.45149700700131,0.5910280844607031,22.688030162232955,0.5444568443007066,47078.1601914,47291.3564585,886.125588834012,45174.263953,48090.81566,3,10,1024,768,256,192,2026-08-31T21:00:55.338671+00:00,3.12.3,2.5.2,12.3.0,0.26.0,Linux-7.0.0-1011-aws-x86_64-with-glibc2.39,x86_64,m7i.2xlarge,parallel_process_workers,4
Urban100,img_019.png,x4,nedi,prepared_bicubic_lr,img_019.png,4,native_nedi_grid_then_full_target_size_adjustment,gaussian_11x11_sigma_1.5_population_covariance,8,8.0,native_x2_twice_then_bicubic_to_target,2,332408,328244,323280,0,False,1024,680,even_insertion_2x_half_pixel_aligned,18.683664748466978,0.631993956189866,17.336642534335258,0.5739411346439257,40215.33618,40364.741197,793.37182233185,38727.006419,41288.492083,3,10,1024,680,256,170,2026-08-31T21:00:56.805366+00:00,3.12.3,2.5.2,12.3.0,0.26.0,Linux-7.0.0-1011-aws-x86_64-with-glibc2.39,x86_64,m7i.2xlarge,parallel_process_workers,4
Urban100,img_020.png,x4,nedi,prepared_bicubic_lr,img_020.png,4,native_nedi_grid_then_full_target_size_adjustment,gaussian_11x11_sigma_1.5_population_covariance,8,8.0,native_x2_twice_then_bicubic_to_target,2,650989,644395,505927,0,False,1280,960,even_insertion_2x_half_pixel_aligned,20.20311033185308,0.5722557899211834,18.81475032326176,0.5517160009910321,73572.4518155,74085.187344,1229.4302236860642,71209.99601,75058.023415,3,10,1280,960,320,240,2026-08-31T21:13:45.612792+00:00,3.12.3,2.5.2,12.3.0,0.26.0,Linux-7.0.0-1011-aws-x86_64-with-glibc2.39,x86_64,m7i.2xlarge,parallel_process_workers,4
Urban100,img_021.png,x4,nedi,prepared_bicubic_lr,img_021.png,4,native_nedi_grid_then_full_target_size_adjustment,gaussian_11x11_sigma_1.5_population_covariance,8,8.0,native_x2_twice_then_bicubic_to_target,2,325326,318206,575799,0,False,796,1200,even_insertion_2x_half_pixel_aligned,27.252345032655644,0.7095706412919643,25.77633927283353,0.671738620486424,52232.3476013,52164.416246,1159.7946845091383,50278.861981,54003.559961,3,10,796,1200,199,300,2026-08-31T21:09:12.734105+00:00,3.12.3,2.5.2,12.3.0,0.26.0,Linux-7.0.0-1011-aws-x86_64-with-glibc2.39,x86_64,m7i.2xlarge,parallel_process_workers,4
Urban100,img_022.png,x4,nedi,prepared_bicubic_lr,img_022.png,4,native_nedi_grid_then_full_target_size_adjustment,gaussian_11x11_sigma_1.5_population_covariance,8,8.0,native_x2_twice_then_bicubic_to_target,2,228780,226429,425095,0,False,1024,680,even_insertion_2x_half_pixel_aligned,24.728304907392634,0.6757749012492904,23.322987274729975,0.6482394118801479,37310.6220055,37025.569419499996,808.4154879526208,36174.847086,38747.583092,3,10,1024,680,256,170,2026-08-31T21:09:04.169946+00:00,3.12.3,2.5.2,12.3.0,0.26.0,Linux-7.0.0-1011-aws-x86_64-with-glibc2.39,x86_64,m7i.2xlarge,parallel_process_workers,4
Urban100,img_023.png,x4,nedi,prepared_bicubic_lr,img_023.png,4,native_nedi_grid_then_full_target_size_adjustment,gaussian_11x11_sigma_1.5_population_covariance,8,8.0,native_x2_twice_then_bicubic_to_target,2,499088,492729,488777,0,False,1024,1024,even_insertion_2x_half_pixel_aligned,26.794955246594174,0.8217994531503059,25.058961800461923,0.7943390476879567,61111.3735158,61456.39531,1059.5844749449786,58941.822818,62294.15145,3,10,1024,1024,256,256,2026-08-31T21:14:13.167771+00:00,3.12.3,2.5.2,12.3.0,0.26.0,Linux-7.0.0-1011-aws-x86_64-with-glibc2.39,x86_64,m7i.2xlarge,parallel_process_workers,4
Urban100,img_024.png,x4,nedi,prepared_bicubic_lr,img_024.png,4,native_nedi_grid_then_full_target_size_adjustment,gaussian_11x11_sigma_1.5_population_covariance,8,8.0,native_x2_twice_then_bicubic_to_target,2,416989,407927,224412,0,False,1024,660,even_insertion_2x_half_pixel_aligned,17.989218235217706,0.45366839006188875,16.650866006971615,0.43436076787484174,41731.7830932,41960.9628775,702.2435435787195,40235.41473,42692.071148,3,10,1024,660,256,165,2026-08-31T21:18:08.442680+00:00,3.12.3,2.5.2,12.3.0,0.26.0,Linux-7.0.0-1011-aws-x86_64-with-glibc2.39,x86_64,m7i.2xlarge,parallel_process_workers,4
Urban100,img_025.png,x4,nedi,prepared_bicubic_lr,img_025.png,4,native_nedi_grid_then_full_target_size_adjustment,gaussian_11x11_sigma_1.5_population_covariance,8,8.0,native_x2_twice_then_bicubic_to_target,2,282352,276225,429017,0,False,1024,736,even_insertion_2x_half_pixel_aligned,26.57077507044024,0.8153261867320418,25.149773671637774,0.7804907766297434,41897.0846211,41964.859511,617.9703488052364,40635.008452,42787.668467,3,10,1024,736,256,184,2026-08-31T21:18:18.552120+00:00,3.12.3,2.5.2,12.3.0,0.26.0,Linux-7.0.0-1011-aws-x86_64-with-glibc2.39,x86_64,m7i.2xlarge,parallel_process_workers,4
Urban100,img_026.png,x4,nedi,prepared_bicubic_lr,img_026.png,4,native_nedi_grid_then_full_target_size_adjustment,gaussian_11x11_sigma_1.5_population_covariance,8,8.0,native_x2_twice_then_bicubic_to_target,2,164313,161160,574778,0,False,1024,768,even_insertion_2x_half_pixel_aligned,25.536053731762745,0.6207287378534209,24.06723270424845,0.5608355687984337,39397.6965115,39197.6174815,618.6855254803805,38713.597479,40532.334372,3,10,1024,768,256,192,2026-08-31T21:22:19.588209+00:00,3.12.3,2.5.2,12.3.0,0.26.0,Linux-7.0.0-1011-aws-x86_64-with-glibc2.39,x86_64,m7i.2xlarge,parallel_process_workers,4
Urban100,img_027.png,x4,nedi,prepared_bicubic_lr,img_027.png,4,native_nedi_grid_then_full_target_size_adjustment,gaussian_11x11_sigma_1.5_population_covariance,8,8.0,native_x2_twice_then_bicubic_to_target,2,302637,298935,498395,0,False,1024,832,even_insertion_2x_half_pixel_aligned,26.37559335555342,0.7148578623690377,25.06618319176916,0.6854409512925518,46108.0813694,45944.18255,649.8180900670591,45263.395818,47511.330999,3,10,1024,832,256,208,2026-08-31T21:24:14.978809+00:00,3.12.3,2.5.2,12.3.0,0.26.0,Linux-7.0.0-1011-aws-x86_64-with-glibc2.39,x86_64,m7i.2xlarge,parallel_process_workers,4
Urban100,img_028.png,x4,nedi,prepared_bicubic_lr,img_028.png,4,native_nedi_grid_then_full_target_size_adjustment,gaussian_11x11_sigma_1.5_population_covariance,8,8.0,native_x2_twice_then_bicubic_to_target,2,186463,184589,466935,0,False,1024,680,even_insertion_2x_half_pixel_aligned,28.103431307833738,0.8052571837463498,26.781509995957002,0.7822872513977875,35829.5430624,35843.26931249999,490.77926469127556,35004.007463,36432.520639,3,10,1024,680,256,170,2026-08-31T21:25:54.122544+00:00,3.12.3,2.5.2,12.3.0,0.26.0,Linux-7.0.0-1011-aws-x86_64-with-glibc2.39,x86_64,m7i.2xlarge,parallel_process_workers,4
Urban100,img_029.png,x4,nedi,prepared_bicubic_lr,img_029.png,4,native_nedi_grid_then_full_target_size_adjustment,gaussian_11x11_sigma_1.5_population_covariance,8,8.0,native_x2_twice_then_bicubic_to_target,2,262053,258690,388997,0,False,1024,676,even_insertion_2x_half_pixel_aligned,22.748482252150517,0.7090181179397435,21.402105809176057,0.6735161085297673,38024.2590832,38043.308269999994,556.0010528930769,37187.980993,38832.964929,3,10,1024,676,256,169,2026-08-31T21:26:32.000219+00:00,3.12.3,2.5.2,12.3.0,0.26.0,Linux-7.0.0-1011-aws-x86_64-with-glibc2.39,x86_64,m7i.2xlarge,parallel_process_workers,4
Urban100,img_030.png,x4,nedi,prepared_bicubic_lr,img_030.png,4,native_nedi_grid_then_full_target_size_adjustment,gaussian_11x11_sigma_1.5_population_covariance,8,8.0,native_x2_twice_then_bicubic_to_target,2,445623,440364,211160,0,False,680,1024,even_insertion_2x_half_pixel_aligned,21.394102963549223,0.611929887411184,19.729329936514596,0.5740730497018317,43480.566933,43415.92424,263.79771500920936,43133.746434,44139.771839,3,10,680,1024,170,256,2026-08-31T21:31:44.454617+00:00,3.12.3,2.5.2,12.3.0,0.26.0,Linux-7.0.0-1011-aws-x86_64-with-glibc2.39,x86_64,m7i.2xlarge,parallel_process_workers,4
Urban100,img_031.png,x4,nedi,prepared_bicubic_lr,img_031.png,4,native_nedi_grid_then_full_target_size_adjustment,gaussian_11x11_sigma_1.5_population_covariance,8,8.0,native_x2_twice_then_bicubic_to_target,2,309187,305014,346510,0,False,1024,680,even_insertion_2x_half_pixel_aligned,22.51412454648773,0.6733415409455122,21.0861796573763,0.6290633983800855,39819.2296989,39779.0224235,269.2011062507172,39416.916293,40434.311259,3,10,1024,680,256,170,2026-08-31T21:32:52.823852+00:00,3.12.3,2.5.2,12.3.0,0.26.0,Linux-7.0.0-1011-aws-x86_64-with-glibc2.39,x86_64,m7i.2xlarge,parallel_process_workers,4
Urban100,img_032.png,x4,nedi,prepared_bicubic_lr,img_032.png,4,native_nedi_grid_then_full_target_size_adjustment,gaussian_11x11_sigma_1.5_population_covariance,8,8.0,native_x2_twice_then_bicubic_to_target,2,191545,188269,463255,0,False,1024,680,even_insertion_2x_half_pixel_aligned,25.947541690724524,0.751803337384917,24.463244697113517,0.7219401567857938,36488.7329257,36451.156143,318.0815726601464,36094.853463,37216.899083,3,10,1024,680,256,170,2026-08-31T21:33:49.329731+00:00,3.12.3,2.5.2,12.3.0,0.26.0,Linux-7.0.0-1011-aws-x86_64-with-glibc2.39,x86_64,m7i.2xlarge,parallel_process_workers,4
Urban100,img_033.png,x4,nedi,prepared_bicubic_lr,img_033.png,4,native_nedi_grid_then_full_target_size_adjustment,gaussian_11x11_sigma_1.5_population_covariance,8,8.0,native_x2_twice_then_bicubic_to_target,2,196974,194419,457105,0,False,1024,680,even_insertion_2x_half_pixel_aligned,24.069874602130874,0.6654588961499176,22.510616308164373,0.6312830228212065,36704.0694587,36668.555778,132.5425417927764,36518.882679,36911.313087,3,10,1024,680,256,170,2026-08-31T21:34:30.943729+00:00,3.12.3,2.5.2,12.3.0,0.26.0,Linux-7.0.0-1011-aws-x86_64-with-glibc2.39,x86_64,m7i.2xlarge,parallel_process_workers,4
Urban100,img_034.png,x4,nedi,prepared_bicubic_lr,img_034.png,4,native_nedi_grid_then_full_target_size_adjustment,gaussian_11x11_sigma_1.5_population_covariance,8,8.0,native_x2_twice_then_bicubic_to_target,2,326712,321836,329688,0,False,1024,680,even_insertion_2x_half_pixel_aligned,21.229846234273765,0.4615074699036345,19.410504396136545,0.4418607586579563,40748.9740449,40436.6537635,973.4733259574008,39674.991967,42479.6463,3,10,1024,680,256,170,2026-08-31T21:40:32.718505+00:00,3.12.3,2.5.2,12.3.0,0.26.0,Linux-7.0.0-1011-aws-x86_64-with-glibc2.39,x86_64,m7i.2xlarge,parallel_process_workers,4
Urban100,img_035.png,x4,nedi,prepared_bicubic_lr,img_035.png,4,native_nedi_grid_then_full_target_size_adjustment,gaussian_11x11_sigma_1.5_population_covariance,8,8.0,native_x2_twice_then_bicubic_to_target,2,328805,322986,336212,0,False,1024,688,even_insertion_2x_half_pixel_aligned,24.72524060136688,0.7309593573082628,23.290521682938838,0.7017320314148915,41566.3194183,41485.27299,893.5172250976266,40295.446241,43000.273947,3,10,1024,688,256,172,2026-08-31T21:41:51.050230+00:00,3.12.3,2.5.2,12.3.0,0.26.0,Linux-7.0.0-1011-aws-x86_64-with-glibc2.39,x86_64,m7i.2xlarge,parallel_process_workers,4
Urban100,img_036.png,x4,nedi,prepared_bicubic_lr,img_036.png,4,native_nedi_grid_then_full_target_size_adjustment,gaussian_11x11_sigma_1.5_population_covariance,8,8.0,native_x2_twice_then_bicubic_to_target,2,271979,268930,401779,0,False,700,1024,even_insertion_2x_half_pixel_aligned,25.059667918604333,0.7815892834594486,23.737746606727598,0.7624047993452842,40890.6018111,41109.4541285,742.9284849889541,39632.580496,41847.128695,3,10,700,1024,175,256,2026-08-31T21:42:37.858630+00:00,3.12.3,2.5.2,12.3.0,0.26.0,Linux-7.0.0-1011-aws-x86_64-with-glibc2.39,x86_64,m7i.2xlarge,parallel_process_workers,4
Urban100,img_037.png,x4,nedi,prepared_bicubic_lr,img_037.png,4,native_nedi_grid_then_full_target_size_adjustment,gaussian_11x11_sigma_1.5_population_covariance,8,8.0,native_x2_twice_then_bicubic_to_target,2,393570,384686,324393,0,False,740,1024,even_insertion_2x_half_pixel_aligned,23.556334910353645,0.6702917899657214,22.182154006193507,0.6332042263056975,46497.274964,46544.2518575,639.409175324986,45365.12009,47319.387093,3,10,740,1024,185,256,2026-08-31T21:44:30.259110+00:00,3.12.3,2.5.2,12.3.0,0.26.0,Linux-7.0.0-1011-aws-x86_64-with-glibc2.39,x86_64,m7i.2xlarge,parallel_process_workers,4
Urban100,img_038.png,x4,nedi,prepared_bicubic_lr,img_038.png,4,native_nedi_grid_then_full_target_size_adjustment,gaussian_11x11_sigma_1.5_population_covariance,8,8.0,native_x2_twice_then_bicubic_to_target,2,285322,279735,456203,0,False,768,1024,even_insertion_2x_half_pixel_aligned,24.575843112008666,0.5287905045358641,23.20110677260537,0.47601955097248694,43844.7079027,43543.552511,849.1498173153276,42864.575503,45126.759137,3,10,768,1024,192,256,2026-08-31T21:50:06.950549+00:00,3.12.3,2.5.2,12.3.0,0.26.0,Linux-7.0.0-1011-aws-x86_64-with-glibc2.39,x86_64,m7i.2xlarge,parallel_process_workers,4
Urban100,img_039.png,x4,nedi,prepared_bicubic_lr,img_039.png,4,native_nedi_grid_then_full_target_size_adjustment,gaussian_11x11_sigma_1.5_population_covariance,8,8.0,native_x2_twice_then_bicubic_to_target,2,360518,356889,379049,0,False,768,1024,even_insertion_2x_half_pixel_aligned,20.770267416360156,0.574822987603979,19.420814964600893,0.5509528151026127,45299.8912594,44945.8866855,802.1883240773063,44654.665182,47260.721529,3,10,768,1024,192,256,2026-08-31T21:51:46.541709+00:00,3.12.3,2.5.2,12.3.0,0.26.0,Linux-7.0.0-1011-aws-x86_64-with-glibc2.39,x86_64,m7i.2xlarge,parallel_process_workers,4
Urban100,img_040.png,x4,nedi,prepared_bicubic_lr,img_040.png,4,native_nedi_grid_then_full_target_size_adjustment,gaussian_11x11_sigma_1.5_population_covariance,8,8.0,native_x2_twice_then_bicubic_to_target,2,366133,359548,192214,0,False,1024,576,even_insertion_2x_half_pixel_aligned,19.98122974168912,0.7497440800452304,18.672068814185746,0.725720440257558,36145.7767708,35867.9788185,532.9616592987179,35653.837078,37413.122751,3,10,1024,576,256,144,2026-08-31T21:50:32.995679+00:00,3.12.3,2.5.2,12.3.0,0.26.0,Linux-7.0.0-1011-aws-x86_64-with-glibc2.39,x86_64,m7i.2xlarge,parallel_process_workers,4
Urban100,img_041.png,x4,nedi,prepared_bicubic_lr,img_041.png,4,native_nedi_grid_then_full_target_size_adjustment,gaussian_11x11_sigma_1.5_population_covariance,8,8.0,native_x2_twice_then_bicubic_to_target,2,426688,419775,231749,0,False,1024,680,even_insertion_2x_half_pixel_aligned,20.56907137615798,0.6518183161478147,19.12198710599914,0.6297941651039295,42706.6951179,42709.6893865,286.8319544847436,42287.667772,43205.764559,3,10,1024,680,256,170,2026-08-31T21:53:48.330334+00:00,3.12.3,2.5.2,12.3.0,0.26.0,Linux-7.0.0-1011-aws-x86_64-with-glibc2.39,x86_64,m7i.2xlarge,parallel_process_workers,4
Urban100,img_042.png,x4,nedi,prepared_bicubic_lr,img_042.png,4,native_nedi_grid_then_full_target_size_adjustment,gaussian_11x11_sigma_1.5_population_covariance,8,8.0,native_x2_twice_then_bicubic_to_target,2,324891,319537,331987,0,False,1024,680,even_insertion_2x_half_pixel_aligned,24.847124475287536,0.778559559832147,23.5252031634108,0.7630598871079105,39982.1190593,39846.5720825,362.4936659033211,39575.604717,40759.673209,3,10,1024,680,256,170,2026-08-31T21:58:46.313653+00:00,3.12.3,2.5.2,12.3.0,0.26.0,Linux-7.0.0-1011-aws-x86_64-with-glibc2.39,x86_64,m7i.2xlarge,parallel_process_workers,4
Urban100,img_043.png,x4,nedi,prepared_bicubic_lr,img_043.png,4,native_nedi_grid_then_full_target_size_adjustment,gaussian_11x11_sigma_1.5_population_covariance,8,8.0,native_x2_twice_then_bicubic_to_target,2,291524,286416,357434,0,False,1024,672,even_insertion_2x_half_pixel_aligned,22.383011827734887,0.7980462008234436,21.11793027569742,0.7406962641737455,38811.523209599996,38643.0502785,396.7005671880554,38412.959807,39782.251226,3,10,1024,672,256,168,2026-08-31T21:58:57.373025+00:00,3.12.3,2.5.2,12.3.0,0.26.0,Linux-7.0.0-1011-aws-x86_64-with-glibc2.39,x86_64,m7i.2xlarge,parallel_process_workers,4
Urban100,img_044.png,x4,nedi,prepared_bicubic_lr,img_044.png,4,native_nedi_grid_then_full_target_size_adjustment,gaussian_11x11_sigma_1.5_population_covariance,8,8.0,native_x2_twice_then_bicubic_to_target,2,352075,345459,306065,0,False,1024,680,even_insertion_2x_half_pixel_aligned,26.68141257402126,0.7126277336444666,24.83761807344704,0.6680874288715998,40826.4776882,40745.6612765,475.21129892090187,40273.142208,41751.630166,3,10,1024,680,256,170,2026-08-31T22:00:37.354462+00:00,3.12.3,2.5.2,12.3.0,0.26.0,Linux-7.0.0-1011-aws-x86_64-with-glibc2.39,x86_64,m7i.2xlarge,parallel_process_workers,4
Urban100,img_045.png,x4,nedi,prepared_bicubic_lr,img_045.png,4,native_nedi_grid_then_full_target_size_adjustment,gaussian_11x11_sigma_1.5_population_covariance,8,8.0,native_x2_twice_then_bicubic_to_target,2,581941,573851,162087,0,False,1024,768,even_insertion_2x_half_pixel_aligned,21.709580542117884,0.584958720689665,20.387659230241148,0.5662693566353758,52398.5608067,52688.974144499996,1068.9033215455786,50637.323214,53839.574057,3,10,1024,768,256,192,2026-08-31T22:05:05.440422+00:00,3.12.3,2.5.2,12.3.0,0.26.0,Linux-7.0.0-1011-aws-x86_64-with-glibc2.39,x86_64,m7i.2xlarge,parallel_process_workers,4
Urban100,img_046.png,x4,nedi,prepared_bicubic_lr,img_046.png,4,native_nedi_grid_then_full_target_size_adjustment,gaussian_11x11_sigma_1.5_population_covariance,8,8.0,native_x2_twice_then_bicubic_to_target,2,226738,224613,438422,0,False,692,1024,even_insertion_2x_half_pixel_aligned,22.583492445378212,0.6703976729997474,21.094091730263024,0.6584847481073063,39634.5138944,39601.8594925,252.47409151463322,39238.595763,40219.00495,3,10,692,1024,173,256,2026-08-31T22:07:18.507640+00:00,3.12.3,2.5.2,12.3.0,0.26.0,Linux-7.0.0-1011-aws-x86_64-with-glibc2.39,x86_64,m7i.2xlarge,parallel_process_workers,4
Urban100,img_047.png,x4,nedi,prepared_bicubic_lr,img_047.png,4,native_nedi_grid_then_full_target_size_adjustment,gaussian_11x11_sigma_1.5_population_covariance,8,8.0,native_x2_twice_then_bicubic_to_target,2,291090,286318,303814,0,False,1024,616,even_insertion_2x_half_pixel_aligned,20.04231285502083,0.6289649116271678,18.54465359259188,0.6109287566784287,37563.1722454,37580.667705500004,192.30588550044845,37267.528338,37851.864791,3,10,1024,616,256,154,2026-08-31T22:07:03.349283+00:00,3.12.3,2.5.2,12.3.0,0.26.0,Linux-7.0.0-1011-aws-x86_64-with-glibc2.39,x86_64,m7i.2xlarge,parallel_process_workers,4
Urban100,img_048.png,x4,nedi,prepared_bicubic_lr,img_048.png,4,native_nedi_grid_then_full_target_size_adjustment,gaussian_11x11_sigma_1.5_population_covariance,8,8.0,native_x2_twice_then_bicubic_to_target,2,307326,305191,350170,0,False,684,1024,even_insertion_2x_half_pixel_aligned,17.848743755119976,0.6560224492014859,16.5541753674973,0.6378224272618733,41315.530457400004,41261.6741425,316.9822464570588,40592.579511,41816.015863,3,10,684,1024,171,256,2026-08-31T22:09:34.800593+00:00,3.12.3,2.5.2,12.3.0,0.26.0,Linux-7.0.0-1011-aws-x86_64-with-glibc2.39,x86_64,m7i.2xlarge,parallel_process_workers,4
Urban100,img_049.png,x4,nedi,prepared_bicubic_lr,img_049.png,4,native_nedi_grid_then_full_target_size_adjustment,gaussian_11x11_sigma_1.5_population_covariance,8,8.0,native_x2_twice_then_bicubic_to_target,2,442909,436604,214920,0,False,1024,680,even_insertion_2x_half_pixel_aligned,20.205742595792824,0.5745101901364125,18.722488173143045,0.5395985442695114,44732.053542,44829.976354,746.9635562416813,43257.080265,45698.275128,3,10,1024,680,256,170,2026-08-31T22:14:48.974951+00:00,3.12.3,2.5.2,12.3.0,0.26.0,Linux-7.0.0-1011-aws-x86_64-with-glibc2.39,x86_64,m7i.2xlarge,parallel_process_workers,4
Urban100,img_050.png,x4,nedi,prepared_bicubic_lr,img_050.png,4,native_nedi_grid_then_full_target_size_adjustment,gaussian_11x11_sigma_1.5_population_covariance,8,8.0,native_x2_twice_then_bicubic_to_target,2,284705,280090,371434,0,False,680,1024,even_insertion_2x_half_pixel_aligned,23.240244607517813,0.6453911717484411,21.79658195677908,0.6227544303177116,40192.7164714,40162.691837499995,756.4839637461515,39165.704188,41471.4137,3,10,680,1024,170,256,2026-08-31T22:15:47.691362+00:00,3.12.3,2.5.2,12.3.0,0.26.0,Linux-7.0.0-1011-aws-x86_64-with-glibc2.39,x86_64,m7i.2xlarge,parallel_process_workers,4
Urban100,img_051.png,x4,nedi,prepared_bicubic_lr,img_051.png,4,native_nedi_grid_then_full_target_size_adjustment,gaussian_11x11_sigma_1.5_population_covariance,8,8.0,native_x2_twice_then_bicubic_to_target,2,341195,335667,315857,0,False,1024,680,even_insertion_2x_half_pixel_aligned,24.660910253111958,0.7332189278610255,23.139700703365442,0.704530945490364,41469.795541,41596.953873000006,786.8551221668155,40285.451619,42487.375472,3,10,1024,680,256,170,2026-08-31T22:16:20.385421+00:00,3.12.3,2.5.2,12.3.0,0.26.0,Linux-7.0.0-1011-aws-x86_64-with-glibc2.39,x86_64,m7i.2xlarge,parallel_process_workers,4
Urban100,img_052.png,x4,nedi,prepared_bicubic_lr,img_052.png,4,native_nedi_grid_then_full_target_size_adjustment,gaussian_11x11_sigma_1.5_population_covariance,8,8.0,native_x2_twice_then_bicubic_to_target,2,314135,309729,341795,0,False,1024,680,even_insertion_2x_half_pixel_aligned,23.553885211530094,0.7344342189315667,22.173646591900894,0.7102664609851767,40624.7234574,40511.4368245,664.6853051558658,39583.24537,41640.449364,3,10,1024,680,256,170,2026-08-31T22:18:25.843367+00:00,3.12.3,2.5.2,12.3.0,0.26.0,Linux-7.0.0-1011-aws-x86_64-with-glibc2.39,x86_64,m7i.2xlarge,parallel_process_workers,4
Urban100,img_053.png,x4,nedi,prepared_bicubic_lr,img_053.png,4,native_nedi_grid_then_full_target_size_adjustment,gaussian_11x11_sigma_1.5_population_covariance,8,8.0,native_x2_twice_then_bicubic_to_target,2,439147,433433,195069,0,False,1024,656,even_insertion_2x_half_pixel_aligned,19.8565135101593,0.5625397047578479,18.516541734443987,0.5418381651877707,43607.5862222,43512.362571499994,272.821121185645,43300.134099,44343.988465,3,10,1024,656,256,164,2026-08-31T22:24:12.993997+00:00,3.12.3,2.5.2,12.3.0,0.26.0,Linux-7.0.0-1011-aws-x86_64-with-glibc2.39,x86_64,m7i.2xlarge,parallel_process_workers,4
Urban100,img_054.png,x4,nedi,prepared_bicubic_lr,img_054.png,4,native_nedi_grid_then_full_target_size_adjustment,gaussian_11x11_sigma_1.5_population_covariance,8,8.0,native_x2_twice_then_bicubic_to_target,2,380231,376088,275436,0,False,1024,680,even_insertion_2x_half_pixel_aligned,19.76548994605802,0.5109941363584334,18.2448579354346,0.4869414356839526,42963.2418522,43162.103166,711.1997309303438,41173.278204,44005.548988,3,10,1024,680,256,170,2026-08-31T22:25:04.942064+00:00,3.12.3,2.5.2,12.3.0,0.26.0,Linux-7.0.0-1011-aws-x86_64-with-glibc2.39,x86_64,m7i.2xlarge,parallel_process_workers,4
Urban100,img_055.png,x4,nedi,prepared_bicubic_lr,img_055.png,4,native_nedi_grid_then_full_target_size_adjustment,gaussian_11x11_sigma_1.5_population_covariance,8,8.0,native_x2_twice_then_bicubic_to_target,2,321351,316806,419132,0,False,1024,768,even_insertion_2x_half_pixel_aligned,24.69032196815586,0.7776819038847023,22.834989581798837,0.7326507263908292,45255.657580600004,45755.5965355,1079.590799164557,43049.919052,46645.394632,3,10,1024,768,256,192,2026-08-31T22:26:10.004050+00:00,3.12.3,2.5.2,12.3.0,0.26.0,Linux-7.0.0-1011-aws-x86_64-with-glibc2.39,x86_64,m7i.2xlarge,parallel_process_workers,4
Urban100,img_056.png,x4,nedi,prepared_bicubic_lr,img_056.png,4,native_nedi_grid_then_full_target_size_adjustment,gaussian_11x11_sigma_1.5_population_covariance,8,8.0,native_x2_twice_then_bicubic_to_target,2,488956,482536,253402,0,False,1024,768,even_insertion_2x_half_pixel_aligned,21.872073157100623,0.6101396796891508,20.510375460440407,0.582992803229009,48952.7136555,48418.895541000005,1374.5504969643923,47239.792377,51451.994133,3,10,1024,768,256,192,2026-08-31T22:29:07.412373+00:00,3.12.3,2.5.2,12.3.0,0.26.0,Linux-7.0.0-1011-aws-x86_64-with-glibc2.39,x86_64,m7i.2xlarge,parallel_process_workers,4
Urban100,img_057.png,x4,nedi,prepared_bicubic_lr,img_057.png,4,native_nedi_grid_then_full_target_size_adjustment,gaussian_11x11_sigma_1.5_population_covariance,8,8.0,native_x2_twice_then_bicubic_to_target,2,275521,272078,421653,0,False,1024,724,even_insertion_2x_half_pixel_aligned,25.68135266313304,0.7829735732453643,24.239472973853747,0.7400008591758915,40241.5827524,40197.395629,533.5853590159925,39546.476108,41094.197226,3,10,1024,724,256,181,2026-08-31T22:32:56.830691+00:00,3.12.3,2.5.2,12.3.0,0.26.0,Linux-7.0.0-1011-aws-x86_64-with-glibc2.39,x86_64,m7i.2xlarge,parallel_process_workers,4
Urban100,img_058.png,x4,nedi,prepared_bicubic_lr,img_058.png,4,native_nedi_grid_then_full_target_size_adjustment,gaussian_11x11_sigma_1.5_population_covariance,8,8.0,native_x2_twice_then_bicubic_to_target,2,462486,461195,201840,0,False,1024,692,even_insertion_2x_half_pixel_aligned,22.45489379437043,0.71778977755233,21.01267265976279,0.6920642992245308,43764.2726763,43822.2674025,744.8051010477639,42745.105093,44757.743548,3,10,1024,692,256,173,2026-08-31T22:34:33.659288+00:00,3.12.3,2.5.2,12.3.0,0.26.0,Linux-7.0.0-1011-aws-x86_64-with-glibc2.39,x86_64,m7i.2xlarge,parallel_process_workers,4
Urban100,img_059.png,x4,nedi,prepared_bicubic_lr,img_059.png,4,native_nedi_grid_then_full_target_size_adjustment,gaussian_11x11_sigma_1.5_population_covariance,8,8.0,native_x2_twice_then_bicubic_to_target,2,179888,178101,458075,0,False,1024,664,even_insertion_2x_half_pixel_aligned,20.65396070114708,0.6663697456827701,19.227805134302645,0.6399303618993049,34769.0166525,34788.183946000005,506.1223549069929,34095.564309,35762.352064,3,10,1024,664,256,166,2026-08-31T22:33:42.621395+00:00,3.12.3,2.5.2,12.3.0,0.26.0,Linux-7.0.0-1011-aws-x86_64-with-glibc2.39,x86_64,m7i.2xlarge,parallel_process_workers,4
Urban100,img_060.png,x4,nedi,prepared_bicubic_lr,img_060.png,4,native_nedi_grid_then_full_target_size_adjustment,gaussian_11x11_sigma_1.5_population_covariance,8,8.0,native_x2_twice_then_bicubic_to_target,2,381788,374487,277037,0,False,1024,680,even_insertion_2x_half_pixel_aligned,20.987766939752817,0.431171506697942,19.510967963430836,0.40960061336292436,41595.1934416,41706.866972,433.33752856843967,40420.444716,41986.775689,3,10,1024,680,256,170,2026-08-31T22:38:04.983274+00:00,3.12.3,2.5.2,12.3.0,0.26.0,Linux-7.0.0-1011-aws-x86_64-with-glibc2.39,x86_64,m7i.2xlarge,parallel_process_workers,4
Urban100,img_061.png,x4,nedi,prepared_bicubic_lr,img_061.png,4,native_nedi_grid_then_full_target_size_adjustment,gaussian_11x11_sigma_1.5_population_covariance,8,8.0,native_x2_twice_then_bicubic_to_target,2,356233,350800,293050,0,False,1024,672,even_insertion_2x_half_pixel_aligned,22.594708382021725,0.6115088706506897,21.047385628034352,0.5876087659709773,40942.82978,40767.242571,920.5977811053037,39319.855517,42585.238993,3,10,1024,672,256,168,2026-08-31T22:41:49.406663+00:00,3.12.3,2.5.2,12.3.0,0.26.0,Linux-7.0.0-1011-aws-x86_64-with-glibc2.39,x86_64,m7i.2xlarge,parallel_process_workers,4
Urban100,img_062.png,x4,nedi,prepared_bicubic_lr,img_062.png,4,native_nedi_grid_then_full_target_size_adjustment,gaussian_11x11_sigma_1.5_population_covariance,8,8.0,native_x2_twice_then_bicubic_to_target,2,323545,320071,331453,0,False,1024,680,even_insertion_2x_half_pixel_aligned,19.69720763693929,0.6333107755597639,18.260484941881966,0.6021506421216859,40470.0015153,40174.5694555,920.4580387311663,38903.97525,41886.069276,3,10,1024,680,256,170,2026-08-31T22:42:28.342294+00:00,3.12.3,2.5.2,12.3.0,0.26.0,Linux-7.0.0-1011-aws-x86_64-with-glibc2.39,x86_64,m7i.2xlarge,parallel_process_workers,4
Urban100,img_063.png,x4,nedi,prepared_bicubic_lr,img_063.png,4,native_nedi_grid_then_full_target_size_adjustment,gaussian_11x11_sigma_1.5_population_covariance,8,8.0,native_x2_twice_then_bicubic_to_target,2,471891,465909,451358,0,False,1000,980,even_insertion_2x_half_pixel_aligned,17.940460672151087,0.43042582376815847,16.716912862584525,0.3834483078517857,59228.0412443,59447.427095499996,1682.8557935439442,56173.448127,61722.393015,3,10,1000,980,250,245,2026-08-31T22:47:19.269039+00:00,3.12.3,2.5.2,12.3.0,0.26.0,Linux-7.0.0-1011-aws-x86_64-with-glibc2.39,x86_64,m7i.2xlarge,parallel_process_workers,4
Urban100,img_064.png,x4,nedi,prepared_bicubic_lr,img_064.png,4,native_nedi_grid_then_full_target_size_adjustment,gaussian_11x11_sigma_1.5_population_covariance,8,8.0,native_x2_twice_then_bicubic_to_target,2,413658,407444,244080,0,False,1024,680,even_insertion_2x_half_pixel_aligned,24.39946116272155,0.6787109862995039,23.040034613175298,0.6542799615025491,44655.358812,44509.3844905,655.7619683069903,43634.978499,46221.214591,3,10,1024,680,256,170,2026-08-31T22:47:38.418607+00:00,3.12.3,2.5.2,12.3.0,0.26.0,Linux-7.0.0-1011-aws-x86_64-with-glibc2.39,x86_64,m7i.2xlarge,parallel_process_workers,4
Urban100,img_065.png,x4,nedi,prepared_bicubic_lr,img_065.png,4,native_nedi_grid_then_full_target_size_adjustment,gaussian_11x11_sigma_1.5_population_covariance,8,8.0,native_x2_twice_then_bicubic_to_target,2,435515,428496,223028,0,False,1024,680,even_insertion_2x_half_pixel_aligned,23.65443961221913,0.5931136405736578,21.95823896885052,0.5670854391059307,45246.7322528,45316.8651385,765.7448865066387,43773.618099,46439.397912,3,10,1024,680,256,170,2026-08-31T22:51:39.849440+00:00,3.12.3,2.5.2,12.3.0,0.26.0,Linux-7.0.0-1011-aws-x86_64-with-glibc2.39,x86_64,m7i.2xlarge,parallel_process_workers,4
Urban100,img_066.png,x4,nedi,prepared_bicubic_lr,img_066.png,4,native_nedi_grid_then_full_target_size_adjustment,gaussian_11x11_sigma_1.5_population_covariance,8,8.0,native_x2_twice_then_bicubic_to_target,2,473280,466951,361075,0,False,1024,864,even_insertion_2x_half_pixel_aligned,21.20224970963563,0.5413510898317946,19.86622314241273,0.5123892983692174,54561.295395199995,54994.8519875,993.9777525636118,53045.327364,55564.479302,3,10,1024,864,256,216,2026-08-31T22:54:23.606699+00:00,3.12.3,2.5.2,12.3.0,0.26.0,Linux-7.0.0-1011-aws-x86_64-with-glibc2.39,x86_64,m7i.2xlarge,parallel_process_workers,4
Urban100,img_067.png,x4,nedi,prepared_bicubic_lr,img_067.png,4,native_nedi_grid_then_full_target_size_adjustment,gaussian_11x11_sigma_1.5_population_covariance,8,8.0,native_x2_twice_then_bicubic_to_target,2,347801,345220,306304,0,False,1024,680,even_insertion_2x_half_pixel_aligned,16.64993678571687,0.6901489307716022,15.164122524008906,0.6535006929331008,42235.9735673,41904.1859215,991.7488009776973,40862.832384,43798.27651,3,10,1024,680,256,170,2026-08-31T22:56:29.964616+00:00,3.12.3,2.5.2,12.3.0,0.26.0,Linux-7.0.0-1011-aws-x86_64-with-glibc2.39,x86_64,m7i.2xlarge,parallel_process_workers,4
Urban100,img_068.png,x4,nedi,prepared_bicubic_lr,img_068.png,4,native_nedi_grid_then_full_target_size_adjustment,gaussian_11x11_sigma_1.5_population_covariance,8,8.0,native_x2_twice_then_bicubic_to_target,2,449118,441725,539781,0,False,1024,1024,even_insertion_2x_half_pixel_aligned,26.86797134095049,0.7522496068335448,25.44330174138979,0.719600144384191,62396.7146671,62449.421572499996,885.9133608818123,60414.140346,63841.137864,3,10,1024,1024,256,256,2026-08-31T23:01:07.173777+00:00,3.12.3,2.5.2,12.3.0,0.26.0,Linux-7.0.0-1011-aws-x86_64-with-glibc2.39,x86_64,m7i.2xlarge,parallel_process_workers,4
Urban100,img_069.png,x4,nedi,prepared_bicubic_lr,img_069.png,4,native_nedi_grid_then_full_target_size_adjustment,gaussian_11x11_sigma_1.5_population_covariance,8,8.0,native_x2_twice_then_bicubic_to_target,2,488089,481325,444159,0,False,1200,824,even_insertion_2x_half_pixel_aligned,22.77940084816405,0.6225266738650798,21.45555361928656,0.5925900141682047,60738.053033000004,60841.3657435,741.2028204694392,59160.222743,62036.276744,3,10,1200,824,300,206,2026-08-31T23:04:47.890963+00:00,3.12.3,2.5.2,12.3.0,0.26.0,Linux-7.0.0-1011-aws-x86_64-with-glibc2.39,x86_64,m7i.2xlarge,parallel_process_workers,4
Urban100,img_070.png,x4,nedi,prepared_bicubic_lr,img_070.png,4,native_nedi_grid_then_full_target_size_adjustment,gaussian_11x11_sigma_1.5_population_covariance,8,8.0,native_x2_twice_then_bicubic_to_target,2,305661,301809,434129,0,False,1024,768,even_insertion_2x_half_pixel_aligned,21.31469466929805,0.5098815225977135,19.96755529383074,0.4804659495909931,45926.9498798,46043.1929935,509.9044006864449,44659.516739,46560.553758,3,10,1024,768,256,192,2026-08-31T23:04:23.092133+00:00,3.12.3,2.5.2,12.3.0,0.26.0,Linux-7.0.0-1011-aws-x86_64-with-glibc2.39,x86_64,m7i.2xlarge,parallel_process_workers,4
Urban100,img_071.png,x4,nedi,prepared_bicubic_lr,img_071.png,4,native_nedi_grid_then_full_target_size_adjustment,gaussian_11x11_sigma_1.5_population_covariance,8,8.0,native_x2_twice_then_bicubic_to_target,2,254698,250066,485872,0,False,1024,768,even_insertion_2x_half_pixel_aligned,25.563105667920844,0.5451719772560912,24.080919259723075,0.4981683965620964,44926.6854936,44956.528747000004,643.854125053982,43488.767794,45822.218964,3,10,1024,768,256,192,2026-08-31T23:06:14.154434+00:00,3.12.3,2.5.2,12.3.0,0.26.0,Linux-7.0.0-1011-aws-x86_64-with-glibc2.39,x86_64,m7i.2xlarge,parallel_process_workers,4
Urban100,img_072.png,x4,nedi,prepared_bicubic_lr,img_072.png,4,native_nedi_grid_then_full_target_size_adjustment,gaussian_11x11_sigma_1.5_population_covariance,8,8.0,native_x2_twice_then_bicubic_to_target,2,513948,506220,145304,0,False,680,1024,even_insertion_2x_half_pixel_aligned,16.485383768360876,0.5543806933863997,15.16346245648414,0.5375056751371363,47048.9476301,47080.353602,865.1237272537186,45407.299745,48222.679478,3,10,680,1024,170,256,2026-08-31T23:11:18.069804+00:00,3.12.3,2.5.2,12.3.0,0.26.0,Linux-7.0.0-1011-aws-x86_64-with-glibc2.39,x86_64,m7i.2xlarge,parallel_process_workers,4
Urban100,img_073.png,x4,nedi,prepared_bicubic_lr,img_073.png,4,native_nedi_grid_then_full_target_size_adjustment,gaussian_11x11_sigma_1.5_population_covariance,8,8.0,native_x2_twice_then_bicubic_to_target,2,553524,544936,187165,0,False,1024,764,even_insertion_2x_half_pixel_aligned,18.898111866001997,0.38997329581470086,17.595409258609042,0.3706731557894682,53275.9872253,52549.086387,2176.4359862687584,50725.431241,56976.305023,3,10,1024,764,256,191,2026-08-31T23:15:56.402559+00:00,3.12.3,2.5.2,12.3.0,0.26.0,Linux-7.0.0-1011-aws-x86_64-with-glibc2.39,x86_64,m7i.2xlarge,parallel_process_workers,4
Urban100,img_074.png,x4,nedi,prepared_bicubic_lr,img_074.png,4,native_nedi_grid_then_full_target_size_adjustment,gaussian_11x11_sigma_1.5_population_covariance,8,8.0,native_x2_twice_then_bicubic_to_target,2,303709,301331,350193,0,False,680,1024,even_insertion_2x_half_pixel_aligned,22.02012081743929,0.5483464912146858,20.469352237431796,0.5286758363430613,41314.2789214,41269.559702,1017.6621928973987,40016.499149,43745.989587,3,10,680,1024,170,256,2026-08-31T23:13:46.982327+00:00,3.12.3,2.5.2,12.3.0,0.26.0,Linux-7.0.0-1011-aws-x86_64-with-glibc2.39,x86_64,m7i.2xlarge,parallel_process_workers,4
Urban100,img_075.png,x4,nedi,prepared_bicubic_lr,img_075.png,4,native_nedi_grid_then_full_target_size_adjustment,gaussian_11x11_sigma_1.5_population_covariance,8,8.0,native_x2_twice_then_bicubic_to_target,2,169757,167923,483601,0,False,1024,680,even_insertion_2x_half_pixel_aligned,27.076413317672056,0.8042844157964375,25.251157689413507,0.7727286656454418,37853.1756567,37554.4900295,1177.1337772650786,36247.524367,40466.233483,3,10,1024,680,256,170,2026-08-31T23:14:28.335796+00:00,3.12.3,2.5.2,12.3.0,0.26.0,Linux-7.0.0-1011-aws-x86_64-with-glibc2.39,x86_64,m7i.2xlarge,parallel_process_workers,4
Urban100,img_076.png,x4,nedi,prepared_bicubic_lr,img_076.png,4,native_nedi_grid_then_full_target_size_adjustment,gaussian_11x11_sigma_1.5_population_covariance,8,8.0,native_x2_twice_then_bicubic_to_target,2,342936,337111,310576,0,False,1024,676,even_insertion_2x_half_pixel_aligned,21.1095280405722,0.5951270389262835,19.64375369839559,0.5682929249997847,45764.1530223,45269.047944499995,986.9540202700158,44884.205354,47734.990159,3,10,1024,676,256,169,2026-08-31T23:21:00.542298+00:00,3.12.3,2.5.2,12.3.0,0.26.0,Linux-7.0.0-1011-aws-x86_64-with-glibc2.39,x86_64,m7i.2xlarge,parallel_process_workers,4
Urban100,img_077.png,x4,nedi,prepared_bicubic_lr,img_077.png,4,native_nedi_grid_then_full_target_size_adjustment,gaussian_11x11_sigma_1.5_population_covariance,8,8.0,native_x2_twice_then_bicubic_to_target,2,324880,319709,331815,0,False,1024,680,even_insertion_2x_half_pixel_aligned,21.768649300137284,0.5790312972193975,20.341421461948208,0.5529967003218442,44834.685406000004,44686.207752,988.3114870712302,43562.548608,46525.330543,3,10,1024,680,256,170,2026-08-31T23:23:32.112726+00:00,3.12.3,2.5.2,12.3.0,0.26.0,Linux-7.0.0-1011-aws-x86_64-with-glibc2.39,x86_64,m7i.2xlarge,parallel_process_workers,4
Urban100,img_078.png,x4,nedi,prepared_bicubic_lr,img_078.png,4,native_nedi_grid_then_full_target_size_adjustment,gaussian_11x11_sigma_1.5_population_covariance,8,8.0,native_x2_twice_then_bicubic_to_target,2,237451,233670,467735,0,False,1024,732,even_insertion_2x_half_pixel_aligned,25.37928765936034,0.6691572748256666,24.143271590078314,0.6130491790541978,45378.9231988,45527.4591375,875.3804563474388,44023.601454,47390.49202,3,10,1024,732,256,183,2026-08-31T23:24:19.008230+00:00,3.12.3,2.5.2,12.3.0,0.26.0,Linux-7.0.0-1011-aws-x86_64-with-glibc2.39,x86_64,m7i.2xlarge,parallel_process_workers,4
Urban100,img_079.png,x4,nedi,prepared_bicubic_lr,img_079.png,4,native_nedi_grid_then_full_target_size_adjustment,gaussian_11x11_sigma_1.5_population_covariance,8,8.0,native_x2_twice_then_bicubic_to_target,2,413653,408728,327210,0,False,1024,768,even_insertion_2x_half_pixel_aligned,23.399612360381088,0.5681155316745795,21.94719763294765,0.5352910057039617,52119.6648257,51871.0735075,904.2219571148563,50903.138189,53602.674089,3,10,1024,768,256,192,2026-08-31T23:27:18.197669+00:00,3.12.3,2.5.2,12.3.0,0.26.0,Linux-7.0.0-1011-aws-x86_64-with-glibc2.39,x86_64,m7i.2xlarge,parallel_process_workers,4
Urban100,img_080.png,x4,nedi,prepared_bicubic_lr,img_080.png,4,native_nedi_grid_then_full_target_size_adjustment,gaussian_11x11_sigma_1.5_population_covariance,8,8.0,native_x2_twice_then_bicubic_to_target,2,144050,142373,609960,0,False,776,1036,even_insertion_2x_half_pixel_aligned,31.941401637638087,0.9101400318749746,30.137495384269968,0.8867640432071399,44540.3137548,44246.9290035,737.6759854783421,43738.053327,45707.923118,3,10,776,1036,194,259,2026-08-31T23:30:42.395167+00:00,3.12.3,2.5.2,12.3.0,0.26.0,Linux-7.0.0-1011-aws-x86_64-with-glibc2.39,x86_64,m7i.2xlarge,parallel_process_workers,4
Urban100,img_081.png,x4,nedi,prepared_bicubic_lr,img_081.png,4,native_nedi_grid_then_full_target_size_adjustment,gaussian_11x11_sigma_1.5_population_covariance,8,8.0,native_x2_twice_then_bicubic_to_target,2,349441,344558,636948,0,False,1024,1024,even_insertion_2x_half_pixel_aligned,28.724305099090838,0.9008051147718344,26.412373753244154,0.8375006161331621,64269.9268139,63693.9023045,1670.1958999342028,62587.477427,68291.951423,3,10,1024,1024,256,256,2026-08-31T23:37:27.572464+00:00,3.12.3,2.5.2,12.3.0,0.26.0,Linux-7.0.0-1011-aws-x86_64-with-glibc2.39,x86_64,m7i.2xlarge,parallel_process_workers,4
Urban100,img_082.png,x4,nedi,prepared_bicubic_lr,img_082.png,4,native_nedi_grid_then_full_target_size_adjustment,gaussian_11x11_sigma_1.5_population_covariance,8,8.0,native_x2_twice_then_bicubic_to_target,2,339645,334243,647263,0,False,1024,1024,even_insertion_2x_half_pixel_aligned,27.96259228976773,0.8832080522624504,26.371606039197154,0.8491068758085271,63492.833915100004,62657.343838500004,1791.8802132739816,61919.201472,67850.950068,3,10,1024,1024,256,256,2026-08-31T23:38:02.517789+00:00,3.12.3,2.5.2,12.3.0,0.26.0,Linux-7.0.0-1011-aws-x86_64-with-glibc2.39,x86_64,m7i.2xlarge,parallel_process_workers,4
Urban100,img_083.png,x4,nedi,prepared_bicubic_lr,img_083.png,4,native_nedi_grid_then_full_target_size_adjustment,gaussian_11x11_sigma_1.5_population_covariance,8,8.0,native_x2_twice_then_bicubic_to_target,2,583823,576767,385554,0,False,1004,1024,even_insertion_2x_half_pixel_aligned,20.353255883907128,0.5458675736673751,19.085645882197714,0.5212506130856921,70902.4947098,71573.68608799999,1541.958854394463,68069.977976,72865.253898,3,10,1004,1024,251,256,2026-08-31T23:42:34.178155+00:00,3.12.3,2.5.2,12.3.0,0.26.0,Linux-7.0.0-1011-aws-x86_64-with-glibc2.39,x86_64,m7i.2xlarge,parallel_process_workers,4
Urban100,img_084.png,x4,nedi,prepared_bicubic_lr,img_084.png,4,native_nedi_grid_then_full_target_size_adjustment,gaussian_11x11_sigma_1.5_population_covariance,8,8.0,native_x2_twice_then_bicubic_to_target,2,546489,539402,442104,0,False,1024,1024,even_insertion_2x_half_pixel_aligned,26.209008891515673,0.7046921988624665,24.750639741013494,0.6651069271574678,71896.89220619999,72041.492049,908.6228354228014,70097.643367,73088.548463,3,10,1024,1024,256,256,2026-08-31T23:46:07.811878+00:00,3.12.3,2.5.2,12.3.0,0.26.0,Linux-7.0.0-1011-aws-x86_64-with-glibc2.39,x86_64,m7i.2xlarge,parallel_process_workers,4
Urban100,img_085.png,x4,nedi,prepared_bicubic_lr,img_085.png,4,native_nedi_grid_then_full_target_size_adjustment,gaussian_11x11_sigma_1.5_population_covariance,8,8.0,native_x2_twice_then_bicubic_to_target,2,209729,208855,438832,0,False,1024,676,even_insertion_2x_half_pixel_aligned,25.328982210495784,0.8234682770176556,23.77415186856695,0.791484240929432,42512.9415356,42450.049771499995,517.6031358674629,41379.606824,43223.936628,3,10,1024,676,256,169,2026-08-31T23:46:37.976578+00:00,3.12.3,2.5.2,12.3.0,0.26.0,Linux-7.0.0-1011-aws-x86_64-with-glibc2.39,x86_64,m7i.2xlarge,parallel_process_workers,4
Urban100,img_086.png,x4,nedi,prepared_bicubic_lr,img_086.png,4,native_nedi_grid_then_full_target_size_adjustment,gaussian_11x11_sigma_1.5_population_covariance,8,8.0,native_x2_twice_then_bicubic_to_target,2,197045,195088,540850,0,False,1024,768,even_insertion_2x_half_pixel_aligned,27.540799696188945,0.8219275934281125,26.0294618847843,0.7947627654772375,46304.9574628,46881.1307775,1258.1594595863617,44082.777755,47651.001854,3,10,1024,768,256,192,2026-08-31T23:48:05.551314+00:00,3.12.3,2.5.2,12.3.0,0.26.0,Linux-7.0.0-1011-aws-x86_64-with-glibc2.39,x86_64,m7i.2xlarge,parallel_process_workers,4
Urban100,img_087.png,x4,nedi,prepared_bicubic_lr,img_087.png,4,native_nedi_grid_then_full_target_size_adjustment,gaussian_11x11_sigma_1.5_population_covariance,8,8.0,native_x2_twice_then_bicubic_to_target,2,410111,406640,574866,0,False,1024,1024,even_insertion_2x_half_pixel_aligned,22.867731374341744,0.7421326700086955,21.547974995594323,0.7067804190088633,66321.8205561,65475.09222200001,2697.714316132606,62954.348957,71128.537941,3,10,1024,1024,256,256,2026-08-31T23:57:03.095447+00:00,3.12.3,2.5.2,12.3.0,0.26.0,Linux-7.0.0-1011-aws-x86_64-with-glibc2.39,x86_64,m7i.2xlarge,parallel_process_workers,4
Urban100,img_088.png,x4,nedi,prepared_bicubic_lr,img_088.png,4,native_nedi_grid_then_full_target_size_adjustment,gaussian_11x11_sigma_1.5_population_covariance,8,8.0,native_x2_twice_then_bicubic_to_target,2,452502,445333,198517,0,False,1024,672,even_insertion_2x_half_pixel_aligned,18.312768434974448,0.38272998814544335,16.917108245737026,0.36045509466606535,48278.4018144,48151.1615855,1512.9868075856596,46301.856632,50774.899809,3,10,1024,672,256,168,2026-08-31T23:56:34.453025+00:00,3.12.3,2.5.2,12.3.0,0.26.0,Linux-7.0.0-1011-aws-x86_64-with-glibc2.39,x86_64,m7i.2xlarge,parallel_process_workers,4
Urban100,img_089.png,x4,nedi,prepared_bicubic_lr,img_089.png,4,native_nedi_grid_then_full_target_size_adjustment,gaussian_11x11_sigma_1.5_population_covariance,8,8.0,native_x2_twice_then_bicubic_to_target,2,350276,345182,390756,0,False,768,1024,even_insertion_2x_half_pixel_aligned,25.14039670027912,0.6085621064751618,23.744128185247963,0.5791366268135083,51636.8130359,51438.427211,2525.500855112156,48554.336472,56698.461243,3,10,768,1024,192,256,2026-08-31T23:57:41.761347+00:00,3.12.3,2.5.2,12.3.0,0.26.0,Linux-7.0.0-1011-aws-x86_64-with-glibc2.39,x86_64,m7i.2xlarge,parallel_process_workers,4
Urban100,img_090.png,x4,nedi,prepared_bicubic_lr,img_090.png,4,native_nedi_grid_then_full_target_size_adjustment,gaussian_11x11_sigma_1.5_population_covariance,8,8.0,native_x2_twice_then_bicubic_to_target,2,201329,198921,452603,0,False,1024,680,even_insertion_2x_half_pixel_aligned,30.12323890001007,0.890276603332575,28.53576769551045,0.8688924985851433,42083.2869027,42352.92223,1880.391244838463,39058.897133,44759.912681,3,10,1024,680,256,170,2026-08-31T23:57:07.577310+00:00,3.12.3,2.5.2,12.3.0,0.26.0,Linux-7.0.0-1011-aws-x86_64-with-glibc2.39,x86_64,m7i.2xlarge,parallel_process_workers,4
Urban100,img_091.png,x4,nedi,prepared_bicubic_lr,img_091.png,4,native_nedi_grid_then_full_target_size_adjustment,gaussian_11x11_sigma_1.5_population_covariance,8,8.0,native_x2_twice_then_bicubic_to_target,2,401094,395065,256459,0,False,1024,680,even_insertion_2x_half_pixel_aligned,21.785934323618868,0.5004784955543123,19.95752062513612,0.46088401276182744,49997.7901124,49894.352022499996,1832.0378983648498,47594.545607,52805.819151,3,10,1024,680,256,170,2026-09-01T00:07:29.245399+00:00,3.12.3,2.5.2,12.3.0,0.26.0,Linux-7.0.0-1011-aws-x86_64-with-glibc2.39,x86_64,m7i.2xlarge,parallel_process_workers,4
Urban100,img_092.png,x4,nedi,prepared_bicubic_lr,img_092.png,4,native_nedi_grid_then_full_target_size_adjustment,gaussian_11x11_sigma_1.5_population_covariance,8,8.0,native_x2_twice_then_bicubic_to_target,2,367443,363394,299641,0,False,1024,692,even_insertion_2x_half_pixel_aligned,16.70479726444805,0.45374234248726086,15.377282846078458,0.4304058081077539,49674.3496744,49005.5254235,1722.1813218342431,47773.793564,52321.022891,3,10,1024,692,256,173,2026-09-01T00:07:55.479232+00:00,3.12.3,2.5.2,12.3.0,0.26.0,Linux-7.0.0-1011-aws-x86_64-with-glibc2.39,x86_64,m7i.2xlarge,parallel_process_workers,4
Urban100,img_093.png,x4,nedi,prepared_bicubic_lr,img_093.png,4,native_nedi_grid_then_full_target_size_adjustment,gaussian_11x11_sigma_1.5_population_covariance,8,8.0,native_x2_twice_then_bicubic_to_target,2,368210,362703,373235,0,False,1024,768,even_insertion_2x_half_pixel_aligned,24.284637390176982,0.8321425391667419,22.886985715791056,0.8059329035091949,53725.098656,53035.1018855,1942.398195696138,51368.697713,57661.428489,3,10,1024,768,256,192,2026-09-01T00:08:53.142452+00:00,3.12.3,2.5.2,12.3.0,0.26.0,Linux-7.0.0-1011-aws-x86_64-with-glibc2.39,x86_64,m7i.2xlarge,parallel_process_workers,4
Urban100,img_094.png,x4,nedi,prepared_bicubic_lr,img_094.png,4,native_nedi_grid_then_full_target_size_adjustment,gaussian_11x11_sigma_1.5_population_covariance,8,8.0,native_x2_twice_then_bicubic_to_target,2,278739,275653,460285,0,False,1024,768,even_insertion_2x_half_pixel_aligned,25.101090194831066,0.6913357007970077,23.708333328376895,0.6423203778225369,50877.8807828,50305.7034625,1655.687548846084,48736.141571,53578.992367,3,10,1024,768,256,192,2026-09-01T00:08:50.264862+00:00,3.12.3,2.5.2,12.3.0,0.26.0,Linux-7.0.0-1011-aws-x86_64-with-glibc2.39,x86_64,m7i.2xlarge,parallel_process_workers,4
Urban100,img_095.png,x4,nedi,prepared_bicubic_lr,img_095.png,4,native_nedi_grid_then_full_target_size_adjustment,gaussian_11x11_sigma_1.5_population_covariance,8,8.0,native_x2_twice_then_bicubic_to_target,2,434141,427178,308760,0,False,1024,768,even_insertion_2x_half_pixel_aligned,18.574965571618776,0.25615522435754084,17.25304425974204,0.23129582909017307,57762.3155462,57301.6155305,1648.5801603348543,55190.290001,60865.785922,3,10,1024,768,256,192,2026-09-01T00:19:55.202834+00:00,3.12.3,2.5.2,12.3.0,0.26.0,Linux-7.0.0-1011-aws-x86_64-with-glibc2.39,x86_64,m7i.2xlarge,parallel_process_workers,4
Urban100,img_096.png,x4,nedi,prepared_bicubic_lr,img_096.png,4,native_nedi_grid_then_full_target_size_adjustment,gaussian_11x11_sigma_1.5_population_covariance,8,8.0,native_x2_twice_then_bicubic_to_target,2,355192,352515,383423,0,False,1024,768,even_insertion_2x_half_pixel_aligned,21.24945870692953,0.6849973898495517,19.94069768693083,0.6636692188911156,55237.6566135,55676.284599499995,1176.0576299345846,52963.249197,56530.25197,3,10,1024,768,256,192,2026-09-01T00:19:51.168623+00:00,3.12.3,2.5.2,12.3.0,0.26.0,Linux-7.0.0-1011-aws-x86_64-with-glibc2.39,x86_64,m7i.2xlarge,parallel_process_workers,4
Urban100,img_097.png,x4,nedi,prepared_bicubic_lr,img_097.png,4,native_nedi_grid_then_full_target_size_adjustment,gaussian_11x11_sigma_1.5_population_covariance,8,8.0,native_x2_twice_then_bicubic_to_target,2,369298,364659,286865,0,False,1024,680,even_insertion_2x_half_pixel_aligned,22.734567517777116,0.6233936012213293,21.305334717782813,0.5987811870619186,50906.7880115,51187.045542,1249.6371603316486,48239.93929,52186.396398,3,10,1024,680,256,170,2026-09-01T00:19:48.288826+00:00,3.12.3,2.5.2,12.3.0,0.26.0,Linux-7.0.0-1011-aws-x86_64-with-glibc2.39,x86_64,m7i.2xlarge,parallel_process_workers,4
Urban100,img_098.png,x4,nedi,prepared_bicubic_lr,img_098.png,4,native_nedi_grid_then_full_target_size_adjustment,gaussian_11x11_sigma_1.5_population_covariance,8,8.0,native_x2_twice_then_bicubic_to_target,2,390719,384312,267212,0,False,1024,680,even_insertion_2x_half_pixel_aligned,19.54318119193011,0.37495986256180935,18.133794657862882,0.3485014302190211,51586.5714044,51555.42525099999,1616.3646105075704,48481.625946,54694.745483,3,10,1024,680,256,170,2026-09-01T00:20:03.272521+00:00,3.12.3,2.5.2,12.3.0,0.26.0,Linux-7.0.0-1011-aws-x86_64-with-glibc2.39,x86_64,m7i.2xlarge,parallel_process_workers,4
Urban100,img_099.png,x4,nedi,prepared_bicubic_lr,img_099.png,4,native_nedi_grid_then_full_target_size_adjustment,gaussian_11x11_sigma_1.5_population_covariance,8,8.0,native_x2_twice_then_bicubic_to_target,2,402823,399516,370955,0,False,1024,804,even_insertion_2x_half_pixel_aligned,22.180929979285708,0.5704177612513391,20.163495066132423,0.5191488480971039,52353.1014006,52373.331193,676.9685705354457,51029.728275,53224.45566,3,10,1024,804,256,201,2026-09-01T00:31:10.678878+00:00,3.12.3,2.5.2,12.3.0,0.26.0,Linux-7.0.0-1011-aws-x86_64-with-glibc2.39,x86_64,m7i.2xlarge,parallel_process_workers,4
Urban100,img_100.png,x4,nedi,prepared_bicubic_lr,img_100.png,4,native_nedi_grid_then_full_target_size_adjustment,gaussian_11x11_sigma_1.5_population_covariance,8,8.0,native_x2_twice_then_bicubic_to_target,2,506790,499237,482269,0,False,1024,1024,even_insertion_2x_half_pixel_aligned,22.50125301310237,0.6131940151541713,19.749562996855666,0.5410527230880983,66251.1206385,66649.719259,925.63997984976,64327.685927,67151.70928,3,10,1024,1024,256,256,2026-09-01T00:34:15.409424+00:00,3.12.3,2.5.2,12.3.0,0.26.0,Linux-7.0.0-1011-aws-x86_64-with-glibc2.39,x86_64,m7i.2xlarge,parallel_process_workers,4
